time_s,ax,ay,az,gx,gy,gz
0.00,-0.7766493,9.91471,0.9831635,-0.0122346,-0.01390799,0.04904064
0.02,-0.7883699,9.839122,0.9688523,-0.01678578,0.017782,0.05651737
0.04,-0.8286641,9.740423,0.9077899,-0.0293355,0.05156983,0.06088806
0.06,-0.871229,9.644182,0.9217303,-0.05086027,0.08543617,0.05197165
0.08,-0.8438209,9.527052,0.9766558,-0.06942976,0.1081859,0.02899994
0.10,-0.8037708,9.504065,0.9846989,-0.06864547,0.110752,-0.0007562342
0.12,-0.7807971,9.601684,1.027043,-0.04574968,0.105823,-0.02080216
0.14,-0.7849811,9.688828,1.064215,-0.01684764,0.09150778,-0.02532756
0.16,-0.8285412,9.73837,1.071822,0.007405429,0.07167316,-0.01340527
0.18,-0.8202506,9.782211,1.101072,0.02635455,0.04557308,0.001306531
0.20,-0.8039216,9.796494,1.116884,0.03552999,0.01405853,0.01276495
0.22,-0.7973172,9.781741,1.116672,0.0357021,-0.01931227,0.01535768
0.24,-0.7864752,9.746777,1.078141,0.0334589,-0.03913615,0.01610129
0.26,-0.7756236,9.727014,1.050096,0.02718539,-0.0484427,0.0179044
0.28,-0.7530639,9.638943,1.018494,0.009987859,-0.04349869,0.02238874
0.30,-0.7540322,9.586392,0.9415213,-0.01166152,-0.03177263,0.03086106
0.32,-0.7807547,9.595775,0.8511159,-0.01620687,0.005850777,0.03039388
0.34,-0.7516293,9.697577,0.8881683,0.005611892,0.03811691,0.02184946
0.36,-0.7143306,9.812988,0.9191678,0.03755841,0.05661811,0.005732648
0.38,-0.7045891,9.953962,0.9690284,0.05581554,0.06429955,0.006123957
0.40,-0.7680997,9.983282,0.9396036,0.0419105,0.07282048,0.02309007
0.42,-0.8261788,9.947922,0.9008754,0.006835675,0.08571144,0.04651778
0.44,-0.8202161,9.857614,0.9162577,-0.03123794,0.0993186,0.0529031
0.46,-0.8768136,9.795828,0.8891088,-0.0567887,0.118256,0.03396294
0.48,-0.7692229,9.643898,0.9314426,-0.07110607,0.125259,0.008080116
0.50,-0.7226674,9.562178,0.9406533,-0.06969421,0.1203418,-0.01641638
0.52,-0.7613934,9.546712,0.9691057,-0.06008646,0.1071798,-0.03961917
0.54,-0.7941427,9.576257,0.9964399,-0.04788515,0.08350883,-0.05351285
0.56,-0.7887732,9.604543,1.042583,-0.02580504,0.04474935,-0.05902593
0.58,-0.7758343,9.70973,1.086163,0.01740669,-0.001339945,-0.05936715
0.60,-0.7709407,9.788352,1.131056,0.05889163,-0.04831972,-0.05399672
0.62,-0.7800404,9.834465,1.117751,0.0866059,-0.09593999,-0.03895637
0.64,-0.7975168,9.856835,1.073965,0.1015277,-0.1348179,-0.02782116
0.66,-0.8076957,9.842983,1.089266,0.114542,-0.1598189,-0.01715197
0.68,-0.7788051,9.82109,1.055481,0.1094464,-0.1737504,-0.005247449
0.70,-0.7570372,9.799517,0.9672968,0.09008209,-0.1735361,0.007297981
0.72,-0.7249234,9.783499,0.9260532,0.07664292,-0.1519147,0.01636789
0.74,-0.6843454,9.78309,0.8782021,0.07367287,-0.117397,0.02692187
0.76,-0.7196972,9.792246,0.8370612,0.06647558,-0.06413342,0.03687611
0.78,-0.7563809,9.804449,0.8142464,0.05218783,-0.008565132,0.03811411
0.80,-0.7651322,9.811007,0.8268695,0.03357085,0.04287784,0.03768757
0.82,-0.7730697,9.804386,0.8492846,0.01575027,0.09036344,0.03383946
0.84,-0.8011084,9.791249,0.8694885,0.005411275,0.131797,0.02390276
0.86,-0.8262869,9.771112,0.9233201,-0.004162131,0.1585675,0.009959651
0.88,-0.8449802,9.761996,0.9725974,-0.0122346,0.1656334,-0.005867302
0.90,-0.8524361,9.723683,1.020887,-0.02065795,0.1566509,-0.01643009
0.92,-0.8526573,9.718867,1.043023,-0.02108864,0.135311,-0.01840015
0.94,-0.8724915,9.725333,1.045888,-0.009439855,0.1125046,-0.01510924
0.96,-0.8888229,9.761959,1.087257,0.01190471,0.08201199,-0.01140691
0.98,-0.8956643,9.822875,1.110634,0.02849826,0.04256503,-0.007241839
1.00,-0.9206409,9.815695,1.098544,0.03343993,0.0004085205,-0.006560999
1.02,-0.9174534,9.786433,1.068418,0.03676058,-0.0339894,-0.006004791
1.04,-0.9105592,9.726569,1.038026,0.03938666,-0.05589899,-0.01039685
1.06,-0.8981885,9.717481,1.035316,0.03540637,-0.07286102,-0.01805222
1.08,-0.9027247,9.719075,1.025278,0.02385067,-0.08760493,-0.02725041
1.10,-0.8994183,9.749591,0.9920239,0.003884542,-0.1047191,-0.03144437
1.12,-0.8854409,9.806736,0.9573908,-0.00559669,-0.1105471,-0.03463414
1.14,-0.838693,9.864763,0.9458017,-0.003685707,-0.1157223,-0.02773445
1.16,-0.8310972,9.884344,0.9154133,0.0007018761,-0.1183312,-0.02165655
1.18,-0.8498346,9.826,0.8905748,0.003205935,-0.1184396,-0.01739443
1.20,-0.8240165,9.753765,0.846354,0.001422108,-0.1155681,-0.0106515
1.22,-0.7901077,9.783789,0.8111047,0.01096721,-0.1048324,-0.006643957
1.24,-0.7794624,9.811763,0.8088973,0.02996925,-0.09376677,0.0005008159
1.26,-0.7247654,9.721449,0.8103097,0.03595627,-0.08114729,0.007514385
1.28,-0.7383493,9.820165,0.7026159,0.04109807,-0.06192901,0.01850254
1.30,-0.7281687,9.816776,0.6851246,0.04320432,-0.03646537,0.03777994
1.32,-0.7315855,9.858727,0.6412128,0.04449021,-0.0007635366,0.0545144
1.34,-0.6740172,9.763606,0.5951049,0.04352488,0.0448656,0.05634352
1.36,-0.615299,9.659162,0.5353519,0.05305827,0.1031724,0.04553229
1.38,-0.5818632,9.653363,0.5506416,0.06887797,0.1615488,0.02794985
1.40,-0.5718109,9.766476,0.5571307,0.07408554,0.2087312,0.02893017
1.42,-0.5887868,9.741302,0.560932,0.0600586,0.243266,0.03965968
1.44,-0.6621876,9.82243,0.5336008,0.04907425,0.2716644,0.05692408
1.46,-0.6715254,9.900832,0.5963246,0.04053887,0.2883218,0.07341944
1.48,-0.696896,9.822899,0.6314065,0.03605566,0.2936696,0.07504255
1.50,-0.6916423,9.792745,0.7187386,0.04117803,0.2715349,0.0633376
1.52,-0.6562288,9.830039,0.8234348,0.05405948,0.2161463,0.04914534
1.54,-0.6806464,9.889228,0.8578007,0.06979907,0.1508547,0.0459665
1.56,-0.725388,9.914074,0.8119052,0.0783577,0.0939709,0.05378619
1.58,-0.7331037,9.856882,0.8291384,0.07726327,0.04283945,0.05877393
1.60,-0.7359542,9.854461,0.7993226,0.08553799,-0.006250217,0.05608251
1.62,-0.687188,9.705199,0.7972203,0.08380177,-0.05364668,0.04917173
1.64,-0.7091203,9.801875,0.8055322,0.08543379,-0.1025985,0.03667329
1.66,-0.7375896,9.847246,0.7441979,0.09256215,-0.1429303,0.02668673
1.68,-0.6654406,9.810664,0.7285784,0.09196845,-0.1713673,0.03233191
1.70,-0.6700383,9.88005,0.6312227,0.09297197,-0.1833289,0.04048376
1.72,-0.7118762,9.940688,0.5976496,0.086827,-0.1763301,0.0514256
1.74,-0.7117108,9.829228,0.5617036,0.08031815,-0.1502727,0.05476926
1.76,-0.6840504,9.792745,0.5583784,0.061794,-0.1248812,0.04707032
1.78,-0.666336,9.755938,0.5630075,0.03570481,-0.106771,0.03032695
1.80,-0.6434475,9.773103,0.5575438,0.01485328,-0.09597987,0.01303777
1.82,-0.6335532,9.824709,0.5513543,0.008322502,-0.07992636,-0.0004150572
1.84,-0.6393279,9.805441,0.5556251,0.004235256,-0.06381982,-0.005957144
1.86,-0.6039902,9.733077,0.5861906,-0.005224787,-0.05164035,-0.004997774
1.88,-0.6775253,9.833247,0.5393488,-0.0156175,-0.04385586,0.003694278
1.90,-0.703077,9.866616,0.5182476,-0.03381865,-0.04421604,0.01607961
1.92,-0.7102541,9.815202,0.5272685,-0.0451587,-0.04464508,0.0260025
1.94,-0.6676319,9.789876,0.5186538,-0.03584813,-0.03575106,0.03401315
1.96,-0.6572863,9.760184,0.5024137,-0.01626027,-0.02368429,0.03336121
1.98,-0.6423301,9.726216,0.502203,0.0005368755,-0.01010096,0.02444612
2.00,-0.6312819,9.719853,0.503987,0.01250937,-0.002258488,0.0178282
2.02,-0.6671063,9.718202,0.4930747,0.01046592,0.01476546,0.0095517
2.04,-0.7055674,9.69756,0.4941754,-0.00128993,0.03668083,0.006579365
2.06,-0.7045818,9.732348,0.5159954,-0.01431058,0.04591453,-0.0009588933
2.08,-0.6630577,9.725682,0.5574916,-0.02113554,0.04522256,-0.01213307
2.10,-0.6344674,9.772704,0.5647362,-0.02444762,0.03748016,-0.01383297
2.12,-0.6593133,9.804357,0.5566646,-0.01531643,0.03144401,-0.009212425
2.14,-0.6429251,9.793248,0.5509074,-0.007261039,0.02518628,-0.0122471
2.16,-0.6464898,9.757665,0.5560037,-0.002227647,0.01813303,-0.01968747
2.18,-0.6925526,9.88667,0.5266943,0.009320836,0.01224084,-0.03019218
2.20,-0.6508212,9.868098,0.5756506,0.01204762,-0.001174558,-0.03408755
2.22,-0.624455,9.911825,0.5619723,0.009262373,-0.01893668,-0.03342748
2.24,-0.5846573,9.890526,0.5553429,0.002315786,-0.03596371,-0.0258618
2.26,-0.5845137,9.857795,0.5133218,0.004017816,-0.03898172,-0.0163557
2.28,-0.5674298,9.811491,0.5069802,0.01125244,-0.03479839,-0.007791762
2.30,-0.5459425,9.760072,0.480784,0.02159667,-0.03500777,-0.006927773
2.32,-0.5223269,9.718932,0.4918616,0.03457286,-0.03295116,-0.01106007
2.34,-0.4905082,9.728221,0.4981554,0.05344788,-0.03323674,-0.01860673
2.36,-0.5356636,9.801355,0.5037014,0.06719989,-0.02910769,-0.0155575
2.38,-0.5273904,9.823061,0.5049697,0.07234369,-0.02893446,-0.007186995
2.40,-0.5237539,9.876281,0.5081362,0.06647859,-0.03712848,0.007207914
2.42,-0.5342309,9.936927,0.5141076,0.06675737,-0.04044503,0.01827678
2.44,-0.5331945,9.947479,0.5607209,0.0646642,-0.05202123,0.01799821
2.46,-0.5196605,9.952083,0.5661225,0.0532713,-0.06820934,0.01806744
2.48,-0.5098059,9.994166,0.5408053,0.02853341,-0.09013058,0.03169603
2.50,-0.5459567,9.93576,0.4632134,0.001985277,-0.1006179,0.04720663
2.52,-0.5519939,9.86391,0.4481411,-0.01085577,-0.09869623,0.06259374
2.54,-0.5450777,9.782932,0.4234833,0.0002406101,-0.08355026,0.06899787
2.56,-0.5205672,9.732479,0.395932,0.01911021,-0.06229341,0.06129358
2.58,-0.5160968,9.744671,0.395796,0.03741435,-0.04649565,0.047561
2.60,-0.5655252,9.819493,0.4116718,0.04307639,-0.04226657,0.03719888
2.62,-0.5696791,9.799963,0.4080804,0.031685,-0.04036304,0.02877535
2.64,-0.543196,9.753509,0.4058772,0.02604656,-0.03931151,0.02311706
2.66,-0.5356998,9.792356,0.423308,0.02617402,-0.03555839,0.01968904
2.68,-0.5393599,9.82862,0.4224493,0.03076961,-0.02906022,0.02164991
2.70,-0.5575172,9.842187,0.3881576,0.03084555,-0.02449553,0.02432049
2.72,-0.5725607,9.837061,0.391502,0.0294121,-0.02131431,0.02654875
2.74,-0.5567709,9.812687,0.3995263,0.03247236,-0.02768998,0.02294415
2.76,-0.5242629,9.80821,0.3954349,0.03709775,-0.03249803,0.02277722
2.78,-0.5308242,9.808629,0.3943625,0.04400357,-0.04475877,0.02250875
2.80,-0.5284606,9.796897,0.3818524,0.04964829,-0.05532487,0.02759512
2.82,-0.5129898,9.771694,0.3772587,0.05628964,-0.06410009,0.03632788
2.84,-0.5056361,9.809348,0.3499369,0.065763,-0.07489692,0.04355049
2.86,-0.5405461,9.769974,0.3294374,0.06797449,-0.08042388,0.0473551
2.88,-0.5025639,9.761711,0.3279272,0.06938174,-0.08903813,0.04030481
2.90,-0.4745132,9.819362,0.3146967,0.07618883,-0.1029294,0.03396495
2.92,-0.4559841,9.829927,0.3052924,0.0796423,-0.1068886,0.0285392
2.94,-0.4540064,9.841227,0.2715782,0.08161136,-0.1041912,0.02564409
2.96,-0.4522387,9.833028,0.2455868,0.07815977,-0.09402379,0.02651978
2.98,-0.4415911,9.913066,0.2379593,0.07300252,-0.0828849,0.03077829
3.00,-0.4500465,9.917658,0.2150853,0.04984037,-0.06683832,0.02895566
3.02,-0.4413902,9.852024,0.1802174,0.022126,-0.04670759,0.01416563
3.04,-0.3974373,9.778747,0.2093082,0.0003422665,-0.02057834,-0.004765105
3.06,-0.3642819,9.740322,0.2016661,-0.01269583,0.01109009,-0.02945372
3.08,-0.3763475,9.759542,0.1835862,-0.01416165,0.03648685,-0.0421339
3.10,-0.4179264,9.783154,0.1842491,-0.005778546,0.06544026,-0.03454053
3.12,-0.4520828,9.784676,0.1916867,0.005899012,0.08114319,-0.02035056
3.14,-0.4470185,9.783332,0.2441372,0.02135436,0.08277029,-0.004439422
3.16,-0.4299143,9.79627,0.2882761,0.03427047,0.07005667,0.002622945
3.18,-0.4271813,9.799765,0.3115033,0.04462304,0.04768974,0.005261201
3.20,-0.4262565,9.841989,0.3434467,0.05586279,0.01682246,0.006244867
3.22,-0.440269,9.894043,0.3243178,0.06078955,-0.01094776,0.01591708
3.24,-0.4981777,9.917894,0.2788731,0.05396214,-0.0306678,0.0338636
3.26,-0.4452162,9.909837,0.2287789,0.0471669,-0.0486798,0.06031244
3.28,-0.4141088,9.862635,0.2129564,0.04415536,-0.0620818,0.08265976
3.30,-0.3704493,9.85422,0.1855001,0.05596985,-0.06466531,0.09737161
3.32,-0.3495094,9.868484,0.1679973,0.06785617,-0.05796385,0.1055291
3.34,-0.3335219,9.802099,0.1402933,0.07335427,-0.04884139,0.1029641
3.36,-0.3191251,9.79651,0.1416768,0.07602926,-0.05009627,0.09710527
3.38,-0.2951104,9.81767,0.1569838,0.06882793,-0.05928671,0.08786699
3.40,-0.2652476,9.863892,0.1266333,0.05728661,-0.0692508,0.07447097
3.42,-0.2528945,9.823789,0.08050832,0.03263509,-0.07760081,0.06726503
3.44,-0.2367721,9.834478,0.0621154,0.01590485,-0.0734546,0.05930451
3.46,-0.2323021,9.848841,0.05358141,0.0156745,-0.06309686,0.0517795
3.48,-0.2215644,9.835734,0.03825618,0.02105823,-0.0439721,0.04162714
3.50,-0.2236399,9.817948,0.002290531,0.02493512,-0.02064455,0.03870125
3.52,-0.2485713,9.830654,-0.01838115,0.01907662,0.002460426,0.03547088
3.54,-0.2503022,9.811798,-0.000604846,0.01064745,0.01575885,0.02891435
3.56,-0.2590971,9.837992,-0.007531609,0.004346911,0.02540179,0.02414149
3.58,-0.2266824,9.843171,-0.0227591,0.003631614,0.0347756,0.02368535
3.60,-0.2272775,9.878404,0.0326474,0.01182552,0.04427679,0.0187624
3.62,-0.2229733,9.887312,0.09325904,0.01550241,0.04172629,0.004101804
3.64,-0.2316098,9.891294,0.08147153,-0.00948911,0.02906075,-0.01143396
3.66,-0.2263098,9.855791,0.0519907,-0.04882532,0.01143088,-0.02673739
3.68,-0.1990356,9.804919,0.05361465,-0.06493801,0.001744639,-0.0312499
3.70,-0.2019084,9.83342,0.09553462,-0.04337347,0.01020798,-0.01829764
3.72,-0.1933089,9.87679,0.06417013,0.0006838669,0.03146596,0.005725526
3.74,-0.2180217,9.938491,0.03804821,0.03147967,0.05780922,0.03571833
3.76,-0.2262993,9.917704,-0.003201404,0.02727913,0.07423451,0.053683
3.78,-0.2594116,9.908684,0.02208099,-0.0004452595,0.07610789,0.05465212
3.80,-0.2512374,9.829072,0.02770807,-0.03481231,0.07806244,0.03871233
3.82,-0.2211905,9.788803,0.061568,-0.05072571,0.07589292,0.01332813
3.84,-0.1998103,9.774314,0.08668464,-0.04286273,0.07710139,-0.006288255
3.86,-0.207925,9.78779,0.05990593,-0.02369346,0.07934674,-0.009257251
3.88,-0.2457324,9.835545,0.02950103,-0.007718199,0.08490782,-0.002838002
3.90,-0.256981,9.847373,0.05244054,0.003812823,0.07985689,0.004189308
3.92,-0.2310875,9.803061,0.08591239,0.01374891,0.06764065,0.003311745
3.94,-0.2205786,9.805546,0.1483451,0.02165052,0.05142608,-0.007995943
3.96,-0.207051,9.764374,0.1530501,0.02480158,0.03104131,-0.02233484
3.98,-0.2134445,9.860006,0.1713412,0.02573219,0.01030681,-0.02913522
4.00,-0.241742,9.864049,0.1381744,0.01914211,-0.003215163,-0.02654649
4.02,-0.2319845,9.876454,0.08828001,0.006589792,-0.008872527,-0.008985034
4.04,-0.2322095,9.865793,0.05631645,0.0003217521,-0.0007507222,0.01063364
4.06,-0.2256412,9.817062,0.06511009,0.000353427,0.01083111,0.02217518
4.08,-0.1850201,9.753171,0.09891047,0.006509804,0.01639478,0.01384088
4.10,-0.1618958,9.729576,0.1167981,0.006509704,0.02189646,-0.002792026
4.12,-0.1613346,9.715997,0.1001971,-0.001725139,0.02493863,-0.01675276
4.14,-0.2124985,9.810946,0.1258667,-0.007106944,0.03547642,-0.02497925
4.16,-0.2186099,9.835641,0.1133046,-0.01942901,0.0330462,-0.02587284
4.18,-0.1744999,9.869204,0.1211555,-0.02607,0.029486,-0.01572041
4.20,-0.2310266,9.938459,0.1544715,-0.02252581,0.0278797,-0.005045256
4.22,-0.2194132,9.910859,0.1699466,-0.02390134,0.01991478,-0.0004420528
4.24,-0.1825339,9.859402,0.1320525,-0.04309483,0.006332807,0.003829765
4.26,-0.1636162,9.847309,0.0947219,-0.06056007,-0.01213144,0.004387976
4.28,-0.1408273,9.855494,0.08220856,-0.05817262,-0.02051594,0.01273188
4.30,-0.1647255,9.832586,0.06766846,-0.03569539,-0.01686233,0.01604194
4.32,-0.1945694,9.811686,0.09779899,-0.009969829,-0.01077759,0.007372211
4.34,-0.2170779,9.795151,0.15393,0.003267602,-0.02035625,-0.01625012
4.36,-0.2278381,9.855979,0.2169422,-0.003758026,-0.05837328,-0.04237951
4.38,-0.2387918,9.87448,0.2197987,-0.02076317,-0.09927006,-0.05383814
4.40,-0.2826009,9.90197,0.1727219,-0.02477996,-0.116775,-0.04647456
4.42,-0.3318157,9.919745,0.1474086,-0.01544666,-0.1155523,-0.0285168
4.44,-0.302346,9.869223,0.1329498,0.01079979,-0.1074792,-0.01725406
4.46,-0.2376125,9.85336,0.1574964,0.02950123,-0.1012983,-0.02032294
4.48,-0.2263541,9.837077,0.1488509,0.03340419,-0.1004929,-0.03313512
4.50,-0.2609382,9.828213,0.1006963,0.02217878,-0.08171549,-0.04727891
4.52,-0.305337,9.817935,0.0975299,0.001099461,-0.05852605,-0.05967961
4.54,-0.3148114,9.755894,0.1164267,-0.01801139,-0.03055065,-0.07393569
4.56,-0.349054,9.741279,0.1644453,-0.03536709,-0.01599921,-0.0934175
4.58,-0.3597588,9.773432,0.2159894,-0.04245872,-0.02121891,-0.1167493
4.60,-0.316228,9.797787,0.2637131,-0.03635277,-0.04396422,-0.1300047
4.62,-0.2699717,9.873235,0.3089319,-0.01597925,-0.07449331,-0.1195567
4.64,-0.2837557,9.918161,0.2980818,0.01068387,-0.09101276,-0.08739363
4.66,-0.3928421,9.998576,0.2449531,0.02809022,-0.0887319,-0.05155084
4.68,-0.4542971,9.979409,0.2020436,0.02717629,-0.08159564,-0.02791328
4.70,-0.3620217,9.918859,0.2240832,0.01895901,-0.08535572,-0.02282786
4.72,-0.2119693,9.86944,0.2519481,0.01957352,-0.08776364,-0.02097332
4.74,-0.2424242,9.932761,0.2178915,0.0266414,-0.06459806,-0.01365857
4.76,-0.3385161,9.966345,0.1338598,0.0179853,-0.0265529,-0.005057793
4.78,-0.3276061,10.00893,0.09763796,-0.005016049,0.001860738,0.008567922
4.80,-0.2758534,9.972198,0.1110766,-0.03016073,0.02092861,0.02214292
4.82,-0.3034714,9.918964,0.1338481,-0.03969185,0.03819336,0.03536823
4.84,-0.3143141,9.854758,0.1586111,-0.0344072,0.0537134,0.04479164
4.86,-0.2870825,9.849245,0.1550862,-0.03623251,0.05460655,0.05249409
4.88,-0.3121526,9.867994,0.1237815,-0.03805386,0.04082306,0.06363475
4.90,-0.32883,9.811721,0.1148103,-0.03512604,0.03517268,0.07817335
4.92,-0.3450404,9.768715,0.1155822,-0.01448719,0.03893667,0.08851594
4.94,-0.3877403,9.813082,0.1405679,0.01467483,0.04038772,0.08458068
4.96,-0.3527229,9.822432,0.1415586,0.02834615,0.02424205,0.07427016
4.98,-0.2896746,9.783121,0.1399686,0.03079361,0.004287236,0.06989904
5.00,-0.3306981,9.721036,0.08214036,0.01877248,0.01195634,0.0738971
5.02,-0.3974549,9.741876,0.05561052,0.01506708,0.03752682,0.0745874
5.04,-0.3485578,9.77035,0.08187594,0.01507208,0.04455345,0.06032856
5.06,-0.2473566,9.7712,0.1385329,0.02202922,0.03089136,0.04323635
5.08,-0.2507135,9.743164,0.1560229,0.02443935,0.0139578,0.03334719
5.10,-0.3524937,9.75187,0.1310815,0.02555512,0.01573705,0.04052458
5.12,-0.3980319,9.789328,0.1087459,0.0275305,0.02372306,0.04458139
5.14,-0.3167585,9.805696,0.1450793,0.03253109,0.01424748,0.04311541
5.16,-0.216299,9.775639,0.1864716,0.04333679,-0.005066484,0.03692158
5.18,-0.1910994,9.829417,0.2368576,0.06413158,-0.01954068,0.03738569
5.20,-0.2234814,9.934099,0.2209023,0.07350915,-0.02881536,0.0476894
5.22,-0.2745774,10.00189,0.1715094,0.06590897,-0.03271944,0.06751434
5.24,-0.2760004,10.0043,0.1301102,0.04571168,-0.02716677,0.09073351
5.26,-0.2254702,9.964471,0.1166899,0.0240628,-0.01741551,0.1038012
5.28,-0.1964567,9.864258,0.09757505,0.01506428,0.002472478,0.1087044
5.30,-0.188678,9.828164,0.09616165,0.01891034,0.02945893,0.1013047
5.32,-0.1926685,9.791202,0.09847351,0.02183009,0.05405669,0.0894544
5.34,-0.2204525,9.749496,0.07872463,0.01190198,0.07581005,0.07923342
5.36,-0.2704774,9.731062,0.0339986,-0.01178261,0.101655,0.07313626
5.38,-0.3067105,9.702607,0.04412332,-0.03599717,0.125243,0.05966095
5.40,-0.2923127,9.749338,0.1157568,-0.0462494,0.12624,0.0407251
5.42,-0.294879,9.859101,0.1519821,-0.05773031,0.101744,0.0180546
5.44,-0.3441954,9.867486,0.106888,-0.069982,0.07929406,0.006744472
5.46,-0.3324002,9.840398,0.102566,-0.07218585,0.05600699,-0.003429991
5.48,-0.2437985,9.772956,0.1077978,-0.05961675,0.03358697,-0.008882105
5.50,-0.1727553,9.708119,0.08666485,-0.03757853,0.007919448,-0.01941015
5.52,-0.1268811,9.688462,0.07648905,-0.008215845,-0.01517824,-0.02559217
5.54,-0.1234511,9.715204,0.0382399,0.02282101,-0.01731902,-0.01863734
5.56,-0.1600684,9.713528,-0.004046349,0.04364542,-0.001118369,-0.0091846
5.58,-0.1427664,9.728621,-0.02333945,0.05074279,0.02006692,-0.01643751
5.60,-0.07813457,9.74352,-0.01060895,0.04715974,0.03613239,-0.03902279
5.62,-0.03527069,9.773639,0.001532489,0.04326525,0.05583587,-0.06747884
5.64,-0.04166695,9.836074,0.02073542,0.04438005,0.08165998,-0.08779167
5.66,-0.05787053,9.894701,0.0151168,0.03449593,0.1030579,-0.09263553
5.68,-0.05657106,9.916946,0.02138476,0.01537811,0.115536,-0.08578029
5.70,-0.02017859,9.973701,0.06791851,0.007431288,0.1122677,-0.07183554
5.72,-0.001456356,10.02681,0.1183428,0.009582067,0.1007871,-0.05185584
5.74,-0.009623876,9.99522,0.1176112,0.009507229,0.08809106,-0.03342693
5.76,-0.03814604,9.900345,0.1315761,0.001160895,0.07831181,-0.01679849
5.78,-0.05034178,9.843767,0.1251718,-0.01072819,0.07052788,-0.00963105
5.80,-0.01971202,9.806799,0.1371982,-0.02362308,0.05753682,-0.01049501
5.82,0.008812454,9.782701,0.155714,-0.02378432,0.0323351,-0.01372108
5.84,0.03034481,9.779359,0.1414848,-0.00874906,0.01439187,-0.01308134
5.86,0.01465862,9.833585,0.1272167,0.01390233,0.003006589,0.00245257
5.88,-0.01718918,9.891983,0.1229771,0.02813992,-0.005730256,0.01996986
5.90,-0.02888975,9.865499,0.1130969,0.02287199,-0.01348956,0.03810271
5.92,-0.03091129,9.83571,0.1040383,0.01178273,-0.01911106,0.04173667
5.94,-0.02499802,9.8207,0.1109226,0.005168466,-0.01864109,0.03889708
5.96,-0.02723557,9.834305,0.1034259,0.0005799868,-0.01299192,0.0351044
5.98,-0.07760359,9.861732,0.06552728,-0.01291496,-0.0001965545,0.036227
6.00,-0.1205477,9.884092,0.05141988,-0.0237575,0.007555728,0.03784607
6.02,-0.101944,9.83252,0.08479249,-0.03051081,0.007803021,0.03252209
6.04,-0.0640353,9.844402,0.09862108,-0.02997936,0.001024485,0.03182938
6.06,-0.09527808,9.844481,0.0657222,-0.01721491,-0.001078836,0.02787471
6.08,-0.12729,9.861253,0.06509551,-0.004625992,0.001741168,0.02389343
6.10,-0.1100558,9.833024,0.05836916,-0.005481665,0.00317367,0.02282692
6.12,-0.09659853,9.842769,0.04183884,-0.01221095,-0.0009276569,0.01903734
6.14,-0.1204684,9.849073,0.02339482,-0.01787251,0.001259155,0.01695445
6.16,-0.1347877,9.818521,0.03543828,-0.01439498,0.009896644,0.01124666
6.18,-0.115993,9.779204,0.03884355,-0.00763147,0.02317672,-0.001074524
6.20,-0.1048733,9.784537,0.04369299,-0.004669465,0.02648757,-0.01386375
6.22,-0.09638087,9.7989,0.08509102,-0.002941424,0.01632891,-0.02452972
6.24,-0.1187397,9.869953,0.102583,0.0005329495,-0.001125077,-0.02621025
6.26,-0.1474047,9.898668,0.1002404,0.00317442,-0.01704279,-0.02076501
6.28,-0.1415892,9.868167,0.08400264,0.004696053,-0.03152378,-0.01491551
6.30,-0.125117,9.846377,0.1069592,0.01348348,-0.0398661,-0.01396514
6.32,-0.09553142,9.845458,0.09903403,0.02203048,-0.04119032,-0.01041357
6.34,-0.1246181,9.866855,0.07665928,0.0268828,-0.03773107,-0.001599536
6.36,-0.1574422,9.884641,0.06559465,0.02360234,-0.02871064,0.001643581
6.38,-0.1434749,9.85606,0.06503517,0.01617683,-0.01743014,-0.000383199
6.40,-0.1336706,9.826784,0.04853914,0.007847068,8.325561e-05,-0.007901595
6.42,-0.1418737,9.798397,0.06664106,0.006195004,0.02078891,-0.02153764
6.44,-0.1185259,9.76921,0.08638366,0.004838328,0.02921331,-0.03762557
6.46,-0.09030483,9.747972,0.1102778,0.008015738,0.03327305,-0.04948826
6.48,-0.1133407,9.79505,0.1436501,0.00914776,0.02465103,-0.04938829
6.50,-0.1344949,9.837667,0.157289,0.01218102,0.01627594,-0.03714127
6.52,-0.1685766,9.879721,0.1628799,0.01061009,0.006939255,-0.02041167
6.54,-0.1634524,9.908762,0.1761592,0.01359065,-0.005404817,-0.01085542
6.56,-0.1589544,9.926007,0.203316,0.01563998,-0.02385559,-0.009563976
6.58,-0.1538423,9.919078,0.2001506,0.009520312,-0.04468691,-0.006986547
6.60,-0.172277,9.897278,0.1544465,-0.004726739,-0.05462164,-4.104412e-05
6.62,-0.2262886,9.906151,0.1151775,-0.01761556,-0.05241031,0.008272096
6.64,-0.2706245,9.944928,0.1128863,-0.02664464,-0.04110437,0.01004261
6.66,-0.2456153,9.950266,0.1005444,-0.03190532,-0.03973794,0.01226931
6.68,-0.2359986,9.97517,0.08892301,-0.03289581,-0.04041015,0.007695019
6.70,-0.2572844,9.939,0.08360919,-0.0229816,-0.02935542,0.001408343
6.72,-0.2509012,9.840424,0.1203501,-0.01722351,-0.02598649,-0.01202772
6.74,-0.2536344,9.785696,0.1215921,-0.02998754,-0.03717621,-0.01243073
6.76,-0.272286,9.791829,0.06606682,-0.04902166,-0.04845575,-0.002852104
6.78,-0.3270994,9.789241,0.04124255,-0.04555999,-0.05033113,0.009576051
6.80,-0.3379441,9.786231,0.05642924,-0.02241723,-0.04781891,0.01647427
6.82,-0.3471327,9.753009,0.07879083,0.01131462,-0.04961279,0.006754024
6.84,-0.3700602,9.741137,0.09648922,0.03624316,-0.05592966,-0.01450618
6.86,-0.410061,9.789472,0.0996998,0.04861649,-0.07522675,-0.03791237
6.88,-0.4698585,9.903001,0.08575549,0.05224621,-0.09072623,-0.05946906
6.90,-0.5221653,9.973832,0.07746614,0.05501839,-0.1011208,-0.07194378
6.92,-0.5785556,9.972549,0.03780498,0.04777888,-0.1006422,-0.08073884
6.94,-0.6053559,9.844907,0.00936833,0.02802503,-0.0922211,-0.09183895
6.96,-0.5828387,9.702467,0.01280495,0.008508742,-0.08208193,-0.107575
6.98,-0.5763182,9.516681,0.03751337,-0.01275074,-0.0679915,-0.1316494
7.00,-0.5707132,9.161654,0.05377817,-0.05346499,-0.04651026,-0.1550106
7.02,-0.5522642,8.810369,0.06342193,-0.1087381,-0.03162092,-0.1674253
7.04,-0.5396662,8.536043,0.06979618,-0.1535255,-0.01520522,-0.1673922
7.06,-0.5174443,8.332896,0.1271191,-0.1618935,-0.0007063076,-0.1566944
7.08,-0.5076945,8.154613,0.1948331,-0.1432921,0.01290197,-0.1404884
7.10,-0.5029325,7.851274,0.2687164,-0.1317716,0.01338558,-0.1135946
7.12,-0.529179,7.509341,0.2881773,-0.1597541,0.01028631,-0.07943191
7.14,-0.5482302,7.130282,0.2856461,-0.2195188,0.009909657,-0.03589127
7.16,-0.5094209,6.76022,0.2951179,-0.2898753,0.01783886,0.02174903
7.18,-0.4477636,6.528645,0.2713315,-0.3509062,0.03304625,0.1007878
7.20,-0.507929,6.531752,0.2325441,-0.3852778,0.05195758,0.1771086
7.22,-0.6487976,6.94434,0.1605191,-0.358361,0.07049181,0.2192211
7.24,-0.7808891,7.187957,0.1339536,-0.2943115,0.07713932,0.2304466
7.26,-0.7936319,7.225814,0.1735896,-0.2218111,0.06164018,0.2297801
7.28,-0.7956412,7.332028,0.1007656,-0.1442804,0.07891107,0.2274418
7.30,-0.972228,7.693789,-0.05607127,-0.08266795,0.1135398,0.2047025
7.32,-1.126975,7.989963,-0.1540416,-0.04161532,0.1473366,0.1494545
7.34,-1.110594,8.190166,-0.1489879,-3.056581e-05,0.1556006,0.05586574
7.36,-0.9723144,8.649626,-0.0545996,0.0618225,0.1207308,-0.05569294
7.38,-0.9092773,9.041391,-0.009932965,0.1332091,0.05828656,-0.1714169
7.40,-0.9861866,9.253053,-0.1095608,0.1983346,0.01273845,-0.2799883
7.42,-1.130822,9.698994,-0.2550474,0.2966911,0.01601874,-0.3629311
7.44,-1.287733,10.53177,-0.1455625,0.4067687,0.02708426,-0.4321567
7.46,-1.435614,11.39636,0.000880054,0.482708,0.03180265,-0.5344016
7.48,-1.503173,11.86919,-0.0002772306,0.5238533,0.04534175,-0.656351
7.50,-1.622242,12.44565,0.06144637,0.5726678,0.06644892,-0.7741107
7.52,-1.586108,13.1206,0.4162532,0.655504,0.02439325,-0.8516827
7.54,-1.362963,13.54113,0.7876438,0.7026849,-0.08713296,-0.8323607
7.56,-1.315922,13.26328,0.9600965,0.6113971,-0.2179915,-0.7022542
7.58,-1.537378,12.62275,0.762299,0.3911676,-0.2957475,-0.493708
7.60,-1.883715,12.09847,0.3379925,0.1477782,-0.2502384,-0.2180536
7.62,-2.144816,12.11531,-0.02237225,-0.01574232,-0.09706374,0.1029202
7.64,-2.220691,13.30341,-0.197702,-0.05297354,0.06045929,0.4258522
7.66,-2.279374,14.54837,-0.2763413,-0.03286405,0.1782209,0.6709651
7.68,-2.397908,14.70702,-0.4216498,-0.05740649,0.3649174,0.7806265
7.70,-2.157551,13.47351,-0.6176599,-0.1812383,0.6516726,0.7366461
7.72,-1.359887,11.14679,-0.4991634,-0.4172983,0.9003325,0.5793572
7.74,-0.5535289,9.221146,-0.3655843,-0.6602198,1.017078,0.4035732
7.76,0.8253561,7.794462,0.3439563,-0.8188487,0.9322629,0.2702087
7.78,1.95709,7.355988,1.01805,-0.7773601,0.7282798,0.1533462
7.80,1.988421,7.865448,1.082859,-0.5568873,0.5326009,0.06545261
7.82,1.216234,8.782822,0.7051464,-0.2912245,0.4168208,0.04674033
7.84,0.4712385,9.490018,0.4461323,-0.07633453,0.4124547,0.08548133
7.86,-0.2054123,9.826536,0.3252169,0.0836931,0.5022295,0.1242086
7.88,-0.3461916,9.788358,0.4484949,0.1754909,0.5812576,0.1349838
7.90,0.2741278,9.907563,0.9503168,0.185632,0.5046833,0.1105249
7.92,0.7303327,10.33794,1.27397,0.1636322,0.3271874,0.05952214
7.94,0.6737564,10.86775,1.29596,0.1484981,0.169264,0.004177126
7.96,0.5349182,11.39156,1.173888,0.1094046,0.05555812,-0.01693678
7.98,0.444474,11.43207,1.110966,0.01021595,-0.05124567,0.02183342
8.00,0.486593,11.15646,1.037008,-0.1183813,-0.171804,0.1192497
8.02,0.5497067,10.8981,0.9114556,-0.2229127,-0.2640415,0.2531455
8.04,0.5370789,10.55184,0.7284313,-0.2715183,-0.301176,0.3691854
8.06,0.5303048,10.2147,0.644105,-0.27557,-0.3181288,0.428887
8.08,0.5000091,9.90618,0.6347011,-0.2660784,-0.3365442,0.4334885
8.10,0.3734459,9.621362,0.5731351,-0.248642,-0.3522251,0.405711
8.12,0.2129837,9.440202,0.5369264,-0.2181316,-0.3598306,0.3537459
8.14,0.1216832,9.307197,0.5453688,-0.1721187,-0.3672494,0.3009861
8.16,0.1345813,9.253345,0.5323461,-0.1248605,-0.3887233,0.2613684
8.18,0.1430377,9.419591,0.4400138,-0.07354376,-0.4075728,0.2466389
8.20,0.04507427,9.656217,0.3101293,-0.001249161,-0.4051097,0.23366
8.22,-0.100907,9.861023,0.2422266,0.09876415,-0.3784463,0.2017116
8.24,-0.1086378,9.842437,0.2208085,0.2045206,-0.329797,0.1470371
8.26,-0.02992801,9.742359,0.2556261,0.2604423,-0.3170107,0.07313002
8.28,0.05935503,9.597296,0.2947707,0.2465659,-0.3453617,0.007992328
8.30,0.09744879,9.523627,0.2556247,0.1987862,-0.3750723,-0.03574557
8.32,0.1194951,9.595143,0.1217577,0.1607583,-0.3630062,-0.04855477
8.34,0.09426309,9.736699,-0.05388011,0.1432907,-0.3103645,-0.03755713
8.36,0.03284765,9.836472,-0.1032735,0.1280894,-0.2473662,-0.02326988
8.38,0.04801221,9.806953,-0.07072964,0.1049021,-0.191631,-0.01525304
8.40,0.07235706,9.734662,-0.111972,0.08517633,-0.1324514,-0.01005741
8.42,0.05445389,9.628675,-0.1711777,0.08736785,-0.0697637,-0.007293601
8.44,0.0055774,9.647329,-0.1634442,0.1300471,0.003202298,-0.005685825
8.46,-0.005012508,9.828912,-0.07938241,0.1867937,0.06903163,-0.02004939
8.48,-0.007928324,10.03485,0.02168246,0.2273499,0.1013577,-0.0623673
8.50,-0.06426083,10.15042,0.1021307,0.2273575,0.1184718,-0.1181539
8.52,-0.17764,10.08254,0.09998053,0.2033762,0.1316835,-0.1752658
8.54,-0.1716051,9.923994,0.1232984,0.159958,0.1408716,-0.2140423
8.56,-0.08642786,9.836589,0.1930491,0.1091412,0.1277267,-0.2179586
8.58,-0.09420085,9.97707,0.1503439,0.07335626,0.1128948,-0.1961325
8.60,-0.1708538,9.992409,0.1318932,0.05000392,0.1054812,-0.1558971
8.62,-0.2293501,9.865387,0.1003651,0.02674201,0.1064925,-0.1181349
8.64,-0.2748713,9.739914,0.06110553,0.02011705,0.1295472,-0.09401789
8.66,-0.3345273,9.671844,-6.023325e-05,0.03308106,0.1714496,-0.09962314
8.68,-0.3109707,9.625467,0.06472941,0.03455414,0.1951802,-0.1413419
8.70,-0.2162325,9.685235,0.09431124,0.03345086,0.1867057,-0.197241
8.72,-0.1602852,9.700515,0.1409445,0.0232953,0.1653761,-0.2522894
8.74,-0.08114998,9.725772,0.1125392,0.01536139,0.1568767,-0.2855149
8.76,-0.09835997,9.853188,0.0632915,0.01602479,0.1561171,-0.2929983
8.78,-0.06999826,9.96286,0.06934939,0.01842663,0.1503388,-0.2791338
8.80,-0.0004469299,10.00054,0.09676568,0.0118485,0.1408591,-0.2503369
8.82,-0.01825915,10.04636,0.0423643,-0.005535471,0.1303257,-0.2133044
8.84,0.002423065,10.06464,0.04887442,-0.02007111,0.123523,-0.1707773
8.86,-0.01163103,10.05106,0.06476372,-0.03729989,0.1195065,-0.1270984
8.88,-0.100549,10.03926,0.06068483,-0.05735089,0.1150637,-0.09437618
8.90,-0.1488511,10.06021,0.04589013,-0.07491996,0.1213327,-0.06643247
8.92,-0.1724771,10.06511,0.03801065,-0.0921404,0.1270997,-0.04825585
8.94,-0.1918985,10.07009,0.03205399,-0.1089166,0.1208965,-0.04026901
8.96,-0.2230342,10.00618,0.02435546,-0.1226602,0.1178681,-0.03014686
8.98,-0.2123007,9.868079,0.05399208,-0.1311055,0.1143087,-0.02009622
9.00,-0.2587893,9.860131,0.02139798,-0.1146802,0.1062381,-0.01412541
9.02,-0.2788614,9.909445,0.0756909,-0.07344389,0.08765032,-0.008091532
9.04,-0.3060065,9.957331,0.1591355,-0.03315135,0.04274026,0.01245439
9.06,-0.322953,9.89325,0.1429621,-0.01203655,-0.004272489,0.03894377
9.08,-0.3342111,9.790166,0.1069462,-0.001886101,-0.03204419,0.05218722
9.10,-0.3330562,9.746789,0.09177779,0.01032643,-0.03970524,0.05504612
9.12,-0.3548644,9.801765,0.09451767,0.01760659,-0.05080821,0.04903064
9.14,-0.3945842,9.856373,0.1164547,0.01694023,-0.05761348,0.03496819
9.16,-0.4448221,9.871848,0.08165108,0.01294476,-0.05612436,0.02161681
9.18,-0.4783447,9.86236,0.1008072,0.005668818,-0.05205601,0.01971549
9.20,-0.5106219,9.798757,0.1321222,0.0006253354,-0.04279718,0.02007637
9.22,-0.4735248,9.77794,0.1479987,-0.0109364,-0.04132043,0.01460228
9.24,-0.4573235,9.745756,0.1264416,-0.0222016,-0.04294505,0.007770624
9.26,-0.4897611,9.741663,0.1202972,-0.01913701,-0.03053379,-0.007396064
9.28,-0.531588,9.745935,0.1551318,-0.008471958,-0.02186007,-0.02442173
9.30,-0.5205749,9.727118,0.1852317,0.0008995478,-0.01759752,-0.0494514
9.32,-0.4927793,9.725536,0.1890795,-0.0002365379,-0.02772002,-0.06832514
9.34,-0.5238578,9.779259,0.2099457,-0.004454833,-0.04408914,-0.0776021
9.36,-0.5494871,9.849992,0.2171804,-0.008641589,-0.05904148,-0.07775221
9.38,-0.5367219,9.941241,0.180507,-0.008881414,-0.06593489,-0.07028154
9.40,-0.5660856,10.10957,0.1311903,-0.002202975,-0.07010814,-0.0722146
9.42,-0.5368139,10.11378,0.145845,0.00378387,-0.0851229,-0.0772865
9.44,-0.5107211,9.976987,0.09561184,0.004045604,-0.09106696,-0.07497381
9.46,-0.5315989,9.856169,0.05484699,0.0007293986,-0.08238011,-0.06408754
9.48,-0.5048786,9.873539,0.02017783,-0.01109902,-0.07655048,-0.04918838
9.50,-0.4155664,9.972266,-0.01272749,-0.02109112,-0.06119335,-0.02162998
9.52,-0.3630441,9.9638,-0.0625084,-0.03286743,-0.01909193,0.01131948
9.54,-0.3772517,9.795933,-0.1327461,-0.0605587,0.04622785,0.0352113
9.56,-0.4206294,9.712996,-0.1768355,-0.08667284,0.121076,0.03209354
9.58,-0.498188,9.770489,-0.1150994,-0.1018756,0.1840722,-0.009724345
9.60,-0.5212564,9.815931,-0.04353188,-0.08535402,0.2182513,-0.06982158
9.62,-0.5835801,9.902469,0.0473256,-0.0564329,0.2224075,-0.1362314
9.64,-0.6549838,9.82212,0.1476127,-0.03945706,0.1949314,-0.2016198
9.66,-0.6143983,9.582287,0.2146098,-0.02093773,0.1410686,-0.2535887
9.68,-0.5572919,9.383966,0.2364766,0.01563061,0.08053518,-0.2988158
9.70,-0.5660447,9.368671,0.2615729,0.07833942,0.02773687,-0.3457771
9.72,-0.6146625,9.495959,0.2837828,0.156519,-0.03688734,-0.3944227
9.74,-0.6434103,9.628828,0.335552,0.2256211,-0.1195126,-0.4402836
9.76,-0.6313212,9.644675,0.4421625,0.268548,-0.2382462,-0.479237
9.78,-0.6061113,9.596705,0.5449235,0.3030486,-0.3886036,-0.5046433
9.80,-0.6734633,9.837601,0.7396727,0.3585996,-0.585965,-0.4937405
9.82,-0.7068961,10.3898,0.669403,0.3946508,-0.6998719,-0.3991649
9.84,-0.8940354,10.4584,0.1857335,0.3608899,-0.6686152,-0.2836402
9.86,-0.9087799,10.52739,-0.0706564,0.2647534,-0.6113766,-0.1659522
9.88,-1.044554,11.09807,-0.2030445,0.1843665,-0.5452219,-0.07143191
9.90,-1.034477,11.47191,-0.02400306,0.1358191,-0.5679449,-0.03183177
9.92,-0.4035097,11.4393,-0.03491707,0.05564858,-0.6416534,0.03998267
9.94,-0.1941947,10.45306,-0.5589323,-0.07130475,-0.5651216,0.07988401
9.96,-0.1784792,9.805069,-0.8249466,-0.188858,-0.3768205,0.06785638
9.98,-0.3746261,9.9345,-0.9143385,-0.2262534,-0.146502,-0.02681091
10.00,-0.5463808,10.75599,-0.7602988,-0.1536897,0.02580215,-0.1984386
10.02,-0.5124838,11.50642,-0.3665503,-0.03745346,0.07070327,-0.3709817
10.04,-0.2938035,11.92558,-0.0333047,0.06585179,0.02878632,-0.4485694
10.06,-0.5617936,11.67236,-0.1158619,0.09386637,0.03167181,-0.4091097
10.08,-1.048573,11.55526,-0.263494,0.05067121,0.1186239,-0.2714243
10.10,-1.447774,11.38682,-0.3090172,-0.02961019,0.2436917,-0.1040587
10.12,-1.910463,11.3749,-0.3303098,-0.1016677,0.3739621,0.02149612
10.14,-2.019811,11.52483,-0.05345994,-0.136565,0.4226959,0.0995414
10.16,-1.83891,11.45021,0.4132384,-0.1209215,0.3532336,0.1390231
10.18,-1.858187,11.52682,0.602248,-0.05199677,0.2291607,0.1682123
10.20,-2.011168,11.45633,0.5928159,0.01942308,0.1287895,0.1878287
10.22,-2.055187,11.51356,0.6461605,0.07033649,0.009177508,0.2180522
10.24,-1.926128,11.7082,0.6461433,0.1028084,-0.1498188,0.2564407
10.26,-2.120033,12.03546,0.5196253,0.1276576,-0.3044914,0.2920306
10.28,-2.344792,11.85681,0.408591,0.1065274,-0.4144305,0.3396576
10.30,-2.380348,11.39255,0.2839757,0.04162681,-0.4861148,0.4103966
10.32,-2.295033,10.89972,0.1853955,-0.05119993,-0.5254307,0.4761255
10.34,-2.20999,10.40032,0.1385366,-0.1295761,-0.5287544,0.4983627
10.36,-1.996127,10.07038,0.02952693,-0.1305696,-0.4850787,0.4715022
10.38,-1.873645,10.36652,-0.09860367,-0.04351318,-0.3960531,0.4055742
10.40,-1.826624,10.24125,-0.0822267,0.03535645,-0.3066143,0.3326825
10.42,-1.648737,9.489584,-0.1570662,0.04513668,-0.211012,0.2962847
10.44,-1.749161,9.310491,-0.431062,0.02577692,-0.0729188,0.2834809
10.46,-1.733312,9.205243,-0.441723,0.02147354,0.08914606,0.2760816
10.48,-1.485363,9.027663,-0.2820401,0.03174561,0.2140561,0.2674424
10.50,-1.285676,8.937977,-0.2317549,0.03689317,0.3010061,0.2634594
10.52,-1.329514,8.866418,-0.2268031,0.02773634,0.3755295,0.2599368
10.54,-1.345294,8.785901,-0.2082128,-0.00371897,0.4368647,0.2563411
10.56,-1.252645,8.498459,-0.2415393,-0.05463848,0.4974491,0.2394642
10.58,-1.099261,8.222099,-0.1682387,-0.0928805,0.5312825,0.1959479
10.60,-0.8751113,8.031551,0.01810577,-0.11408,0.5205037,0.1385943
10.62,-0.6856948,7.821305,0.08205371,-0.1448239,0.4900845,0.1031619
10.64,-0.6560757,7.550438,-0.00210348,-0.1914801,0.4587384,0.1012733
10.66,-0.6736289,7.407157,-0.1496927,-0.22592,0.4361556,0.1244953
10.68,-0.6804907,7.615648,-0.2618093,-0.1912472,0.4270642,0.1400706
10.70,-0.5924945,7.93755,-0.1762506,-0.08678435,0.4020206,0.1146329
10.72,-0.3384668,7.916458,0.03511084,0.009810651,0.3248583,0.05515634
10.74,-0.0930161,7.560362,0.0292598,0.03857656,0.2026413,0.01952267
10.76,-0.004866153,7.394986,-0.07599744,0.006687443,0.07952435,0.04394666
10.78,-0.07654622,7.485072,-0.1806207,-0.01577088,0.002548239,0.1125384
10.80,-0.1099115,7.811273,-0.1589189,0.01616616,-0.05363679,0.1766662
10.82,-0.02176419,8.291117,-0.0333291,0.08913823,-0.1372961,0.2152761
10.84,0.06924877,8.488891,0.002058044,0.1566669,-0.2330537,0.2210763
10.86,0.04623103,8.522036,-0.1203367,0.2119209,-0.3065444,0.2095836
10.88,-0.02495452,8.777547,-0.2001456,0.2764219,-0.3336365,0.2063639
10.90,-0.1352445,9.204114,-0.2182334,0.3508253,-0.3259824,0.2091881
10.92,-0.21026,9.42326,-0.2534177,0.4062399,-0.2992005,0.2141619
10.94,-0.2417924,9.52808,-0.3529428,0.4233632,-0.2631008,0.2176232
10.96,-0.2655667,9.638466,-0.4642214,0.4122385,-0.1948489,0.2081758
10.98,-0.2830778,9.839973,-0.5037734,0.3863506,-0.1002799,0.1961256
11.00,-0.3823362,10.02013,-0.5350229,0.3288948,0.004832908,0.1812922
11.02,-0.408579,9.996832,-0.516537,0.217632,0.08810228,0.1404632
11.04,-0.2927589,9.76548,-0.4970388,0.07869808,0.1239026,0.07476254
11.06,-0.1140695,9.650819,-0.4167493,-0.03377117,0.1181177,-0.003763372
11.08,0.04982558,9.673671,-0.2915504,-0.07915305,0.09177773,-0.07668187
11.10,0.05172705,9.774555,-0.2165091,-0.07035764,0.07258114,-0.1168673
11.12,-0.1091259,9.831961,-0.2811957,-0.03895608,0.06183004,-0.1310868
11.14,-0.1721142,10.00287,-0.2679738,-0.01564315,0.02314426,-0.1198554
11.16,-0.1135789,10.07626,-0.2192924,-0.01986782,-0.05244358,-0.0930648
11.18,-0.03925494,9.933801,-0.2513354,-0.04136869,-0.1434765,-0.05427805
11.20,-0.02183435,9.834879,-0.3052724,-0.053163,-0.2120317,-0.005975116
11.22,-0.06048911,9.813154,-0.3470328,-0.0260364,-0.2374225,0.03920799
11.24,-0.1103637,9.823472,-0.3939888,0.0180171,-0.2366594,0.06607882
11.26,-0.1133906,9.80075,-0.457918,0.03696081,-0.2359583,0.0629629
11.28,-0.06429493,9.772012,-0.5096771,0.03456196,-0.2371655,0.04141704
11.30,-0.0667241,9.790776,-0.5698933,0.03736492,-0.2229017,0.01474387
11.32,-0.1055029,9.872907,-0.5593827,0.04935154,-0.1744325,-0.0155724
11.34,-0.1138005,9.888731,-0.5575644,0.04581388,-0.1221166,-0.045501
11.36,-0.06082486,9.899133,-0.5460324,0.01298486,-0.0965242,-0.06120102
11.38,-0.04578461,9.828253,-0.5307768,-0.04179955,-0.08381951,-0.05667223
11.40,-0.1026967,9.896147,-0.5184825,-0.06339902,-0.06763069,-0.03157897
11.42,-0.1364859,9.954958,-0.4860174,-0.04655286,-0.04263657,0.004579107
11.44,-0.1622766,9.950078,-0.447251,-0.00606429,-0.01885652,0.04717025
11.46,-0.2097447,9.96129,-0.4524023,0.01442944,-0.006541973,0.09408399
11.48,-0.2788488,9.920531,-0.4912525,-0.005755703,-0.001996014,0.1326611
11.50,-0.3241639,9.797779,-0.5383528,-0.05120552,0.002068925,0.1383489
11.52,-0.2610575,9.682467,-0.5138878,-0.08230925,0.004841752,0.1005667
11.54,-0.1594395,9.639539,-0.4391157,-0.08028819,0.003006907,0.04281691
11.56,-0.1088788,9.616655,-0.4166947,-0.05456081,0.007488604,-0.009616296
11.58,-0.16562,9.599277,-0.4647534,-0.03400873,0.01130381,-0.04130655
11.60,-0.2544603,9.711691,-0.51174,-0.03364809,0.01414644,-0.05186899
11.62,-0.3132584,9.749616,-0.530561,-0.04764004,0.01027581,-0.05354796
11.64,-0.2629251,9.701469,-0.5349026,-0.05844482,-0.005976648,-0.05534011
11.66,-0.1450595,9.636027,-0.4530463,-0.03713223,-0.02252885,-0.07172434
11.68,-0.07442138,9.676505,-0.4074385,0.01502918,-0.02691159,-0.0923917
11.70,-0.06813968,9.725825,-0.4181344,0.06283811,-0.02972749,-0.112374
11.72,-0.07865276,9.837704,-0.5140163,0.07492098,-0.02843705,-0.1212448
11.74,-0.09687943,9.811875,-0.6005377,0.05545569,-0.01798743,-0.1169992
11.76,-0.1090666,9.757972,-0.6007573,0.04375129,0.01017639,-0.1138894
11.78,-0.05242463,9.660332,-0.5292602,0.05494387,0.03922937,-0.1254484
11.80,0.01871507,9.636724,-0.467596,0.0806976,0.05142875,-0.1509132
11.82,0.05601162,9.709497,-0.4587922,0.1031239,0.04466638,-0.1748333
11.84,0.04828888,9.857706,-0.4740259,0.1074003,0.03193056,-0.1883999
11.86,0.007917604,10.01344,-0.5097108,0.1013501,0.01768504,-0.1726683
11.88,-0.04883277,10.11969,-0.521354,0.07292374,0.005128035,-0.1404807
11.90,-0.08567838,10.12301,-0.5282783,0.03798317,-0.007414784,-0.09595069
11.92,-0.06324893,10.06877,-0.4782613,0.01164901,-0.02790061,-0.06591043
11.94,-0.02492164,10.04555,-0.4068079,0.003428028,-0.05048986,-0.05167674
11.96,-0.05884274,9.991261,-0.3782061,-0.02110895,-0.08766828,-0.04471388
11.98,-0.0840596,9.966097,-0.4067934,-0.0465297,-0.1295467,-0.03856743
12.00,-0.1161114,9.994081,-0.3700756,-0.05456743,-0.1704111,-0.02962232
12.02,-0.06810106,9.993945,-0.3386886,-0.03076264,-0.2060699,-0.01371535
12.04,-0.01854561,9.910594,-0.3691179,0.004270223,-0.2272056,0.009353078
12.06,5.018285e-06,9.88088,-0.4278353,0.04470958,-0.2366349,0.0439537
12.08,-0.03691575,9.901772,-0.4784813,0.07639974,-0.2274508,0.09262325
12.10,-0.1219289,9.96715,-0.5859151,0.08971929,-0.1881003,0.1377655
12.12,-0.2125056,10.01332,-0.629697,0.08363662,-0.131695,0.1679471
12.14,-0.2577876,10.00474,-0.649209,0.04652997,-0.07463865,0.175854
12.16,-0.2506204,9.924843,-0.6608039,-0.005124409,-0.02281321,0.1573922
12.18,-0.2265936,9.841087,-0.6635274,-0.06593114,0.02389866,0.1295109
12.20,-0.2435233,9.753892,-0.6500598,-0.1128443,0.07660811,0.09791593
12.22,-0.2470271,9.736095,-0.6438011,-0.1349865,0.123747,0.06812234
12.24,-0.2451986,9.666148,-0.6018305,-0.1394325,0.1480046,0.03989781
12.26,-0.2073549,9.602874,-0.5637793,-0.1321107,0.1407151,0.01477696
12.28,-0.1853608,9.590924,-0.5344083,-0.1064526,0.1119336,-0.003075365
12.30,-0.2051074,9.673919,-0.4999432,-0.05812827,0.07741328,-0.008916139
12.32,-0.2359983,9.745564,-0.4863127,0.0005889866,0.05000376,-0.008451482
12.34,-0.2342337,9.770497,-0.487436,0.04765753,0.02078698,-0.002472419
12.36,-0.210835,9.801415,-0.4705419,0.06546855,-0.01367481,-0.006005823
12.38,-0.1843513,9.810219,-0.4834081,0.06462043,-0.04483005,-0.005680049
12.40,-0.1897548,9.846818,-0.5147825,0.05486859,-0.06345373,-0.007326629
12.42,-0.2045025,9.867077,-0.5422249,0.04430816,-0.05381148,-0.00482965
12.44,-0.2238675,9.881322,-0.5947118,0.03407428,-0.02319892,-0.005669473
12.46,-0.2034973,9.835908,-0.5961388,0.02658582,0.00544322,-0.02035266
12.48,-0.1546003,9.840712,-0.5622057,0.01741,0.02697098,-0.0341951
12.50,-0.1479927,9.814934,-0.56429,-0.000289561,0.04805362,-0.05125134
12.52,-0.1568455,9.806849,-0.5840187,-0.01052274,0.06468227,-0.06076647
12.54,-0.1378434,9.844996,-0.5349609,-0.01180909,0.08108152,-0.05988918
12.56,-0.1275149,9.866442,-0.5356661,0.0004659307,0.08900492,-0.05373741
12.58,-0.1378844,9.907473,-0.508442,0.01167183,0.09652995,-0.04967146
12.60,-0.1214891,9.896743,-0.463333,0.01266501,0.08842295,-0.04601127
12.62,-0.1320521,9.926249,-0.4555767,0.007227929,0.07024589,-0.04561772
12.64,-0.1609494,9.945858,-0.4438181,0.0009989572,0.05220049,-0.04626178
12.66,-0.1634564,9.905,-0.4320425,-0.006746594,0.03429885,-0.0360406
12.68,-0.1626759,9.838962,-0.4410612,-0.0121986,0.01784932,-0.02438073
12.70,-0.1600345,9.830741,-0.4685301,-0.01673377,0.002764729,-0.01445588
12.72,-0.1529604,9.829451,-0.4720813,-0.008391076,-0.0110676,-0.01126524
12.74,-0.1161727,9.848631,-0.4837381,0.009543712,-0.02677124,-0.01317655
12.76,-0.1108591,9.851492,-0.4852335,0.02998754,-0.03577179,-0.01260418
12.78,-0.1310899,9.852832,-0.5195361,0.04008333,-0.03136051,-0.008818058
12.80,-0.1507824,9.826177,-0.5365154,0.03102868,-0.01937449,0.0001321014
12.82,-0.1542581,9.793992,-0.5628301,0.008383882,-0.007926473,0.002635015
12.84,-0.1508771,9.784383,-0.5429403,-0.01586239,-0.004090736,0.001967174
12.86,-0.1406868,9.805991,-0.5302432,-0.02979404,0.0004469782,-0.002149378
12.88,-0.1548231,9.818101,-0.5445309,-0.02864365,0.005843663,-0.001653424
12.90,-0.1470109,9.836483,-0.56917,-0.01339965,0.01372607,0.004289513
12.92,-0.1322707,9.824361,-0.549404,0.004417761,0.02709307,0.009517774
12.94,-0.1438736,9.789821,-0.5443152,0.009743549,0.03729374,0.00907808
12.96,-0.1363564,9.759634,-0.5419752,-0.0004872656,0.0398016,0.007263922
12.98,-0.1450338,9.741516,-0.5513632,-0.01673303,0.04847878,0.007179279
13.00,-0.1414715,9.808454,-0.5381288,-0.02475314,0.06150918,0.0121513
13.02,-0.1536409,9.860315,-0.5748342,-0.03145335,0.0837092,0.02438672
13.04,-0.1920345,9.868702,-0.5919828,-0.04773142,0.1037476,0.03850648
13.06,-0.2132466,9.817047,-0.5502132,-0.06586149,0.11616,0.03988088
13.08,-0.1970607,9.761396,-0.4791463,-0.07132823,0.1132489,0.03163375
13.10,-0.1881458,9.720794,-0.4010651,-0.06002056,0.1027673,0.02341401
13.12,-0.2129051,9.678204,-0.3841079,-0.04465346,0.09334001,0.01186344
13.14,-0.2670991,9.658493,-0.3719752,-0.0367221,0.07417371,0.009122571
13.16,-0.3305619,9.662695,-0.3699199,-0.04080235,0.05499649,0.01034136
13.18,-0.3606094,9.642567,-0.3777987,-0.04875419,0.03452132,0.01262536
13.20,-0.3794339,9.584024,-0.3592124,-0.05365346,0.01463815,0.008895987
13.22,-0.3944447,9.506137,-0.302844,-0.0493806,-0.006379195,-0.000544315
13.24,-0.3899861,9.401287,-0.3093993,-0.03938415,-0.01722567,-0.01312462
13.26,-0.3932296,9.364293,-0.3251931,-0.02557045,-0.02695146,-0.02712673
13.28,-0.3611679,9.422875,-0.3312449,0.005345895,-0.03031261,-0.0427232
13.30,-0.3304756,9.597773,-0.2871143,0.05421669,-0.03008559,-0.05796429
13.32,-0.3365516,9.753319,-0.2583907,0.1037503,-0.02631236,-0.06132144
13.34,-0.3952571,9.910287,-0.265412,0.1233462,-0.02322934,-0.05121889
13.36,-0.4634593,10.0519,-0.2812824,0.1009984,-0.01978023,-0.03070605
13.38,-0.5231943,10.12973,-0.3301492,0.04667871,-0.009520659,-0.008904113
13.40,-0.5489973,10.09209,-0.3586963,-0.02720975,0.01222829,0.008127016
13.42,-0.4845911,9.923066,-0.4134843,-0.1029733,0.03801813,0.01496068
13.44,-0.4639426,9.756664,-0.4748008,-0.1607148,0.07203367,0.01115417
13.46,-0.3930463,9.532126,-0.4067143,-0.2042542,0.0988315,-0.01135538
13.48,-0.2955369,9.042844,-0.3642147,-0.2570587,0.1064691,-0.04055935
13.50,-0.2590071,8.447845,-0.3194669,-0.3255483,0.1039389,-0.06250186
13.52,-0.2149116,7.894566,-0.2979815,-0.3924066,0.1013888,-0.06587947
13.54,-0.1784833,7.577704,-0.2633513,-0.434382,0.09745205,-0.05465691
13.56,-0.1435162,7.268208,-0.2312566,-0.4491388,0.09517349,-0.03892403
13.58,-0.08236428,6.887906,-0.1656938,-0.4518206,0.07600185,-0.01824051
13.60,0.003308607,6.613137,-0.1502919,-0.4299952,0.04581972,0.00503519
13.62,0.02747082,6.450325,-0.1292656,-0.3801782,0.01943273,0.03477605
13.64,-0.04557211,6.526215,-0.1479046,-0.2946567,0.0002908489,0.06095836
13.66,-0.2328395,6.760104,-0.1558811,-0.1908625,-0.006532228,0.07139187
13.68,-0.3678815,6.96559,-0.1758959,-0.08233736,-0.01151071,0.06782196
13.70,-0.3688381,7.11755,-0.1209636,0.007659938,-0.0494109,0.0575374
13.72,-0.2726397,7.237175,-0.1004466,0.07608584,-0.08484491,0.04720476
13.74,-0.3610015,7.497829,-0.3017011,0.1219005,-0.06602999,0.03920143
13.76,-0.5707422,7.889145,-0.3813709,0.1240887,-0.04343568,0.01288806
13.78,-0.699311,8.220878,-0.3711564,0.09740876,-0.02983706,-0.05552674
13.80,-0.6987618,8.553658,-0.3250006,0.08293016,-0.02068825,-0.1436607
13.82,-0.7586948,8.998039,-0.2763529,0.1071039,0.006175679,-0.2188888
13.84,-0.9901733,9.571292,-0.2475216,0.1608917,0.04831236,-0.2749884
13.86,-1.274517,10.08216,-0.2698555,0.193339,0.09455052,-0.3018811
13.88,-1.406603,10.50476,-0.2945913,0.2036963,0.1259645,-0.2892715
13.90,-1.375083,10.92804,-0.16458,0.2011631,0.1188779,-0.2499478
13.92,-1.215807,11.59854,0.09796115,0.2227382,0.07211886,-0.1902599
13.94,-1.132724,12.29793,0.2987606,0.2686949,0.02961019,-0.1387387
13.96,-0.8825445,13.12826,0.4753853,0.290191,-0.006949065,-0.03431724
13.98,-0.5289209,13.44627,0.4056467,0.2307,-0.01705492,0.1685506
14.00,-0.3579883,13.20411,0.1550613,0.09502257,0.02164833,0.4221263
14.02,-0.2892854,13.15977,-0.00972593,-0.003816459,0.0942579,0.6557016
14.04,-0.04829496,13.35517,0.2919181,0.0004655252,0.1617893,0.7795199
14.06,-0.04975718,13.55385,0.5411916,0.05257528,0.2104581,0.7509569
14.08,-0.03986476,13.57968,0.5812149,0.0549858,0.2110976,0.6401051
14.10,-0.2146263,13.72737,0.2665194,0.0349919,0.2241624,0.5066424
14.12,-0.5720854,14.05448,0.1665798,0.06317791,0.2770114,0.341285
14.14,-0.5359821,13.69301,0.4531238,0.1304819,0.3273675,0.1435763
14.16,0.1048994,12.25609,0.8449232,0.1311901,0.2461339,-0.01030101
14.18,0.8444929,10.59808,0.950036,0.03507398,0.03535956,-0.0174096
14.20,1.081845,9.654077,0.6601503,-0.1096823,-0.2164121,0.1320972
14.22,1.613522,9.078116,0.5354833,-0.2479237,-0.4570566,0.3556145
14.24,1.782797,8.778618,0.2477838,-0.2926227,-0.5792834,0.4914761
14.26,1.57257,8.489645,-0.414991,-0.2479672,-0.5102593,0.4665592
14.28,1.339401,9.022595,-0.7909899,-0.1576934,-0.3799893,0.3654599
14.30,1.125147,10.09947,-0.8177935,-0.02968409,-0.2274432,0.2207482
14.32,0.9904824,10.61144,-0.6545682,0.06701805,-0.02589043,0.03298489
14.34,1.247809,10.17514,-0.7148652,0.07467667,0.160789,-0.1155824
14.36,1.497697,9.394217,-0.9681407,-0.01419037,0.3429784,-0.1902915
14.38,1.623115,8.992978,-0.7113491,-0.1330279,0.4474157,-0.1782435
14.40,1.765644,9.357409,-0.6158069,-0.1607359,0.5279636,-0.09424847
14.42,1.475245,9.839819,-0.4789626,-0.1344026,0.5687261,-0.02096901
14.44,1.247589,10.34703,-0.3235031,-0.0943227,0.5971932,0.02785788
14.46,1.074545,10.41922,-0.1368463,-0.08190847,0.6111121,0.06273071
14.48,1.042263,10.17559,0.02960005,-0.09954417,0.5979962,0.08597545
14.50,1.102171,9.996563,0.1658218,-0.1247837,0.5532348,0.09531201
14.52,1.138517,9.866585,0.2902285,-0.1262273,0.4809266,0.08706813
14.54,1.098583,9.862586,0.431689,-0.09110147,0.3757859,0.08120476
14.56,1.026014,9.868876,0.514357,-0.03298453,0.2686301,0.07826322
14.58,0.9204751,9.749505,0.529443,0.02646495,0.1626834,0.1013412
14.60,0.8986787,9.686313,0.4642366,0.06747585,0.08467323,0.1375867
14.62,0.8345418,9.705748,0.4465269,0.1096247,0.01485418,0.1675322
14.64,0.7337973,9.724267,0.5094977,0.1525073,-0.05390977,0.1738773
14.66,0.6873207,9.55411,0.5621674,0.1963556,-0.1294094,0.1368979
14.68,0.7313666,9.479514,0.5936126,0.238683,-0.2138368,0.07522974
14.70,0.7037122,9.542027,0.5296304,0.2606725,-0.3036399,0.03308404
14.72,0.651316,9.717549,0.4334696,0.2731971,-0.3640333,0.01784315
14.74,0.5953176,9.83778,0.3118899,0.2635524,-0.3827677,0.01095039
14.76,0.6409338,9.764479,0.08583669,0.2135697,-0.3412938,-0.009825849
14.78,0.8204787,9.617518,-0.1847401,0.1365457,-0.2373428,-0.05037499
14.80,0.9463793,9.647485,-0.3515342,0.05743456,-0.09429101,-0.1065304
14.82,0.9492108,9.854437,-0.4110135,-0.004716996,0.06600039,-0.1447422
14.84,0.8712987,10.02178,-0.4063418,-0.05979313,0.2073522,-0.1638506
14.86,0.7967026,10.04508,-0.2920815,-0.1085059,0.2807119,-0.159744
14.88,0.738649,10.00589,-0.1046863,-0.1380421,0.291905,-0.1366967
14.90,0.7170874,9.961005,0.01401506,-0.1468976,0.244119,-0.1082963
14.92,0.7286748,9.912846,0.0321034,-0.1288492,0.1749545,-0.09121776
14.94,0.7738379,9.896156,0.01755423,-0.09693874,0.09963263,-0.09237184
14.96,0.8564047,9.856996,-0.03651575,-0.04584474,0.04101679,-0.09275629
14.98,0.8880133,9.886442,-0.05847486,0.005632851,-0.01058856,-0.07744223
15.00,0.8297735,9.93864,-0.07941014,0.02908533,-0.05753381,-0.05151524
15.02,0.7401293,9.910163,-0.1060918,0.02360275,-0.09281801,-0.03925669
15.04,0.7095157,9.750818,-0.1312229,0.01133073,-0.1052144,-0.0486875
15.06,0.7130505,9.666891,-0.1471544,0.01977959,-0.1054385,-0.06746721
15.08,0.7250182,9.679958,-0.1188707,0.03670665,-0.1159597,-0.07563104
15.10,0.6832886,9.761027,-0.08143228,0.05001667,-0.1282325,-0.06871617
15.12,0.5803015,9.738209,-0.1224182,0.04700252,-0.1327303,-0.04932519
15.14,0.4983708,9.748147,-0.1683173,0.0388069,-0.1227714,-0.02909438
15.16,0.4440733,9.794927,-0.1723687,0.04183678,-0.09878538,-0.01922066
15.18,0.4570927,9.817349,-0.1803658,0.0581112,-0.06253877,-0.03735557
15.20,0.4902515,9.826968,-0.1462123,0.05824506,-0.04728474,-0.0589672
15.22,0.4518972,9.831818,-0.1156454,0.02599487,-0.06481111,-0.05715661
15.24,0.4121193,9.828415,-0.1510986,-0.007253329,-0.07490622,-0.03836027
15.26,0.4007875,9.843128,-0.2165517,-0.01335556,-0.04896735,-0.02990838
15.28,0.3816595,9.893035,-0.253265,-0.01275038,-0.01698058,-0.02854445
15.30,0.3512957,9.982725,-0.2686779,-0.02074066,0.0006509687,-0.03358236
15.32,0.3048264,9.930153,-0.2464361,-0.03169454,0.007170792,-0.04419774
15.34,0.2638222,9.724592,-0.1979057,-0.03777561,0.006246791,-0.05850894
15.36,0.2719805,9.465635,-0.156275,-0.01858295,-0.0004738013,-0.08359206
15.38,0.4039338,9.237436,-0.1468138,0.01501746,-0.004518249,-0.1321325
15.40,0.5106757,9.11534,-0.1502411,0.05979877,-0.01368931,-0.197001
15.42,0.4704382,9.239377,-0.211255,0.09483698,-0.0201273,-0.252963
15.44,0.4357831,9.428885,-0.309572,0.1198618,0.00239215,-0.2918858
15.46,0.4360035,9.606356,-0.3708554,0.1288295,0.05709961,-0.3257867
15.48,0.4486773,9.865097,-0.4083751,0.1025887,0.1064674,-0.3576249
15.50,0.3203784,10.03116,-0.1780768,0.06527752,0.08657569,-0.3685153
15.52,0.1826203,10.26928,0.08601723,0.07704879,0.01939296,-0.3327022
15.54,0.1850853,10.33044,0.1617461,0.1299476,-0.03230388,-0.2754243
15.56,0.2517498,10.28117,-0.05016726,0.1457401,-0.04409664,-0.2144596
15.58,0.1891168,10.29753,-0.1830094,0.07974721,-0.05255546,-0.1411887
15.60,0.08019271,10.28428,-0.2215078,-0.02469226,-0.05696936,-0.06965089
15.62,0.03405621,10.09347,-0.1182384,-0.09141356,-0.05925479,-0.008794157
15.64,0.007788985,9.891225,-0.0004427149,-0.09275103,-0.06880733,0.0233624
15.66,-0.02146988,9.74236,0.09454712,-0.06240559,-0.1053781,0.01761427
15.68,-0.1062645,9.670062,0.1323573,-0.04098911,-0.1688003,-0.02347805
15.70,-0.2341214,9.735112,0.1082876,-0.05352113,-0.2426576,-0.0715998
15.72,-0.2996021,9.726298,-0.01347045,-0.07566322,-0.2919436,-0.1107787
15.74,-0.2912008,9.719723,-0.1089863,-0.0833464,-0.3052987,-0.1491898
15.76,-0.299337,9.801675,-0.1488477,-0.09273712,-0.2996285,-0.1919049
15.78,-0.3479282,9.848772,-0.2072768,-0.1106257,-0.2821228,-0.2440417
15.80,-0.4220679,9.790188,-0.2228236,-0.1389705,-0.2648148,-0.3015004
15.82,-0.4333093,9.608785,-0.2178425,-0.171095,-0.2495718,-0.3522699
15.84,-0.3730513,9.456356,-0.2451282,-0.1923103,-0.2336039,-0.392107
15.86,-0.3205359,9.416023,-0.284734,-0.2040025,-0.2279599,-0.4265661
15.88,-0.2635685,9.472119,-0.3262736,-0.1943041,-0.2230159,-0.4393223
15.90,-0.2042735,9.464116,-0.3138289,-0.1459764,-0.2223376,-0.4333553
15.92,-0.190335,9.520123,-0.3131608,-0.06457239,-0.2198731,-0.4182884
15.94,-0.2253934,9.585024,-0.3222797,0.02649868,-0.2098989,-0.3953957
15.96,-0.3085325,9.732265,-0.3971321,0.1124381,-0.1697703,-0.3645311
15.98,-0.4272499,9.969186,-0.4106019,0.1799603,-0.1076222,-0.3267854
16.00,-0.5228253,10.16287,-0.4438069,0.220836,-0.02912252,-0.29991
16.02,-0.5829753,10.38039,-0.4834672,0.2418971,0.05850931,-0.2980034
16.04,-0.5704622,10.51772,-0.4316001,0.2382456,0.1448796,-0.3085878
16.06,-0.663784,10.74815,-0.4095459,0.1962997,0.2335586,-0.3313044
16.08,-0.8179403,10.67971,-0.3586808,0.1094358,0.3191518,-0.3631722
16.10,-0.8027123,10.43083,-0.2246499,0.01231859,0.3910376,-0.4045504
16.12,-0.720134,10.65585,-0.07505187,-0.02584643,0.4212117,-0.4338951
16.14,-0.6380897,11.15904,0.1319882,-0.007529603,0.4005773,-0.4469254
16.16,-0.9792832,11.6941,0.1437468,0.00978549,0.360584,-0.4222362
16.18,-1.232364,12.13875,0.05709725,-0.01035733,0.3304536,-0.315248
16.20,-1.405466,12.21872,0.04923975,-0.02426392,0.3291237,-0.1609764
16.22,-1.558065,12.33903,0.1253873,0.006887635,0.3554136,-0.02155369
16.24,-1.559071,12.78397,0.246921,0.06909558,0.3548274,0.07214458
16.26,-1.390357,13.0956,0.4309521,0.1130827,0.2686014,0.1123548
16.28,-1.079004,13.33432,0.6103255,0.1002944,0.09098488,0.1579311
16.30,-1.092411,13.32796,0.5058,0.05713853,-0.08589497,0.2271453
16.32,-1.499752,13.40339,0.2777487,0.01822626,-0.1979702,0.3119297
16.34,-1.811376,13.45111,0.2960573,-0.0122205,-0.2854462,0.3883643
16.36,-1.974273,13.42474,0.3287446,-0.04692498,-0.4292211,0.450573
16.38,-1.738826,13.1763,0.175639,-0.1177116,-0.5716633,0.5381043
16.40,-1.705152,12.3954,-0.1487619,-0.1882987,-0.6215768,0.6137253
16.42,-1.564839,11.79869,-0.3988895,-0.1865485,-0.5554935,0.6489593
16.44,-1.74208,11.03017,-0.4615248,-0.1439493,-0.4016336,0.6189884
16.46,-1.718405,10.355,-0.4608717,-0.1449152,-0.2632685,0.5580328
16.48,-1.476564,9.876694,-0.351813,-0.2159448,-0.2152189,0.5098465
16.50,-1.453383,9.53466,-0.4274765,-0.3217035,-0.1782813,0.4894152
16.52,-1.605122,9.224149,-0.5408756,-0.3967427,-0.1023068,0.4890283
16.54,-1.549869,8.884684,-0.4356508,-0.4129592,-0.01704901,0.4926744
16.56,-1.424163,8.510782,-0.315783,-0.3736667,0.03487445,0.4801981
16.58,-1.188006,8.183069,-0.2205518,-0.3141654,0.03838694,0.4749081
16.60,-1.068231,7.985853,-0.105043,-0.2478607,-0.00154283,0.4785799
16.62,-1.066713,7.881742,-0.03535261,-0.1985318,-0.06465594,0.501031
16.64,-1.031561,7.752986,0.001661334,-0.1505116,-0.1159937,0.5484784
16.66,-0.9730224,7.495129,-0.005248968,-0.1005051,-0.1303163,0.6010751
16.68,-0.9344659,7.279471,-0.05910319,-0.04243461,-0.1080556,0.6207417
16.70,-0.9006509,7.105897,-0.02829454,0.014956,-0.06543816,0.5740544
16.72,-0.7800043,6.977551,0.06682052,0.07100631,-0.04312316,0.4571459
16.74,-0.539002,6.822691,0.1718363,0.1195276,-0.04956842,0.302545
16.76,-0.2498135,6.555719,0.3305703,0.1385105,-0.08325642,0.1541361
16.78,-0.02259592,6.22235,0.3911736,0.1227207,-0.130687,0.0592506
16.80,0.1044597,6.151814,0.3482793,0.08081418,-0.170792,0.04946142
16.82,0.08811352,6.261954,0.2635275,0.02629388,-0.1882197,0.09553973
16.84,-0.02221314,6.59511,0.1398321,-0.005892647,-0.1809179,0.162645
16.86,-0.1804313,7.225687,-0.03219544,0.02802464,-0.1403572,0.2000516
16.88,-0.2627581,7.930711,-0.08826383,0.1402268,-0.06496656,0.1644857
16.90,-0.2635217,8.852242,-0.127889,0.3334673,0.02475486,0.0489153
16.92,-0.146165,9.546472,-0.06002169,0.5363724,0.08998802,-0.1375021
16.94,0.08917788,9.739585,0.0458595,0.6840996,0.1198104,-0.347603
16.96,0.2806934,9.655431,0.1050881,0.7304434,0.1113126,-0.5135754
16.98,0.317711,9.514189,0.08257719,0.6776449,0.09727495,-0.5925231
17.00,0.2644047,9.471673,0.016573,0.5442649,0.1084428,-0.5679724
17.02,0.3422422,9.591148,-0.09311969,0.3647228,0.1238173,-0.45693
17.04,0.4282351,9.914637,-0.1689995,0.1796273,0.1157437,-0.3182218
17.06,0.5245982,10.21652,-0.2127568,0.02154541,0.08982127,-0.1664318
17.08,0.5337233,10.42236,-0.3142136,-0.08172825,0.08778024,-0.02690049
17.10,0.4633209,10.63067,-0.4622364,-0.1099375,0.1369988,0.08029692
17.12,0.3205052,10.66657,-0.5588764,-0.1009285,0.219167,0.1440709
17.14,0.212073,10.38287,-0.5710835,-0.1173544,0.2949658,0.1520713
17.16,0.159363,10.01675,-0.5659757,-0.1739352,0.3292985,0.1401955
17.18,0.1857263,9.694851,-0.3879662,-0.2303617,0.2946816,0.1058962
17.20,0.2182613,9.675475,-0.2678414,-0.2385784,0.23929,0.07935379
17.22,0.1472291,9.746687,-0.3456565,-0.2011702,0.2216955,0.06174492
17.24,0.06288859,9.762733,-0.4411258,-0.1475052,0.2377089,0.05100882
17.26,0.07217054,9.799485,-0.4870547,-0.09073386,0.2699488,0.03554079
17.28,0.1163849,9.846561,-0.4167989,-0.05783292,0.2822696,0.01021303
17.30,0.1891302,9.771274,-0.3551023,-0.05416121,0.2663816,-0.02819768
17.32,0.237261,9.67437,-0.3751704,-0.06607277,0.2458238,-0.0629101
17.34,0.2307133,9.710768,-0.3352509,-0.07253945,0.2312235,-0.07895789
17.36,0.1866849,9.816044,-0.3649434,-0.05855652,0.2307706,-0.0762319
17.38,0.1742453,9.861331,-0.3664627,-0.05025657,0.222862,-0.06491116
17.40,0.167241,9.789993,-0.3581491,-0.05593881,0.2076435,-0.0555975
17.42,0.1427586,9.760738,-0.3723613,-0.06220742,0.1920085,-0.06222993
17.44,0.144473,9.770663,-0.363342,-0.0450799,0.1862055,-0.08894648
17.46,0.172182,9.739861,-0.3258889,-0.01324661,0.1852948,-0.1361195
17.48,0.2516387,9.737529,-0.2374311,0.04080276,0.1598756,-0.1873164
17.50,0.3031225,9.840401,-0.1148033,0.09876662,0.1211761,-0.2166789
17.52,0.266694,9.983322,-0.01844569,0.1510433,0.07207006,-0.2215153
17.54,0.1995446,10.00627,0.0237979,0.1645251,0.01751192,-0.1902518
17.56,0.1437835,9.900957,0.0565986,0.1436745,-0.04642757,-0.140116
17.58,0.1295697,9.783635,0.09541136,0.1080865,-0.1071103,-0.08069993
17.60,0.1568026,9.787131,0.07483546,0.08930663,-0.1507785,-0.02278368
17.62,0.1650314,9.868696,-0.03205859,0.09474424,-0.1545553,0.01513261
17.64,0.1701261,9.912081,-0.03057253,0.1041619,-0.1372548,0.02283973
17.66,0.1857685,9.917211,-0.06160249,0.09927874,-0.1208469,0.0149947
17.68,0.1373793,9.926211,-0.1256087,0.05953107,-0.09549583,-0.0001080806
17.70,0.07708091,9.95578,-0.176103,0.0008239602,-0.06343286,-0.01571287
17.72,0.07748243,9.931755,-0.2043165,-0.06288259,-0.03393385,-0.01207162
17.74,0.08381524,9.916183,-0.2433347,-0.1042896,0.003252364,0.01371329
17.76,0.02999184,9.896399,-0.267756,-0.1219805,0.05342062,0.04924291
17.78,-0.02890336,9.861869,-0.2794503,-0.1247778,0.09399553,0.07679529
17.80,-0.05281793,9.828746,-0.2431629,-0.1251416,0.1084315,0.0891957
17.82,-0.07288827,9.864165,-0.1702771,-0.1236577,0.08758334,0.08530971
17.84,-0.1086693,9.941673,-0.1043137,-0.1190516,0.03496359,0.07873002
17.86,-0.1632491,9.964746,-0.119171,-0.1167152,-0.0223376,0.0818272
17.88,-0.2542735,9.901771,-0.1840302,-0.1094301,-0.05584452,0.09159224
17.90,-0.2557218,9.829186,-0.2243409,-0.09738377,-0.07457432,0.09389897
17.92,-0.1915171,9.746935,-0.230558,-0.07017864,-0.08141817,0.08727885
17.94,-0.1208118,9.678119,-0.2266843,-0.03662086,-0.08641832,0.06808885
17.96,-0.09648014,9.649311,-0.2031084,-0.004487896,-0.08803337,0.03944957
17.98,-0.0874313,9.610791,-0.2092471,0.01917435,-0.08376846,0.00704192
18.00,-0.0710053,9.627502,-0.2043768,0.03874175,-0.0711489,-0.02085778
18.02,-0.04787771,9.632102,-0.1753724,0.05552703,-0.06627395,-0.04218575
18.04,-0.009320757,9.674323,-0.1789505,0.06445257,-0.05703453,-0.05032147
18.06,0.01353187,9.729331,-0.1930141,0.06001607,-0.03588398,-0.04927163
18.08,0.005727295,9.779496,-0.2013472,0.04861526,-0.01126895,-0.04464375
18.10,0.009029651,9.822783,-0.1706884,0.03657974,0.01597457,-0.03834433
18.12,-0.01907093,9.924562,-0.2215003,0.02729084,0.04382147,-0.04691128
18.14,-0.03334836,9.969028,-0.1973288,0.01406889,0.06050036,-0.0661023
18.16,0.02021776,9.973483,-0.1569321,0.001315206,0.06037244,-0.08544106
18.18,0.09103273,9.996796,-0.1687872,-0.01538319,0.06089095,-0.08988284
18.20,0.1045603,9.96428,-0.1854425,-0.04007073,0.06926543,-0.07559448
18.22,0.0666472,9.944586,-0.2755043,-0.0691165,0.08404303,-0.04859977
18.24,0.04694566,9.879618,-0.2577398,-0.08215124,0.1011558,-0.0258735
18.26,0.09102638,9.821343,-0.2230979,-0.07216311,0.111954,-0.01964756
18.28,0.1050494,9.81722,-0.1464215,-0.04288795,0.1037551,-0.03227763
18.30,0.1036577,9.821413,-0.09358282,-0.01481325,0.07480509,-0.04990885
18.32,0.1125156,9.782699,-0.07426201,-0.003391773,0.03508503,-0.05099724
18.34,0.04818293,9.861644,-0.06601901,-0.003057278,-0.003072894,-0.03679952
18.36,0.02673147,9.91492,-0.08733059,-0.003958957,-0.03709108,-0.01705701
18.38,0.01941477,9.907099,-0.0962039,-0.0008232176,-0.06295638,0.005578459
18.40,0.03627395,9.874357,-0.09650236,0.01023556,-0.08353788,0.01959676
18.42,0.03455441,9.822162,-0.08709347,0.02526745,-0.09582912,0.02134087
18.44,0.03479019,9.801318,-0.106112,0.0386187,-0.1000572,0.01524678
18.46,0.03081379,9.807834,-0.1265193,0.04198223,-0.1004436,0.004675134
18.48,0.01924634,9.852144,-0.1559302,0.0447569,-0.09304344,-0.002615785
18.50,0.01485922,9.889992,-0.1765021,0.03964463,-0.08024745,-0.004305587
18.52,0.003396261,9.883545,-0.1643559,0.03919644,-0.06004574,0.004679128
18.54,-0.003192131,9.857347,-0.1380544,0.03514884,-0.03417243,0.00869746
18.56,-0.006730131,9.792771,-0.107893,0.02507007,-0.02000318,0.00752935
18.58,-0.06278894,9.82943,-0.06754177,0.01394265,-0.01417633,0.003196621
18.60,-0.1268509,9.936156,-0.04793473,0.006527953,-0.01437328,-0.004491725
18.62,-0.1603578,9.931805,-0.0298861,-0.006187434,-0.02391142,-0.008074979
18.64,-0.1648021,9.944167,-0.04948393,-0.01337544,-0.02958858,0.002436121
18.66,-0.1925583,9.939398,-0.06394402,-0.01506219,-0.02159677,0.01579609
18.68,-0.2028275,9.892757,-0.08642015,-0.01379527,-0.009777058,0.02496806
18.70,-0.2044136,9.789824,-0.08321422,-0.02351014,-0.005523701,0.02094625
18.72,-0.2091846,9.751758,-0.1236148,-0.03526718,-0.0040763,0.008748681
18.74,-0.2180001,9.767291,-0.1326746,-0.03690307,0.005062831,-0.005423691
18.76,-0.2243819,9.772989,-0.144177,-0.02888849,0.01661357,-0.02156701
18.78,-0.2159738,9.764215,-0.1471112,-0.01807004,0.02722166,-0.03649859
18.80,-0.1976216,9.761807,-0.1532103,-0.01166127,0.03560197,-0.04743163
18.82,-0.2073232,9.723905,-0.1189911,-0.01451905,0.03761537,-0.0632338
18.84,-0.1950628,9.700726,-0.09913478,-0.01761141,0.02738618,-0.07721373
18.86,-0.2050695,9.719978,-0.05642735,-0.02053582,0.007808209,-0.0933897
18.88,-0.2315058,9.803978,-0.05409646,-0.0129374,-0.01854765,-0.1048779
18.90,-0.2341866,9.821923,-0.03332431,-0.001623397,-0.05083423,-0.1144989
18.92,-0.1791089,9.856175,-0.03526825,0.006070599,-0.08680249,-0.1095213
18.94,-0.1775188,9.835156,-0.06448624,0.01456842,-0.1131091,-0.1007588
18.96,-0.1646096,9.775772,-0.08349704,0.00918989,-0.1229962,-0.09206712
18.98,-0.1374203,9.731878,-0.1299509,-0.001622895,-0.1249469,-0.08642173
19.00,-0.1333719,9.735912,-0.1798095,-0.01885669,-0.1189878,-0.08895647
19.02,-0.09919569,9.734964,-0.2060468,-0.03198204,-0.1171034,-0.0907206
19.04,-0.04755571,9.710002,-0.2201498,-0.03017386,-0.1043444,-0.08655375
19.06,-0.07582541,9.689198,-0.2451954,-0.02378319,-0.07109082,-0.07346448
19.08,-0.1401966,9.701122,-0.2395912,-0.01801038,-0.04233805,-0.0664687
19.10,-0.1453292,9.694937,-0.2131515,-0.02535715,-0.02962022,-0.06662083
19.12,-0.1234574,9.67326,-0.1395676,-0.03298664,-0.04625952,-0.06845501
19.14,-0.1025151,9.627493,-0.09971061,-0.03439994,-0.07477979,-0.05519775
19.16,-0.1611323,9.704403,-0.1316809,-0.02537885,-0.08585405,-0.0193804
19.18,-0.2495764,9.866798,-0.1736413,-0.007264467,-0.08897879,0.02582683
19.20,-0.3076906,10.00984,-0.1916289,0.009017962,-0.09050078,0.06185011
19.22,-0.29011,10.11167,-0.1649354,0.0262204,-0.1115668,0.07704528
19.24,-0.2707291,9.992771,-0.1392445,0.02704613,-0.1289801,0.08452143
19.26,-0.2884892,9.683858,-0.1374795,0.0003660708,-0.1271037,0.08702
19.28,-0.3544216,9.397523,-0.2018302,-0.04787587,-0.09710138,0.09431923
19.30,-0.4194385,9.336633,-0.2443039,-0.07430486,-0.05002501,0.08719981
19.32,-0.4192085,9.364819,-0.1814386,-0.07386202,-0.0152075,0.06238805
19.34,-0.384405,9.341478,-0.09029049,-0.06780448,-0.01367212,0.03014521
19.36,-0.4069194,9.16034,-0.05729115,-0.08217577,-0.02374212,0.01466985
19.38,-0.5252512,8.925212,-0.09648103,-0.1228397,-0.01911421,0.01616827
19.40,-0.58771,8.616309,-0.1158656,-0.163835,-0.004597014,0.01847709
19.42,-0.5453306,8.196306,-0.04752309,-0.1900912,0.009701793,0.01213778
19.44,-0.4282645,7.708748,0.05374964,-0.1921731,0.01461441,0.002126896
19.46,-0.3969328,7.323408,0.09714341,-0.183444,0.0171615,-0.01817354
19.48,-0.4641524,7.095095,0.09863278,-0.1659562,0.02628464,-0.04970093
19.50,-0.4809105,6.788307,0.168989,-0.1606839,0.01456548,-0.08612141
19.52,-0.2942981,6.265714,0.2228992,-0.1753636,-0.01501656,-0.1031364
19.54,0.01663814,5.803637,0.1426828,-0.2011675,-0.04393755,-0.05637584
19.56,0.08156743,5.568095,-0.0354977,-0.2131997,-0.02506156,0.0314277
19.58,-0.107892,5.429595,-0.1541874,-0.2056887,0.05086912,0.09883522
19.60,-0.3012438,5.445938,-0.09205098,-0.1883336,0.106252,0.1018842
19.62,-0.2940002,5.550384,0.08696263,-0.1594337,0.0913348,0.03593576
19.64,-0.1416991,5.82889,0.1680033,-0.06726944,0.05993831,-0.0734691
19.66,-0.1649625,6.730839,0.27243,0.1031752,0.03161122,-0.200055
19.68,-0.4029098,8.056422,0.4329441,0.2867674,-0.02940555,-0.3117641
19.70,-0.7242442,9.586751,0.4104574,0.4377145,-0.1140097,-0.3707748
19.72,-1.045536,10.85917,0.3995812,0.5017223,-0.2094863,-0.349946
19.74,-1.358647,11.68115,0.3511857,0.4807873,-0.2914476,-0.2489846
19.76,-1.648606,11.899,0.1932207,0.3818982,-0.3353864,-0.1057229
19.78,-1.888413,12.24264,0.01020589,0.2593334,-0.3252471,0.01784289
19.80,-1.731739,12.94485,0.03891244,0.1735015,-0.3296636,0.1012029
19.82,-1.362355,13.39641,0.2966098,0.1046727,-0.4012696,0.1530217
19.84,-1.179865,13.75872,0.3799138,0.01727041,-0.5002265,0.2231069
19.86,-1.357461,13.83883,0.1627962,-0.09550139,-0.5403729,0.3223725
19.88,-1.547199,13.92346,-0.09015733,-0.1661295,-0.4996017,0.4423317
19.90,-1.466585,14.04102,-0.272083,-0.1633409,-0.3811957,0.5666317
19.92,-1.334231,14.70939,-0.4848752,-0.08150164,-0.2310922,0.6519688
19.94,-1.481395,16.12104,-0.6896398,0.09942394,-0.04165042,0.6033574
19.96,-1.821368,17.15328,-0.6830624,0.3910354,0.2260512,0.3450975
19.98,-1.403767,16.62185,-0.2012985,0.6409339,0.4703777,-0.0248603
20.00,0.04377161,14.09891,0.3659994,0.5421665,0.5064456,-0.2525681
20.02,0.8168994,11.31957,-0.01749061,0.1176046,0.4593012,-0.1906474
20.04,1.658911,8.68875,-0.2877513,-0.4589477,0.4195179,0.08748674
20.06,2.135997,7.147289,-0.2715203,-0.8892536,0.391766,0.3626585
20.08,2.439437,6.855277,-0.2978552,-0.9918496,0.4096129,0.516233
20.10,2.470408,7.504786,-0.07110164,-0.803371,0.4055521,0.5736617
20.12,2.211284,8.477644,0.02459154,-0.4112833,0.4040039,0.5721725
20.14,1.693477,9.59623,0.1729423,0.07957372,0.4199862,0.4902894
20.16,1.111395,10.07757,0.653673,0.4735868,0.4151825,0.341036
20.18,1.085758,9.978849,1.088325,0.6494349,0.324773,0.2073641
20.20,1.244329,9.680781,1.349257,0.6203937,0.1545889,0.1334182
20.22,1.268229,9.694094,1.326608,0.4891473,-0.04583142,0.1417902
20.24,1.255464,9.860207,1.08887,0.3636326,-0.1815077,0.1905654
20.26,1.297813,10.11661,0.8609748,0.2799222,-0.2546242,0.2462502
20.28,1.398619,10.48811,0.6207964,0.2363092,-0.2861074,0.2836544
20.30,1.530114,10.61499,0.4721224,0.1974211,-0.3082424,0.2878928
20.32,1.567554,10.40515,0.2921509,0.1399409,-0.2810409,0.2790821
20.34,1.570709,10.06584,0.07643711,0.02834541,-0.2128362,0.260089
20.36,1.619782,9.735737,-0.1091875,-0.1028422,-0.1486663,0.2213196
20.38,1.590471,9.618695,-0.2662719,-0.1918065,-0.09047485,0.1739631
20.40,1.543384,9.561317,-0.2373184,-0.227912,-0.02564495,0.1375548
20.42,1.441928,9.473734,-0.2310738,-0.2321241,0.02746169,0.1105786
20.44,1.368244,9.429382,-0.180475,-0.2360708,0.02603264,0.1013711
20.46,1.335348,9.342072,-0.1102198,-0.2265854,-0.02899401,0.08406229
20.48,1.286928,9.301599,-0.05747635,-0.1901222,-0.1123165,0.05903913
20.50,1.179005,9.354733,-0.04035695,-0.1183946,-0.209577,0.03080627
20.52,1.158287,9.49645,-0.05889432,-0.03785883,-0.2994839,0.007489452
20.54,1.207657,9.669754,-0.1934594,0.02510929,-0.3648069,-0.003583832
20.56,1.169707,9.702337,-0.390901,0.04711686,-0.3878425,-0.01401091
20.58,1.121392,9.69924,-0.6441956,0.03961741,-0.3324994,-0.01792454
20.60,1.102356,9.633514,-0.8025107,0.02443378,-0.2040936,-0.02395272
20.62,1.094869,9.689774,-0.8477786,0.01538821,-0.06181135,-0.04594824
20.64,1.047912,9.744411,-0.6747977,-0.002388511,0.04110189,-0.07593682
20.66,0.9756453,9.786248,-0.4853185,-0.01488212,0.09185599,-0.09982388
20.68,0.8802269,9.698864,-0.3657901,-0.01577279,0.1156839,-0.1133316
20.70,0.7766162,9.598664,-0.2983294,-0.003181272,0.1360325,-0.1245271
20.72,0.7673374,9.575227,-0.2306084,0.03446984,0.1512212,-0.149609
20.74,0.7761326,9.663342,-0.1135495,0.0822624,0.1448155,-0.1878528
20.76,0.7505699,9.739818,0.002914398,0.1184565,0.1174548,-0.2183013
20.78,0.7032665,9.811272,0.01937556,0.1300477,0.08806095,-0.2218278
20.80,0.6305003,9.884857,-0.04012034,0.1245354,0.07651419,-0.2049499
20.82,0.6229275,9.914202,-0.03648389,0.1162499,0.08160131,-0.1794235
20.84,0.68366,9.85954,-0.03459392,0.1066871,0.09311702,-0.1632673
20.86,0.7155042,9.861341,-0.005994625,0.08248397,0.09448376,-0.1674738
20.88,0.7158471,9.808633,-0.0179729,0.05568504,0.09652213,-0.1820262
20.90,0.685063,9.794195,-0.03451581,0.03318683,0.1044411,-0.1995555
20.92,0.6596965,9.851319,-0.01521278,0.02480895,0.109359,-0.213111
20.94,0.6778068,9.895902,0.02696591,0.02726507,0.09883747,-0.2139077
20.96,0.7479966,9.92592,0.06378996,0.03834169,0.0778143,-0.1981784
20.98,0.7738551,9.959446,0.04603627,0.05114214,0.05028337,-0.1721384
21.00,0.7883129,10.05234,0.02217513,0.05131773,0.02750919,-0.1411783
21.02,0.8047851,10.05487,-0.05171961,0.03197441,0.02043447,-0.1123921
21.04,0.839862,10.05684,-0.1347109,0.003454642,0.02634674,-0.08931131
21.06,0.8709783,10.0692,-0.1853435,-0.01574115,0.04639443,-0.06371813
21.08,0.8774213,10.1241,-0.2194435,-0.0267434,0.06627415,-0.03720918
21.10,0.8040996,10.17979,-0.2310921,-0.03048197,0.06481316,0.002291688
21.12,0.6912157,10.174,-0.182097,-0.02850307,0.04188435,0.03833223
21.14,0.6631621,10.00969,-0.1372312,-0.01424375,0.004647466,0.06626092
21.16,0.6503283,9.814072,-0.1279292,-0.005528177,-0.04216413,0.06648263
21.18,0.6388326,9.68576,-0.1380371,0.008738996,-0.09330884,0.04672788
21.20,0.6053883,9.68058,-0.1740005,0.03583189,-0.1330462,0.01986931
21.22,0.5363939,9.719624,-0.2378846,0.06164882,-0.1461312,0.005627757
21.24,0.47464,9.810462,-0.2986931,0.07039154,-0.145103,0.01100417
21.26,0.4505051,9.810755,-0.3208726,0.06674778,-0.1233207,0.01844965
21.28,0.4292942,9.762527,-0.3373595,0.04975224,-0.09759977,0.004285005
21.30,0.4412441,9.686785,-0.3438639,0.02415253,-0.07671937,-0.02219602
21.32,0.4875597,9.60824,-0.347038,0.007864273,-0.05338762,-0.04303375
21.34,0.5055333,9.607011,-0.3543267,0.006905854,-0.02881014,-0.04833879
21.36,0.5071146,9.643888,-0.3212792,0.00633141,-0.01619998,-0.04391233
21.38,0.494419,9.721001,-0.3137077,0.004760995,-0.004204921,-0.02692201
21.40,0.4410686,9.742158,-0.329427,-0.002851133,0.02121431,-0.02481092
21.42,0.4105318,9.736984,-0.2895133,-0.02083915,0.03827481,-0.03635083
21.44,0.422316,9.731142,-0.2213455,-0.04243638,0.03381244,-0.05688313
21.46,0.4307378,9.71764,-0.1782166,-0.05575095,0.01546421,-0.06696136
21.48,0.4382198,9.700999,-0.1812381,-0.05586671,-0.009376267,-0.07343505
21.50,0.4274575,9.765709,-0.207692,-0.04482751,-0.01784617,-0.06805483
21.52,0.3969949,9.823837,-0.2720884,-0.03646136,-0.01378515,-0.07319132
21.54,0.4018178,9.818388,-0.2786092,-0.02966622,-0.01147472,-0.08708274
21.56,0.4292252,9.720322,-0.2658423,-0.02175447,-0.01936579,-0.1100268
21.58,0.4245859,9.723251,-0.232903,0.00562568,-0.0310743,-0.1302148
21.60,0.3859643,9.842745,-0.204623,0.03911277,-0.04686243,-0.1476939
21.62,0.3903046,10.07124,-0.1782774,0.06612013,-0.07107433,-0.15089
21.64,0.4358411,10.24451,-0.1276848,0.07643228,-0.1079233,-0.1391795
21.66,0.4664385,10.30236,-0.175874,0.07389117,-0.1322346,-0.1172217
21.68,0.5594187,10.27314,-0.2846007,0.04996781,-0.1315642,-0.08486313
21.70,0.6483797,10.16201,-0.3591373,0.03259917,-0.1208566,-0.05893209
21.72,0.7427495,9.966002,-0.354832,0.03130015,-0.1159284,-0.05125539
21.74,0.796959,9.78957,-0.3072459,0.0402795,-0.1295636,-0.05897268
21.76,0.7741773,9.617897,-0.2795545,0.0465754,-0.1582391,-0.06586034
21.78,0.6892272,9.499035,-0.2638515,0.04299355,-0.1862865,-0.07139545
21.80,0.5932341,9.446342,-0.3122523,0.0387721,-0.1933168,-0.07025697
21.82,0.5043306,9.424145,-0.3540077,0.04519974,-0.1749544,-0.07687391
21.84,0.4359672,9.424297,-0.3375528,0.07056765,-0.1523848,-0.1068664
21.86,0.3744944,9.396908,-0.214638,0.0951645,-0.1520807,-0.1475832
21.88,0.2846735,9.306602,-0.1113464,0.1006129,-0.1675914,-0.1913258
21.90,0.1403082,9.240424,-0.09540718,0.08677886,-0.1848727,-0.2343208
21.92,0.02135138,9.224604,-0.09868614,0.06150351,-0.191108,-0.2695545
21.94,-0.01563013,9.232297,-0.091396,0.0392994,-0.1929102,-0.2996823
21.96,0.02908777,9.320406,-0.1275832,0.01192388,-0.1852897,-0.3287494
21.98,0.08300357,9.540309,-0.3041055,-0.01689838,-0.1544878,-0.3546677
22.00,0.06652766,9.816948,-0.4565317,-0.0458136,-0.1018862,-0.3800422
22.02,-0.03838386,10.11993,-0.5724839,-0.0840061,-0.03481636,-0.3877623
22.04,-0.1855818,10.52948,-0.6281503,-0.1229612,0.03165345,-0.3756281
22.06,-0.127281,10.77584,-0.6221454,-0.1546515,0.05621976,-0.3720945
22.08,-0.07410818,11.26215,-0.5910541,-0.1718655,0.03772655,-0.3656672
22.10,-0.1871933,11.83342,-0.5824928,-0.1679244,0.01262747,-0.3616256
22.12,-0.4227829,12.37639,-0.7464257,-0.1350643,0.0327225,-0.3707199
22.14,-0.5302779,13.04118,-0.8345211,-0.04243914,0.05933552,-0.4037634
22.16,-0.5084,13.74752,-0.6572069,0.09013198,0.04031622,-0.4410544
22.18,-0.3549923,13.60386,-0.3403092,0.172736,-0.009809178,-0.4215874
22.20,-0.310178,12.84295,-0.3301144,0.159148,-0.03241265,-0.3205748
22.22,-0.4837178,11.98517,-0.4632146,0.06727847,0.01067681,-0.1875792
22.24,-0.945213,11.41648,-0.5856579,-0.05358769,0.1205231,-0.06881402
22.26,-1.304302,11.55441,-0.5479133,-0.1409137,0.2547247,0.03579142
22.28,-1.385135,12.14125,-0.2875714,-0.1732855,0.3307543,0.1218999
22.30,-1.307859,12.50806,-0.06256317,-0.1675894,0.3233144,0.180087
22.32,-1.406998,12.46676,-0.01870598,-0.1336178,0.2909108,0.1978065
22.34,-1.462341,12.06357,0.1437241,-0.07551937,0.2684579,0.1905324
22.36,-1.412963,11.64457,0.3604974,-0.02276442,0.2366221,0.1670657
22.38,-1.237949,11.2107,0.4391754,-0.007737923,0.1610577,0.1442652
22.40,-1.11821,11.03126,0.3672365,-0.02169235,0.05802543,0.1348422
22.42,-1.12313,10.93408,0.3423156,-0.04709825,-0.02000228,0.1566753
22.44,-1.208433,10.58172,0.2166901,-0.1064261,-0.04444091,0.2103353
22.46,-1.248708,9.905046,0.02800791,-0.190391,-0.01845881,0.2760771
22.48,-1.170314,9.381187,-0.06997611,-0.2479596,0.0287904,0.3251968
22.50,-0.9896501,9.02129,-0.01317454,-0.2482754,0.07671931,0.3328704
22.52,-0.7873055,8.686577,0.06644215,-0.2129608,0.09968209,0.2885249
22.54,-0.6048008,8.382963,0.07124557,-0.1817791,0.08839561,0.2294382
22.56,-0.5067865,8.178719,0.06402246,-0.168105,0.0552562,0.1874294
22.58,-0.5184071,8.117403,-0.009328821,-0.1560206,0.03899458,0.1965272
22.60,-0.6185135,8.188679,-0.1124317,-0.1298979,0.06275921,0.2418485
22.62,-0.74486,8.32943,-0.1668501,-0.09312541,0.1089563,0.2935233
22.64,-0.7673713,8.332882,-0.1063979,-0.06863389,0.1333858,0.3152912
22.66,-0.7234221,8.260147,0.03554013,-0.07744284,0.1063347,0.288744
22.68,-0.7393805,8.271898,0.1443361,-0.1160137,0.04724882,0.2167868
22.70,-0.7940665,8.273475,0.1702772,-0.1630334,-0.01079313,0.1284937
22.72,-0.8229225,8.350368,0.06326941,-0.1883413,-0.03268538,0.06337578
22.74,-0.8592972,8.344988,-0.04147191,-0.1888091,-0.02739161,0.02345627
22.76,-0.7716398,8.136612,-0.0397283,-0.1659554,-0.02005289,0.001471925
22.78,-0.6531026,7.903439,0.0461584,-0.1381038,-0.03228882,-0.01532554
22.80,-0.5523321,7.736787,0.09497572,-0.1211377,-0.07589827,-0.01320407
22.82,-0.5342669,7.636313,0.05584909,-0.1152666,-0.1265079,0.0079165
22.84,-0.5268217,7.709556,-0.03354024,-0.09747782,-0.1512407,0.04398643
22.86,-0.570175,7.800468,-0.08828673,-0.06616136,-0.1537745,0.06683184
22.88,-0.5027017,7.851912,-0.067973,-0.01647738,-0.159953,0.06002162
22.90,-0.3863087,7.980508,-0.07778007,0.06478203,-0.1657976,0.02377449
22.92,-0.3170553,8.298744,-0.03526092,0.1729424,-0.176912,-0.04012792
22.94,-0.2855856,8.59487,0.0436958,0.2728902,-0.1880652,-0.1079106
22.96,-0.3319931,8.812307,-0.0871201,0.357879,-0.168365,-0.1457868
22.98,-0.4445085,8.915306,-0.1541014,0.3880452,-0.1214818,-0.1538361
23.00,-0.4935039,8.973852,-0.2192214,0.3851538,-0.05543406,-0.1581263
23.02,-0.4721496,9.283455,-0.1582156,0.3713595,-0.008428477,-0.1797978
23.04,-0.4292306,9.665185,-0.04336071,0.351209,0.0109935,-0.2269197
23.06,-0.4484386,10.03116,0.03504718,0.3233558,0.009668926,-0.2648839
23.08,-0.4587892,10.29806,0.04379696,0.2780986,-0.002748397,-0.2756293
23.10,-0.4023569,10.40677,-0.002997547,0.2269953,-0.01558261,-0.2288703
23.12,-0.414914,10.48945,-0.07007024,0.1856201,-0.02006307,-0.1432623
23.14,-0.4569134,10.55708,-0.04458527,0.1434571,-0.01300091,-0.03897522
23.16,-0.4597701,10.43348,-0.03763722,0.07852994,-0.002258308,0.05644776
23.18,-0.3932906,10.16483,-0.09931299,-0.0008001271,0.01436847,0.1277983
23.20,-0.3144326,9.819955,-0.2061409,-0.07808681,0.04790389,0.161855
23.22,-0.2427071,9.597993,-0.2916214,-0.1104261,0.09917766,0.1521173
23.24,-0.1908875,9.597973,-0.2946292,-0.08278707,0.1424644,0.1033136
23.26,-0.1585535,9.728192,-0.1599556,-0.02857493,0.1495655,0.0352598
23.28,-0.1830143,9.818622,-0.06359924,-0.0005639379,0.1285018,-0.01630881
23.30,-0.3025442,9.697223,-0.09125004,-0.02126773,0.1014112,-0.0288691
23.32,-0.4228754,9.611811,-0.2208616,-0.05603793,0.08590792,-0.007846512
23.34,-0.4540375,9.658251,-0.2423688,-0.06892312,0.07309172,0.02844829
23.36,-0.3869442,9.745885,-0.156019,-0.04444125,0.04789851,0.05890734
23.38,-0.3295867,9.830113,-0.110787,0.003890057,0.01860186,0.07286401
23.40,-0.3398316,9.855073,-0.1329498,0.04711483,-0.005205483,0.06825407
23.42,-0.3737458,9.828201,-0.1629314,0.06944271,-0.02291219,0.04728602
23.44,-0.3902276,9.897418,-0.14739,0.06218849,-0.03667426,0.02271886
23.46,-0.4067649,9.863155,-0.1592013,0.01767214,-0.04903475,0.00367381
23.48,-0.4077871,9.78992,-0.2211705,-0.02677652,-0.06035388,-0.00366908
23.50,-0.3925598,9.826261,-0.2922239,-0.04104244,-0.05686941,-0.001483746
23.52,-0.349909,9.889594,-0.2607054,-0.02412154,-0.05141688,0.007949634
23.54,-0.3422742,9.878087,-0.2677131,-0.007935752,-0.04940173,0.02311344
23.56,-0.3633728,9.808367,-0.3457875,-0.0001134792,-0.04811423,0.04146882
23.58,-0.3971434,9.840199,-0.3614851,0.01017236,-0.03224508,0.05514728
23.60,-0.4247805,9.812793,-0.3358859,0.01244245,-0.009427253,0.06034033
23.62,-0.4215937,9.783875,-0.3655618,0.007892612,0.01197352,0.04834658
23.64,-0.387316,9.774174,-0.3509616,-0.003752249,0.02662193,0.02964157
23.66,-0.3743964,9.785044,-0.3589991,-0.008371232,0.04295933,0.01732882
23.68,-0.3777698,9.788771,-0.3704689,-0.01216222,0.06708918,0.01374046
23.70,-0.3892485,9.83413,-0.3873367,-0.01762892,0.08963576,0.01939207
23.72,-0.4350772,9.84197,-0.3945201,-0.02668538,0.1170738,0.02547815
23.74,-0.4920505,9.870215,-0.3905758,-0.03915371,0.1413231,0.01751196
23.76,-0.4904363,9.793236,-0.3356045,-0.04499665,0.1510955,-0.002578363
23.78,-0.4218016,9.765377,-0.2529464,-0.03230925,0.1377929,-0.03638012
23.80,-0.3599245,9.730529,-0.1973865,-0.01153931,0.1113449,-0.0644028
23.82,-0.3843501,9.779472,-0.190767,0.00468801,0.08443956,-0.07611685
23.84,-0.4467112,9.801572,-0.205975,0.01205215,0.06692213,-0.07166011
23.86,-0.4385354,9.871703,-0.2127982,0.01840915,0.04139307,-0.05562541
23.88,-0.4235608,9.866641,-0.1727916,0.02370569,0.01956565,-0.05006743
23.90,-0.3790496,9.831222,-0.153518,0.02521555,-0.0117203,-0.05165025
23.92,-0.3606657,9.756585,-0.1748784,0.0183829,-0.03108179,-0.05234641
23.94,-0.3778864,9.7205,-0.2225344,0.01254737,-0.04394404,-0.05146439
23.96,-0.386629,9.725579,-0.2599306,0.01510669,-0.04096282,-0.05294367
23.98,-0.3848414,9.759728,-0.2720204,0.02956422,-0.03324101,-0.05099984
24.00,-0.3865463,9.773396,-0.289669,0.04484323,-0.0163308,-0.04499027
24.02,-0.3998093,9.784965,-0.296552,0.05079538,0.0009585946,-0.03902298
24.04,-0.3925233,9.79598,-0.2965108,0.04255585,0.01833643,-0.0401489
24.06,-0.3670425,9.822309,-0.279096,0.02883945,0.02792203,-0.03646525
24.08,-0.3912682,9.853251,-0.2712396,0.0227393,0.0438056,-0.03096801
24.10,-0.4418479,9.870024,-0.2745993,0.005921618,0.06055403,-0.01657333
24.12,-0.4789673,9.868963,-0.2823501,-0.009286134,0.06985855,-0.003606364
24.14,-0.4893328,9.810435,-0.261264,-0.02157302,0.0795219,0.00563301
24.16,-0.4732435,9.726038,-0.2209697,-0.02295843,0.08319909,0.004008138
24.18,-0.4934537,9.671413,-0.1792602,-0.01620494,0.07442888,0.001729184
24.20,-0.5605951,9.656815,-0.1665397,-0.01377187,0.0708004,-0.007225427
24.22,-0.6238903,9.644095,-0.1805648,-0.017799,0.06802924,-0.01580453
24.24,-0.6457257,9.499876,-0.175453,-0.03241794,0.06216402,-0.02973039
24.26,-0.6170555,9.376304,-0.1443436,-0.03390833,0.05069387,-0.04670145
24.28,-0.6047578,9.293899,-0.1087644,-0.02210536,0.02485858,-0.06786655
24.30,-0.6209517,9.230586,-0.06051287,-0.005806578,-0.007691035,-0.08213393
24.32,-0.6495829,9.09128,-0.06887601,-0.004164076,-0.03659233,-0.08898517
24.34,-0.6632856,8.741122,-0.05224009,-0.03311645,-0.070099,-0.08815604
24.36,-0.6285579,8.369647,-0.07426925,-0.08048607,-0.1058497,-0.08506394
24.38,-0.5663927,8.003024,-0.09331837,-0.1243188,-0.136098,-0.07680921
24.40,-0.4476461,7.479492,-0.06222547,-0.1574021,-0.1720337,-0.06965543
24.42,-0.2713152,6.687536,-0.06630432,-0.2064849,-0.1895629,-0.03408967
24.44,0.0239556,5.877496,-0.3063105,-0.2682204,-0.1550153,0.0583646
24.46,0.0559007,5.553575,-0.7264987,-0.2836242,-0.03687703,0.1692689
24.48,-0.02090353,5.35243,-0.9891305,-0.2286589,0.1154657,0.2174058
24.50,0.0275393,5.341673,-0.9352796,-0.1284202,0.2516256,0.1904822
24.52,0.1271004,5.158984,-0.6457204,-0.04600663,0.342988,0.1026632
24.54,0.1125161,5.309763,-0.4524773,-0.01019859,0.403404,-0.009824717
24.56,-0.1316281,5.909665,-0.4143358,-0.02497026,0.4434568,-0.1105578
24.58,-0.3864833,6.593679,-0.4330771,-0.05406203,0.4684781,-0.1838984
24.60,-0.5551605,7.588821,-0.4365429,-0.01429429,0.4907633,-0.2210235
24.62,-0.7242174,8.683081,-0.09957407,0.03693918,0.5264909,-0.2156491
24.64,-0.9630154,9.587368,0.06802476,0.05071418,0.5875115,-0.1810216
24.66,-1.224234,10.47803,-0.1041675,-0.006190987,0.6124823,-0.1516996
24.68,-1.653085,11.51745,-0.3963699,-0.02789151,0.5826402,-0.1829542
24.70,-1.754082,12.45312,-0.1812839,0.0301698,0.4978671,-0.2008371
24.72,-1.245987,12.62332,0.6620892,0.08060617,0.3188669,-0.1119389
24.74,-1.106819,12.36314,0.9147929,0.03144922,0.1251372,0.08681958
24.76,-1.534667,12.29192,0.3421204,-0.08953437,-0.002054765,0.3104207
24.78,-1.997843,12.68398,-0.2505801,-0.1286206,-0.0606195,0.4476608
24.80,-1.996785,13.21022,-0.07833417,0.008208076,-0.08834315,0.4595807
24.82,-1.31923,13.64392,0.7536679,0.2163586,-0.2024435,0.4223555
24.84,-0.9438076,13.87782,1.042727,0.2979974,-0.4154405,0.3842477
24.86,-1.035525,13.46719,0.6298834,0.1958208,-0.6114284,0.4097842
24.88,-1.165012,13.20107,0.02043107,0.09717077,-0.6974788,0.5213588
24.90,-1.367342,13.6836,-0.3807824,0.1843869,-0.6413652,0.6313019
24.92,-1.633694,15.36994,-0.4349127,0.4750716,-0.5127693,0.6156287
24.94,-1.805867,17.42252,0.04169188,0.7176068,-0.4320859,0.4199095
24.96,-1.436479,16.98343,0.3952958,0.620727,-0.4050688,0.1834491
24.98,-0.4508088,13.65689,0.3365448,0.1914269,-0.4135512,0.04134642
25.00,0.2610509,10.6471,-0.4101404,-0.2883158,-0.3406872,0.09221138
25.02,1.260484,8.350024,-0.6223944,-0.651809,-0.1994933,0.306679
25.04,2.002166,7.289385,-0.8561636,-0.7985737,-0.1177217,0.5241722
25.06,2.362025,7.184527,-0.751011,-0.7617009,-0.1296091,0.6510059
25.08,2.462193,7.261087,-0.3791182,-0.5379228,-0.1606343,0.665206
25.10,2.303032,7.911513,-0.06537747,-0.1392484,-0.1160371,0.6081508
25.12,2.014031,9.395331,0.1769355,0.2516001,-0.02125817,0.4892962
25.14,1.83688,10.22256,0.4032797,0.3814224,0.08345816,0.2942056
25.16,1.822731,9.795027,0.1818564,0.2202755,0.191996,0.07242453
25.18,1.931033,9.033378,-0.09835934,-0.04991691,0.2807695,-0.08794857
25.20,2.090103,8.678579,-0.2146215,-0.2367468,0.3562329,-0.1428995
25.22,2.244794,8.967174,-0.009931719,-0.2967907,0.3824223,-0.08422905
25.24,2.282623,9.736979,0.3044727,-0.2592346,0.3247335,0.02792358
25.26,2.08301,10.25434,0.4093698,-0.172364,0.234596,0.1317466
25.28,1.809863,10.28418,0.4821037,-0.09796934,0.1503905,0.1934552
25.30,1.686305,10.06855,0.4507864,-0.0812153,0.06939933,0.2116195
25.32,1.664958,9.810239,0.3703032,-0.09325675,-0.02472294,0.2033111
25.34,1.681787,9.706697,0.3840572,-0.0937155,-0.1389985,0.1870424
25.36,1.621113,9.801563,0.4484878,-0.05682066,-0.2655212,0.2004767
25.38,1.498913,9.815612,0.413303,0.008037013,-0.3923036,0.232325
25.40,1.362906,9.840837,0.2684605,0.06598248,-0.4959263,0.2633795
25.42,1.227522,9.803574,0.0153589,0.09730537,-0.5219408,0.2895782
25.44,1.148773,9.835962,-0.246228,0.09868342,-0.4551567,0.3089542
25.46,1.198501,9.84398,-0.4855484,0.06363557,-0.3171359,0.3095452
25.48,1.351275,9.692795,-0.6338032,0.02207889,-0.1467122,0.2916601
25.50,1.426694,9.515446,-0.6303703,0.01411053,0.03576303,0.240558
25.52,1.295151,9.451076,-0.5590805,0.03207047,0.2140114,0.1632306
25.54,1.079011,9.502543,-0.4032514,0.01584969,0.3592145,0.07971333
25.56,0.9739251,9.667299,-0.1443562,-0.04835359,0.4579175,0.02203088
25.58,1.021058,9.637794,0.1149981,-0.1122765,0.5066959,-0.01950665
25.60,1.164381,9.507624,0.2430461,-0.122605,0.5068834,-0.06311401
25.62,1.261242,9.455048,0.37608,-0.09039249,0.4618085,-0.09735742
25.64,1.293784,9.496877,0.488545,-0.04715196,0.3912281,-0.1108585
25.66,1.266182,9.543954,0.4744631,-0.008113414,0.310798,-0.1220255
25.68,1.233853,9.625843,0.5662644,0.02378596,0.230024,-0.1203583
25.70,1.228982,9.580719,0.5520755,0.06196479,0.1534366,-0.1075486
25.72,1.27216,9.635421,0.5772805,0.09414027,0.07170667,-0.08918346
25.74,1.289813,9.728703,0.5849274,0.1051163,-0.01661864,-0.07772779
25.76,1.248498,9.732404,0.5183194,0.1054381,-0.08291333,-0.07403187
25.78,1.21041,9.735379,0.4584703,0.1101485,-0.127646,-0.07409012
25.80,1.221683,9.661796,0.3812922,0.1314006,-0.1441389,-0.09042326
25.82,1.301663,9.577773,0.3054162,0.154116,-0.1559276,-0.1057459
25.84,1.358796,9.596519,0.2186812,0.1633359,-0.1675209,-0.1231545
25.86,1.346358,9.765038,0.1753191,0.1404608,-0.1735375,-0.1275662
25.88,1.362621,9.91551,0.1303446,0.09621564,-0.1563662,-0.1241569
25.90,1.433193,10.03113,0.01949836,0.04152319,-0.1265721,-0.1159439
25.92,1.489233,10.11552,-0.1143453,-0.01792656,-0.07077824,-0.0967415
25.94,1.589356,10.22931,-0.1839465,-0.06558344,-0.00656308,-0.06714763
25.96,1.642993,10.34356,-0.1825987,-0.1039563,0.05687241,-0.03440588
25.98,1.73822,10.41333,-0.1439793,-0.1428713,0.1105287,0.008614935
26.00,1.890202,10.53447,-0.1416865,-0.196665,0.1511422,0.08173299
26.02,1.948925,10.66693,-0.1222415,-0.2875851,0.183571,0.1925623
26.04,1.966288,10.76,0.03166992,-0.4169799,0.2026437,0.3321976
26.06,2.001396,11.00265,0.1619455,-0.5339642,0.2318795,0.4876606
26.08,2.067296,11.05632,0.1714361,-0.5943412,0.2886572,0.6228123
26.10,2.102536,10.60528,0.151768,-0.612332,0.384414,0.6978583
26.12,2.171981,10.10201,0.1615169,-0.6018521,0.5051917,0.7238235
26.14,2.169319,9.640907,0.3147483,-0.5987473,0.6466137,0.7081046
26.16,2.222729,9.193296,0.6881444,-0.6226696,0.7379065,0.6253187
26.18,2.135177,9.043259,0.9503867,-0.626485,0.7721617,0.4965124
26.20,1.959383,8.789194,1.153094,-0.5835014,0.7684511,0.3589176
26.22,1.795721,8.525661,1.395784,-0.4777801,0.7249593,0.250859
26.24,1.702873,8.504574,1.553577,-0.3345357,0.6346257,0.1884354
26.26,1.535464,8.428823,1.693197,-0.1980696,0.5024855,0.1518601
26.28,1.376593,8.371287,1.849519,-0.08305212,0.3330146,0.1112421
26.30,1.263485,8.428211,1.968326,0.02351541,0.1510855,0.06076292
26.32,1.211156,8.414294,1.985121,0.125788,-0.02697489,-0.01618387
26.34,1.328021,8.510836,1.896166,0.2130529,-0.188861,-0.08636631
26.36,1.46937,8.75764,1.745985,0.2787182,-0.3137806,-0.1288555
26.38,1.542048,8.959825,1.551466,0.3265356,-0.3731825,-0.1515169
26.40,1.604487,9.096068,1.360006,0.3550301,-0.3916759,-0.1689028
26.42,1.674982,9.22933,1.248654,0.36785,-0.388137,-0.1948598
26.44,1.763114,9.410591,1.182295,0.3644431,-0.3793126,-0.22742
26.46,1.830115,9.557621,1.060399,0.3487939,-0.3527073,-0.2478175
26.48,1.818661,9.645453,0.8813205,0.3299341,-0.3018076,-0.2590583
26.50,1.811807,9.656642,0.7625384,0.3126225,-0.2372351,-0.2622413
26.52,1.797347,9.681258,0.6914759,0.2966788,-0.1664756,-0.2720664
26.54,1.75587,9.755059,0.6555741,0.2855852,-0.1166275,-0.293607
26.56,1.765394,9.886371,0.6451445,0.2889151,-0.07579396,-0.2919583
26.58,1.692668,9.908862,0.5865589,0.2807385,-0.02300035,-0.2713183
26.60,1.655672,9.893489,0.4928812,0.2509515,0.03032765,-0.2420877
26.62,1.677233,9.898755,0.549953,0.1995232,0.06357943,-0.227669
26.64,1.775812,9.913583,0.6908824,0.1510404,0.06881072,-0.2168959
26.66,1.767965,9.967031,0.78343,0.12019,0.07604574,-0.2078943
26.68,1.73051,9.981831,0.7973729,0.07939822,0.06939629,-0.2038738
26.70,1.736777,10.04557,0.8009966,0.02784534,0.04137938,-0.1786798
26.72,1.715242,10.01549,0.7318271,0.001903564,0.03307359,-0.1397818
26.74,1.748348,9.895414,0.706347,0.005771993,0.03636474,-0.1002505
26.76,1.820818,9.811985,0.710754,0.009360738,0.03520261,-0.07180405
26.78,1.833879,9.759192,0.6984856,0.004475736,0.03274581,-0.054488
26.80,1.790236,9.675668,0.6455137,-0.002404964,0.04177855,-0.05164456
26.82,1.792548,9.646858,0.6263868,0.0003067675,0.06094475,-0.04802771
26.84,1.793942,9.595915,0.6009237,0.01566934,0.1015946,-0.03875941
26.86,1.791289,9.616234,0.5567683,0.03534511,0.1492827,-0.03726619
26.88,1.793947,9.632552,0.5945966,0.04087498,0.1921626,-0.04222088
26.90,1.787614,9.550122,0.6359078,0.02624123,0.2388354,-0.05434597
26.92,1.753601,9.360357,0.6521865,-0.0124273,0.2907062,-0.08188021
26.94,1.736042,9.139736,0.6522012,-0.05249562,0.3375963,-0.1290139
26.96,1.755064,8.943855,0.7494539,-0.06432411,0.3788291,-0.1974178
26.98,1.836254,9.0105,0.9013016,-0.03650009,0.3903136,-0.2549947
27.00,1.816399,9.219514,1.106468,-0.001881664,0.3691989,-0.302226
27.02,1.694501,9.396138,1.255399,0.01417116,0.2993836,-0.3457302
27.04,1.627497,9.618778,1.299794,0.0278452,0.1797217,-0.3857311
27.06,1.615469,9.982396,1.45503,0.03804837,0.01025811,-0.4012007
27.08,1.518605,10.27881,1.528474,0.04150378,-0.1857989,-0.3935472
27.10,1.398533,10.36965,1.511552,0.0002992908,-0.4200758,-0.3840729
27.12,1.341937,10.32961,1.336882,-0.05068417,-0.6363871,-0.3634812
27.14,1.328833,10.21031,0.9573417,-0.04375708,-0.7323271,-0.3553114
27.16,1.296657,10.32704,0.5562657,0.01439252,-0.7151148,-0.3739584
27.18,1.229487,10.55455,0.2218054,0.07670691,-0.6179399,-0.3982657
27.20,1.137061,10.62693,0.07272169,0.08989707,-0.4710114,-0.4205214
27.22,0.9905301,10.58485,-0.03894529,0.06980798,-0.2861338,-0.4285682
27.24,0.8498557,10.62596,-0.07441071,0.06867196,-0.1065255,-0.4070409
27.26,0.7853884,10.82644,-0.02962349,0.1034235,0.05619437,-0.3369216
27.28,0.7001217,10.94626,0.0403384,0.1597752,0.1771276,-0.2571515
27.30,0.5708807,11.08183,0.02669659,0.2333312,0.2707377,-0.2206558
27.32,0.3496686,11.34449,0.02355451,0.3535857,0.363867,-0.2662506
27.34,0.1539592,11.68264,0.1736396,0.4686324,0.3934681,-0.3259227
27.36,-0.01980284,12.01777,0.5110044,0.5085036,0.3013346,-0.2992835
27.38,-0.2387788,12.11061,0.741662,0.4497602,0.169539,-0.1647701
27.40,-0.3885503,11.80829,0.5859562,0.3267143,0.1007575,-0.04325439
27.42,-0.5000218,11.62385,0.323535,0.1872787,0.09128592,-0.01306846
27.44,-0.4767365,11.70892,0.2292974,0.05609158,0.1002553,-0.05179269
27.46,-0.3533963,11.97615,0.2785423,-0.02731574,0.08574131,-0.1129845
27.48,-0.2527813,12.18142,0.4032667,-0.06943755,0.02908447,-0.162758
27.50,-0.2490961,12.21515,0.4038608,-0.06683331,-0.02942299,-0.1675257
27.52,-0.3845157,12.18124,0.3606904,-0.04177623,-0.06943917,-0.112727
27.54,-0.5365374,12.19421,0.2769417,-0.02331689,-0.08038518,-0.02441507
27.56,-0.7360526,12.03436,0.1624682,-0.0474607,-0.06075185,0.04998359
27.58,-0.7878644,11.59446,0.1060201,-0.1073506,-0.03191282,0.1066086
27.60,-0.6184105,11.29873,0.08343494,-0.1640536,0.00257649,0.1479928
27.62,-0.5606523,11.03019,0.1238656,-0.2129948,0.03006214,0.1636797
27.64,-0.5096955,10.62503,0.1758007,-0.2793032,0.05474101,0.1580859
27.66,-0.5077551,10.10397,0.1986866,-0.3799913,0.07573485,0.1380783
27.68,-0.4227678,9.462511,0.1783278,-0.4725852,0.1206952,0.108793
27.70,-0.4173845,8.909801,0.04063985,-0.5104303,0.1968309,0.06981549
27.72,-0.4407208,8.458856,-0.01441513,-0.4788657,0.28411,0.0142628
27.74,-0.3765124,8.297967,0.1591704,-0.4075405,0.3336468,-0.03791627
27.76,-0.2718658,8.252571,0.3763137,-0.3491547,0.3321198,-0.07730002
27.78,-0.2761385,8.046353,0.4735385,-0.323304,0.2926618,-0.1102999
27.80,-0.2422456,7.758081,0.5045241,-0.3079332,0.2348403,-0.1117856
27.82,-0.207065,7.527513,0.4963542,-0.2747065,0.1902318,-0.07483029
27.84,-0.251968,7.341118,0.4731817,-0.2240279,0.154561,-0.0270772
27.86,-0.2176238,7.387529,0.4890075,-0.1762375,0.09619607,0.01432885
27.88,-0.1613834,7.387709,0.5796245,-0.1252555,0.01297221,0.03033021
27.90,-0.09718984,7.402819,0.6979287,-0.05883282,-0.09729515,0.02392354
27.92,0.007117435,7.537882,0.7459365,0.01738992,-0.2125756,0.0190128
27.94,-0.005058338,7.665747,0.6963231,0.09242612,-0.31176,0.01819808
27.96,-0.03931347,7.876562,0.5992863,0.1485857,-0.3608028,0.02916411
27.98,-0.06487691,7.981197,0.480313,0.178499,-0.3808371,0.03847871
28.00,-0.005950151,8.179639,0.4530185,0.187783,-0.3919068,0.05099598
28.02,0.04238272,8.288566,0.4515105,0.191653,-0.3803422,0.06146298
28.04,0.04572117,8.416131,0.3748826,0.2090528,-0.347849,0.06310938
28.06,0.0301952,8.698184,0.3408058,0.241377,-0.307045,0.06383984
28.08,0.001812103,9.057743,0.3329079,0.2689182,-0.2512609,0.06785232
28.10,-0.07700953,9.348869,0.3244098,0.2807283,-0.1857156,0.06786427
28.12,-0.08580737,9.485149,0.355266,0.2608019,-0.1215115,0.0698272
28.14,-0.07796145,9.684145,0.3089893,0.2460405,-0.06241011,0.06942347
28.16,-0.1223962,9.736828,0.3210832,0.2125619,-0.006677566,0.07721335
28.18,-0.1364305,9.813407,0.3743549,0.1683839,0.02538562,0.09057622
28.20,-0.1445345,9.836783,0.443111,0.1239668,0.04155763,0.1085686
28.22,-0.1189619,9.86142,0.4699103,0.08662884,0.05710653,0.1365576
28.24,-0.1094535,9.922562,0.4541494,0.04653147,0.07177871,0.1714776
28.26,-0.1127057,9.821373,0.4049018,0.01585249,0.08976814,0.2006507
28.28,-0.08942905,9.725104,0.4043654,0.001726524,0.1106184,0.2162197
28.30,-0.06839168,9.663101,0.4014004,0.01143004,0.14668,0.2103609
28.32,-0.04861785,9.665359,0.4333968,0.0267267,0.1670267,0.1839477
28.34,0.006878308,9.733304,0.454506,0.03606336,0.1713864,0.1549129
28.36,-0.002573067,9.774264,0.4451634,0.04216567,0.1746326,0.135063
28.38,0.004212429,9.878568,0.454762,0.05026582,0.1812427,0.1307494
28.40,-0.007345807,9.903759,0.4378106,0.03298808,0.1969734,0.131229
28.42,-0.01986722,9.735423,0.4259333,-0.008707338,0.207063,0.1145559
28.44,0.03760378,9.803091,0.3690859,-0.050341,0.2265955,0.09330624
28.46,-0.04833512,9.621618,0.3778603,-0.07863394,0.2493316,0.04733464
28.48,0.01433587,9.484035,0.4434822,-0.08432731,0.2537972,-0.009205675
28.50,0.09262071,9.490143,0.4998893,-0.08119717,0.2332765,-0.05968731
28.52,0.08664087,9.398285,0.4974984,-0.07593905,0.2100982,-0.1052714
28.54,0.1650892,9.490993,0.5169447,-0.06245501,0.1714252,-0.1409709
28.56,0.1839635,9.566628,0.5633631,-0.02555909,0.1196146,-0.1614793
28.58,0.1726163,9.703118,0.634562,0.02005412,0.04599571,-0.1717431
28.60,0.2193599,9.83013,0.6983418,0.05633612,-0.03863357,-0.1704506
28.62,0.2250973,9.915703,0.6766539,0.07295642,-0.1179432,-0.1488022
28.64,0.176197,9.949756,0.5816022,0.06708149,-0.1741639,-0.1168173
28.66,0.1460907,9.96751,0.4891595,0.04401579,-0.1976223,-0.07702553
28.68,0.1783038,9.897974,0.4197159,0.01785074,-0.1979663,-0.04903119
28.70,0.2521693,9.869436,0.3673047,0.01530968,-0.1834061,-0.0514314
28.72,0.223778,9.826779,0.3207006,0.0193828,-0.1463785,-0.0741136
28.74,0.2973039,9.936926,0.329614,0.01966393,-0.1123968,-0.08811771
28.76,0.2588023,9.994747,0.3508384,0.005791537,-0.0955175,-0.09262226
28.78,0.183763,9.953316,0.2909979,-0.02159134,-0.06078834,-0.08800022
28.80,0.18153,9.877874,0.2834116,-0.03744998,-0.02296476,-0.07045809
28.82,0.2031222,9.75523,0.3006746,-0.03540605,0.01834072,-0.0545923
28.84,0.2100469,9.682485,0.29546,-0.03193707,0.05700503,-0.04495325
28.86,0.2094995,9.681961,0.3129203,-0.0168498,0.07586014,-0.05303782
28.88,0.2335272,9.720263,0.39533,0.0005836423,0.07972416,-0.0643247
28.90,0.207641,9.821951,0.422271,0.03169919,0.07669735,-0.07433359
28.92,0.1796161,9.981889,0.4451598,0.05393795,0.06432634,-0.06982762
28.94,0.137884,10.1091,0.4628158,0.04623992,0.04267772,-0.04752444
28.96,0.05875363,10.088,0.4445106,0.01018477,0.03163796,-0.02164268
28.98,0.04116913,9.997449,0.4151218,-0.02447626,0.02687244,-0.007268808
29.00,0.06977399,9.952585,0.4059176,-0.02970581,0.01760362,-0.01203506
29.02,0.1235833,9.892242,0.4600065,-0.01928193,0.002312881,-0.02267613
29.04,0.1260683,9.890405,0.4584205,-0.002916534,-0.02718256,-0.03245678
29.06,0.1107468,9.90315,0.4408257,0.006815413,-0.05160005,-0.02886458
29.08,0.08148152,9.881983,0.3781716,0.01844147,-0.05362333,-0.00523702
29.10,0.07770473,9.807862,0.3399389,0.01381606,-0.04507582,0.02094731
29.12,0.06303704,9.720307,0.3302667,0.003970829,-0.04046433,0.03018173
29.14,0.0473854,9.682681,0.3408416,-0.006846084,-0.04093947,0.005319966
29.16,0.06619464,9.690447,0.4353043,0.003624606,-0.05862725,-0.04108469
29.18,0.1041837,9.704382,0.5265704,0.0172223,-0.104099,-0.08122323
29.20,0.130036,9.779734,0.5255476,0.02104745,-0.1489832,-0.09448232
29.22,0.1005964,9.82106,0.4599645,0.01636396,-0.1823605,-0.0744848
29.24,0.136899,9.861832,0.4166842,0.02337212,-0.2076153,-0.03842384
29.26,0.08075392,9.956001,0.3661179,0.03842606,-0.2087265,-0.004098115
29.28,0.06728259,9.949736,0.3620622,0.05250757,-0.1971333,0.0194186
29.30,0.09445164,9.881165,0.347554,0.06015327,-0.1793942,0.02663001
29.32,0.09439991,9.769796,0.3530455,0.06874978,-0.1633676,0.008963361
29.34,0.129566,9.691815,0.397399,0.06599193,-0.142374,-0.01032918
29.36,0.1124987,9.702631,0.3439325,0.05267654,-0.1091226,-0.01295999
29.38,0.07331179,9.698923,0.2805335,0.03743973,-0.07041332,-0.01348044
29.40,0.08323578,9.832895,0.2954161,0.04135284,-0.04084445,-0.0121179
29.42,0.06827172,9.93387,0.3906902,0.04481726,-0.02253235,-0.01196575
29.44,0.05958841,9.963247,0.4230646,0.04101447,-0.01584384,-0.01019347
29.46,0.05570444,9.988992,0.4004151,0.02668018,-0.01954648,0.002052837
29.48,0.02180112,10.06479,0.384495,0.007945784,-0.01818486,0.02669202
29.50,-0.03063397,10.08715,0.3840445,-0.01598602,-0.007509524,0.05749457
29.52,-0.04429837,10.01377,0.3857588,-0.04920782,-0.002788927,0.07343064
29.54,-0.04595964,9.933761,0.3421158,-0.07642961,-0.0004204711,0.07533871
29.56,-0.04558369,9.764933,0.3348273,-0.08774731,0.003736645,0.05690025
29.58,-0.002187239,9.697138,0.3437171,-0.07435805,0.003507731,0.02680923
29.60,0.004774112,9.724557,0.3649347,-0.04814627,-0.008325612,0.003145947
29.62,-0.01586179,9.794925,0.3643737,-0.02439122,-0.0282336,0.0005069185
29.64,-0.06350206,9.858599,0.3297774,-0.01152426,-0.04092944,0.01987459
29.66,-0.06889043,9.844529,0.3111335,-0.003387358,-0.04690532,0.04145366
29.68,-0.03689765,9.797901,0.3198598,-0.001325043,-0.05154318,0.04811364
29.70,-0.01098643,9.750039,0.3242646,0.002266861,-0.05821059,0.03199713
29.72,-0.0117634,9.740388,0.3385379,0.0056552,-0.07092782,-0.0006820486
29.74,0.005447913,9.750518,0.3153705,0.006950089,-0.07576057,-0.0245446
29.76,-0.01808799,9.777605,0.2888992,0.009744192,-0.07954098,-0.03443784
29.78,-0.01144635,9.846605,0.2847343,0.01563854,-0.07890245,-0.03180673
29.80,0.003121994,9.855185,0.2760047,0.0215717,-0.07123815,-0.02575493
29.82,0.03213913,9.819943,0.2840555,0.02101959,-0.06370543,-0.02530213
29.84,0.06607184,9.785035,0.2908096,0.01457271,-0.06286293,-0.03212129
29.86,0.07174764,9.766194,0.2878445,0.01513326,-0.06122088,-0.04231548
29.88,0.08485714,9.789863,0.2862894,0.02372303,-0.05152885,-0.04925975
29.90,0.07027467,9.86254,0.2838494,0.03763069,-0.04048624,-0.04623083
29.92,0.04813899,9.911796,0.2829716,0.05258447,-0.02486569,-0.04095408
29.94,0.08140547,9.865108,0.3343738,0.05169439,-0.01320366,-0.03187512
29.96,0.1166548,9.844483,0.3456498,0.03704409,-0.01102233,-0.02255797
29.98,0.03706655,9.931306,0.3067148,0.02035064,-0.004442351,-0.01867738
30.00,0.03759775,9.956351,0.3317038,0.009154418,0.007300491,-0.01400538
30.02,0.04995837,9.903111,0.3496791,0.005534677,0.01618559,-0.01656322
30.04,0.06081272,9.852544,0.3772931,-0.003695742,0.01552494,-0.01930993
30.06,0.05436053,9.828105,0.3741526,-0.01247431,0.01287249,-0.01447393
30.08,0.04626213,9.850798,0.3413275,-0.01955107,0.009096449,-0.00324769
30.10,0.02628426,9.907306,0.3558241,-0.01470719,0.00347385,0.01351445
30.12,0.01884242,9.896602,0.3656815,0.0004829943,-0.0001698187,0.02468751
30.14,0.01875101,9.841218,0.3817146,0.01310299,-0.008635773,0.0302262
30.16,-0.01150447,9.785024,0.3645045,0.01927372,-0.00844959,0.02876718
30.18,-0.02911199,9.767335,0.3748779,0.01239136,-0.008232707,0.02076929
30.20,-0.05111948,9.823694,0.3853248,-0.002434228,-0.004257548,0.01408557
30.22,-0.07323044,9.824255,0.3678361,-0.01841315,-0.001118635,0.006800367
30.24,-0.04180795,9.816329,0.352286,-0.02310731,0.008260213,0.0006347748
30.26,-0.01725822,9.824504,0.388891,-0.02140664,0.003764438,-0.003736552
30.28,-0.02603549,9.830071,0.4141345,-0.02134801,-0.007966367,-0.004569555
30.30,-0.0624366,9.824477,0.3669358,-0.02204351,-0.02283552,-0.001371318
30.32,-0.06912576,9.868905,0.3585283,-0.02113234,-0.02874908,0.006717891
30.34,-0.09070162,9.859233,0.3517846,-0.01833008,-0.0327367,0.01557818
30.36,-0.06138904,9.871835,0.353084,-0.0170205,-0.04279206,0.01934558
30.38,-0.05577775,9.82199,0.3320416,-0.01961138,-0.04667304,0.0193236
30.40,-0.05580665,9.780496,0.3032071,-0.01452646,-0.04138215,0.01299132
30.42,-0.04788094,9.774634,0.285157,-0.008129965,-0.03231019,0.003826944
30.44,-0.04682504,9.783639,0.28192,-0.003421715,-0.02296122,-0.004834622
30.46,-0.0563644,9.793485,0.2703975,-0.006002401,-0.01616943,-0.01055881
30.48,-0.04150876,9.822176,0.2750255,-0.006744444,-0.01537962,-0.0170911
30.50,-0.02111695,9.86722,0.2969414,-0.001585696,-0.01634562,-0.014468
30.52,-0.03250639,9.929111,0.2771473,0.009266493,-0.01215495,-0.01198341
30.54,-0.0265998,9.92619,0.2964509,0.01874899,-0.007647461,-0.01310232
30.56,-0.04837147,9.839125,0.3219349,0.009159087,-0.007020572,-0.0144968
30.58,-0.01587256,9.817778,0.3074553,-0.009990187,-0.0107931,-0.01356195
30.60,-0.01411751,9.810627,0.285275,-0.01552402,-0.0162145,-0.01884928
30.62,0.01526703,9.816477,0.2972592,-0.000492272,-0.02150696,-0.02096143
30.64,0.02407144,9.826182,0.3139501,0.02580287,-0.02127449,-0.01688906
30.66,0.02013288,9.827334,0.3012896,0.04253092,-0.01234218,-0.006979923
30.68,0.03386556,9.836543,0.2908392,0.03868424,-0.007972074,-0.0005806143
30.70,0.03587189,9.863214,0.3054549,0.02858831,-0.008171599,-0.001557359
30.72,0.03039678,9.879769,0.3443623,0.01859845,-0.007306934,-0.005173755
30.74,0.01710922,9.868712,0.3348306,0.008672405,0.0003474794,-0.008998421
30.76,0.00133,9.869698,0.3196422,0.004421396,0.007444617,-0.01119733
30.78,0.004325096,9.852329,0.335706,-0.007356438,0.009347417,-0.007594178
30.80,0.0008334796,9.862138,0.3276939,-0.01008411,0.01144334,0.0001344598
30.82,-0.003681149,9.845656,0.3340255,-0.003169156,0.01699444,0.009952047
30.84,-0.003815577,9.832849,0.3377335,0.008836895,0.02296195,0.015182
30.86,-0.001049695,9.813116,0.3680056,0.01321648,0.02161846,0.009428201
30.88,-0.002423981,9.804546,0.3786392,0.006375536,0.0109587,-0.000985681
30.90,-0.02237634,9.819404,0.3710826,-0.001921837,0.002431551,-0.006792162
30.92,-0.0291721,9.871254,0.3820863,-0.01305836,-0.005717495,-0.006082737
30.94,-0.02128897,9.862692,0.3697883,-0.01828907,-0.01790806,0.004242358
30.96,-0.01427963,9.884575,0.3280674,-0.01243456,-0.01824531,0.0149569
30.98,-0.005966738,9.8669,0.3201703,-0.005131781,-0.01439159,0.02236286
31.00,-0.006065104,9.814471,0.3227648,-4.707223e-05,-0.0140125,0.01789509
31.02,0.01659192,9.775025,0.3121437,0.003118465,-0.01329895,0.007575594
31.04,0.02513676,9.76437,0.3289117,0.002389397,-0.01162136,-0.008213066
31.06,0.001514055,9.804464,0.3203289,-0.0006089449,-0.005552412,-0.008232364
31.08,-0.03790009,9.865561,0.2867594,-0.005856663,0.008494648,-0.002296094
31.10,-0.03937963,9.876489,0.2964624,-0.01132771,0.01470887,0.009967925
31.12,-0.01664362,9.881079,0.2911883,-0.01342766,0.0208749,0.02111951
31.14,-0.04871733,9.847374,0.2950568,-0.009099273,0.0309213,0.0138845
31.16,-0.04479801,9.770841,0.353317,-0.01614683,0.03184314,-0.008185077
31.18,-0.01518638,9.738038,0.3891497,-0.03354596,0.01371085,-0.02957198
31.20,-0.04372163,9.739587,0.3566547,-0.04665126,-0.01240487,-0.04599963
31.22,-0.07444722,9.741702,0.3579528,-0.04135875,-0.03077815,-0.04953402
31.24,-0.08784784,9.743809,0.3919416,-0.01779692,-0.05707214,-0.03944721
31.26,-0.08379056,9.73184,0.4008221,0.008321491,-0.08049267,-0.03535222
31.28,-0.05350478,9.747621,0.3981576,0.0294727,-0.1072048,-0.03665829
31.30,-0.0440668,9.805657,0.3920251,0.03778978,-0.1282619,-0.03579264
31.32,-0.0605582,9.882466,0.3504557,0.02445318,-0.1391234,-0.02840909
31.34,-0.06645437,9.891606,0.324558,0.01615886,-0.1304964,-0.01715804
31.36,-0.04867966,9.913954,0.2950666,0.008013797,-0.1059079,-0.007786848
31.38,-0.03927329,9.921873,0.2677137,0.007366059,-0.07098989,-0.00284499
31.40,-0.07747827,9.917805,0.2486567,-0.001253924,-0.02770463,-0.001300694
31.42,-0.1260978,9.868472,0.2159541,-0.01214354,0.02265868,-0.01043793
31.44,-0.1382345,9.797016,0.2347148,-0.02856643,0.06834379,-0.02251167
31.46,-0.1317574,9.743403,0.2747645,-0.03576316,0.1036994,-0.0374479
31.48,-0.0942239,9.771724,0.3358989,-0.03794077,0.1149399,-0.0512486
31.50,-0.07517748,9.821257,0.3728209,-0.0322101,0.1055352,-0.05178611
31.52,-0.08370149,9.847548,0.3850613,-0.02563262,0.0904857,-0.04168423
31.54,-0.1140904,9.852372,0.4029129,-0.01490087,0.07021356,-0.02302708
31.56,-0.08912931,9.88079,0.4234335,0.002149407,0.04769295,-0.0008432211
31.58,-0.08148959,9.939507,0.4195071,0.02039737,0.03497231,0.01641875
31.60,-0.07256513,10.00649,0.3525524,0.02571088,0.03198499,0.02433771
31.62,-0.08601823,10.09728,0.317569,0.01930931,0.04851481,0.02746245
31.64,-0.09796124,10.10856,0.3071762,-0.004364737,0.07192858,0.01933663
31.66,-0.06525645,10.06169,0.2715345,-0.02989625,0.09772702,0.006809494
31.68,-0.06608015,10.05421,0.2367536,-0.04805026,0.1263344,-0.007766461
31.70,-0.1110718,10.08644,0.2654178,-0.05467374,0.160911,-0.0182969
31.72,-0.125002,9.992576,0.3147618,-0.06691537,0.1834109,-0.02707061
31.74,-0.05292296,9.829849,0.3150836,-0.07501738,0.1841376,-0.02651716
31.76,-0.04994877,9.728333,0.3369802,-0.0600495,0.1825212,-0.02486259
31.78,-0.08486535,9.663405,0.4374944,-0.03177328,0.182257,-0.02698623
31.80,-0.05765927,9.600912,0.5039744,-0.01302041,0.166149,-0.02864486
31.82,-0.02042699,9.661296,0.5035273,-0.01106689,0.1352697,-0.02444306
31.84,-0.05111241,9.771092,0.4890633,-0.01301492,0.1068204,-0.01652559
31.86,-0.08010688,9.8276,0.5331711,-0.009962561,0.07869923,-0.008116603
31.88,-0.04601529,9.807529,0.5526019,0.001865669,0.03901964,-0.003353002
31.90,-0.01199174,9.759031,0.5302566,0.02168017,0.005849547,-0.001075145
31.92,-0.02038973,9.781909,0.5270902,0.04302708,-0.01516588,0.003662338
31.94,-0.01452135,9.812163,0.5407093,0.0463675,-0.04474765,0.007930612
31.96,-0.05055991,9.857895,0.5041236,0.03490483,-0.06828249,0.01669845
31.98,-0.07855213,9.866174,0.4381536,0.02476358,-0.06743114,0.02491163
32.00,-0.04896789,9.852136,0.4186912,0.02325756,-0.05772443,0.02683327
32.02,0.008956498,9.800149,0.4408433,0.0165358,-0.0535485,0.02093521
32.04,-0.002403452,9.810188,0.4078261,0.004525548,-0.05520428,0.01607646
32.06,-0.03356991,9.793386,0.3717737,-0.01045045,-0.05095837,0.0179578
32.08,-0.06579203,9.798052,0.3377024,-0.01554644,-0.03998189,0.02771514
32.10,-0.08910818,9.805394,0.3186873,-0.005917735,-0.01466891,0.03943797
32.12,-0.09769763,9.796756,0.3408727,-0.002024079,-0.001916433,0.03387799
32.14,-0.09322912,9.752273,0.3630881,-0.005456418,-0.007049825,0.01855429
32.16,-0.08786266,9.713112,0.3725076,-0.004428894,-0.006431795,0.002111216
32.18,-0.0872521,9.746903,0.3913752,0.008018937,-0.006746653,-0.007047629
32.20,-0.1119193,9.840996,0.4291727,0.01938089,-0.01118984,-0.004772821
32.22,-0.1823183,9.895914,0.4445618,0.01330094,-0.02247279,0.0008835076
32.24,-0.1745752,9.905773,0.4587506,0.005327248,-0.03473867,0.007076915
32.26,-0.1348374,9.877,0.46326,0.007746674,-0.04273094,0.008707986
32.28,-0.1139773,9.852494,0.4783431,0.01345896,-0.05064799,0.004098227
32.30,-0.07897417,9.824265,0.4627202,0.004903144,-0.06522717,-0.004075722
32.32,-0.07770217,9.830274,0.4243539,-0.005656673,-0.0721385,-0.003008967
32.34,-0.1027093,9.8077,0.4111767,-0.007880435,-0.06862804,0.005733378
32.36,-0.1126999,9.785706,0.4448954,-0.001309592,-0.06465649,0.006011435
32.38,-0.06157648,9.837176,0.4692608,0.01142651,-0.07366278,-0.002657541
32.40,-0.07060247,9.880913,0.4912586,0.02444917,-0.08983433,-0.01888232
32.42,-0.09370069,9.881554,0.467056,0.0238047,-0.09750306,-0.02646297
32.44,-0.1237752,9.857516,0.4219057,0.007927598,-0.09609023,-0.01690032
32.46,-0.1483018,9.817277,0.3674113,-0.01779104,-0.08516811,-7.255316e-05
32.48,-0.1166095,9.798763,0.3544354,-0.02835546,-0.0702779,0.01354215
32.50,-0.06737797,9.806698,0.3966869,-0.02024043,-0.06116814,0.01739273
32.52,-0.07128996,9.809484,0.4109056,-0.004692561,-0.05138064,0.008952386
32.54,-0.07222136,9.758143,0.3999251,-0.002967422,-0.0434153,-0.001225714
32.56,-0.1131229,9.838028,0.3310159,-0.004482066,-0.03041015,-0.008358298
32.58,-0.1353969,9.847597,0.3726978,-0.01425721,-0.009526222,-0.001387747
32.60,-0.1470309,9.888065,0.3990269,-0.03245342,0.00166172,0.007570567
32.62,-0.1302783,9.86799,0.4171431,-0.04783402,0.001877476,0.01230291
32.64,-0.1220389,9.790166,0.4164788,-0.05583489,-0.002075149,0.007719202
32.66,-0.111832,9.762954,0.4433445,-0.05109262,-0.00786726,0.0001702385
32.68,-0.1117579,9.759014,0.4640389,-0.03860944,-0.02054361,-0.0003149227
32.70,-0.1459752,9.783553,0.4546846,-0.02562624,-0.03352951,0.00167813
32.72,-0.1652239,9.796598,0.4326302,-0.01662469,-0.04078026,0.002845192
32.74,-0.1171693,9.786833,0.4526705,-0.007099636,-0.04908212,-0.002929155
32.76,-0.03845517,9.776437,0.4914063,0.0007830392,-0.06280999,-0.01971368
32.78,-0.01151242,9.809143,0.5154422,0.002476454,-0.07821085,-0.02495763
32.80,-0.04824186,9.899903,0.4716046,-0.005835169,-0.08046526,-0.01222498
32.82,-0.0949672,9.976535,0.3868002,-0.01839296,-0.06366949,0.0172525
32.84,-0.1092896,9.973199,0.3052185,-0.03191632,-0.02451011,0.05066865
32.86,-0.06731459,9.85009,0.273032,-0.03824726,0.02221706,0.05944384
32.88,-0.03513333,9.790393,0.3375802,-0.04340369,0.04897633,0.04250773
32.90,-0.003889686,9.727682,0.4037682,-0.03760887,0.06633592,0.01261263
