time_s,ax,ay,az,gx,gy,gz
0.00,0.4262095,9.541309,2.871366,-0.004400888,-0.04348328,0.1081196
0.02,0.4542369,9.39234,2.729798,0.009607266,-0.007963127,0.1099808
0.04,0.4938038,9.166443,2.654993,0.01959364,0.03944276,0.09417771
0.06,0.5303563,9.037345,2.611571,0.0336366,0.08814667,0.07936349
0.08,0.5443841,9.100065,2.629095,0.04757623,0.1249143,0.06351883
0.10,0.5568517,9.171839,2.655542,0.06705231,0.1398507,0.05702765
0.12,0.5698807,9.232424,2.659517,0.08089708,0.1397277,0.0581903
0.14,0.5523011,9.241612,2.651343,0.1100054,0.1332503,0.06404383
0.16,0.5573838,9.250247,2.687791,0.1373251,0.1129673,0.07074963
0.18,0.5776962,9.285326,2.724502,0.1577569,0.07225441,0.08046967
0.20,0.5665261,9.336437,2.750427,0.1658624,0.02930487,0.07783936
0.22,0.5651768,9.347163,2.72665,0.1640466,-0.01258445,0.05905571
0.24,0.5263769,9.44521,2.610912,0.1761042,-0.03598159,0.02532063
0.26,0.5124345,9.363074,2.50359,0.194005,-0.03502513,-0.005433192
0.28,0.5232505,9.247667,2.405953,0.1935603,-0.03203926,-0.04400864
0.30,0.5145333,9.320637,2.304198,0.1942894,-0.02495221,-0.08729099
0.32,0.5091223,9.349177,2.349997,0.2085824,-0.01695986,-0.1261971
0.34,0.5310503,9.302606,2.420871,0.22207,-0.06133721,-0.1489958
0.36,0.4580639,9.29679,2.443899,0.2533466,-0.1391316,-0.1681439
0.38,0.3883446,9.282842,2.47058,0.2961307,-0.215692,-0.1798117
0.40,0.3280017,9.322416,2.392183,0.3236472,-0.2847509,-0.1853569
0.42,0.3018464,9.425776,2.369208,0.3457899,-0.3634865,-0.1896167
0.44,0.3047827,9.609436,2.360124,0.3681196,-0.4197809,-0.1891784
0.46,0.3109259,9.684183,2.270171,0.3785798,-0.462445,-0.1890909
0.48,0.3553607,9.758507,2.187928,0.3790216,-0.4939581,-0.1855982
0.50,0.431347,9.84372,2.10627,0.3749543,-0.5036409,-0.1730501
0.52,0.4273927,9.981872,2.004513,0.3638441,-0.4953963,-0.1637724
0.54,0.3949822,10.05745,1.932193,0.3250642,-0.4746205,-0.1550889
0.56,0.4040585,9.999473,1.869006,0.2784531,-0.4605294,-0.1459687
0.58,0.4484176,9.907366,1.852178,0.2423755,-0.4507226,-0.1278716
0.60,0.4231098,9.827722,1.712807,0.2224419,-0.4096762,-0.09963113
0.62,0.3825395,9.80339,1.54956,0.2009705,-0.3439558,-0.06586852
0.64,0.3978299,9.703759,1.470617,0.1657489,-0.2613217,-0.03436314
0.66,0.4271515,9.739197,1.423155,0.1342982,-0.1812157,-0.03475953
0.68,0.441223,9.707808,1.467077,0.1150057,-0.1121036,-0.05558224
0.70,0.4800415,9.596812,1.498477,0.1132748,-0.04770333,-0.08148018
0.72,0.4610246,9.553834,1.447714,0.115367,-0.001641229,-0.1052574
0.74,0.4137431,9.607543,1.495689,0.1156187,0.03241445,-0.1199572
0.76,0.3481687,9.59135,1.578717,0.1066147,0.03874938,-0.1255985
0.78,0.3149374,9.657238,1.602101,0.111021,0.02085673,-0.120029
0.80,0.267617,9.686096,1.584466,0.1245808,0.007434393,-0.1015567
0.82,0.2545536,9.717526,1.577846,0.1387068,-0.00213507,-0.08254061
0.84,0.2640649,9.74911,1.579891,0.1358204,-0.02946321,-0.06795449
0.86,0.29731,9.72866,1.629391,0.1339798,-0.06811396,-0.06417824
0.88,0.2876225,9.820405,1.627029,0.1307743,-0.1058263,-0.05263314
0.90,0.2694504,9.991319,1.586146,0.1177196,-0.129588,-0.04017733
0.92,0.2448685,10.09608,1.497187,0.08206353,-0.1412647,-0.02456893
0.94,0.2510246,10.0124,1.428733,0.03671082,-0.1484768,-0.01343983
0.96,0.2952964,9.907571,1.388477,0.002910537,-0.1513289,-0.003218579
0.98,0.3555182,9.779677,1.404041,-0.01146592,-0.166916,-0.0008934094
1.00,0.3716322,9.772269,1.364074,-0.007587537,-0.1833283,-0.00220754
1.02,0.3788109,9.760344,1.326493,0.0044197,-0.2051611,0.0005984746
1.04,0.3770041,9.971169,1.279273,0.0166486,-0.219216,0.01256776
1.06,0.3225166,9.929694,1.25335,0.0019233,-0.2230537,0.02090254
1.08,0.2113515,9.923301,1.119522,-0.01141737,-0.2018335,0.02258728
1.10,0.2649049,9.767642,1.094848,-0.02784302,-0.1771028,0.03263887
1.12,0.3416314,9.604503,1.105982,-0.03564461,-0.1641189,0.03978405
1.14,0.3515652,9.628716,1.080042,-0.02699206,-0.1707044,0.03806371
1.16,0.3351372,9.742222,1.106224,-0.00631449,-0.1814858,0.02191425
1.18,0.2968917,9.8318,1.118983,0.01331675,-0.1884585,-0.000629777
1.20,0.2298963,9.736476,1.030756,0.02828011,-0.1835091,-0.01916486
1.22,0.2809565,9.518948,1.032238,0.03804879,-0.174716,-0.03246312
1.24,0.196514,9.73504,0.9786355,0.05346985,-0.1610016,-0.04318172
1.26,0.1575043,9.668527,0.9873473,0.05040697,-0.1466797,-0.04706696
1.28,0.1576592,9.737669,0.9858309,0.04758875,-0.1406542,-0.046291
1.30,0.1491152,9.79436,1.018947,0.03898605,-0.144189,-0.04373514
1.32,0.1372271,9.779804,0.9634101,0.03823243,-0.1315201,-0.03073272
1.34,0.1294634,9.747162,0.9393865,0.05293952,-0.1106344,-0.02074585
1.36,0.1715659,9.752127,0.9886314,0.08252402,-0.09019066,-0.01325509
1.38,0.1712315,9.789443,1.00511,0.09645838,-0.08156019,-0.01216995
1.40,0.1890977,9.76583,1.025869,0.08287077,-0.08705247,-0.01726737
1.42,0.113357,9.85864,0.9724687,0.05736241,-0.08601788,-0.01685574
1.44,0.06424119,9.746198,0.9187476,0.04286339,-0.06504218,-0.02148145
1.46,0.1034518,9.705434,0.9809052,0.04720345,-0.04338852,-0.03337701
1.48,0.1877108,9.732598,0.995567,0.05686839,-0.03319386,-0.04242033
1.50,0.1962571,9.725846,0.9887535,0.06381928,-0.0282968,-0.04857334
1.52,0.1808964,9.793776,1.00515,0.07499124,-0.02556895,-0.04665613
1.54,0.1365058,9.89245,1.013269,0.07893239,-0.0178712,-0.04249071
1.56,0.1058776,9.863358,1.009017,0.074532,-0.003920167,-0.04550317
1.58,0.1492471,9.884094,0.9981363,0.07307842,0.003082864,-0.05545869
1.60,0.2079901,9.876855,1.052486,0.07847002,0.004170548,-0.05638015
1.62,0.1937049,9.928975,1.03886,0.08353739,0.006380271,-0.0543473
1.64,0.1868099,9.897568,1.044905,0.06913415,0.007051575,-0.04441652
1.66,0.1848623,9.911462,1.04313,0.04178716,0.002877633,-0.02508558
1.68,0.159338,9.947204,1.033899,0.008484652,-0.002497984,-0.01289375
1.70,0.1869445,9.860594,1.051432,-0.009423438,-0.01102579,-0.01320687
1.72,0.2064295,9.887373,1.015444,-0.007616832,-0.01272373,-0.0152194
1.74,0.2147017,9.763453,1.01151,0.001413859,-0.01254222,-0.0180506
1.76,0.2227228,9.761213,1.023416,0.01215717,-0.02341076,-0.02574461
1.78,0.2314313,9.778754,1.023671,0.01795991,-0.03573569,-0.02381104
1.80,0.21308,9.851364,1.006351,0.0164781,-0.04810454,-0.01302131
1.82,0.1650811,9.872368,0.9767704,0.004754518,-0.05534743,0.007729233
1.84,0.1557267,9.84027,0.9545785,-0.000505341,-0.06136749,0.02219381
1.86,0.190029,9.784932,0.965335,0.006196161,-0.06215964,0.02891096
1.88,0.2113549,9.736703,0.9655731,0.01105084,-0.06456295,0.01835331
1.90,0.2114622,9.780692,0.9269728,0.01668456,-0.06993413,0.001910804
1.92,0.186858,9.768194,0.9102097,0.008792824,-0.06882323,-0.01071736
1.94,0.1750728,9.768288,0.9042969,-0.0008896629,-0.06869128,-0.01793632
1.96,0.1707068,9.790871,0.8922977,-0.002552897,-0.07235773,-0.01548955
1.98,0.1732564,9.815891,0.8994795,0.00109206,-0.07429489,-0.007869835
2.00,0.175934,9.810597,0.9029877,0.009087385,-0.07938045,0.002727618
2.02,0.1833491,9.828191,0.8845853,0.01602559,-0.09143477,0.005017051
2.04,0.1822667,9.81495,0.8946207,0.01427651,-0.1011955,0.0003714268
2.06,0.1685715,9.777343,0.8794439,0.006202331,-0.1082834,-0.004361562
2.08,0.16048,9.772003,0.877316,-0.000304548,-0.123522,-0.01253928
2.10,0.1573637,9.767887,0.9089221,-0.0003223428,-0.1458699,-0.01752165
2.12,0.1387302,9.793884,0.8802581,0.01158781,-0.1637099,-0.01583222
2.14,0.1382049,9.843083,0.825938,0.02395145,-0.1666599,0.000403935
2.16,0.1480726,9.854028,0.7810791,0.04182016,-0.1526174,0.01468966
2.18,0.1812866,9.812582,0.7940421,0.05794185,-0.1314199,0.01322939
2.20,0.1965627,9.730262,0.8338906,0.05583199,-0.1143702,-0.0009184664
2.22,0.2065276,9.729006,0.8338269,0.03801193,-0.1143616,-0.01577529
2.24,0.2031669,9.781234,0.799431,0.01907043,-0.1077922,-0.02334894
2.26,0.1733958,9.839766,0.7652019,0.02422945,-0.08543643,-0.02011186
2.28,0.1491653,9.844224,0.7674045,0.04906626,-0.0495119,-0.01051449
2.30,0.1455698,9.850245,0.8070166,0.0710097,-0.01962704,-0.006234705
2.32,0.1070381,9.874574,0.8130416,0.06731437,-0.0001513938,-0.008761307
2.34,0.0843296,9.896235,0.8269072,0.04165495,0.0108147,-0.02728008
2.36,0.1202375,9.863796,0.84829,0.01211342,0.009373857,-0.03593988
2.38,0.150971,9.855076,0.8727689,-0.004994081,0.009261318,-0.03286074
2.40,0.1275032,9.874832,0.8823851,-0.01490129,0.009403753,-0.01982094
2.42,0.07530287,9.89306,0.8409571,-0.02753196,0.009218968,0.001502165
2.44,0.0255914,9.876554,0.7994759,-0.04049899,0.01804186,0.01906509
2.46,0.04060911,9.795652,0.7925777,-0.04685576,0.01774399,0.0205312
2.48,0.1161003,9.713394,0.8316551,-0.03480272,0.01125664,0.01002637
2.50,0.1646576,9.648171,0.8695081,-0.009766999,-0.005878955,-0.009339896
2.52,0.1456561,9.64808,0.8660999,0.01484645,-0.02893083,-0.02831963
2.54,0.1172699,9.699893,0.8351592,0.0229483,-0.04651684,-0.03475154
2.56,0.08572643,9.762184,0.8102701,0.01848726,-0.0579873,-0.02334927
2.58,0.08783759,9.764861,0.7747856,0.008792244,-0.06786623,-0.01481708
2.60,0.1466275,9.783549,0.7874595,0.01489181,-0.07132303,-0.01045582
2.62,0.1782543,9.788409,0.7990578,0.02892421,-0.0675827,-0.02138728
2.64,0.1844708,9.781831,0.7806122,0.03259297,-0.05989665,-0.0325145
2.66,0.1574845,9.791544,0.7689866,0.022854,-0.05325565,-0.04040404
2.68,0.1411495,9.841005,0.7738674,0.008529413,-0.04419473,-0.04262003
2.70,0.1468174,9.885314,0.7742044,0.004843981,-0.03554161,-0.02745255
2.72,0.136285,9.929009,0.7635052,0.01370336,-0.02500999,-0.008410549
2.74,0.1339284,9.890008,0.7676483,0.01168349,-0.008362512,0.005585601
2.76,0.1565447,9.788985,0.7784138,-0.003560828,-0.001393277,0.009765553
2.78,0.1584577,9.742024,0.7939759,-0.01107352,-0.002782172,0.0006851488
2.80,0.1738011,9.741246,0.8116826,-0.002293154,-0.003984664,-0.01061406
2.82,0.1507093,9.757187,0.8163753,0.01251724,-0.007095533,-0.01376073
2.84,0.1241953,9.813433,0.8056842,0.02441926,-0.00619174,-0.005805389
2.86,0.1206852,9.860577,0.8096009,0.02260727,-0.008574034,0.006961483
2.88,0.146288,9.884172,0.8259771,0.0119485,-0.01539226,0.01698101
2.90,0.1539113,9.878298,0.8240989,0.0005964783,-0.02119733,0.02764124
2.92,0.1212291,9.86227,0.794842,-0.01126116,-0.01100979,0.02612217
2.94,0.0856141,9.866329,0.7888803,-0.01985312,0.003216787,0.0198607
2.96,0.0959538,9.825513,0.8076468,-0.0268904,0.00393993,0.01427696
2.98,0.1168556,9.81208,0.8110605,-0.02456469,-0.0007266454,0.01323736
3.00,0.09560934,9.819493,0.7992726,-0.01335186,-4.497905e-05,0.01853593
3.02,0.06277724,9.811226,0.7768645,-0.007902753,0.003123859,0.02504434
3.04,0.0633659,9.786386,0.7693838,-0.01138362,0.002221767,0.02727365
3.06,0.07548008,9.726398,0.7817389,-0.01360702,-0.0008371794,0.02276452
3.08,0.09351228,9.685308,0.7987752,0.0008947308,-0.001083619,0.01254268
3.10,0.1059503,9.677468,0.8453593,0.03007828,-0.009608172,-0.002055517
3.12,0.09692922,9.72621,0.854406,0.04720179,-0.022172,-0.01097264
3.14,0.06063354,9.789718,0.8131676,0.0459108,-0.03141836,-0.007937795
3.16,0.04149966,9.819324,0.8003722,0.03221846,-0.03909909,0.001424161
3.18,0.06013015,9.814878,0.8048227,0.01908806,-0.03978642,0.005238262
3.20,0.07371979,9.80513,0.815786,0.01768205,-0.04258741,0.00403374
3.22,0.09252185,9.80757,0.8337176,0.02048117,-0.04411775,-0.007263003
3.24,0.1258913,9.831267,0.8357957,0.02398384,-0.05021924,-0.01431347
3.26,0.109866,9.89356,0.7805005,0.02058175,-0.05245382,-0.01257909
3.28,0.07321331,9.89766,0.7498463,0.01174628,-0.03450603,-0.003573811
3.30,0.08697453,9.830546,0.7359703,-0.009176783,-0.01807884,0.004433318
3.32,0.1294275,9.825305,0.7223882,-0.02518255,-0.01287388,0.01315706
3.34,0.1439556,9.829898,0.7259848,-0.02329655,-0.005188157,0.01329141
3.36,0.1303794,9.80575,0.7094625,-0.01797562,0.009194492,0.0107883
3.38,0.1160457,9.75351,0.6929813,-0.01440202,0.01828239,0.008523352
3.40,0.1139857,9.730164,0.7131065,-0.005280943,0.02422426,0.000552258
3.42,0.1219742,9.731923,0.7448039,0.004676975,0.02480339,-0.007123577
3.44,0.1124652,9.790515,0.7794142,0.01116579,0.01220293,-0.009361991
3.46,0.1130113,9.842708,0.7783456,0.006199521,-0.0007822109,-0.005326727
3.48,0.0999186,9.860255,0.752989,0.001080019,-0.01305499,0.002723106
3.50,0.09732006,9.85429,0.7484302,0.001849892,-0.01524734,0.007968567
3.52,0.1131687,9.822426,0.7267328,0.008026295,-0.01280806,0.01043424
3.54,0.1164771,9.797008,0.7175364,0.01229844,-0.01375615,0.009575035
3.56,0.1133614,9.78761,0.723621,0.01878209,-0.01496765,0.006789278
3.58,0.08883636,9.787698,0.7282238,0.02125538,-0.0143549,0.003690418
3.60,0.07767557,9.722957,0.7247621,0.01933584,-0.01211883,-0.003749151
3.62,0.07902119,9.810755,0.7037352,0.02077846,-0.003768217,-0.01084976
3.64,0.06175233,9.789205,0.6880662,0.0126181,0.0136901,-0.01491831
3.66,0.06786536,9.865519,0.6951867,0.00455673,0.02552305,-0.01239469
3.68,0.06831764,9.847633,0.7114916,-0.003760675,0.03202002,-0.01382727
3.70,0.07267302,9.822092,0.7097652,-0.01058818,0.03965031,-0.01554719
3.72,0.08416867,9.787994,0.6983663,-0.01780904,0.04740853,-0.0158347
3.74,0.08200049,9.756545,0.6980435,-0.01373239,0.05567099,-0.01987864
3.76,0.1034787,9.735843,0.7303485,-0.003469385,0.05957494,-0.02731335
3.78,0.1391761,9.769681,0.7720832,0.01157013,0.04943622,-0.03153276
3.80,0.121848,9.818368,0.789308,0.02460711,0.03246978,-0.03695352
3.82,0.1037092,9.843696,0.8307455,0.03261385,0.01490041,-0.04055405
3.84,0.1293612,9.821565,0.8351376,0.02672446,-0.001371379,-0.03360609
3.86,0.1156118,9.879147,0.7873447,0.01268581,-0.01665003,-0.01594702
3.88,0.09533221,9.908682,0.733415,0.002996467,-0.01929139,0.002809525
3.90,0.09671798,9.889122,0.711118,-0.001471213,-0.006690701,0.0121866
3.92,0.1191802,9.80764,0.7008066,0.001966161,0.00984295,0.0109857
3.94,0.1682134,9.755763,0.733889,0.00665422,0.02389672,-0.002966477
3.96,0.1757176,9.77726,0.7367474,0.003151041,0.03105679,-0.02096611
3.98,0.1617829,9.808728,0.7270365,-0.004096621,0.02870531,-0.02638256
4.00,0.1234859,9.833981,0.7300788,-0.01241262,0.02749184,-0.01751485
4.02,0.1027995,9.864169,0.729708,-0.01254982,0.02740747,-0.004246226
4.04,0.1139706,9.812746,0.7379146,-0.01466055,0.02425052,0.008891957
4.06,0.1499112,9.79532,0.7404772,-0.01097347,0.01136237,0.01448514
4.08,0.14249,9.788064,0.7386388,-0.002514438,0.0006881662,0.01211895
4.10,0.1475435,9.794205,0.7209322,0.01022327,0.002245269,0.005321403
4.12,0.1442211,9.815694,0.7094796,0.01516068,0.008221854,0.001993147
4.14,0.1292571,9.831321,0.6996398,0.008481361,0.008991678,0.006349611
4.16,0.1350821,9.818497,0.6988927,-0.002564664,0.007479344,0.01136206
4.18,0.1361715,9.819988,0.7054508,-0.005597412,0.01327429,0.01450393
4.20,0.1324977,9.811229,0.6953725,0.001502756,0.02410679,0.01742782
4.22,0.1342778,9.833691,0.730062,0.008174228,0.02918525,0.01466473
4.24,0.1189738,9.792541,0.721535,0.00415227,0.03113171,0.0121529
4.26,0.1118251,9.79435,0.7268576,-0.004099373,0.0307071,0.01031829
4.28,0.09253658,9.793148,0.7314034,-0.008252062,0.03187573,0.01057213
4.30,0.09122941,9.817808,0.761408,-0.006138557,0.0328989,0.005289982
4.32,0.1127401,9.810564,0.7703635,-0.0064991,0.02129397,0.001600971
4.34,0.1254924,9.827553,0.7651271,0.002513057,0.009867515,0.0007215205
4.36,0.09869769,9.854606,0.7838557,0.01558957,0.008899878,0.002904929
4.38,0.08933789,9.79967,0.8222211,0.01257002,-0.001682373,0.0005763912
4.40,0.1079509,9.794692,0.7961127,-0.007343985,-0.01910975,0.002753893
4.42,0.09192606,9.83658,0.7502857,-0.01843546,-0.02962485,0.006531549
4.44,0.08643393,9.829546,0.7313449,-0.01333379,-0.02476947,0.01272188
4.46,0.1002854,9.762867,0.7309254,0.005523914,-0.01656964,0.01384166
4.48,0.1133319,9.742887,0.7442997,0.02365711,-0.0130622,0.006996709
4.50,0.1214101,9.76569,0.7507075,0.02868449,-0.02112048,-0.002996687
4.52,0.1214799,9.853856,0.7502564,0.02587971,-0.02772063,-0.002692429
4.54,0.08245105,9.893338,0.7327104,0.01427946,-0.02515229,0.00165599
4.56,0.04072885,9.8875,0.6957075,-0.002517905,-0.01987196,0.009689165
4.58,0.06904861,9.830124,0.6921118,-0.01180945,-0.01200864,0.01417614
4.60,0.1084176,9.779298,0.6862191,-0.007389689,-0.00408574,0.01588949
4.62,0.1140663,9.746764,0.6967277,0.007097465,0.002664383,0.01124667
4.64,0.09170137,9.748343,0.6918082,0.02381625,0.007773687,0.008115657
4.66,0.07723276,9.715793,0.7112259,0.03121831,0.002312972,0.005227402
4.68,0.1149454,9.707201,0.7268572,0.04235169,-0.01159962,-0.0001481788
4.70,0.08886735,9.782052,0.7595632,0.03746148,-0.02822218,-0.008730469
4.72,0.09574364,9.835799,0.7492446,0.03420198,-0.04621891,-0.01437229
4.74,0.1278317,9.800938,0.762224,0.02491781,-0.06518832,-0.01992779
4.76,0.2011607,9.72953,0.7673819,0.02951139,-0.08388451,-0.0243356
4.78,0.1269982,9.87886,0.70042,0.05008413,-0.08725299,-0.02834184
4.80,0.09357206,9.864822,0.6770837,0.0460635,-0.06922297,-0.01693262
4.82,0.06538051,9.933139,0.5991567,0.03268811,-0.0469323,0.002368639
4.84,0.06935599,9.874174,0.6119148,0.007787542,-0.03837785,0.02340102
4.86,0.09685385,9.867937,0.6401847,-0.004091744,-0.02945116,0.03400539
4.88,0.165426,9.838623,0.6465437,0.003329558,-0.0295672,0.0334476
4.90,0.1789159,9.86233,0.6337069,0.02114912,-0.01930133,0.03424045
4.92,0.1419359,9.846441,0.6281791,0.02639582,-0.003598207,0.03106452
4.94,0.1500515,9.76687,0.630622,0.006505489,0.004120878,0.02656021
4.96,0.1585066,9.819901,0.5932547,-0.01696755,-0.0004467126,0.01865079
4.98,0.1217317,9.803596,0.5909832,-0.02958992,0.0102778,0.01168685
5.00,0.1080977,9.81029,0.6064563,-0.0173389,0.0263964,0.003529339
5.02,0.1253384,9.766142,0.6239902,0.0007956133,0.03643893,-0.007255603
5.04,0.1612478,9.77706,0.658316,0.0104868,0.02940773,-0.0156735
5.06,0.1527547,9.848689,0.6646625,0.007410494,0.01741138,-0.01154791
5.08,0.1189188,9.911843,0.6508758,-0.00290711,0.003589137,0.001489923
5.10,0.1028844,9.892697,0.6497535,-0.01219101,-0.001565141,0.01351283
5.12,0.122166,9.832402,0.6638048,-0.008316143,-0.007802697,0.01393286
5.14,0.1574906,9.765544,0.6723493,0.002748113,-0.01221718,0.01204337
5.16,0.1512283,9.771309,0.6604465,0.01434178,-0.01557174,0.001377183
5.18,0.1280976,9.802668,0.6376771,0.0148019,-0.02297482,-0.004911247
5.20,0.1175377,9.819528,0.6096612,0.007405586,-0.02327142,-0.004678749
5.22,0.1291774,9.808593,0.6079983,0.005378427,-0.01813219,0.001479987
5.24,0.1607472,9.799444,0.6278185,0.01330842,-0.007880814,0.005864061
5.26,0.18316,9.794937,0.6448826,0.02135769,-0.003532414,0.005110133
5.28,0.1723097,9.815549,0.6622727,0.02464512,-0.004661532,-0.002080629
5.30,0.1598022,9.822653,0.6504641,0.01751464,-0.005407968,-0.003253603
5.32,0.1474393,9.837438,0.6478661,0.009938775,-0.007369883,2.467823e-05
5.34,0.144007,9.843946,0.6603348,0.008248131,-0.005455418,0.003785744
5.36,0.1393046,9.866276,0.6821901,0.00107237,-0.007005988,0.006601719
5.38,0.1479635,9.828015,0.6637005,-0.006131711,-0.0143354,0.01047508
5.40,0.164579,9.805475,0.6562619,-0.007479033,-0.0169482,0.01038667
5.42,0.1467979,9.794994,0.6809188,0.00325983,-0.01584101,0.003346302
5.44,0.1510924,9.826018,0.6838803,0.0139591,-0.02360318,-0.004507379
5.46,0.1237996,9.866523,0.6483419,0.01734559,-0.03007564,-0.0104321
5.48,0.07038008,9.894241,0.6349213,0.01539891,-0.02668365,-0.01850388
5.50,0.06753065,9.858165,0.6715075,0.002806019,-0.02296307,-0.02089079
5.52,0.09798459,9.809471,0.6556506,-0.01969507,-0.03547372,-0.01818822
5.54,0.1026766,9.813177,0.6157879,-0.03564139,-0.04872124,-0.01314044
5.56,0.09821264,9.785927,0.5920489,-0.0310205,-0.04986821,-0.002617534
5.58,0.08194226,9.745096,0.560832,-0.0111379,-0.03483078,0.006664175
5.60,0.07368205,9.711373,0.5544218,0.01602781,-0.01807398,0.002435574
5.62,0.09230775,9.725147,0.5679811,0.03252804,-0.006402238,-0.009905459
5.64,0.1199543,9.780299,0.5808452,0.02856693,0.0009741906,-0.02335
5.66,0.1190924,9.840392,0.5801328,0.01132538,0.00290602,-0.02849055
5.68,0.0779675,9.885077,0.5872482,-0.001827543,0.01029201,-0.02598728
5.70,0.08316954,9.869024,0.5957618,-0.01251781,0.01859314,-0.01839358
5.72,0.09822541,9.848071,0.6041496,-0.01566478,0.0221835,-0.01024114
5.74,0.118561,9.828072,0.6152475,-0.01045873,0.01800532,-0.01134986
5.76,0.1281144,9.818426,0.6209829,-0.002130236,0.00883862,-0.01675396
5.78,0.1514236,9.806698,0.6248456,0.009110357,-0.004172446,-0.01894547
5.80,0.1612731,9.80771,0.6184565,0.01587493,-0.009045954,-0.01451692
5.82,0.1549002,9.827723,0.6107159,0.02528908,-0.00416427,-0.005143192
5.84,0.1619576,9.841583,0.6032326,0.02550378,0.006213216,-0.002462916
5.86,0.1576928,9.841255,0.6047482,0.01610041,0.01145857,-0.001300719
5.88,0.1692165,9.829527,0.6078026,-0.002100717,0.01326295,-0.007156292
5.90,0.1666434,9.822062,0.6046388,-0.005775764,0.01328521,-0.01049678
5.92,0.1685881,9.824838,0.6288945,0.002113984,0.01800692,-0.01165198
5.94,0.1760546,9.829816,0.632503,0.01175049,0.02001249,-0.008020247
5.96,0.1804002,9.806169,0.6368464,0.01084077,0.01683429,-0.003521602
5.98,0.1490152,9.790561,0.6386792,0.0008786501,0.007433058,-0.001050844
6.00,0.1410393,9.768455,0.6530174,-0.003717048,-3.721543e-05,-0.002512079
6.02,0.1641731,9.803008,0.6730081,0.005473047,-0.01197862,-0.00509746
6.04,0.1578239,9.844974,0.6564407,0.01808211,-0.01526611,-0.002589867
6.06,0.1311172,9.868868,0.6418944,0.02701259,-0.01255287,0.0001336193
6.08,0.1378931,9.818494,0.6578199,0.0155063,-0.01622689,0.001601402
6.10,0.1595382,9.828158,0.6417695,-0.00670691,-0.02538602,0.008846625
6.12,0.1215592,9.841685,0.6035905,-0.02446878,-0.02343228,0.01393204
6.14,0.09885012,9.85253,0.5893253,-0.02980865,-0.01389345,0.01338114
6.16,0.105275,9.799266,0.5893464,-0.01960403,-0.003355739,0.0115647
6.18,0.1363081,9.752798,0.6354032,-0.008266678,-0.001030382,0.0006211728
6.20,0.1600632,9.737577,0.6656567,-0.0006114033,-0.01060936,-0.009891913
6.22,0.1548088,9.814272,0.653974,-0.002463043,-0.0250285,-0.01639462
6.24,0.1045655,9.864832,0.6271545,-0.009717117,-0.038188,-0.00885429
6.26,0.08589593,9.888489,0.6189241,-0.01347882,-0.04181515,0.005233034
6.28,0.1029284,9.847884,0.6246253,-0.01316104,-0.04307994,0.01592771
6.30,0.1532832,9.786417,0.6178284,-0.006742215,-0.0449049,0.01863627
6.32,0.1656338,9.788107,0.6094378,0.007796966,-0.0467219,0.01592053
6.34,0.149352,9.838056,0.5677584,0.01862138,-0.03881331,0.01188961
6.36,0.1354861,9.896464,0.5457997,0.02079532,-0.0205813,0.01992112
6.38,0.08464247,9.878056,0.5188181,0.008110259,0.007868262,0.02788042
6.40,0.06848539,9.842756,0.5314532,-0.01257122,0.03557019,0.03098208
6.42,0.06124716,9.790641,0.5596881,-0.03375282,0.05122773,0.02469524
6.44,0.06544932,9.762832,0.6053355,-0.04006628,0.05286982,0.00538031
6.46,0.08553184,9.735563,0.6240529,-0.03450335,0.04293999,-0.01245064
6.48,0.07683904,9.770815,0.6544557,-0.01466355,0.02326157,-0.02104265
6.50,0.03791071,9.806702,0.6611669,0.00380902,0.005757492,-0.01948498
6.52,0.007577941,9.816279,0.6500441,0.01295822,-0.01416808,-0.006621111
6.54,0.03194053,9.832615,0.646772,0.02051973,-0.02788975,0.005882922
6.56,0.03625993,9.8462,0.6586329,0.0261351,-0.03552456,0.004098821
6.58,0.05266092,9.83462,0.680307,0.03150818,-0.04664475,-0.004484996
6.60,0.03048418,9.874538,0.66823,0.035918,-0.05754609,-0.01611694
6.62,-0.01080816,9.931744,0.6307666,0.04189998,-0.05353214,-0.02174096
6.64,-0.06024837,9.978345,0.6361699,0.04345066,-0.03698669,-0.01968021
6.66,-0.06935798,9.889708,0.6338279,0.0197233,-0.02057159,-0.01185103
6.68,-0.09662251,9.729127,0.5994542,-0.02184027,-0.01002187,0.003776915
6.70,-0.1267361,9.601237,0.5589877,-0.04674986,0.003625918,0.01368573
6.72,-0.1763299,9.48364,0.5416766,-0.0450301,0.02460663,0.02057724
6.74,-0.2207426,9.429703,0.5401968,-0.01564052,0.05695368,0.020257
6.76,-0.2421658,9.389064,0.5687111,0.01940876,0.08131486,0.01635023
6.78,-0.2921989,9.371554,0.574136,0.0487503,0.1028164,0.008888451
6.80,-0.3258934,9.320742,0.6146793,0.05672324,0.1108413,0.002836633
6.82,-0.3850485,9.220585,0.6131045,0.05457276,0.1254474,0.004899133
6.84,-0.4013056,9.066456,0.6011292,0.04229097,0.1418372,0.00513901
6.86,-0.4047562,8.90869,0.6237605,0.03131655,0.152592,0.008511784
6.88,-0.3893197,8.766657,0.6146137,0.008881126,0.1580134,0.01110187
6.90,-0.4043137,8.608259,0.5877561,-0.02887116,0.1521651,0.01510774
6.92,-0.4059068,8.324735,0.5626773,-0.08600786,0.140284,-0.00534285
6.94,-0.2862576,8.073017,0.5918445,-0.1564436,0.1037472,-0.02833686
6.96,-0.237307,7.687545,0.6121085,-0.2351971,0.05440172,-0.04409395
6.98,-0.1914579,7.43449,0.6606011,-0.2975736,-0.009689355,-0.05256785
7.00,-0.1632871,7.26,0.7085069,-0.3414403,-0.09569637,-0.0545915
7.02,-0.2188148,7.000686,0.6376223,-0.3675569,-0.1909542,-0.04654348
7.04,-0.28795,6.953215,0.5618665,-0.3531296,-0.2551041,-0.01641783
7.06,-0.2839074,7.158482,0.4874644,-0.3164201,-0.286813,0.007704018
7.08,-0.2556199,6.904016,0.2863164,-0.2621324,-0.3001122,0.03000324
7.10,-0.2227627,6.772202,0.1924124,-0.1726612,-0.2931509,0.04763287
7.12,-0.2299849,7.106948,0.2389639,-0.04084645,-0.2513627,0.04290378
7.14,-0.1916612,8.093706,0.5168283,0.1143118,-0.2134352,0.0114447
7.16,-0.04792956,9.059814,0.7641671,0.2024299,-0.2404156,-0.02034822
7.18,0.07839226,9.718424,0.7559554,0.1860982,-0.331566,-0.02361435
7.20,-0.007217802,9.859001,0.4699888,0.151449,-0.4055972,0.008003222
7.22,-0.08955687,10.20124,0.2876373,0.2165813,-0.3751211,0.0751317
7.24,0.0802999,10.63193,0.4071868,0.3577863,-0.2435894,0.1701541
7.26,0.314284,11.05907,0.6163099,0.4175885,-0.1359375,0.260655
7.28,0.4305262,11.2302,0.7843592,0.2797914,-0.1489777,0.3211561
7.30,0.4539147,11.03786,0.6600422,0.05821557,-0.1833974,0.3495774
7.32,0.4257402,10.61904,0.4257671,-0.03506533,-0.1150377,0.3864993
7.34,0.4953015,10.74109,0.4118474,0.03836465,0.01393681,0.4388571
7.36,0.5163124,11.23277,0.6335943,0.145933,0.06529332,0.4829344
7.38,0.5782712,11.86502,0.985776,0.1913345,-0.02818452,0.4963626
7.40,0.6520818,12.05284,1.003195,0.1261365,-0.1645325,0.5062472
7.42,0.7203075,12.15208,0.5423492,0.01593862,-0.2246795,0.5701937
7.44,0.7041812,12.52748,-0.1641366,0.01836787,-0.1050758,0.6627156
7.46,0.5976174,13.17588,-0.5963758,0.2168543,0.2220168,0.6598537
7.48,0.5384271,13.76119,-0.5887127,0.4024239,0.5999002,0.465158
7.50,0.6136735,13.04101,-0.3350278,0.3927386,0.8997641,0.1185724
7.52,1.108056,11.74856,-0.08416701,0.2195969,1.105698,-0.1637858
7.54,1.521671,10.53781,0.1096247,0.04417482,1.260346,-0.2610907
7.56,1.842226,9.504872,0.4221965,-0.1030209,1.308349,-0.1840462
7.58,2.066368,9.365529,0.764614,-0.1937313,1.175709,-0.0325752
7.60,2.008269,9.970819,1.278428,-0.1731625,0.9411944,0.1181407
7.62,1.975289,10.39605,1.815129,-0.04501756,0.6840478,0.2608897
7.64,2.049591,10.52266,1.92291,0.1750641,0.4494698,0.3728231
7.66,2.131254,10.93518,1.788571,0.4200706,0.2797811,0.4307571
7.68,2.190524,10.85796,1.809857,0.5436278,0.1698869,0.4210331
7.70,2.218847,10.20113,1.861439,0.4571177,0.02868152,0.3454726
7.72,2.241899,9.480873,1.861908,0.2598694,-0.1678879,0.2350573
7.74,2.272477,8.985058,1.790137,0.1177796,-0.3551495,0.1323411
7.76,2.30199,9.077273,1.508701,0.08854738,-0.4673033,0.0929132
7.78,2.165956,9.548641,1.091696,0.1303058,-0.4963173,0.1030163
7.80,1.993787,10.01316,0.863876,0.1723729,-0.4830825,0.1150262
7.82,1.848908,10.021,0.790195,0.1732418,-0.442465,0.1114165
7.84,1.860422,9.780052,0.7911232,0.1426563,-0.4207426,0.09134936
7.86,1.981889,9.793862,0.7744788,0.09214619,-0.4437495,0.06743765
7.88,1.958949,9.896831,0.5901784,0.03709855,-0.4422994,0.04209085
7.90,1.951653,10.10563,0.4285863,-0.01215101,-0.4195178,0.01757063
7.92,2.018032,10.09698,0.2019493,-0.06047567,-0.3843115,0.02636651
7.94,2.03061,9.981553,-0.07790973,-0.09418974,-0.329044,0.05678547
7.96,1.971253,9.953003,-0.152185,-0.1096674,-0.281281,0.08460302
7.98,1.985188,9.838987,-0.09721945,-0.1122982,-0.2721127,0.09285096
8.00,2.095685,9.779928,-0.2421035,-0.1223073,-0.2749195,0.1116925
8.02,2.169979,9.649661,-0.6909539,-0.1386234,-0.2133186,0.1394679
8.04,2.192954,9.406203,-0.99854,-0.1223757,-0.09743965,0.1522968
8.06,2.246982,9.222481,-0.9990864,-0.06252702,0.03309209,0.1332876
8.08,2.256892,9.136937,-0.8140625,0.01101467,0.1261039,0.07513405
8.10,2.197767,9.267636,-0.671848,0.04611316,0.1617225,-0.006077602
8.12,2.039731,9.449392,-0.6514258,0.03557392,0.1578745,-0.06978738
8.14,1.840345,9.453616,-0.597147,0.03006087,0.1492184,-0.1026809
8.16,1.725797,9.530123,-0.4319191,0.07063406,0.1537828,-0.1021374
8.18,1.717834,9.629609,-0.2365714,0.1342566,0.1400571,-0.0905593
8.20,1.685049,9.794535,-0.06602022,0.1620124,0.09414206,-0.09340858
8.22,1.576137,9.996095,0.01525858,0.1325129,0.0287311,-0.1193725
8.24,1.424795,9.73504,0.008685069,0.0589417,-0.002827735,-0.1515288
8.26,1.370746,9.470761,4.203295e-05,-0.009579832,0.006548408,-0.16734
8.28,1.300129,9.369704,0.01197955,-0.04392133,0.03277812,-0.1689044
8.30,1.282549,9.505075,0.04814348,-0.04142819,0.04292937,-0.1540839
8.32,1.270971,9.700038,0.1254614,-0.02596242,0.03100796,-0.1437832
8.34,1.298723,9.755361,0.1423248,-0.01334759,0.0001367123,-0.140606
8.36,1.312224,9.677362,0.1153088,0.005325567,-0.03224372,-0.1421158
8.38,1.335914,9.638457,0.133227,0.04297941,-0.05905913,-0.1466394
8.40,1.358909,9.572238,0.1949556,0.09198718,-0.08947276,-0.1625353
8.42,1.382019,9.624763,0.2440759,0.147941,-0.1412174,-0.1837736
8.44,1.453661,9.792829,0.3245168,0.1870394,-0.2127674,-0.195762
8.46,1.585928,9.959711,0.362829,0.1871229,-0.300746,-0.187814
8.48,1.671795,10.09746,0.2529468,0.1521178,-0.370536,-0.1616642
8.50,1.70254,10.05738,0.01540015,0.09847786,-0.3961816,-0.1168989
8.52,1.707305,10.00971,-0.1192662,0.06175255,-0.3746414,-0.06931919
8.54,1.668723,9.908237,-0.1938378,0.05236948,-0.3202709,-0.02868798
8.56,1.630768,9.826441,-0.2354655,0.04881182,-0.2645351,-0.007893916
8.58,1.618792,9.869805,-0.3101895,0.02989,-0.2129837,0.0139602
8.60,1.537542,9.880541,-0.4980898,-0.001217547,-0.1301083,0.02932305
8.62,1.483989,9.83719,-0.5895955,-0.02330209,-0.02250401,0.03744415
8.64,1.457686,9.737517,-0.5676997,-0.03566887,0.09955241,0.0328976
8.66,1.430911,9.64444,-0.4984812,-0.04867551,0.1930425,0.01656825
8.68,1.392882,9.751652,-0.4012812,-0.0579728,0.2403491,-0.01430282
8.70,1.313979,9.807649,-0.2947256,-0.05963023,0.260589,-0.06153858
8.72,1.254847,9.759119,-0.2217915,-0.06137003,0.2666243,-0.1068629
8.74,1.201483,9.737792,-0.1958009,-0.07634822,0.2587416,-0.1389228
8.76,1.124446,9.705838,-0.1978999,-0.09495471,0.2385807,-0.1571812
8.78,1.092298,9.801104,-0.1781844,-0.09750817,0.2081541,-0.1795893
8.80,1.128443,9.770753,-0.1303867,-0.07802331,0.1813849,-0.2095664
8.82,1.193331,9.531372,-0.1554241,-0.06304837,0.1644866,-0.2438844
8.84,1.243121,9.258405,-0.1727004,-0.07151715,0.1556644,-0.2798348
8.86,1.267124,9.17256,-0.1875085,-0.08351964,0.140952,-0.3152645
8.88,1.203958,9.296856,-0.2189209,-0.06946559,0.142293,-0.3596605
8.90,1.162378,9.511623,-0.2108689,-0.01835014,0.1657498,-0.4011169
8.92,1.09342,9.688505,-0.1919673,0.05437589,0.1970455,-0.4373376
8.94,1.014524,9.829879,-0.123841,0.106682,0.2236182,-0.4617785
8.96,0.9302417,9.755991,-0.04501816,0.1118026,0.2386598,-0.4588003
8.98,0.8103719,9.637212,-0.0156877,0.08490691,0.2515342,-0.4290327
9.00,0.7223692,9.773137,0.01767155,0.06048623,0.2638854,-0.3686094
9.02,0.603385,10.05368,-0.006343569,0.06145224,0.284425,-0.299709
9.04,0.5100461,10.30894,-0.04935252,0.07536329,0.3116383,-0.234697
9.06,0.4144263,10.37447,-0.08343282,0.09033344,0.3469182,-0.1789024
9.08,0.4386553,10.39891,-0.08237794,0.08811735,0.3758311,-0.1499903
9.10,0.5380034,10.49514,-0.01040149,0.03326181,0.359725,-0.1624366
9.12,0.7540446,10.31058,0.025948,-0.0672737,0.2965049,-0.2170705
9.14,0.9593246,10.31582,-0.07587402,-0.1730355,0.1990798,-0.3061761
9.16,1.139811,10.07998,-0.1694009,-0.2416348,0.1188605,-0.4006075
9.18,1.168199,9.955097,-0.2314495,-0.2158452,0.08022295,-0.4829421
9.20,1.214473,10.27966,-0.230658,-0.08385867,0.05064477,-0.5462431
9.22,1.194146,11.2837,-0.1190018,0.1425167,-0.00825632,-0.589312
9.24,0.9554243,12.75212,0.1443384,0.4056906,-0.08660217,-0.6161435
9.26,0.4521741,13.66952,0.3411254,0.5900108,-0.1489524,-0.6481616
9.28,-0.1586508,14.37956,0.392432,0.6307038,-0.1984681,-0.6706132
9.30,-0.5636908,14.28553,0.3769065,0.5290298,-0.2565674,-0.6403781
9.32,-0.4347247,13.903,0.6861203,0.3481866,-0.3824115,-0.5275883
9.34,-0.4865167,13.79439,0.8829516,0.1691511,-0.5859498,-0.3457114
9.36,-0.7739329,13.69384,0.7346324,0.02497846,-0.7513709,-0.1088261
9.38,-1.234288,13.70541,0.3581386,-0.02502234,-0.7993011,0.1112186
9.40,-1.417717,13.57861,0.3561528,-0.01684675,-0.7930368,0.2550383
9.42,-1.708079,13.3846,0.2101417,0.0231116,-0.7531881,0.3209749
9.44,-1.384648,12.4688,0.4074377,-0.009203704,-0.805685,0.3562958
9.46,-0.9458189,11.81908,0.3643964,-0.0807374,-0.9194468,0.3973247
9.48,-0.9083579,11.44383,-0.01912032,-0.1720254,-0.9165486,0.4457038
9.50,-0.9657146,10.67583,-0.321624,-0.2660908,-0.7716169,0.5139514
9.52,-1.094086,9.96127,-0.5174657,-0.3341317,-0.5189902,0.566934
9.54,-1.042983,9.20835,-0.5721595,-0.4106174,-0.2632103,0.5452056
9.56,-0.6231761,8.364254,-0.4799853,-0.4893001,-0.1247784,0.4499677
9.58,-0.1254901,7.740502,-0.3588774,-0.5598523,-0.08464041,0.3363085
9.60,0.2090605,7.092822,-0.298658,-0.5906312,-0.07003801,0.2521522
9.62,0.2143919,6.540896,-0.4381637,-0.5566187,-0.00138328,0.2602632
9.64,0.03574871,6.187023,-0.6252908,-0.4456898,0.1191573,0.3463058
9.66,-0.09962313,6.164837,-0.7409843,-0.268749,0.2494168,0.4434878
9.68,-0.03532962,6.614185,-0.6276414,-0.05695568,0.3322587,0.5185729
9.70,0.07778931,7.420629,-0.4448594,0.1506919,0.3630258,0.5390096
9.72,0.05951997,7.985463,-0.3837567,0.2807833,0.3717934,0.5227736
9.74,-0.01555193,8.267652,-0.477094,0.338992,0.4100819,0.4949195
9.76,-0.03111301,8.557951,-0.48357,0.3787537,0.4689732,0.4307619
9.78,0.09419225,8.539282,-0.3498856,0.3989068,0.523988,0.3242828
9.80,0.3375266,8.124774,-0.2009261,0.3639503,0.5269575,0.2320114
9.82,0.5414502,7.525089,-0.08343602,0.2104381,0.4744655,0.2196524
9.84,0.4993438,6.856732,-0.1694452,-0.03706479,0.4045411,0.304095
9.86,0.3447066,6.195393,-0.4154467,-0.3058032,0.3743636,0.4461205
9.88,0.2555781,6.054183,-0.6043872,-0.4665564,0.405555,0.568036
9.90,0.3185196,6.61462,-0.554132,-0.4354051,0.4881884,0.6004255
9.92,0.3650843,7.667278,-0.3805746,-0.2342603,0.5667057,0.5015186
9.94,0.4971991,9.141327,-0.1580319,0.04879673,0.5945293,0.3094336
9.96,0.7088182,10.41219,0.04882534,0.2721149,0.6114926,0.09793258
9.98,0.7442853,10.80916,0.1333795,0.3494105,0.5937614,-0.08428117
10.00,0.7786129,10.5386,0.2833684,0.2734342,0.507242,-0.1602338
10.02,0.7190041,10.05386,0.3662767,0.1264233,0.4368707,-0.1149281
10.04,0.5496559,9.711031,0.3109115,-0.01994587,0.4254892,0.01226585
10.06,0.4311516,9.883876,0.2025174,-0.1239382,0.4286887,0.157102
10.08,0.4247147,10.23149,0.2405098,-0.1813875,0.4002045,0.2730827
10.10,0.4774795,10.55172,0.295253,-0.2022258,0.3379248,0.330339
10.12,0.5640646,10.30303,0.3479835,-0.1945078,0.2610077,0.3211914
10.14,0.7112898,9.719592,0.4236425,-0.1375901,0.1853235,0.2608091
10.16,0.814886,9.307791,0.5383666,-0.04455804,0.1058692,0.1672828
10.18,0.8785307,9.033507,0.574571,0.05529428,0.01336045,0.06523503
10.20,0.833444,9.060075,0.5511301,0.1159414,-0.08373729,-0.02732467
10.22,0.7463319,9.277168,0.4458714,0.1247934,-0.1665589,-0.09510566
10.24,0.7064322,9.443521,0.3002778,0.1145884,-0.2138945,-0.1338983
10.26,0.780557,9.492339,0.2988047,0.1374575,-0.2446105,-0.1557681
10.28,0.8444062,9.547596,0.3771608,0.19766,-0.2582977,-0.1715449
10.30,0.8704039,9.598103,0.390251,0.2284773,-0.2717862,-0.1842601
10.32,0.8698234,9.723877,0.2804623,0.1930726,-0.2901977,-0.1812004
10.34,0.8342866,9.761442,0.134331,0.1187238,-0.2878639,-0.1624788
10.36,0.8379079,9.774293,0.06883904,0.07602057,-0.2539619,-0.137464
10.38,0.9055012,9.779925,0.1156804,0.09068085,-0.1936059,-0.120537
10.40,0.9923318,9.744977,0.1494261,0.1174967,-0.1456426,-0.1180456
10.42,1.022899,9.678884,0.1116765,0.1159327,-0.1094141,-0.1217181
10.44,1.035292,9.660018,0.09312864,0.08401669,-0.07707122,-0.129957
10.46,1.017461,9.620893,0.1160822,0.05428356,-0.04986145,-0.1356896
10.48,1.071133,9.675971,0.1170424,0.04790409,-0.01730714,-0.1277787
10.50,1.109356,9.849245,0.06167671,0.0517587,0.03367554,-0.102775
10.52,1.093654,10.03395,0.0008900645,0.04741157,0.09941056,-0.07613745
10.54,1.088014,10.04423,0.03376454,0.02030696,0.161277,-0.06399363
10.56,1.105419,9.951633,0.1777129,-0.03246902,0.1739793,-0.07365528
10.58,1.103689,9.895994,0.2901478,-0.1001159,0.1270485,-0.09956847
10.60,1.079625,9.824584,0.2975634,-0.1511462,0.05299029,-0.1167205
10.62,1.093666,9.869105,0.2684167,-0.1567744,-0.003018234,-0.1129063
10.64,1.074095,9.835809,0.2221418,-0.1267922,-0.03118008,-0.098786
10.66,1.064924,9.695963,0.1871908,-0.09696645,-0.06203091,-0.08150889
10.68,1.071282,9.589898,0.1873117,-0.07547413,-0.1059794,-0.07744739
10.70,1.084764,9.541794,0.1994863,-0.0476478,-0.1579379,-0.08852039
10.72,1.110474,9.587116,0.2067368,-0.01067782,-0.206517,-0.100515
10.74,1.078018,9.718441,0.1614536,0.02523754,-0.2389923,-0.09257217
10.76,0.9811954,9.878028,0.05913623,0.04703123,-0.2490334,-0.06435641
10.78,0.8891333,9.94809,-0.004993129,0.05333688,-0.2359419,-0.02886732
10.80,0.8284341,9.96895,-0.028056,0.04826144,-0.214249,-0.0009175413
10.82,0.8017937,9.939835,0.01205961,0.04360833,-0.2013839,-0.001286486
10.84,0.8121219,9.9176,0.04864352,0.04347247,-0.1980211,-0.01716093
10.86,0.7477477,9.87841,0.01920744,0.03773127,-0.1826374,-0.03509526
10.88,0.6583659,9.894085,-0.03972223,0.03059185,-0.1539425,-0.04239233
10.90,0.584963,9.895448,-0.08881665,0.03352917,-0.1073492,-0.03704552
10.92,0.5378714,9.749212,-0.0594178,0.03967327,-0.05588618,-0.02353187
10.94,0.5248871,9.662006,0.01794694,0.0443232,-0.03726499,-0.009011512
10.96,0.4271493,9.610355,0.07476544,0.03971217,-0.03747883,0.000332933
10.98,0.2874269,9.504992,0.1111875,0.019921,-0.04172098,-0.005407194
11.00,0.2135427,9.346815,0.1002123,-0.01431919,-0.05594736,-0.0185753
11.02,0.1619178,9.132908,0.04875154,-0.05959786,-0.07159453,-0.04093671
11.04,0.1449774,8.845744,0.04549958,-0.0904899,-0.09870777,-0.08248682
11.06,0.2168059,8.580469,0.1534091,-0.07942364,-0.1435219,-0.1397066
11.08,0.3689716,8.197206,0.22414,-0.03365332,-0.2155402,-0.1917489
11.10,0.5186183,7.832557,0.2170334,0.007208225,-0.2790799,-0.2121256
11.12,0.4395969,7.574657,0.04201448,0.01984252,-0.3059261,-0.1875188
11.14,0.298574,7.60508,-0.1817619,-0.009140523,-0.2917966,-0.1311141
11.16,0.3367508,7.599556,-0.3694241,-0.03295359,-0.256701,-0.06638551
11.18,0.5580212,7.430705,-0.3993242,-0.02767716,-0.2121132,-0.01176426
11.20,0.7226686,6.849306,-0.2862675,-0.03242067,-0.161898,0.01423543
11.22,0.5898266,6.479453,-0.3106883,-0.06511969,-0.1254278,0.0039212
11.24,0.4270942,6.754452,-0.3545763,-0.1029597,-0.1143241,-0.03898208
11.26,0.4756249,7.042792,-0.4692673,-0.1270262,-0.1082596,-0.07346804
11.28,0.6413419,6.776737,-0.5645928,-0.1459441,-0.07166137,-0.06341827
11.30,0.6431266,6.597178,-0.731028,-0.1668086,0.03923808,-0.000588484
11.32,0.29989,6.732737,-0.9386243,-0.2016677,0.1917158,0.05113375
11.34,0.03357053,7.269555,-0.8243542,-0.2423,0.3083671,0.04290385
11.36,0.02334125,7.665653,-0.5547612,-0.2652776,0.3427063,-0.03642887
11.38,0.1723281,8.021393,-0.1667317,-0.2263846,0.3193517,-0.1530885
11.40,0.3863434,8.537894,0.1693494,-0.09002283,0.272851,-0.2326168
11.42,0.383155,9.44116,0.4475012,0.1135495,0.2303071,-0.2099798
11.44,0.06647513,10.84264,0.7226326,0.2872754,0.1379432,-0.1132506
11.46,-0.2304223,12.17951,0.9700465,0.3236662,-0.00276605,0.01352044
11.48,-0.3396653,12.31801,1.000912,0.2336047,-0.1697768,0.1406804
11.50,-0.1019208,12.29397,0.8729508,0.1482841,-0.3199109,0.2738032
11.52,-0.1512714,12.50938,0.6334816,0.1552421,-0.3358225,0.3844904
11.54,-0.4347972,12.97744,0.3759301,0.2034381,-0.2580944,0.4258846
11.56,-0.2832158,13.56335,-0.1001369,0.1553495,-0.1519112,0.440271
11.58,0.3577962,13.55655,-0.139711,0.05624078,-0.08693474,0.4259903
11.60,0.9150445,13.35628,-0.3577688,-0.03749766,-0.01906962,0.3679216
11.62,1.145907,13.24168,-0.7001574,-0.09357056,0.1139378,0.3049805
11.64,0.96172,13.46898,-1.114897,-0.03882893,0.3448234,0.228798
11.66,0.5776181,14.1794,-1.149447,0.1497906,0.6751553,0.01483185
11.68,1.10826,14.34335,-0.5407398,0.3540109,0.9307308,-0.2703023
11.70,2.250129,13.15632,0.1298259,0.3964975,0.9527395,-0.4333763
11.72,2.709801,11.51435,0.4656317,0.2199839,0.8235129,-0.366688
11.74,2.524887,10.14404,0.5138112,-0.08384869,0.7101256,-0.105042
11.76,2.05286,9.227295,0.4225926,-0.3775811,0.6316224,0.2230047
11.78,1.755197,8.920308,0.604668,-0.518594,0.5132064,0.5193794
11.80,1.566936,9.048733,0.9379133,-0.4152634,0.365116,0.7242962
11.82,1.463724,9.566898,1.030179,-0.1015541,0.261621,0.8053617
11.84,1.350725,10.05981,1.083086,0.2782113,0.193481,0.7640533
11.86,1.247883,10.48639,1.284585,0.576598,0.135188,0.6108985
11.88,1.269351,10.43738,1.403519,0.690684,0.05601196,0.3989888
11.90,1.422491,10.13445,1.440492,0.6155136,-0.06952266,0.1987781
11.92,1.636438,9.746156,1.316075,0.4015095,-0.229125,0.04917261
11.94,1.91241,9.386092,0.9892921,0.1289129,-0.3674015,-0.0479303
11.96,2.150448,9.447126,0.6238291,-0.08431968,-0.437475,-0.07340267
11.98,2.282961,9.731876,0.2896187,-0.1761566,-0.4157209,-0.05203154
12.00,2.328849,9.918544,0.01125485,-0.1879325,-0.3374998,-0.01739717
12.02,2.396856,9.828074,-0.2109993,-0.1882442,-0.2412996,0.008490202
12.04,2.50872,9.769619,-0.4275067,-0.2025574,-0.1601296,0.03701834
12.06,2.603804,9.786819,-0.5522659,-0.2017879,-0.07087308,0.06160571
12.08,2.699619,9.917229,-0.5889144,-0.1635745,0.01933621,0.06900965
12.10,2.591491,10.0857,-0.568528,-0.1247533,0.07066724,0.08441926
12.12,2.225954,10.19595,-0.5223638,-0.1046746,0.08964907,0.1231452
12.14,1.947066,10.09076,-0.4148593,-0.08284269,0.0712826,0.1760808
12.16,1.839098,9.89583,-0.2978125,-0.04111093,0.02051393,0.2235083
12.18,1.761871,9.704319,-0.3255662,-0.002354669,-0.01338065,0.2421302
12.20,1.666524,9.573063,-0.3939139,0.02249144,-0.0179595,0.2346592
12.22,1.541067,9.461817,-0.4302443,0.03027968,0.0002026382,0.1985964
12.24,1.423975,9.359802,-0.3578338,0.04073714,0.01674626,0.1336153
12.26,1.380553,9.186619,-0.2754543,0.05925443,0.0444219,0.05654512
12.28,1.362291,9.046719,-0.2037658,0.08699264,0.07951998,-0.02217036
12.30,1.36905,9.02633,-0.1015657,0.1141224,0.1047094,-0.09561541
12.32,1.410657,9.203992,0.05446438,0.1352151,0.1007192,-0.1650779
12.34,1.433918,9.438138,0.1745355,0.1388704,0.0723932,-0.216917
12.36,1.453536,9.644206,0.2146227,0.1122399,0.02619842,-0.2435079
12.38,1.505049,9.723713,0.1589816,0.07434427,-0.006330207,-0.2326015
12.40,1.496514,9.872294,0.06285973,0.04759819,-0.002517693,-0.2020813
12.42,1.519795,9.870998,0.0591488,0.02635652,0.01329759,-0.1780316
12.44,1.617468,9.770652,0.09274233,0.005553,0.007803406,-0.158281
12.46,1.712016,9.730541,0.0938447,-0.01670294,-0.006687484,-0.1446422
12.48,1.727777,9.723333,0.014374,-0.03564585,-0.00715872,-0.1338174
12.50,1.716518,9.786113,-0.07108446,-0.04183637,0.01132415,-0.1272752
12.52,1.687359,9.822899,-0.09191597,-0.03843691,0.04151304,-0.1222971
12.54,1.712886,9.818255,-0.1134745,-0.03666875,0.06742135,-0.1137436
12.56,1.723078,9.869002,-0.1501894,-0.04318864,0.07992242,-0.0901197
12.58,1.711185,9.890821,-0.1780436,-0.05914268,0.09587763,-0.056074
12.60,1.659383,9.830926,-0.1723174,-0.07247598,0.1095849,-0.01680999
12.62,1.568296,9.813861,-0.1107744,-0.07245827,0.1088087,0.006880813
12.64,1.487199,9.757912,-0.02564742,-0.06417762,0.08585811,0.01457128
12.66,1.466941,9.725481,0.02537488,-0.05116937,0.03707479,0.01364961
12.68,1.446017,9.67424,-0.001939969,-0.03427833,-0.00606992,0.01082265
12.70,1.423473,9.669179,-0.06160516,-0.01061461,-0.03021644,0.009233069
12.72,1.388302,9.676233,-0.1089693,0.004186421,-0.03457575,0.003785509
12.74,1.38317,9.693682,-0.1454622,0.008742111,-0.02993874,-0.004828178
12.76,1.400147,9.681417,-0.1636822,-0.002849607,-0.0185094,-0.01881618
12.78,1.409117,9.676264,-0.1571817,-0.004873046,0.003875053,-0.0385302
12.80,1.391968,9.700308,-0.100757,0.003123559,0.01710317,-0.05713509
12.82,1.337845,9.739941,-0.03965721,0.00902975,0.01564595,-0.06874541
12.84,1.310879,9.818506,-0.03015914,0.006189418,0.009849537,-0.0722564
12.86,1.351358,9.816042,-0.05983234,-0.004417755,0.005164811,-0.0767254
12.88,1.406081,9.683856,-0.09128316,-0.0138283,0.008283047,-0.0834335
12.90,1.454136,9.575962,-0.1056347,-0.01091988,0.01777739,-0.09631636
12.92,1.456162,9.503707,-0.09659629,0.002409413,0.02913451,-0.1048486
12.94,1.41849,9.549475,-0.06349171,0.02671972,0.03626438,-0.1050314
12.96,1.373367,9.635117,-0.02353143,0.04142096,0.03928834,-0.1027264
12.98,1.316242,9.664627,0.001029846,0.03281536,0.03490574,-0.1138974
13.00,1.288351,9.653105,-0.004600972,0.005439252,0.02394794,-0.1312101
13.02,1.302829,9.53809,0.01679751,-0.008239845,0.01621838,-0.1588283
13.04,1.290451,9.479943,0.03018616,0.004644867,0.0133583,-0.1873824
13.06,1.257178,9.479372,0.03719138,0.02470133,0.008502957,-0.2092835
13.08,1.191133,9.538035,0.02857595,0.0305608,-0.007796363,-0.2207508
13.10,1.089861,9.587852,0.002690293,0.01519926,-0.02448909,-0.2271942
13.12,1.052764,9.582162,-0.05427408,-0.002211035,-0.03337812,-0.2363202
13.14,1.038805,9.541,-0.09626357,-0.006786114,-0.01839572,-0.2595982
13.16,1.071714,9.446716,-0.06799848,0.007395511,-0.0005706794,-0.3014451
13.18,1.102224,9.425883,0.01411383,0.02889719,-0.01202188,-0.3524414
13.20,1.044405,9.661227,0.1287813,0.04058432,-0.05778256,-0.3995195
13.22,0.9402004,9.817869,0.1395051,0.02265045,-0.1233012,-0.4234773
13.24,0.8427299,9.907533,0.01860067,-0.02996769,-0.180547,-0.4130678
13.26,0.7720525,9.912917,-0.1149009,-0.07857566,-0.2030751,-0.3745004
13.28,0.7730438,10.01063,-0.2284516,-0.07951949,-0.1645973,-0.3320737
13.30,0.7958223,10.16246,-0.2518572,-0.04851849,-0.09848679,-0.3124529
13.32,0.8096496,10.17972,-0.2442429,-0.01949074,-0.02875018,-0.3264029
13.34,0.7928032,10.25405,-0.1859831,0.006506163,0.02294228,-0.3663085
13.36,0.787215,10.60328,-0.06575856,0.04367276,0.06190441,-0.4116139
13.38,0.7205724,11.13617,0.02859986,0.1073683,0.08971984,-0.4518434
13.40,0.6282637,12.06657,0.1461307,0.1782743,0.1032725,-0.4782557
13.42,0.4051707,12.58687,0.2095006,0.208253,0.1062234,-0.4817503
13.44,0.2096381,12.99969,0.2668388,0.1743111,0.09209357,-0.4490192
13.46,-0.08059803,13.30561,0.1676568,0.1004362,0.07360566,-0.4152076
13.48,-0.1814487,13.55548,0.3120081,0.03739451,0.02500731,-0.4087049
13.50,-0.1054729,13.63098,0.6327513,-0.01922129,-0.1152582,-0.4092095
13.52,0.006391475,13.36743,0.6585367,-0.1031357,-0.327387,-0.3623551
13.54,0.007660116,13.02909,0.705914,-0.1601332,-0.5841819,-0.2714273
13.56,-0.1168038,12.85109,0.6879121,-0.128549,-0.7937575,-0.153592
13.58,-0.3570673,12.60026,0.5378013,-0.0001219051,-0.8932234,-0.04046566
13.60,-0.6071547,12.50788,0.4402239,0.1656907,-0.9598122,0.04483647
13.62,-0.5958787,12.06462,0.3687382,0.2814537,-1.040463,0.1051161
13.64,-0.5160111,11.7268,0.2514501,0.35793,-1.062199,0.09680042
13.66,-0.5133309,11.87764,0.1253239,0.4085632,-1.023387,0.03361652
13.68,-0.2641036,11.81163,0.1426975,0.4041032,-0.9657267,-0.01662695
13.70,-0.2494075,11.38693,-0.1113418,0.3527124,-0.8940445,-0.01914711
13.72,-0.3450532,11.08291,-0.3503851,0.2483359,-0.7775767,0.02379603
13.74,-0.5402331,10.59711,-0.5625295,0.1103043,-0.5927685,0.1015888
13.76,-0.6209123,9.852022,-0.658616,-0.05276176,-0.374635,0.1886873
13.78,-0.7591964,9.315607,-0.7613289,-0.2049808,-0.1511465,0.2509489
13.80,-0.5464103,8.56355,-0.6399389,-0.320394,0.007871657,0.2661186
13.82,-0.293668,7.964177,-0.5043659,-0.3606687,0.1011697,0.2367581
13.84,-0.1644521,7.565364,-0.405557,-0.3336258,0.171352,0.2119408
13.86,-0.1887164,7.36819,-0.3919381,-0.275848,0.2398932,0.2322824
13.88,-0.3402511,7.215149,-0.4145844,-0.2197217,0.3102115,0.2806338
13.90,-0.3968907,7.1364,-0.4172668,-0.155433,0.3661152,0.3164282
13.92,-0.2575502,7.112782,-0.2749004,-0.07985245,0.3885826,0.3361639
13.94,-0.1193278,6.977624,-0.1594741,-0.02832499,0.3997386,0.3401082
13.96,-0.09257811,6.850162,-0.213183,-0.0317971,0.4103306,0.3523805
13.98,-0.1904981,6.744022,-0.2911533,-0.09087832,0.4419225,0.3654402
14.00,-0.2554208,6.565894,-0.3519512,-0.173238,0.4612899,0.363029
14.02,-0.1486269,6.422588,-0.2767547,-0.2268804,0.444548,0.3455559
14.04,0.01118896,6.48974,-0.1208126,-0.2199684,0.4030921,0.3150066
14.06,0.05433604,6.857079,-0.05866244,-0.1644531,0.3448157,0.2919938
14.08,-0.06052101,7.274198,-0.1022809,-0.09934728,0.2981751,0.280918
14.10,-0.2244743,7.682298,-0.1076626,-0.04748448,0.2570191,0.2794397
14.12,-0.3169523,8.126939,-0.08786804,0.002388838,0.2155116,0.2732866
14.14,-0.3438363,8.671797,-0.005482895,0.06228182,0.1666143,0.2487961
14.16,-0.3376687,9.273682,0.05059269,0.1235649,0.1027879,0.1961213
14.18,-0.3094571,9.738253,0.05679195,0.166422,0.0178977,0.1180558
14.20,-0.2589543,9.90099,0.03438405,0.199974,-0.08296438,0.02948178
14.22,-0.1942413,10.03739,0.05367145,0.2292709,-0.1529182,-0.05405216
14.24,-0.2077465,10.14504,-0.01095313,0.2099062,-0.1889112,-0.1184283
14.26,-0.1750679,9.993011,-0.1525016,0.1287673,-0.2278447,-0.15529
14.28,-0.07176886,9.923428,-0.2383297,0.02113632,-0.267657,-0.161832
14.30,0.04291743,9.958362,-0.3156844,-0.06175698,-0.2882362,-0.1552872
14.32,0.1511542,9.88343,-0.4126604,-0.1148147,-0.2728886,-0.1379191
14.34,0.2427954,9.877124,-0.4630486,-0.1137909,-0.2368648,-0.1259333
14.36,0.3471426,9.838945,-0.3789922,-0.05614395,-0.1982199,-0.1261461
14.38,0.4363289,9.791769,-0.2486966,0.02003445,-0.1789279,-0.1294276
14.40,0.4203525,9.84117,-0.2374818,0.06456488,-0.1658861,-0.1197127
14.42,0.2985073,9.933561,-0.3258308,0.03476492,-0.1302102,-0.07419799
14.44,0.1305754,9.920427,-0.4334901,-0.0336968,-0.07755885,-0.011815
14.46,0.124936,9.902784,-0.4095795,-0.07509194,-0.03399779,0.0438084
14.48,0.2343996,9.895466,-0.2726643,-0.04722387,-0.003416511,0.06031339
14.50,0.3157209,9.919313,-0.1327044,0.02495195,0.002654562,0.04460451
14.52,0.2896722,9.902358,-0.07948471,0.08357707,-0.01159835,0.02707342
14.54,0.224647,9.898327,-0.09704745,0.08973265,-0.02443212,0.02030714
14.56,0.1765433,9.970683,-0.1931997,0.05812675,-0.01437173,0.03041644
14.58,0.1615522,9.982886,-0.2691655,0.00502599,0.01718495,0.05197092
14.60,0.1647397,9.898135,-0.2949367,-0.03911901,0.0656276,0.07059444
14.62,0.1937256,9.751851,-0.3142643,-0.05813974,0.1183783,0.07191281
14.64,0.2448766,9.645741,-0.2150842,-0.05249689,0.1561333,0.04796967
14.66,0.2874848,9.558547,-0.1097543,-0.03559116,0.1689544,0.007638833
14.68,0.3207381,9.515533,-0.01573868,-0.01181777,0.1519047,-0.03684549
14.70,0.3273042,9.568674,0.05424424,0.0141023,0.1249474,-0.06194767
14.72,0.3023529,9.655358,0.09187689,0.03925941,0.09513643,-0.06819712
14.74,0.2877017,9.776253,0.1314615,0.06010595,0.06123945,-0.05816475
14.76,0.2831666,9.881074,0.1865327,0.07523624,0.01203362,-0.04235223
14.78,0.3062592,9.955741,0.2125182,0.08440404,-0.03452347,-0.03552806
14.80,0.2787368,9.961043,0.1803969,0.07148653,-0.06964701,-0.02653612
14.82,0.2401845,9.984929,0.1507934,0.03916981,-0.09886632,-0.01636564
14.84,0.2246813,9.984699,0.09678194,-0.003137227,-0.1232378,-0.009785788
14.86,0.2565187,9.908287,0.07195235,-0.02911057,-0.1337129,-0.005264179
14.88,0.3302233,9.812399,0.07447689,-0.02335273,-0.1293129,-0.01035408
14.90,0.3696682,9.789708,0.07262932,-0.0005540471,-0.1094515,-0.01822502
14.92,0.3459285,9.756411,0.03789115,0.00881683,-0.09022408,-0.03278254
14.94,0.3027928,9.764016,0.01809661,-0.01171791,-0.07358698,-0.05137843
14.96,0.2898065,9.737837,-0.02040576,-0.04971544,-0.06232942,-0.06584106
14.98,0.3183624,9.730942,-0.0500083,-0.06891665,-0.04385732,-0.07190407
15.00,0.3323229,9.765603,-0.0436663,-0.05621649,-0.007181598,-0.06925074
15.02,0.3453054,9.790636,-0.03245469,-0.02665292,0.0257563,-0.06748129
15.04,0.3242153,9.793255,0.002571448,-0.01268299,0.04287108,-0.06366351
15.06,0.3057958,9.805905,0.01336324,-0.02379102,0.03865179,-0.06181155
15.08,0.2892574,9.847575,0.02519838,-0.03982317,0.02788461,-0.0544515
15.10,0.2508996,9.893064,0.03663599,-0.04137199,0.02384624,-0.05027171
15.12,0.2501556,9.924903,0.05018698,-0.03092264,0.02052332,-0.03907795
15.14,0.2251465,9.986817,0.06002323,-0.01896552,0.003528021,-0.02621311
15.16,0.1504617,9.998301,0.05744018,-0.0137586,-0.008160682,-0.01374179
15.18,0.141142,9.92052,0.08320452,-0.02125241,-0.03358716,-0.004985
15.20,0.1402368,9.862251,0.08233646,-0.0445649,-0.06449121,0.000337458
15.22,0.08243719,9.779839,0.03085013,-0.08060715,-0.08714087,-0.003872155
15.24,0.06454555,9.725718,0.008995359,-0.0944728,-0.1039731,-0.01739154
15.26,0.0904429,9.69073,0.03817897,-0.07542898,-0.1258494,-0.03910329
15.28,0.1057572,9.693576,0.04643714,-0.03752245,-0.1490071,-0.06160237
15.30,0.07807112,9.688887,0.0004104399,-0.002755801,-0.1657672,-0.07041834
15.32,0.01695855,9.723603,-0.04957466,0.0196992,-0.1726613,-0.06793676
15.34,-0.03456881,9.787637,-0.06017762,0.02780167,-0.1718329,-0.0631457
15.36,-0.03558871,9.775778,-0.07831245,0.01876698,-0.1734445,-0.05712342
15.38,-0.01694996,9.721437,-0.09221055,0.002205716,-0.1718681,-0.05623101
15.40,-0.01397895,9.677833,-0.1208986,-0.004415106,-0.1617578,-0.06116641
15.42,-0.0065861,9.647462,-0.1213942,0.00592501,-0.1385914,-0.06426259
15.44,-0.009451144,9.549078,-0.1288225,0.01780171,-0.1150109,-0.06972791
15.46,-0.0175485,9.425825,-0.1250073,0.02189825,-0.09702692,-0.0704739
15.48,-0.02565238,9.341753,-0.1075573,0.01164048,-0.08233167,-0.0697391
15.50,-0.05659601,9.209808,-0.1117522,-0.002172254,-0.07518497,-0.06818873
15.52,-0.03682838,9.046805,-0.09989897,-0.01278081,-0.06908969,-0.06715613
15.54,0.03285381,8.744259,-0.06742603,-0.02491975,-0.06185197,-0.0499075
15.56,0.1041098,8.206399,-0.05610455,-0.06124431,-0.04490003,-0.02019905
15.58,0.1311208,7.641428,-0.08114442,-0.110627,-0.02564057,0.02017793
15.60,0.0544752,7.326493,-0.09265956,-0.1492438,-0.006554122,0.04429721
15.62,0.03293171,7.190799,-0.01953336,-0.1584174,-0.01631471,0.03304278
15.64,0.1762447,6.91266,0.1204707,-0.166764,-0.06346944,0.008453571
15.66,0.30774,6.38435,0.1916781,-0.2027345,-0.1259465,0.00201547
15.68,0.2376828,5.908455,0.1051546,-0.2626145,-0.1651486,0.01136033
15.70,0.04150889,5.765562,0.02036333,-0.3116375,-0.1743688,0.02324808
15.72,-0.05951001,5.839342,-0.004284347,-0.3153287,-0.1504319,0.008726852
15.74,0.06188634,6.036516,0.05920044,-0.2682,-0.1354479,-0.03340722
15.76,0.1861904,6.381321,0.1257699,-0.1891966,-0.145097,-0.07943855
15.78,0.1245979,6.81477,0.05261987,-0.09085722,-0.1306622,-0.1138334
15.80,-0.1097461,7.594722,-0.01551868,0.003496866,-0.08678649,-0.1311978
15.82,-0.3798843,8.436958,-0.1051825,0.07952321,-0.01841707,-0.1361918
15.84,-0.6289931,9.060223,-0.1999744,0.1417367,0.0761399,-0.1269917
15.86,-0.7505386,9.807024,-0.1315176,0.1948171,0.1763916,-0.1066513
15.88,-0.9227133,10.4669,-0.09831236,0.2235941,0.2641521,-0.09713521
15.90,-1.00463,10.95309,0.03910765,0.2082084,0.2996956,-0.1228782
15.92,-0.8759609,11.10838,0.2354923,0.1585128,0.2612768,-0.160583
15.94,-0.6995518,11.45246,0.4396711,0.1209043,0.1728133,-0.17303
15.96,-0.7597964,12.11794,0.4502361,0.09305564,0.1077327,-0.1460671
15.98,-1.035047,12.74232,0.1517885,0.04649493,0.13383,-0.07572225
16.00,-1.176747,13.25702,-0.2558916,-0.006738372,0.2392562,0.03182314
16.02,-0.8448797,12.99583,-0.026765,-0.002626316,0.3300096,0.1021306
16.04,-0.510694,12.7185,0.09389558,0.02131717,0.3851964,0.1475146
16.06,-0.2778704,12.45074,0.09272885,0.04999568,0.3932775,0.1867482
16.08,-0.2550865,12.8074,0.1050897,0.08894106,0.3988397,0.2279342
16.10,-0.5770603,13.49933,-0.103533,0.1414511,0.4723204,0.2882253
16.12,-1.142276,14.21404,-0.463357,0.2269181,0.6580563,0.321462
16.14,-1.817586,15.38059,-0.5350773,0.3681218,0.9066127,0.2473136
16.16,-1.663502,15.50396,-0.04600945,0.4871295,1.07742,0.05328339
16.18,-0.7358368,13.96258,0.5571979,0.4503283,1.048263,-0.1757525
16.20,0.4069062,11.65947,1.003864,0.1913084,0.819469,-0.2857396
16.22,1.049247,9.836842,1.012899,-0.1655943,0.4921125,-0.2278575
16.24,1.272494,8.754372,0.8802191,-0.4319903,0.2086868,-0.03306991
16.26,1.327051,8.498407,0.823665,-0.4743593,0.03127793,0.2044946
16.28,1.338022,8.904127,0.6531342,-0.2960197,-0.03795021,0.3947621
16.30,1.302703,9.491673,0.4280443,-0.001657145,-0.07152338,0.4838747
16.32,1.235091,10.17245,0.5049561,0.3099159,-0.08871652,0.4388821
16.34,1.295853,10.59401,0.7602946,0.5261326,-0.1252596,0.2897695
16.36,1.514672,10.33018,0.9031907,0.5578849,-0.2384541,0.1194187
16.38,1.720375,9.919377,0.825469,0.4381052,-0.3905984,0.003177417
16.40,1.661665,9.747976,0.6495064,0.274896,-0.4725697,-0.01794746
16.42,1.401602,9.757344,0.3801258,0.1541523,-0.4455242,0.005464529
16.44,1.265452,10.00288,0.1687048,0.06662401,-0.3714763,0.03925698
16.46,1.149856,10.32114,-0.06002448,-0.05319646,-0.2587375,0.116504
16.48,0.9682559,10.44191,-0.2087089,-0.1830123,-0.1659678,0.1965196
16.50,1.026451,10.36522,-0.06530819,-0.2947796,-0.1110019,0.2634128
16.52,1.055598,9.988571,-0.01371964,-0.3579182,-0.06964323,0.2978069
16.54,0.9750793,9.730014,-0.1336665,-0.3759606,-0.001120976,0.3207513
16.56,0.8198997,9.556892,-0.2546918,-0.3708926,0.09181468,0.3182928
16.58,0.737691,9.511567,-0.2772895,-0.3488384,0.1623595,0.2977584
16.60,0.7146062,9.565598,-0.1985902,-0.3129219,0.1961272,0.2592223
16.62,0.6387593,9.567754,-0.1251604,-0.2810286,0.1934916,0.2130706
16.64,0.5468113,9.530298,-0.138639,-0.2557258,0.1662402,0.1807373
16.66,0.4771947,9.571836,-0.2072273,-0.2061371,0.1518707,0.1606506
16.68,0.4450049,9.595577,-0.2618164,-0.1235532,0.1679282,0.1418908
16.70,0.4600225,9.591733,-0.2413673,-0.03220589,0.1841663,0.1202999
16.72,0.5067206,9.537189,-0.2168745,0.02533618,0.1770817,0.08539534
16.74,0.5683492,9.452007,-0.1266103,0.05451576,0.1538543,0.03811471
16.76,0.6582149,9.443741,-0.01304076,0.08122556,0.1302412,-0.03253171
16.78,0.6982698,9.55426,0.1103614,0.1034055,0.1018897,-0.09898897
16.80,0.6761022,9.701193,0.1866688,0.115085,0.07951727,-0.1368958
16.82,0.6483147,9.78146,0.2298034,0.1069459,0.04985619,-0.1471587
16.84,0.6315005,9.821286,0.2332327,0.08690277,0.02825853,-0.123535
16.86,0.6190849,9.838891,0.239032,0.0797691,0.01423564,-0.09091511
16.88,0.6747983,9.885584,0.2874554,0.07669757,0.0130051,-0.06450073
16.90,0.7395228,9.839982,0.3534265,0.07442443,0.0004565505,-0.0541645
16.92,0.8091424,9.782293,0.4113777,0.06282958,-0.02534984,-0.05553065
16.94,0.7903196,9.713412,0.3905244,0.05184763,-0.04061355,-0.0634239
16.96,0.7359912,9.714148,0.3690007,0.0472054,-0.04153799,-0.07029966
16.98,0.7305637,9.759547,0.3388849,0.04957513,-0.02530942,-0.08113392
17.00,0.7843186,9.83962,0.3519022,0.05124925,-0.007656537,-0.09785198
17.02,0.8215832,9.918531,0.3719119,0.04114951,-0.006525749,-0.1180099
17.04,0.8435876,9.896427,0.4035665,0.002713618,-0.004682775,-0.1298253
17.06,0.8373474,9.843946,0.3428992,-0.052463,-0.001744603,-0.1284076
17.08,0.7990462,9.897119,0.2780879,-0.1026469,0.002218728,-0.1147875
17.10,0.7672008,10.02818,0.199456,-0.1356133,0.02173864,-0.07396431
17.12,0.710294,10.08439,0.122856,-0.1526215,0.04749382,-0.02624086
17.14,0.7055734,10.06304,0.08548824,-0.1644601,0.06750173,0.01740002
17.16,0.7125904,9.912009,0.07589604,-0.1618583,0.0738021,0.04535156
17.18,0.7252082,9.829851,0.08647453,-0.1397469,0.0743087,0.04710593
17.20,0.6907916,9.823101,0.1222666,-0.1035881,0.06335443,0.03755811
17.22,0.6299583,9.819849,0.1156258,-0.08126825,0.03620948,0.02439534
17.24,0.5846501,9.790393,0.08062655,-0.0642786,0.008329597,0.02277625
17.26,0.5329814,9.76889,0.07680072,-0.03697465,-0.007452745,0.02308357
17.28,0.5028718,9.684336,0.09167594,-0.00235688,-0.00654535,0.0190974
17.30,0.5171264,9.608103,0.146273,0.02967897,-0.01307781,0.0007319415
17.32,0.5075965,9.570991,0.1971543,0.05902101,-0.02292029,-0.03400512
17.34,0.5005655,9.56133,0.2311669,0.08102791,-0.02885248,-0.07839701
17.36,0.4856662,9.541136,0.2045519,0.08058125,-0.01912174,-0.1078795
17.38,0.4446492,9.45847,0.2017503,0.06332167,0.00758624,-0.1266233
17.40,0.4384921,9.429749,0.2263337,0.04528312,0.0337476,-0.143705
17.42,0.4842022,9.481567,0.292221,0.04218314,0.04147077,-0.1772225
17.44,0.5328313,9.62128,0.3898396,0.05240267,0.03164121,-0.2152126
17.46,0.5257068,9.714167,0.4144783,0.0631529,0.01152111,-0.2404332
17.48,0.5125058,9.775544,0.4452732,0.06388351,-0.01745304,-0.248184
17.50,0.4920257,9.76701,0.4328113,0.04317728,-0.05117116,-0.2481123
17.52,0.4943333,9.742041,0.3738273,0.01242948,-0.08510418,-0.2513905
17.54,0.5841534,9.751704,0.3980616,-0.009905444,-0.1260122,-0.2653421
17.56,0.7132206,9.798744,0.3863334,-0.01621511,-0.1617802,-0.2709829
17.58,0.8284627,9.961717,0.4143528,0.002336696,-0.1793808,-0.2584819
17.60,0.9209326,10.28787,0.4733989,0.02171689,-0.1836616,-0.2176601
17.62,0.84884,10.28849,0.3634054,-0.007130697,-0.1454224,-0.1760416
17.64,0.7612231,10.26239,0.3101283,-0.06844516,-0.1175585,-0.1684634
17.66,0.9318641,10.27247,0.4464238,-0.1178644,-0.1513511,-0.2065665
17.68,1.129343,10.19254,0.5150347,-0.1429862,-0.2090824,-0.2658638
17.70,1.179419,10.26834,0.4663862,-0.1244881,-0.2471027,-0.3240169
17.72,1.076397,10.75302,0.4091003,-0.08376699,-0.2526487,-0.3468235
17.74,0.7685381,11.20106,0.3206261,-0.05156413,-0.2369295,-0.3438881
17.76,0.5437796,11.4097,0.3444351,0.003602181,-0.2551122,-0.3483712
17.78,0.4077641,12.34629,0.6301259,0.1936994,-0.3382837,-0.408869
17.80,0.1400006,14.27464,1.108757,0.5605752,-0.4801539,-0.519034
17.82,-0.4649865,15.6234,1.208525,0.9046202,-0.5850588,-0.5954361
17.84,-0.8238276,15.16378,1.030139,1.005047,-0.6574588,-0.5421842
17.86,-0.8578897,13.94354,0.5542006,0.8197455,-0.7409916,-0.302794
17.88,-1.011296,12.82094,0.04092524,0.4958026,-0.832134,0.02051646
17.90,-1.351683,12.38888,-0.4513052,0.186244,-0.8991373,0.3360004
17.92,-1.43169,12.30789,-0.8724214,-0.0340262,-0.8685277,0.5862474
17.94,-1.246997,12.14787,-0.8972351,-0.1145542,-0.749782,0.6883662
17.96,-0.8333992,11.72301,-0.6700734,-0.0691407,-0.6058519,0.6314764
17.98,-0.4480587,11.08027,-0.397215,0.05844953,-0.4926919,0.4615307
18.00,-0.113562,10.68067,-0.1993183,0.1880704,-0.4556065,0.2512527
18.02,-0.003402609,10.69224,-0.2499821,0.2773588,-0.4584273,0.05665016
18.04,-0.2887135,10.89718,-0.4779517,0.3096768,-0.4154054,-0.07804213
18.06,-0.7131612,10.9999,-0.7672997,0.2712681,-0.2889619,-0.1086235
18.08,-1.041246,10.65931,-0.8985486,0.1470878,-0.106042,-0.04900912
18.10,-1.189742,10.0015,-0.8381922,-0.03310585,0.05360528,0.05060198
18.12,-1.147651,9.423872,-0.6257208,-0.2186741,0.1330784,0.1242615
18.14,-0.8840858,8.769399,-0.40074,-0.3659806,0.1329849,0.1319546
18.16,-0.5616049,8.075604,-0.2907484,-0.4508027,0.1057798,0.1089251
18.18,-0.4239347,7.682958,-0.3702905,-0.4627345,0.1093163,0.08391514
18.20,-0.4088444,7.466681,-0.4379478,-0.3972485,0.145832,0.0713603
18.22,-0.3890867,7.334247,-0.4866042,-0.2830947,0.2276678,0.07451104
18.24,-0.3845227,7.030266,-0.5159457,-0.1710563,0.3361773,0.0847106
18.26,-0.3191723,6.644477,-0.5552047,-0.117391,0.4366267,0.09106551
18.28,-0.2072113,6.32279,-0.5073798,-0.1274001,0.4802056,0.09507403
18.30,-0.06684881,6.253636,-0.4438647,-0.1639469,0.4851576,0.101251
18.32,-0.06599419,6.419048,-0.4285503,-0.1925007,0.4804386,0.112401
18.34,-0.1562496,6.702101,-0.4645936,-0.1897517,0.4922973,0.1364978
18.36,-0.1042167,6.741187,-0.5367975,-0.1441802,0.5576457,0.1649884
18.38,-0.01657864,6.884347,-0.4855003,-0.06438104,0.642548,0.1921684
18.40,0.1352185,7.157803,-0.4108464,-0.0055015,0.6836424,0.2137274
18.42,0.02461685,7.44002,-0.4006758,2.842275e-05,0.6881946,0.223034
18.44,-0.123278,7.866828,-0.3791127,-0.0180923,0.6711575,0.20837
18.46,-0.1669292,8.400553,-0.2327639,-0.0259167,0.6327472,0.1772534
18.48,-0.1910574,9.049166,-0.08138141,0.01565856,0.5803726,0.1381903
18.50,-0.2754633,9.7501,0.07403228,0.0795474,0.51921,0.09827066
18.52,-0.4055017,10.26657,0.2125233,0.1258933,0.4251411,0.07806551
18.54,-0.4982491,10.415,0.2943853,0.1226164,0.3066137,0.07719608
18.56,-0.5272063,10.43321,0.3459789,0.06427474,0.1549878,0.1048824
18.58,-0.5437827,10.30023,0.3009703,-0.02585912,0.002318549,0.1579735
18.60,-0.5521045,10.12245,0.1724394,-0.1122556,-0.1122639,0.2213376
18.62,-0.4829251,9.962137,0.0579124,-0.1344773,-0.1756338,0.2629601
18.64,-0.310914,9.824758,-0.008445552,-0.08695157,-0.1969601,0.271161
18.66,-0.2027302,9.720037,-0.04307247,-0.01252047,-0.192003,0.2379173
18.68,-0.133666,9.6606,-0.09151048,0.05431761,-0.1935623,0.1832486
18.70,-0.0635014,9.655508,-0.1636031,0.0826553,-0.1947731,0.1213459
18.72,-0.01483957,9.551552,-0.2367167,0.09124248,-0.183343,0.06309573
18.74,0.0623763,9.595021,-0.3016338,0.09925932,-0.1424923,0.02239814
18.76,0.07220192,9.540372,-0.3642411,0.09677688,-0.0696057,-0.003253923
18.78,0.10322,9.486879,-0.4168013,0.08130096,0.01005519,-0.03604585
18.80,0.1762653,9.51116,-0.384612,0.05818361,0.0609532,-0.0802139
18.82,0.263916,9.577499,-0.3313544,0.0393196,0.0949256,-0.1342977
18.84,0.3540086,9.653033,-0.2327299,0.03752021,0.1166501,-0.1758322
18.86,0.3955559,9.6734,-0.1798436,0.04398905,0.1259651,-0.1988048
18.88,0.4027804,9.675898,-0.1709099,0.04663213,0.1308838,-0.1951296
18.90,0.336031,9.720551,-0.1662777,0.052086,0.1382999,-0.1775927
18.92,0.3338057,9.837545,-0.1064892,0.07261834,0.138107,-0.158264
18.94,0.3792554,9.895852,-0.0235273,0.09819569,0.1214902,-0.1413445
18.96,0.3880185,9.887226,0.02555074,0.1125578,0.08489728,-0.1231166
18.98,0.3506429,9.90481,0.03066893,0.1178294,0.0438847,-0.09554414
19.00,0.2909596,9.925513,0.01203605,0.1204532,0.01475141,-0.07406459
19.02,0.328345,9.984069,0.05400987,0.1233755,-0.02622719,-0.05171236
19.04,0.3633381,10.03983,0.05185481,0.1152487,-0.07080522,-0.03300219
19.06,0.3636837,9.980276,-0.01732373,0.08451051,-0.109469,-0.02172702
19.08,0.3558101,9.896247,-0.08133987,0.05774783,-0.129835,-0.01126954
19.10,0.370156,9.873589,-0.08200261,0.0494059,-0.1287244,-0.002803335
19.12,0.3695453,9.862334,-0.09270577,0.05432979,-0.1135256,-0.002874845
19.14,0.3306365,9.854027,-0.08783128,0.06298643,-0.1006326,-0.01207405
19.16,0.304492,9.809541,-0.08011434,0.05394585,-0.1056734,-0.01975567
19.18,0.3070361,9.750699,-0.1114955,0.01661753,-0.1241151,-0.0205779
19.20,0.2859284,9.796695,-0.1468778,-0.01445817,-0.1343913,-0.01173258
19.22,0.2666274,9.872279,-0.1243021,-0.02411616,-0.1461321,-0.008320583
19.24,0.2517174,9.856774,-0.12129,-0.01369087,-0.1549221,-0.007599074
19.26,0.2413688,9.814986,-0.1365952,0.009974261,-0.1581139,-0.01226636
19.28,0.2473275,9.775042,-0.1070752,0.03166542,-0.1731477,-0.02137192
19.30,0.2771629,9.727498,-0.06388517,0.04674429,-0.215604,-0.02659663
19.32,0.274091,9.794766,-0.1050486,0.04900936,-0.2598028,-0.01252597
19.34,0.2166477,9.886169,-0.2366154,0.04578959,-0.2757717,0.01853596
19.36,0.1573238,9.889571,-0.2899548,0.04306985,-0.2721101,0.0492957
19.38,0.2079957,9.968848,-0.2753009,0.04630437,-0.2783713,0.06519661
19.40,0.2272117,9.987783,-0.2431194,0.05347739,-0.3020345,0.05708061
19.42,0.2142316,9.946432,-0.2614969,0.05483299,-0.3379059,0.04208214
19.44,0.2085979,9.98635,-0.3757901,0.03988263,-0.3541696,0.04725286
19.46,0.168066,10.03557,-0.501735,0.01970051,-0.3430716,0.0680522
19.48,0.1601687,9.99958,-0.5816774,-0.009092305,-0.3148694,0.0931686
19.50,0.1844597,9.90015,-0.6046441,-0.03773639,-0.2803869,0.1055978
19.52,0.2121876,9.736564,-0.6553103,-0.05755061,-0.2370767,0.1048839
19.54,0.2519092,9.66038,-0.6946971,-0.05260679,-0.1754176,0.08716651
19.56,0.2722315,9.670011,-0.6768701,-0.04107048,-0.1039636,0.05819668
19.58,0.2686673,9.682635,-0.6289273,-0.02512088,-0.05644434,0.02729158
19.60,0.2365217,9.73354,-0.6229338,-0.03337558,-0.03066294,0.01104988
19.62,0.1950143,9.79285,-0.6331981,-0.04698438,-0.001889446,0.006081627
19.64,0.1695246,9.859774,-0.5944901,-0.05287791,0.02282641,0.007842075
19.66,0.183066,9.817343,-0.5536126,-0.0522278,0.04485753,0.01196438
19.68,0.2002425,9.755666,-0.5149687,-0.03643469,0.05935168,0.006427333
19.70,0.1874275,9.728702,-0.4481621,-0.01031059,0.06420769,-0.007347703
19.72,0.1961636,9.734731,-0.4089211,0.01655753,0.05910391,-0.0260646
19.74,0.2124733,9.798084,-0.3971581,0.03566351,0.04714365,-0.03442274
19.76,0.1745757,9.849745,-0.436457,0.0350517,0.04199739,-0.02957957
19.78,0.1627717,9.874963,-0.4534679,0.02465939,0.0495011,-0.02425363
19.80,0.1949964,9.854672,-0.413454,0.01136728,0.05570079,-0.02861006
19.82,0.2687576,9.81799,-0.3906973,0.004806814,0.05103804,-0.04518698
19.84,0.2965191,9.845986,-0.3968898,-0.001517255,0.04664343,-0.05577127
19.86,0.2502738,9.879138,-0.4339688,-0.007184556,0.05820468,-0.05660174
19.88,0.2384074,9.889761,-0.4126914,-0.008754073,0.07369447,-0.04957319
19.90,0.2620022,9.86955,-0.3687989,-0.01225628,0.08095194,-0.04237338
19.92,0.2746965,9.886745,-0.3800042,-0.0212535,0.08022875,-0.0366188
19.94,0.2437597,9.903434,-0.376367,-0.03293455,0.08081025,-0.03160502
19.96,0.2271596,9.892359,-0.380059,-0.0372634,0.07934622,-0.03432963
19.98,0.2658629,9.867326,-0.3337673,-0.03141966,0.07201417,-0.04616429
20.00,0.286959,9.791482,-0.2818048,-0.01732565,0.05575433,-0.05779109
20.02,0.3157937,9.779515,-0.2464704,-0.01142521,0.03431185,-0.05978973
20.04,0.2611475,9.793115,-0.3156729,-0.0168964,0.01735628,-0.04542045
20.06,0.1993898,9.859108,-0.3806819,-0.02396373,0.00757334,-0.02066839
20.08,0.2264469,9.849973,-0.3692321,-0.02024935,0.005691454,0.003294887
20.10,0.2440031,9.82037,-0.3312374,0.001523318,0.01214555,0.01586099
20.12,0.2442477,9.789298,-0.3128049,0.02136476,0.01761157,0.01141491
20.14,0.2369605,9.744159,-0.3348337,0.02011788,0.0149284,0.0007336559
20.16,0.2322295,9.756683,-0.3344445,0.01103763,0.01504413,-0.01194976
20.18,0.2313756,9.783464,-0.2984361,0.009818163,0.02024604,-0.01997494
20.20,0.2086331,9.841678,-0.2697791,0.01748144,0.02768063,-0.02546315
20.22,0.1758558,9.852544,-0.2662213,0.01775979,0.02820097,-0.02146035
20.24,0.1878046,9.84934,-0.2501013,0.00738583,0.02211183,-0.01421054
20.26,0.197527,9.865989,-0.2263567,-0.001553768,0.01166362,-0.004851895
20.28,0.1790165,9.898196,-0.2170839,-0.009012048,0.00391357,-0.002374649
20.30,0.2006184,9.929748,-0.23121,-0.01284205,-0.002723412,-0.002811552
20.32,0.2075175,9.914347,-0.2620878,-0.0220954,-0.01191913,0.002388565
20.34,0.1934002,9.88448,-0.2748677,-0.03176617,-0.01520943,0.01046207
20.36,0.2044644,9.835985,-0.2744398,-0.0343263,-0.0176743,0.01974496
20.38,0.2203508,9.794038,-0.2891462,-0.0304819,-0.01421359,0.02555857
20.40,0.226416,9.769476,-0.2796798,-0.0224076,-0.01005808,0.0187906
20.42,0.2264181,9.763718,-0.2750443,-0.01210434,-0.008190014,0.004290823
20.44,0.2215034,9.770553,-0.2772029,-0.003960887,-0.005761029,-0.006945045
20.46,0.2045178,9.788166,-0.2917889,-0.003061839,-0.001430463,-0.01563499
20.48,0.1890892,9.829384,-0.2672049,-0.008053937,0.005067646,-0.01677708
20.50,0.1722928,9.83462,-0.2827986,-0.02338986,0.00547039,-0.007385356
20.52,0.1640222,9.898752,-0.287652,-0.03144745,0.008774391,0.00126183
20.54,0.1748451,9.895565,-0.261724,-0.03165157,0.01009664,0.005561032
20.56,0.1925091,9.905083,-0.25604,-0.02226107,0.008707979,0.003743071
20.58,0.1693766,9.900147,-0.2142658,-0.007008438,0.002425215,-0.005509504
20.60,0.1839558,9.858107,-0.1953278,-0.002463361,-0.006540682,-0.0116062
20.62,0.1951595,9.864992,-0.2150065,-0.01548926,-0.02506067,-0.00666855
20.64,0.1534297,9.900215,-0.2549402,-0.0334176,-0.03699248,0.01172931
20.66,0.1502028,9.876897,-0.3113621,-0.04672511,-0.04078571,0.03910464
20.68,0.1475585,9.803757,-0.3272269,-0.03879455,-0.0271247,0.05638338
20.70,0.1736667,9.737417,-0.2747186,-0.008716511,-0.004166886,0.05486523
20.72,0.2071877,9.700552,-0.205405,0.02604211,0.004997871,0.03073374
20.74,0.2216893,9.769562,-0.1594281,0.04954462,-0.001719107,0.00223301
20.76,0.1575289,9.88712,-0.2163658,0.04508334,-0.01178728,-0.007719203
20.78,0.1001892,9.949531,-0.2927731,0.01275959,-0.009420103,0.005259921
20.80,0.04942296,9.951591,-0.3394648,-0.02509856,0.007602957,0.03524905
20.82,0.07903419,9.873296,-0.3141811,-0.04884036,0.03162896,0.04981541
20.84,0.1342966,9.81743,-0.2424926,-0.04828212,0.04508205,0.04334528
20.86,0.1696103,9.776771,-0.1971974,-0.03400194,0.05021962,0.02086654
20.88,0.1525152,9.770261,-0.2191422,-0.02443266,0.05044635,-0.006558435
20.90,0.14108,9.783901,-0.2422584,-0.02721447,0.04766222,-0.0221305
20.92,0.1368057,9.81461,-0.2233155,-0.03678733,0.03824457,-0.02345672
20.94,0.1376011,9.808515,-0.2229858,-0.04474194,0.03427931,-0.02161748
20.96,0.1540175,9.834387,-0.1890296,-0.03578651,0.02878993,-0.02131924
20.98,0.157224,9.816452,-0.1882717,-0.02279391,0.02425849,-0.02110806
21.00,0.1623658,9.82449,-0.2039966,-0.01039994,0.01939266,-0.02110629
21.02,0.1724469,9.830851,-0.2014996,-0.002473986,0.01218766,-0.02403416
21.04,0.1849415,9.840622,-0.2048121,0.003546606,0.007368368,-0.0248537
21.06,0.1829196,9.853989,-0.2156328,0.0001230694,0.002259532,-0.02865344
21.08,0.2092685,9.809321,-0.2335529,-0.01442926,0.000962359,-0.02774451
21.10,0.2150149,9.802273,-0.250197,-0.02112406,0.01016492,-0.0279279
21.12,0.2167886,9.836691,-0.230189,-0.01626119,0.0216194,-0.0243062
21.14,0.2112378,9.878922,-0.2638436,-0.003663464,0.03465512,-0.02058511
21.16,0.1956763,9.925214,-0.268707,0.008577108,0.05053497,-0.01508349
21.18,0.2317179,9.869184,-0.2238934,0.01115462,0.06362239,-0.01374093
21.20,0.2643987,9.85344,-0.1928782,-0.002228627,0.06741669,-0.01439222
21.22,0.2514587,9.883696,-0.1536717,-0.0199344,0.05913362,-0.0129074
21.24,0.217868,9.90147,-0.1670236,-0.03758126,0.04474995,-0.01324569
21.26,0.1831584,9.883425,-0.2078121,-0.04446232,0.03559018,-0.002818763
21.28,0.18548,9.856961,-0.207374,-0.03621892,0.03239778,0.01141589
21.30,0.2169256,9.808979,-0.1838074,-0.01018756,0.02446879,0.01850512
21.32,0.2391431,9.816853,-0.1200917,0.01357383,0.01221461,0.01858518
21.34,0.2063179,9.844271,-0.1426931,0.02685699,-0.006084935,0.01728855
21.36,0.1659687,9.851971,-0.1546787,0.0186349,-0.02271208,0.01899787
21.38,0.1622411,9.852658,-0.1562325,0.001274738,-0.03692467,0.01658121
21.40,0.1736132,9.825206,-0.1553271,-0.005782321,-0.04121992,0.01227322
21.42,0.1910886,9.7994,-0.1685584,0.001617701,-0.04094977,0.01271289
21.44,0.1711449,9.865991,-0.18271,0.01793191,-0.03024681,0.01138071
21.46,0.1427712,9.897137,-0.2131675,0.02678527,-0.01434583,0.01456595
21.48,0.1471694,9.900305,-0.2144697,0.01703699,-0.007075169,0.01710386
21.50,0.1612391,9.858773,-0.2239087,-0.002350307,-0.0006621641,0.01891924
21.52,0.1614645,9.804615,-0.2104441,-0.02115958,0.009759166,0.01737787
21.54,0.1663555,9.789044,-0.2141077,-0.02962727,0.02208373,0.01275594
21.56,0.148099,9.780748,-0.1890986,-0.02116553,0.0412039,0.001158933
21.58,0.159854,9.767803,-0.1675748,-0.008634094,0.04329584,-0.009217321
21.60,0.1745594,9.767766,-0.1397888,0.005024325,0.0320182,-0.02114213
21.62,0.173849,9.804852,-0.1201508,0.01745241,0.0198991,-0.02458043
21.64,0.1542735,9.843232,-0.1172023,0.0247023,0.008920137,-0.02007554
21.66,0.133634,9.880545,-0.1264229,0.01231923,0.00486198,-0.01212024
21.68,0.1172519,9.861812,-0.1667793,-0.01215414,-0.003354891,-0.005602085
21.70,0.159192,9.811353,-0.1511901,-0.02664569,-0.01405252,-0.008624594
21.72,0.2244274,9.812243,-0.1217081,-0.01048421,-0.02425847,-0.01697746
21.74,0.2096549,9.867849,-0.1150246,0.02301678,-0.01920873,-0.03289916
21.76,0.2013765,9.875326,-0.1366917,0.03915341,-0.01841265,-0.03047641
21.78,0.179437,9.88541,-0.206985,0.01733222,-0.01409204,-0.009788811
21.80,0.1492348,9.902076,-0.2376653,-0.01966893,-0.01446155,0.01138901
21.82,0.1570644,9.888866,-0.2625804,-0.0398196,-0.001782273,0.02731817
21.84,0.1778359,9.833979,-0.2388172,-0.02525812,0.01912453,0.02684871
21.86,0.1877365,9.774764,-0.2044327,0.002134254,0.04420882,0.008630278
21.88,0.210366,9.734503,-0.1534173,0.02336646,0.05473687,-0.01664119
21.90,0.2170857,9.789642,-0.1245207,0.0219391,0.03974693,-0.03462341
21.92,0.1576317,9.87427,-0.1527494,0.004940818,0.02144435,-0.0349459
21.94,0.1044095,9.915597,-0.1753558,-0.01417483,0.01020747,-0.01410638
21.96,0.08941707,9.910489,-0.1915063,-0.02299503,0.01463117,0.009926395
21.98,0.1382858,9.867974,-0.1744749,-0.01383585,0.0221948,0.02470598
22.00,0.1746564,9.829899,-0.1525818,0.0002027667,0.02253194,0.02196698
22.02,0.1827362,9.774792,-0.143783,0.01323608,0.012261,-0.002235659
22.04,0.1732594,9.757452,-0.1426144,0.01521243,0.008451523,-0.02562037
22.06,0.1563395,9.77389,-0.1590744,0.009688937,0.007779698,-0.03905392
22.08,0.151148,9.84302,-0.1764436,0.0005692956,0.007295766,-0.03341511
22.10,0.1503157,9.885026,-0.1868649,-0.006154705,0.01127789,-0.01734339
22.12,0.171623,9.898382,-0.1798244,-0.001901795,0.01518936,-0.002961816
22.14,0.1850157,9.867376,-0.1764986,0.004933645,0.02088979,0.003762732
22.16,0.1981558,9.82553,-0.1561539,0.009952421,0.02090679,-0.0003656051
22.18,0.2008836,9.837088,-0.1350175,0.009818209,0.01912883,-0.0148461
22.20,0.1792786,9.875614,-0.157966,0.004583419,0.01655187,-0.01993295
22.22,0.1472014,9.880429,-0.1940807,-0.01421266,0.02065787,-0.01643491
22.24,0.1654006,9.86754,-0.2158113,-0.02706975,0.02635599,-0.003522617
22.26,0.1787417,9.866462,-0.2101541,-0.03110931,0.03620861,0.0114025
22.28,0.1814117,9.816796,-0.1909301,-0.0226115,0.04978074,0.01633521
22.30,0.1998176,9.793159,-0.1603929,-0.01065374,0.04673392,0.008875795
22.32,0.1842381,9.789954,-0.1501607,-0.000912465,0.0310718,-0.007172767
22.34,0.1591175,9.78301,-0.1136145,0.009477071,0.01810543,-0.02574243
22.36,0.1730303,9.771823,-0.08341321,0.01102886,0.0007544704,-0.02224362
22.38,0.1244396,9.841218,-0.1295101,0.001918706,-0.009614053,-0.0068945
22.40,0.0784433,9.90785,-0.189364,-0.01019002,-0.01360017,0.01532076
22.42,0.09609772,9.887393,-0.1923219,-0.01425437,-0.0187505,0.03299481
22.44,0.1168809,9.826451,-0.1587535,0.001045134,-0.01223685,0.03095682
22.46,0.1511725,9.765097,-0.1210983,0.02121113,-0.005065914,0.01536578
22.48,0.1779688,9.753531,-0.1064968,0.03108791,-0.006787119,-0.01111803
22.50,0.1371992,9.838284,-0.1235908,0.02497003,-0.009961438,-0.02577576
22.52,0.08577906,9.92767,-0.151841,0.003607287,-0.014062,-0.02352706
22.54,0.06309383,9.941351,-0.1942555,-0.02305657,-0.0144798,-0.005613984
22.56,0.07018206,9.891131,-0.204338,-0.03864548,0.0005706351,0.01992074
22.58,0.124774,9.847301,-0.1981785,-0.02966908,0.01739172,0.03211342
22.60,0.149749,9.776923,-0.1781726,-0.005889335,0.03431197,0.02199463
22.62,0.1533032,9.73588,-0.1429298,0.0148518,0.04246137,-0.003673224
22.64,0.1596428,9.730777,-0.1129362,0.01956997,0.04015465,-0.03323065
22.66,0.138763,9.802779,-0.1088228,0.004156298,0.02543371,-0.04731019
22.68,0.1110687,9.898949,-0.1417409,-0.01628936,0.01399624,-0.03640952
22.70,0.08245279,9.947653,-0.1662377,-0.03027221,0.01230312,-0.009019477
22.72,0.08511115,9.928495,-0.1667987,-0.03021529,0.01260181,0.01243188
22.74,0.1323475,9.847476,-0.1331256,-0.01634718,0.00881671,0.01797978
22.76,0.1692029,9.781647,-0.1096139,0.002511954,-0.005756318,0.007543757
22.78,0.1755405,9.759249,-0.1123485,0.01338372,-0.0151285,-0.008312861
22.80,0.1371108,9.783925,-0.1616323,0.01962836,-0.01350718,-0.01608484
22.82,0.1211987,9.830506,-0.1719215,0.01108432,-0.007134076,-0.01649505
22.84,0.1358225,9.86456,-0.1757911,-0.004168517,-0.004744484,-0.00554534
22.86,0.129109,9.880424,-0.2086461,-0.01698419,0.002945162,0.005573452
22.88,0.1275735,9.866111,-0.1718951,-0.01623407,0.01349043,0.01005209
22.90,0.1686693,9.88444,-0.1494791,-0.007648877,0.02295076,0.008724226
22.92,0.1503087,9.913714,-0.1357664,0.00436363,0.03019045,0.005808546
22.94,0.125277,9.853098,-0.1127654,0.002568386,0.02961549,-0.001476084
22.96,0.1473461,9.820901,-0.1021925,-0.01561232,0.01335433,-0.0001028398
22.98,0.1111286,9.837982,-0.1281935,-0.03129029,0.002988902,0.007776273
23.00,0.08357234,9.868857,-0.1728283,-0.03005961,0.003365038,0.0143752
23.02,0.09711818,9.797291,-0.1799708,-0.01736967,0.006949635,0.01827562
23.04,0.1150172,9.767707,-0.1444992,0.009396051,0.009403757,0.01109594
23.06,0.143916,9.746636,-0.1206489,0.03396101,0.009893732,-0.00326045
23.08,0.1409132,9.815876,-0.107308,0.03954874,0.007602188,-0.01283239
23.10,0.1034271,9.891848,-0.1126909,0.02479452,-0.0004744362,-0.01277843
23.12,0.07168436,9.919765,-0.1439134,-0.005564156,-0.008231453,-0.00460507
23.14,0.06182171,9.91583,-0.1472938,-0.02360369,-0.008175773,0.006152507
23.16,0.0994521,9.87236,-0.15152,-0.02253737,-0.001190787,0.01392199
23.18,0.1075442,9.83808,-0.1574373,-0.00617327,0.01042599,0.01540248
23.20,0.1193956,9.803084,-0.1374968,0.009663044,0.01619529,0.006212179
23.22,0.1107198,9.770677,-0.1406578,0.01093862,0.01501447,-0.004083402
23.24,0.1159029,9.7773,-0.1501874,0.002308524,0.01458983,-0.01355978
23.26,0.1284632,9.807128,-0.1226467,0.001407469,0.01156026,-0.0185275
23.28,0.1243664,9.872929,-0.09548988,0.004232222,0.006999162,-0.01876364
23.30,0.140636,9.880215,-0.1189043,0.00582551,-0.001142973,-0.0093878
23.32,0.1213518,9.895534,-0.1480887,0.001149278,-0.004331258,0.002558857
23.34,0.1144998,9.867391,-0.1537405,0.0003645229,-0.001928233,0.005132842
23.36,0.1379358,9.817406,-0.1336486,0.005528022,-0.001659949,0.0005631387
23.38,0.1689686,9.829222,-0.1029288,0.009466914,-0.004958084,-0.006145885
23.40,0.1572702,9.855216,-0.1413822,0.003995209,-0.006222923,-0.005832051
23.42,0.1367161,9.873304,-0.1477679,-0.007219488,-0.007650523,-0.006009242
23.44,0.1561461,9.823899,-0.1539951,-0.01577614,-0.01259401,-0.001410332
23.46,0.1668034,9.804419,-0.1749134,-0.01420684,-0.0142064,-0.0001979038
23.48,0.1795247,9.756747,-0.1585691,0.005375593,-0.005341335,-0.001460843
23.50,0.199548,9.81484,-0.1341294,0.02843296,0.001255671,-0.001833099
23.52,0.1593398,9.873071,-0.1602491,0.04009445,0.016154,-0.0017343
23.54,0.1156867,9.913083,-0.1548737,0.02394354,0.02269046,-0.003206447
23.56,0.142622,9.881939,-0.1424768,-0.007517323,0.01945662,0.0002801249
23.58,0.1455742,9.874664,-0.1434387,-0.03886412,0.01577038,0.00945748
23.60,0.1262589,9.882398,-0.1487122,-0.038247,0.0187042,0.01532426
23.62,0.1158297,9.813103,-0.1351665,-0.01502791,0.02787879,0.01721877
23.64,0.1216617,9.755234,-0.1257178,0.007931907,0.03043627,0.00809324
23.66,0.1357084,9.717025,-0.09267692,0.01887955,0.01432425,-0.00898851
23.68,0.1664215,9.752217,-0.09227435,0.01916214,-0.01107824,-0.02122019
23.70,0.1429413,9.852126,-0.09487611,0.01731993,-0.02503449,-0.01836491
23.72,0.1037699,9.910162,-0.1303189,0.01786108,-0.02146936,-0.004648153
23.74,0.08019713,9.931655,-0.1616354,0.006854563,-0.0107643,0.0128649
23.76,0.08431889,9.868412,-0.1609205,-0.007458002,0.0009449939,0.02344683
23.78,0.1399664,9.821182,-0.1523269,-0.01883793,-0.0005885758,0.02150259
23.80,0.1603445,9.80204,-0.1284953,-0.01367628,0.001191973,0.003858179
23.82,0.142201,9.813217,-0.1361215,0.00100494,0.009296763,-0.01175727
23.84,0.1138607,9.812944,-0.1549978,0.008285964,0.01847075,-0.01977505
23.86,0.1332707,9.823652,-0.1530407,-0.0002881492,0.01727258,-0.02197315
23.88,0.1375584,9.831832,-0.1416129,-0.008451013,0.009727254,-0.0155987
23.90,0.1433002,9.866486,-0.1362868,-0.009329032,0.002478622,-0.004532189
23.92,0.1437751,9.875337,-0.128909,0.001687759,0.007729492,0.002296512
23.94,0.143403,9.85191,-0.1233936,0.01320951,0.009332796,0.004072122
23.96,0.1466443,9.852925,-0.1146065,0.01193711,0.002610549,0.001769652
23.98,0.1336154,9.8311,-0.1339588,0.0007124001,-0.002172342,0.001929098
24.00,0.1160609,9.863175,-0.1500761,-0.01017886,-0.002300142,0.002002798
24.02,0.1160088,9.873954,-0.1547343,-0.01168917,0.008702725,0.003040327
24.04,0.1183866,9.836938,-0.1413028,-0.007716802,0.01862587,0.0004847687
24.06,0.1173162,9.800531,-0.1405369,-0.006725196,0.01577736,-0.004559902
24.08,0.08577865,9.779975,-0.1324805,-0.009771353,0.01157521,-0.01615607
24.10,0.08745044,9.753667,-0.1211269,-0.01303899,3.341662e-05,-0.0262781
24.12,0.1008356,9.808557,-0.1245475,-0.002502022,-0.008930782,-0.03409709
24.14,0.06524508,9.877929,-0.1286839,0.01341439,-0.008448813,-0.03487502
24.16,0.06950555,9.865214,-0.1181503,0.01875656,-0.006382149,-0.02880121
24.18,0.1195847,9.84684,-0.1090582,0.005227123,-0.02381954,-0.01860139
24.20,0.1084599,9.849347,-0.1312592,-0.006379506,-0.03266782,-0.01315485
24.22,0.08505588,9.873775,-0.1739001,-0.007849064,-0.03008313,-0.01090641
24.24,0.06815472,9.851377,-0.1894195,0.002671125,-0.01065992,-0.007891482
24.26,0.07824554,9.807791,-0.1742708,0.0114498,0.008620542,-0.01786628
24.28,0.1264504,9.777311,-0.1219863,0.01196056,0.01216281,-0.03040812
24.30,0.1420357,9.809928,-0.09415421,0.005111904,0.002920727,-0.04560354
24.32,0.1182086,9.894114,-0.1008618,3.72916e-05,-0.00876749,-0.04360538
24.34,0.08194685,9.940683,-0.1377185,-0.006870138,-0.01133187,-0.02945078
24.36,0.07731544,9.934549,-0.1450247,-0.01079174,-0.005335272,-0.007325077
24.38,0.09581871,9.867031,-0.156378,-0.01723721,-0.002096174,0.01249539
24.40,0.1259111,9.815922,-0.1283415,-0.01216597,-0.000444129,0.0163577
24.42,0.1501186,9.778892,-0.1252537,-0.002699601,-0.0003100846,0.007762399
24.44,0.1502846,9.782502,-0.1077044,0.003474881,-0.002089884,-0.007732155
24.46,0.123131,9.80183,-0.1342977,0.001554385,-0.001688002,-0.01187302
24.48,0.1012076,9.853984,-0.1376909,-0.004612288,-9.332198e-05,-0.007869619
24.50,0.08605278,9.887305,-0.137176,-0.008491284,0.001649108,-0.001273307
24.52,0.08375966,9.899597,-0.1253697,-0.008071889,-0.00051479,0.005233726
24.54,0.07886709,9.864371,-0.1243586,-0.01147757,-0.004075644,0.01008123
24.56,0.07116114,9.823772,-0.1389011,-0.01558433,-0.003134436,0.01023689
24.58,0.07574937,9.785087,-0.1314527,-0.02028692,-0.008986738,0.01169856
24.60,0.0876207,9.77056,-0.1150844,-0.01396049,-0.009830417,0.0033447
24.62,0.0890681,9.791456,-0.09471081,0.002591317,-0.01106104,-0.008952663
24.64,0.07540151,9.825153,-0.08779673,0.009627133,-0.01342849,-0.01630615
24.66,0.06643653,9.840725,-0.1132319,0.007719424,-0.01545013,-0.01159354
24.68,0.06039863,9.869737,-0.1011513,-0.003425817,-0.02589695,-0.006458201
24.70,0.07143617,9.882219,-0.0978642,-0.009707751,-0.0376461,-7.049514e-05
24.72,0.08248202,9.914867,-0.1116411,-0.006641715,-0.04187469,0.005089771
24.74,0.06411451,9.916225,-0.1245389,0.003998462,-0.03169489,0.006087224
24.76,0.08679504,9.857397,-0.1066451,0.004775606,-0.0263873,0.006382913
24.78,0.1008872,9.849833,-0.1225573,-0.00902465,-0.02657254,0.01240178
24.80,0.0719929,9.874883,-0.1738293,-0.02471416,-0.0259887,0.01634523
24.82,0.06001,9.848803,-0.1956887,-0.0319121,-0.01027512,0.02208525
24.84,0.03259906,9.728038,-0.166786,-0.02388086,0.006202103,0.02272882
24.86,0.03200123,9.660709,-0.1123344,-0.009963663,0.01759569,0.008749114
24.88,0.05875111,9.678622,-0.06520865,0.001660423,0.006114543,-0.0108771
24.90,0.07396351,9.758538,-0.04066262,0.009146431,-0.01438001,-0.02659803
24.92,0.0375841,9.87942,-0.04131597,0.01440787,-0.02968789,-0.02501524
24.94,-0.03546153,9.909024,-0.07635044,0.01042759,-0.03274262,-0.01009819
24.96,-0.06331301,9.883296,-0.07112342,-0.003483085,-0.03307715,0.007508479
24.98,-0.02833961,9.838042,-0.04954346,-0.01579788,-0.04298535,0.01626437
25.00,0.03109661,9.837258,-0.04431054,-0.01525621,-0.05207533,0.009122117
25.02,0.04678462,9.836596,-0.05690201,-0.002552076,-0.05145045,-0.002337391
25.04,0.02474503,9.805641,-0.06812201,0.006898605,-0.04206901,-0.01436645
25.06,0.02284559,9.816064,-0.05762305,0.01270107,-0.03117036,-0.02347018
25.08,0.05678202,9.90635,-0.05152818,0.007095109,-0.03650406,-0.02912562
25.10,0.07931899,9.988438,-0.1020192,-0.01295911,-0.04023995,-0.01155582
25.12,0.07590794,9.979613,-0.15813,-0.03128967,-0.03460458,0.0205246
25.14,0.05939801,9.943107,-0.1815303,-0.03493634,-0.01309395,0.04716494
25.16,0.06918889,9.838937,-0.1707778,-0.02335168,0.01833669,0.05817425
25.18,0.07736151,9.72315,-0.136062,-0.009481324,0.04469962,0.04483288
25.20,0.09360876,9.651993,-0.06221231,-0.007751998,0.05240042,0.008597614
25.22,0.150372,9.677036,-0.006256635,-0.009934121,0.03301873,-0.02755913
25.24,0.1392344,9.804151,0.01678867,-0.01191836,0.004093,-0.04138195
25.26,0.08295733,9.925611,-0.0238965,-0.01105852,-0.005844653,-0.02424035
25.28,0.0573837,9.985847,-0.0686345,-0.01320446,-0.01089085,0.01371728
25.30,0.0853725,9.993622,-0.06728904,-0.02201448,-0.01793009,0.0482058
25.32,0.08490077,9.943637,-0.08175592,-0.02494127,-0.02092231,0.05934718
25.34,0.1317813,9.808701,-0.06200405,-0.03235395,-0.0217587,0.04863781
25.36,0.152968,9.70554,-0.06833331,-0.04301533,-0.02620768,0.03223881
25.38,0.1563587,9.700075,-0.1298244,-0.04507194,-0.02054705,0.01621754
25.40,0.1267176,9.722019,-0.166217,-0.03195057,-0.003311943,0.007710217
25.42,0.09629096,9.735893,-0.1568611,-0.008822034,0.0215594,0.003104539
25.44,0.1109174,9.790436,-0.1122069,0.01220467,0.03502007,0.0005279161
25.46,0.1254467,9.831625,-0.08734925,0.01757614,0.03735895,-0.002494484
25.48,0.1399339,9.912982,-0.05244799,0.006381508,0.02979594,-0.005579295
25.50,0.1055507,9.966179,-0.06300011,-0.01373572,0.02337383,0.0009289698
25.52,0.05281783,9.947323,-0.07184944,-0.03264889,0.02801017,0.01264601
25.54,0.04207823,9.877322,-0.07409376,-0.04194481,0.02870222,0.02472317
25.56,0.1020138,9.77979,-0.0659076,-0.03612907,0.01964576,0.02559901
25.58,0.1301513,9.755427,-0.06057751,-0.01091425,0.01160453,0.02003503
25.60,0.07316572,9.789959,-0.1194121,0.01068836,0.001515488,0.01856418
25.62,-0.1389784,10.00628,-0.2302283,-0.005293692,-0.01965314,0.0571742
25.64,0.1248026,9.715982,0.1588166,0.02060465,-0.09598562,0.06579293
25.66,0.07836029,9.683958,0.1661834,0.06412346,-0.1584777,0.05570229
25.68,0.06297939,9.879893,-0.1333491,0.07575918,-0.160837,0.07187454
25.70,0.08980931,9.883304,-0.2153083,0.06698037,-0.1349498,0.08646345
25.72,0.01851496,9.836637,-0.2582202,0.04217791,-0.09141538,0.08252823
25.74,0.05581651,9.696012,-0.1888428,0.02552274,-0.05752743,0.04380113
25.76,0.2686536,9.500872,-0.03947875,0.04201735,-0.02794829,-0.03448077
25.78,0.304267,9.498531,-0.1251942,0.05886831,0.005947566,-0.1126184
25.80,0.2012473,9.899448,-0.09024882,0.03728057,0.02367609,-0.1259598
25.82,0.1682274,10.01312,-0.001499491,0.01638967,0.01102528,-0.08923692
25.84,0.08588802,10.09287,0.1038701,0.009939027,-0.02191216,-0.03629557
25.86,0.06567518,10.06773,0.2328786,0.02569042,-0.07547559,0.004115135
25.88,0.07878588,10.02867,0.3050801,0.04833962,-0.1562826,0.03103618
25.90,0.07139003,10.05749,0.2686089,0.05415366,-0.2402936,0.03773516
25.92,0.1375274,10.02898,0.238129,0.05277484,-0.298119,0.03945286
25.94,0.27448,10.00746,0.1416598,0.02976516,-0.3337624,0.05058891
25.96,0.3604532,9.836273,0.1466841,0.0240244,-0.3515063,0.05187675
25.98,0.2734725,9.766571,0.1898448,0.02263842,-0.3768211,0.04740869
26.00,0.1851298,9.917616,-0.1026283,-0.01790665,-0.3742105,0.06302414
26.02,0.2151271,9.957062,-0.334938,-0.05748596,-0.3215363,0.09768739
26.04,0.286675,9.906486,-0.4638194,-0.07694315,-0.2178094,0.1195008
26.06,0.3526553,9.8642,-0.5210464,-0.07629056,-0.08436725,0.1224659
26.08,0.375458,9.82423,-0.485286,-0.0792476,0.04065813,0.1084339
26.10,0.3849469,9.794606,-0.4601183,-0.1099982,0.1456216,0.07522228
26.12,0.3654726,9.757843,-0.4958774,-0.1522916,0.2436047,0.03373928
26.14,0.3978857,9.746978,-0.4353739,-0.1834769,0.3263665,0.001530702
26.16,0.3856899,9.810197,-0.3365564,-0.1871391,0.389912,-0.0148385
26.18,0.3438455,9.840656,-0.2011309,-0.162777,0.4208701,-0.01485711
26.20,0.3573586,9.824127,0.02399639,-0.1207475,0.403635,-0.0115831
26.22,0.3225638,9.84973,0.1850789,-0.08529724,0.3482261,-0.004652097
26.24,0.2553622,9.861629,0.2260092,-0.07512046,0.2754905,0.005074205
26.26,0.2054228,9.848179,0.2924347,-0.07438356,0.1895165,0.009069081
26.28,0.2273215,9.803022,0.3437787,-0.06694164,0.09076978,0.01299341
26.30,0.285323,9.866431,0.2660434,-0.06039963,0.02300514,0.02605744
26.32,0.3678579,9.853046,0.1890118,-0.03731442,-0.01226269,0.03572253
26.34,0.4591729,9.799994,0.1923,0.001396265,-0.02652891,0.02816552
26.36,0.4727594,9.77042,0.1697923,0.02651707,-0.03869379,0.01325759
26.38,0.4048251,9.805327,0.1145386,0.03400663,-0.04307258,0.004653142
26.40,0.3267697,9.848281,0.1320318,0.02483471,-0.05027466,0.01425377
26.42,0.2902208,9.859302,0.1824758,0.01628236,-0.06244616,0.02316911
26.44,0.3055791,9.855178,0.2267017,0.01747655,-0.07565391,0.03484792
26.46,0.3699391,9.890976,0.2774,0.02096172,-0.09084225,0.03414686
26.48,0.3787663,9.936848,0.2797203,0.01963965,-0.1043431,0.03358626
26.50,0.3525268,9.979045,0.254461,0.01671252,-0.115988,0.03243645
26.52,0.3763592,9.966229,0.211631,-0.001201597,-0.1158329,0.04306936
26.54,0.3833496,9.906508,0.1910338,-0.01087263,-0.1131477,0.05917609
26.56,0.3386856,9.798836,0.223525,-0.02302755,-0.108358,0.07393594
26.58,0.2943431,9.77325,0.1769357,-0.03256864,-0.102375,0.07238372
26.60,0.3207518,9.726922,0.1592427,-0.04177383,-0.09092599,0.06500016
26.62,0.3752516,9.722069,0.1358854,-0.04641845,-0.06883288,0.0487038
26.64,0.4081744,9.701273,0.1501961,-0.04785792,-0.05178729,0.02791796
26.66,0.3818486,9.7156,0.2349632,-0.036986,-0.05523412,0.009575637
26.68,0.3570444,9.777426,0.2908941,-0.02521456,-0.07811738,-0.01035911
26.70,0.3631617,9.859631,0.2596344,-0.02403848,-0.1056432,-0.006164465
26.72,0.3434995,9.899434,0.1579701,-0.03600193,-0.1100579,0.01467319
26.74,0.3509587,9.868205,0.0854552,-0.04667084,-0.09590322,0.0392251
26.76,0.3684852,9.826221,0.09970143,-0.0467951,-0.07269645,0.05893957
26.78,0.3913282,9.802689,0.1435166,-0.0472873,-0.05680964,0.06236605
26.80,0.4445201,9.77257,0.1554401,-0.04361822,-0.04933666,0.04867604
26.82,0.5039964,9.705558,0.1593612,-0.04368091,-0.03047838,0.02163402
26.84,0.5261835,9.683805,0.1563264,-0.04000187,-0.01205223,-0.008411781
26.86,0.5190447,9.679008,0.1677786,-0.03802795,0.001685573,-0.03120833
26.88,0.5054204,9.74975,0.1692805,-0.03129933,0.008106916,-0.03521154
26.90,0.5069439,9.819707,0.1801547,-0.02619753,0.01495129,-0.03405127
26.92,0.5336176,9.880947,0.2221108,-0.02232942,0.02114899,-0.01951772
26.94,0.5219536,9.921364,0.2259078,-0.02608597,0.0230311,0.002575983
26.96,0.50103,9.927472,0.1366726,-0.04241081,0.04755141,0.02186721
26.98,0.5292928,9.862486,0.1754602,-0.04999715,0.06735557,0.02798929
27.00,0.5506066,9.785871,0.3726861,-0.03723774,0.04994458,0.02184342
27.02,0.5482348,9.798748,0.3952258,-0.02519111,0.02299938,0.01732994
27.04,0.5148111,9.813437,0.3242753,-0.0302554,0.01245625,0.01183293
27.06,0.5242105,9.834127,0.2549067,-0.04017439,0.02082149,0.01718819
27.08,0.548439,9.844663,0.2201272,-0.03963581,0.02999156,0.02611092
27.10,0.4892019,9.847822,0.3125744,-0.02477438,0.03150244,0.0330051
27.12,0.4859398,9.826653,0.3950015,-0.01117097,0.02526798,0.03821646
27.14,0.549629,9.837165,0.3910614,-0.0231038,0.004936346,0.04103362
27.16,0.5455375,9.865876,0.3029713,-0.04324505,0.001967463,0.04027158
27.18,0.5398486,9.826317,0.2673902,-0.04343104,0.01388979,0.04090649
27.20,0.5305865,9.832327,0.3756882,-0.02338645,0.02021091,0.04497739
27.22,0.5114215,9.878666,0.3544349,-0.01787651,0.02424876,0.05581823
27.24,0.5215744,9.877688,0.3113666,-0.02464649,0.03483142,0.06615761
27.26,0.5399065,9.87115,0.2874689,-0.03760231,0.04971165,0.06907511
27.28,0.5428103,9.836305,0.2514084,-0.04642696,0.07430629,0.06409688
27.30,0.5243617,9.789,0.3366424,-0.04141413,0.09083334,0.04571994
27.32,0.489402,9.76486,0.4277713,-0.03153631,0.08860938,0.02605466
27.34,0.5034584,9.75834,0.5140274,-0.03156309,0.05712593,0.01148567
27.36,0.5436089,9.837335,0.5305529,-0.0289545,0.008756717,0.01230672
27.38,0.5157549,9.866889,0.4151611,-0.0238211,-0.003359954,0.02735727
27.40,0.4895348,9.788101,0.376836,-0.004829365,0.001276162,0.04052807
27.42,0.4496545,9.736526,0.4100992,0.01275954,0.002115589,0.04014651
27.44,0.500915,9.623063,0.5012877,0.01639936,-0.01273893,0.0114134
27.46,0.6020449,9.583164,0.5305827,0.01849427,-0.03787844,-0.02715835
27.48,0.6512598,9.658941,0.4475138,0.01557286,-0.04419794,-0.05257017
27.50,0.6396489,9.765004,0.3820248,0.01418739,-0.02826503,-0.05623279
27.52,0.5947692,9.862799,0.4066198,0.01660998,-0.01754011,-0.03549897
27.54,0.5677693,9.96545,0.3418246,0.00608797,0.001752859,-0.003849223
27.56,0.6375828,9.981912,0.3059896,-0.01098539,0.03071516,0.0208487
27.58,0.6992106,9.899408,0.3367036,-0.02409313,0.05731395,0.02110837
27.60,0.7336506,9.790497,0.4041614,-0.02401094,0.07629176,0.0005622707
27.62,0.7244821,9.704992,0.4590698,-0.02266093,0.0707657,-0.02676534
27.64,0.6565717,9.747816,0.5153382,-0.01515129,0.04987395,-0.04322967
27.66,0.5889507,9.818836,0.4824761,-0.01734053,0.03344838,-0.03819742
27.68,0.6490051,9.928786,0.4388759,-0.02411278,0.02025162,-0.01320458
27.70,0.6985164,9.942088,0.413484,-0.02497392,0.01352263,0.01844735
27.72,0.6663865,9.905613,0.416455,-0.006708877,0.0230371,0.03446918
27.74,0.6493274,9.860877,0.4952557,0.001239012,0.02532526,0.0362095
27.76,0.6645186,9.866088,0.4214028,-0.02552826,0.01315831,0.03297075
27.78,0.6531857,9.85116,0.3890801,-0.05238356,0.006842624,0.02828239
27.80,0.6746133,9.811293,0.4180354,-0.04483913,0.009425255,0.02238055
27.82,0.6481553,9.747458,0.430749,-0.01416982,0.01404987,0.02120522
27.84,0.633543,9.723793,0.4312926,0.008121678,0.01345023,0.02044529
27.86,0.5928692,9.755526,0.4284782,0.00470354,0.007797803,0.01772812
27.88,0.567919,9.767732,0.3863556,-0.01277828,0.00969917,0.01676839
27.90,0.6394562,9.811137,0.4102713,-0.02310795,0.01770249,0.01060285
27.92,0.6809823,9.830956,0.4695564,-0.01658962,0.02655591,0.006233037
27.94,0.6780899,9.820482,0.4942474,-0.0128544,0.02568006,0.004325288
27.96,0.6485724,9.838709,0.4715914,-0.01637631,0.01889598,0.01011351
27.98,0.6269397,9.829955,0.488232,-0.01273862,0.009004261,0.02056395
28.00,0.5819545,9.833068,0.4614079,-0.006314922,0.006750962,0.03069481
28.02,0.572602,9.819896,0.4588547,-0.006048059,0.01199928,0.03689759
28.04,0.5906195,9.778257,0.4855627,-0.00977066,0.01064097,0.03148155
28.06,0.6251731,9.742827,0.4950822,-0.01503988,0.01545853,0.01761455
28.08,0.6483822,9.664647,0.5148619,-0.01642435,0.00595416,-0.005453211
28.10,0.6364169,9.688564,0.5167254,-0.01246572,-0.00953295,-0.02480002
28.12,0.5884638,9.721637,0.5545102,-0.001532859,-0.02458314,-0.02975355
28.14,0.554378,9.799683,0.5495096,0.007657242,-0.04383793,-0.02032991
28.16,0.5745395,9.86017,0.5339107,0.008837803,-0.05340559,-0.006880482
28.18,0.6158272,9.876961,0.4762201,0.0008960959,-0.05513026,0.004320247
28.20,0.6418946,9.87904,0.4621657,-0.006144958,-0.04111506,0.005469393
28.22,0.6452079,9.86522,0.4757645,-0.01119987,-0.02572995,-0.0003464489
28.24,0.6485351,9.840316,0.4902857,-0.0178678,-0.01964108,-0.002160032
28.26,0.6209053,9.81912,0.4775274,-0.02503533,-0.01840517,0.0008544763
28.28,0.5684747,9.835018,0.4887126,-0.02431365,-0.01922457,0.003303351
28.30,0.5912092,9.832418,0.4587852,-0.01921508,-0.01272106,0.008018053
28.32,0.6402313,9.811389,0.4474657,-0.010125,-0.004055943,0.005441749
28.34,0.6224875,9.813286,0.4968055,0.000879235,0.00519206,-0.00303729
28.36,0.6331195,9.793437,0.5280758,-0.002852131,0.0004562929,-0.01172397
28.38,0.6541585,9.823591,0.4964695,-0.02057145,-0.01266863,-0.006435898
28.40,0.6150221,9.899835,0.4466423,-0.02880247,-0.009486783,0.007522054
28.42,0.6048256,9.884322,0.4265819,-0.02016684,0.008545632,0.02674454
28.44,0.5935423,9.82395,0.5005757,-0.003133199,0.02600711,0.03242723
28.46,0.6205775,9.767085,0.5716839,0.003133011,0.01724744,0.02885765
28.48,0.6460251,9.72116,0.5607814,-0.00756314,0.002888814,0.007453079
28.50,0.6547739,9.758134,0.5438472,-0.01193557,0.002056451,-0.00561061
28.52,0.635812,9.814372,0.4926713,-0.01531374,0.01495896,-0.003618162
28.54,0.630609,9.8394,0.4580579,-0.02315484,0.03066264,0.006974585
28.56,0.6440584,9.841585,0.4997628,-0.03200517,0.03822935,0.01854437
28.58,0.6540073,9.793204,0.5721323,-0.02998177,0.03036945,0.0212699
28.60,0.6603047,9.780414,0.6483502,-0.0235863,0.003806881,0.01836753
28.62,0.6936445,9.865856,0.6683062,-0.02107224,-0.01797753,0.02347567
28.64,0.7216731,9.9583,0.5615317,-0.04587406,-0.01598543,0.03537227
28.66,0.7401445,9.956974,0.4493088,-0.08055657,0.002240675,0.05525484
28.68,0.7715546,9.882067,0.4677119,-0.09927208,0.0299777,0.06789549
28.70,0.7741859,9.799798,0.5996036,-0.08683862,0.03267915,0.0638476
28.72,0.7437808,9.726645,0.6769305,-0.0724733,0.0119801,0.06220654
28.74,0.7366756,9.740832,0.6548764,-0.0672059,-0.01108572,0.06776635
28.76,0.7433716,9.787063,0.5629785,-0.07467602,-0.01050132,0.0838063
28.78,0.7757084,9.800416,0.5064404,-0.07081418,0.01880696,0.09910732
28.80,0.7832938,9.785888,0.445595,-0.06450474,0.07971846,0.1104217
28.82,0.7717338,9.624557,0.4814761,-0.0447243,0.1310623,0.09285851
28.84,0.8140173,9.548617,0.6410125,-0.01749827,0.1489027,0.05239595
28.86,0.8276195,9.45633,0.8133826,0.00960215,0.1218842,-0.009028078
28.88,0.796447,9.521713,0.9351054,0.03278468,0.06225853,-0.06330305
28.90,0.7437128,9.667604,0.9046717,0.03753804,0.009327707,-0.08582807
28.92,0.7106668,9.850477,0.7853901,0.03148244,-0.01945556,-0.06731156
28.94,0.7184263,10.00961,0.7106469,0.03409438,-0.0242884,-0.02768834
28.96,0.740002,10.02852,0.727099,0.04063414,-0.01599442,0.005028314
28.98,0.8136676,9.937061,0.7262052,0.02997664,-0.01742797,0.02480005
29.00,0.8148004,9.873093,0.7123534,0.004102578,-0.032052,0.02882075
29.02,0.754153,9.81995,0.6748625,-0.01273048,-0.03879665,0.02341232
29.04,0.7381905,9.760793,0.6261949,-0.010034,-0.02642078,0.01605136
29.06,0.7721452,9.71676,0.6064496,0.004981587,-0.002561074,0.009482037
29.08,0.7967422,9.72847,0.5993339,0.01878873,0.01646307,0.006840816
29.10,0.7782281,9.770882,0.6092559,0.01492457,0.03200654,0.007735659
29.12,0.7643769,9.857835,0.6475292,0.004750907,0.03538479,0.009186066
29.14,0.7456478,9.870154,0.6915717,-0.01334184,0.0372752,0.01236444
29.16,0.7280889,9.81893,0.7080882,-0.02214613,0.03942182,0.01481302
29.18,0.7711012,9.746894,0.7345102,-0.02721103,0.03603783,0.01179577
29.20,0.8045142,9.719643,0.7433067,-0.0247169,0.02734821,0.007405029
29.22,0.7836133,9.745556,0.7287872,-0.02364765,0.02129387,0.008342898
29.24,0.7800214,9.765378,0.7077618,-0.0192981,0.02440798,0.01467682
29.26,0.7864558,9.76227,0.7297832,-0.008006845,0.02602151,0.01779412
29.28,0.7853752,9.746677,0.7577093,-0.003232539,0.02169803,0.01203911
29.30,0.7919312,9.735125,0.7172074,-0.01790611,0.02079283,0.005129663
29.32,0.8201922,9.717503,0.6672207,-0.0360136,0.03394227,-0.002117623
29.34,0.8533417,9.732293,0.6792772,-0.03954479,0.05362096,-0.01022791
29.36,0.8467273,9.755537,0.7458962,-0.02781775,0.05246266,-0.008503214
29.38,0.8073717,9.7943,0.8071089,-0.02292729,0.03510237,-0.003956395
29.40,0.789367,9.81205,0.7552174,-0.02453349,0.02027863,0.006496238
29.42,0.8107135,9.81031,0.6922045,-0.02784648,0.02606818,0.01194995
29.44,0.868007,9.806752,0.7019878,-0.0215452,0.03626944,0.008091661
29.46,0.8729131,9.790446,0.7154624,-0.02356234,0.04111534,0.001291826
29.48,0.8436061,9.77444,0.7429546,-0.03117008,0.03870342,-0.003693867
29.50,0.8072805,9.759417,0.7801773,-0.03384402,0.02363463,-0.007246248
29.52,0.8187783,9.758768,0.8299074,-0.02301417,0.006263182,-0.009428523
29.54,0.8701838,9.837933,0.8221374,-0.01160593,-0.01191946,-0.005188016
29.56,0.870769,9.911468,0.7828494,-0.001581801,-0.02106076,0.008332822
29.58,0.8307262,9.905526,0.6575266,0.008867634,0.002654483,0.02081509
29.60,0.8363601,9.831127,0.6326205,0.001237671,0.02009717,0.03286381
29.62,0.8271729,9.780245,0.6392362,-0.02365269,0.0177981,0.04028295
29.64,0.7948743,9.729451,0.7184927,-0.03609614,0.004144831,0.02937448
29.66,0.7956241,9.66829,0.7883546,-0.02293622,-0.00926656,0.01406862
29.68,0.7858592,9.665006,0.8076857,0.01006439,-0.02000682,0.002742469
