time_s,ax,ay,az,gx,gy,gz
0.00,1.443526,8.540234,4.689377,0.03191618,0.005863766,0.01218685
0.02,1.476566,8.511707,4.645754,0.02741181,0.01210647,0.009794068
0.04,1.484522,8.505408,4.64769,0.02815201,0.01272689,0.006296614
0.06,1.462837,8.527756,4.648828,0.02903306,0.01593161,0.002343399
0.08,1.446414,8.55249,4.640576,0.02829,0.01696443,0.005578764
0.10,1.432271,8.553821,4.625744,0.01935607,0.01194908,0.004638279
0.12,1.450343,8.55303,4.618304,0.01297807,0.007073477,0.006819425
0.14,1.46044,8.549818,4.61152,0.009986432,0.0001307707,0.005451537
0.16,1.465339,8.540004,4.607643,0.01144451,0.00753567,0.005960151
0.18,1.471309,8.531276,4.618456,0.006011444,0.01211156,0.001418866
0.20,1.469069,8.531953,4.630685,0.0004260637,0.009162007,-0.002615196
0.22,1.456293,8.537547,4.645055,-0.003111898,-0.001445091,-0.003347482
0.24,1.443841,8.54343,4.633064,-0.006571198,-0.01552139,-0.001946617
0.26,1.452983,8.554027,4.603623,-0.0111797,-0.02376474,-0.001834057
0.28,1.452716,8.559542,4.577156,-0.01962238,-0.02144724,-0.001417264
0.30,1.450055,8.566176,4.547322,-0.02861446,-0.00754793,0.0006728084
0.32,1.443326,8.559374,4.542754,-0.03912485,0.002539648,0.003305134
0.34,1.438456,8.565269,4.562967,-0.05060964,0.006791944,0.007406364
0.36,1.421996,8.573848,4.595921,-0.05451831,0.01152038,0.0128884
0.38,1.429812,8.571877,4.61036,-0.05324496,0.02715257,0.01929451
0.40,1.443354,8.555913,4.672933,-0.04925422,0.04470497,0.02092998
0.42,1.454599,8.519128,4.705012,-0.04359796,0.05255127,0.02017411
0.44,1.450845,8.513784,4.743303,-0.0350238,0.04523581,0.02322287
0.46,1.436945,8.519236,4.758358,-0.0198241,0.03520787,0.02656241
0.48,1.441017,8.495758,4.797426,-0.01040535,0.03644644,0.02556065
0.50,1.483117,8.479583,4.838596,0.001736112,0.03196119,0.0212613
0.52,1.511875,8.425099,4.893537,0.01355413,0.005515898,0.01159367
0.54,1.521759,8.410497,4.903233,0.02494053,-0.03150658,0.00136273
0.56,1.516567,8.4163,4.857927,0.03169631,-0.06321488,-0.01219679
0.58,1.503926,8.45226,4.776574,0.03435366,-0.07611714,-0.02023845
0.60,1.490102,8.502325,4.700341,0.0358545,-0.07353574,-0.02090291
0.62,1.473669,8.532456,4.649086,0.0432645,-0.06005918,-0.02197922
0.64,1.445122,8.548667,4.64018,0.04628221,-0.04207038,-0.01656268
0.66,1.44037,8.582029,4.63569,0.04592542,-0.02608663,-0.00794343
0.68,1.417737,8.595802,4.624946,0.04808646,-0.01870276,0.003097619
0.70,1.424398,8.597973,4.618244,0.05227408,-0.01590142,0.01248924
0.72,1.441986,8.589967,4.610029,0.04572674,-0.01970469,0.02119765
0.74,1.464924,8.569753,4.584586,0.03184063,-0.02835857,0.02411278
0.76,1.49996,8.54177,4.551616,0.01698298,-0.04893333,0.02223824
0.78,1.513054,8.539816,4.514229,-0.002007691,-0.06434022,0.02113517
0.80,1.532138,8.556932,4.504531,-0.02270068,-0.07076962,0.01925635
0.82,1.546649,8.530237,4.514677,-0.03662559,-0.06838778,0.01313548
0.84,1.580059,8.50433,4.56052,-0.04673675,-0.06443176,0.005137627
0.86,1.607363,8.475208,4.61257,-0.05306701,-0.0546689,-0.005840843
0.88,1.610028,8.476524,4.633776,-0.05518419,-0.03885457,-0.01604056
0.90,1.587335,8.480412,4.641356,-0.05305098,-0.0174729,-0.02532382
0.92,1.568959,8.504808,4.671104,-0.04586647,-0.0008065669,-0.02791284
0.94,1.527627,8.525413,4.677512,-0.03478554,0.01685267,-0.02571526
0.96,1.513552,8.54064,4.723752,-0.02320462,0.02131611,-0.0218968
0.98,1.484943,8.539532,4.741392,-0.01268504,0.01498383,-0.01592105
1.00,1.478476,8.538358,4.754824,-0.003958099,0.003860231,-0.009616449
1.02,1.477242,8.547893,4.71778,0.008717616,0.002664003,-0.00219761
1.04,1.474687,8.552399,4.696167,0.02143096,0.0105209,0.006002176
1.06,1.503991,8.530126,4.71137,0.03117345,0.01851027,0.006824506
1.08,1.538463,8.496596,4.731393,0.04196496,0.01985547,0.007272965
1.10,1.554199,8.474977,4.747408,0.05268976,0.01367121,-0.001073095
1.12,1.561583,8.462622,4.752316,0.0633038,0.001847671,-0.009090293
1.14,1.534793,8.50366,4.711004,0.07129121,-0.01186549,-0.01242874
1.16,1.486991,8.563708,4.661131,0.0745242,-0.01448629,-0.008738706
1.18,1.457228,8.598926,4.610666,0.07856639,-0.01346982,0.001469209
1.20,1.474924,8.595801,4.59742,0.07842826,-0.01039294,0.007459144
1.22,1.490564,8.582907,4.554846,0.07753839,-0.004731149,0.01226012
1.24,1.507754,8.587618,4.531738,0.07124911,-0.004879404,0.01371364
1.26,1.525954,8.577037,4.502762,0.06550955,-0.00404052,0.01404735
1.28,1.532004,8.572557,4.471106,0.05914832,0.003603666,0.01183707
1.30,1.529915,8.588297,4.4455,0.05113111,0.01953049,0.01149544
1.32,1.509729,8.619025,4.431044,0.04380706,0.03595154,0.01457023
1.34,1.489492,8.634184,4.469764,0.03802003,0.04776654,0.02146142
1.36,1.484823,8.643036,4.486958,0.03469685,0.04473623,0.02912867
1.38,1.477959,8.647407,4.491929,0.03087028,0.04185134,0.03866093
1.40,1.47845,8.649747,4.477212,0.02956934,0.05116574,0.04717146
1.42,1.495323,8.643452,4.489084,0.0294832,0.05686944,0.05209887
1.44,1.531414,8.621345,4.518427,0.02588126,0.05290909,0.05252361
1.46,1.536084,8.597675,4.500176,0.0196708,0.04124519,0.05322158
1.48,1.519816,8.618393,4.505866,0.02603165,0.0408537,0.05827345
1.50,1.523307,8.633056,4.498671,0.04104284,0.04770017,0.06412886
1.52,1.531274,8.631099,4.489831,0.05828379,0.06170838,0.06826843
1.54,1.550441,8.644936,4.497591,0.05959556,0.07212837,0.07189315
1.56,1.583502,8.61811,4.494263,0.04464098,0.06692796,0.07082153
1.58,1.621323,8.604999,4.489429,0.02016616,0.03835444,0.06577937
1.60,1.639966,8.533266,4.444039,-0.01392286,-0.01092128,0.05202071
1.62,1.714495,8.445964,4.39153,-0.04844847,-0.07293866,0.03088536
1.64,1.770278,8.4212,4.367798,-0.07544976,-0.1197218,0.0001013138
1.66,1.766608,8.451957,4.346167,-0.1004293,-0.1233215,-0.02128589
1.68,1.699511,8.559934,4.313684,-0.1109275,-0.07288481,-0.0324554
1.70,1.606058,8.635532,4.355868,-0.1019868,-0.0006197822,-0.02558815
1.72,1.544706,8.672206,4.474233,-0.07726261,0.06753547,-0.01196062
1.74,1.539251,8.668882,4.654551,-0.04552139,0.1014403,0.003086393
1.76,1.566178,8.590995,4.831081,-0.01022436,0.09739017,0.01259268
1.78,1.613377,8.511687,4.921433,0.03059147,0.05308205,0.0106759
1.80,1.644668,8.451664,4.91603,0.0536855,-0.008786822,0.001002469
1.82,1.652745,8.468096,4.83414,0.06626924,-0.07362346,-0.008331333
1.84,1.636775,8.5111,4.688135,0.0651051,-0.1265844,-0.01751581
1.86,1.61748,8.569547,4.491113,0.05066127,-0.1468434,-0.0183228
1.88,1.61191,8.613805,4.294641,0.03234304,-0.1208354,-0.01494923
1.90,1.619325,8.657325,4.170369,0.01320526,-0.06024771,-0.01116402
1.92,1.620506,8.663679,4.16465,-0.003375926,0.004976354,-0.00707508
1.94,1.620413,8.648038,4.252676,-0.01529182,0.05654382,-0.002576667
1.96,1.615381,8.615086,4.415321,-0.02207374,0.07326684,0.001271716
1.98,1.614393,8.591434,4.550573,-0.019993,0.05816798,-6.12665e-05
2.00,1.610252,8.579577,4.624018,-0.01921615,0.03705248,0.004024795
2.02,1.588971,8.572628,4.633276,-0.01289992,0.007979821,0.004264746
2.04,1.596077,8.57429,4.613872,-0.006467503,-0.01767123,0.005072589
2.06,1.598564,8.593881,4.538979,-0.004830076,-0.02291652,0.009142259
2.08,1.629852,8.597636,4.4648,-0.007667405,-0.003788566,0.008959562
2.10,1.639708,8.562007,4.453604,-0.01070444,0.0123036,0.007959581
2.12,1.663449,8.54845,4.478564,-0.01514659,0.02244079,0.001645037
2.14,1.646605,8.550377,4.512896,-0.01770208,0.0234007,-0.001377395
2.16,1.617218,8.570077,4.533685,-0.01625357,0.0220987,-0.001867546
2.18,1.584033,8.600078,4.552681,-0.01730981,0.009774833,0.002219798
2.20,1.574424,8.595685,4.571252,-0.01142719,0.0005066907,0.007771031
2.22,1.602524,8.588906,4.553229,-0.009414325,0.001584079,0.01210661
2.24,1.61702,8.580143,4.526157,-0.007711537,0.01310547,0.01289039
2.26,1.635978,8.56149,4.524763,-0.005617685,0.0207606,0.01001926
2.28,1.645675,8.544434,4.541156,-0.00521751,0.01984717,0.005604377
2.30,1.654489,8.518994,4.574597,-0.004568373,0.007597055,0.002982588
2.32,1.64694,8.534729,4.575911,-0.001987291,0.0009936206,-0.003154303
2.34,1.624932,8.557645,4.575775,-0.004438454,-0.004632022,-0.005063853
2.36,1.614129,8.567934,4.55385,0.001763768,-0.004681722,-0.004585817
2.38,1.620905,8.567801,4.557532,0.004711375,-0.008691924,-0.00299539
2.40,1.626526,8.55274,4.572544,0.006864017,-0.0122355,-0.004148168
2.42,1.623315,8.552226,4.5598,0.008042741,-0.01093625,-0.004082397
2.44,1.613186,8.582407,4.539434,0.007880498,-0.01421716,-0.004740624
2.46,1.579066,8.601506,4.509271,0.0002239778,-0.01939312,0.001500705
2.48,1.577794,8.625136,4.46836,-0.004018555,-0.01191235,0.008743047
2.50,1.595701,8.618291,4.434073,-0.008916939,0.007125087,0.01739126
2.52,1.61949,8.592533,4.440979,-0.01477823,0.03218038,0.01878589
2.54,1.63872,8.569884,4.485974,-0.01814207,0.04795142,0.01801066
2.56,1.644496,8.542531,4.550256,-0.01875836,0.04870373,0.01622959
2.58,1.661131,8.523179,4.605902,-0.01644268,0.03694662,0.01550135
2.60,1.658784,8.512719,4.626903,-0.01531876,0.01772498,0.003128452
2.62,1.651428,8.509731,4.639775,-0.01044018,-0.002115197,-0.0004891022
2.64,1.644773,8.531401,4.621635,-0.008477415,-0.01387797,-0.003914688
2.66,1.636501,8.54271,4.574052,-0.006921402,-0.01344505,-0.007013999
2.68,1.62191,8.563643,4.551097,-0.005200285,-0.01005778,-0.003886547
2.70,1.615844,8.562346,4.558177,-0.005912234,-0.004280341,-0.002716461
2.72,1.624653,8.555182,4.547089,-0.007039064,-0.006126759,-0.003596485
2.74,1.612787,8.564773,4.553867,-0.008778146,-0.005312241,-0.0006495838
2.76,1.615963,8.568076,4.544499,-0.009460414,-0.001667641,-0.0003491937
2.78,1.612633,8.566097,4.537039,-0.01168081,-0.0009410607,0.004185836
2.80,1.628156,8.550443,4.5501,-0.01268252,0.004564012,0.00329278
2.82,1.630485,8.541018,4.566922,-0.01227774,0.01148532,0.003739351
2.84,1.624905,8.550566,4.583472,-0.014497,0.01092148,0.001434491
2.86,1.625589,8.549209,4.587913,-0.01232641,0.004685524,0.003725318
2.88,1.622768,8.540747,4.612295,-0.01057914,0.0002109441,0.002906834
2.90,1.637264,8.528134,4.609426,-0.009021498,-0.006939471,0.0008048824
2.92,1.649788,8.51016,4.613353,-0.006071631,-0.01246047,-0.003334175
2.94,1.637026,8.533366,4.600093,-0.004052769,-0.01018693,-0.005243429
2.96,1.611239,8.559595,4.582276,-0.004826277,-0.005363734,-0.0005855523
2.98,1.605765,8.563514,4.564315,-0.005521348,-0.001174069,0.001356683
3.00,1.617571,8.550882,4.568944,-0.005664032,-9.52982e-05,0.005225485
3.02,1.635778,8.537367,4.576294,-0.006372617,0.001336555,0.004862527
3.04,1.643852,8.531033,4.581342,-0.007479698,0.003273702,0.0014823
3.06,1.622792,8.546882,4.581537,-0.008056974,0.005497198,0.003533997
3.08,1.617083,8.559414,4.587437,-0.01177138,0.002280556,0.006288692
3.10,1.61616,8.557695,4.584847,-0.01255767,0.0004046275,0.007794607
3.12,1.630231,8.544097,4.588115,-0.009610378,0.0007398736,0.01012897
3.14,1.64548,8.528509,4.578191,-0.00924157,0.00655312,0.008078568
3.16,1.657233,8.514687,4.584393,-0.008547827,0.01267754,0.003188208
3.18,1.652714,8.521198,4.611807,-0.00946472,0.0132922,0.001407229
3.20,1.633716,8.516752,4.638534,-0.008068043,0.005428605,0.0008710351
3.22,1.630188,8.528422,4.639359,-0.00776583,-0.004469372,-0.0006247852
3.24,1.640428,8.520787,4.622407,-0.007707472,-0.01183941,-0.002613632
3.26,1.640276,8.533646,4.592321,-0.006827073,-0.01178995,0.0002305094
3.28,1.636952,8.540158,4.581562,-0.009077089,-0.00320155,0.0004426195
3.30,1.630542,8.539403,4.594492,-0.00691218,0.003317599,0.001287818
3.32,1.631928,8.528748,4.609046,-0.006959729,0.007801036,0.001268013
3.34,1.630388,8.532728,4.629793,-0.007038269,0.003191479,0.004020938
3.36,1.626246,8.528255,4.615033,-0.006128962,-0.003264489,0.003496216
3.38,1.639848,8.522003,4.614778,-0.007389493,-0.005909216,0.005116404
3.40,1.647995,8.515455,4.601517,-0.006648803,-0.003924292,0.001964252
3.42,1.646346,8.519785,4.598984,-0.008040067,0.004345107,0.00149155
3.44,1.643327,8.523302,4.609435,-0.008578795,0.009047047,0.002090663
3.46,1.631461,8.52317,4.625192,-0.008710259,0.006866936,0.002438348
3.48,1.641214,8.512459,4.633383,-0.00686431,0.001452102,0.000704967
3.50,1.650517,8.518687,4.637228,-0.005911928,-0.004217627,0.0001941408
3.52,1.640433,8.515683,4.633738,-0.004447442,-0.002405661,-0.0002601827
3.54,1.633458,8.523762,4.620384,-0.005463894,0.002564086,0.0001097151
3.56,1.633489,8.538929,4.601135,-0.004534232,0.006939109,0.00415767
3.58,1.634444,8.533386,4.620461,-0.00337155,0.008927956,0.005181936
3.60,1.634998,8.513544,4.637984,-0.001730455,0.003233694,0.004868695
3.62,1.666303,8.490823,4.639978,-0.003052869,-0.0008035986,0.003541577
3.64,1.657418,8.515778,4.619097,-0.00595566,0.001132818,0.0008617807
3.66,1.623553,8.552256,4.609693,-0.009573095,0.002374377,0.002907212
3.68,1.608964,8.543162,4.607541,-0.01173835,0.005193102,0.008276397
3.70,1.648199,8.522079,4.62303,-0.01235745,0.007651433,0.009829065
3.72,1.664362,8.484814,4.622193,-0.009181558,0.008984765,0.008601612
3.74,1.670406,8.487279,4.642943,-0.00677985,0.01450584,0.002361909
3.76,1.649082,8.509816,4.656534,-0.003715978,0.02026755,0.001603964
3.78,1.630078,8.524024,4.664716,-0.005206915,0.01452161,0.003270569
3.80,1.620391,8.528015,4.661767,-0.003844579,0.001436466,0.006115435
3.82,1.639166,8.511501,4.649551,-0.003899784,-0.001171736,0.008581566
3.84,1.658015,8.500014,4.619032,-0.006781898,0.0001052146,0.006630976
3.86,1.662772,8.488243,4.603981,-0.007065842,0.005175003,0.002615514
3.88,1.660377,8.491878,4.616163,-0.008405884,0.01451151,0.0005901352
3.90,1.657694,8.492717,4.666991,-0.004734892,0.01670529,0.0001877252
3.92,1.635848,8.504236,4.687235,-0.003157043,0.006425784,-0.0009615496
3.94,1.626668,8.51145,4.682006,-0.003779373,-0.005808894,0.001312399
3.96,1.623631,8.514176,4.644676,-0.003266004,-0.01172455,0.002511574
3.98,1.635416,8.516642,4.617151,-0.00565027,-0.009134528,0.003801102
4.00,1.657202,8.496987,4.61632,-0.009871429,0.00119772,0.005320266
4.02,1.653742,8.495774,4.615591,-0.01164586,0.01241902,0.00223345
4.04,1.639695,8.506809,4.630629,-0.01207256,0.01747769,0.004122104
4.06,1.644444,8.498796,4.66237,-0.01011503,0.01567999,0.005133423
4.08,1.652437,8.482981,4.68916,-0.009351883,0.01082837,0.002866251
4.10,1.663208,8.486156,4.692263,-0.006293428,0.00329718,0.001185819
4.12,1.650956,8.478983,4.681066,-0.006272382,0.0001651907,-0.0004218171
4.14,1.643879,8.510069,4.660874,-0.003654949,0.001000096,-0.0007563428
4.16,1.639292,8.496718,4.664082,-0.002250742,-0.0004270292,0.001638216
4.18,1.644146,8.493206,4.668871,-0.001730985,0.002018005,0.001301652
4.20,1.641353,8.518075,4.652454,-0.0002203391,0.004069979,0.003661392
4.22,1.635796,8.498295,4.646469,-0.0009205907,0.009322049,0.005231183
4.24,1.635825,8.509053,4.661394,-0.003327845,0.0116935,0.004370223
4.26,1.653998,8.478724,4.657183,-0.00493354,0.00390588,0.002417382
4.28,1.659569,8.470417,4.651261,-0.006448164,-0.001169326,-0.001136698
4.30,1.64258,8.501631,4.659159,-0.009920166,-0.002968044,0.0006412549
4.32,1.622044,8.521971,4.676627,-0.009943235,0.00296724,0.00387862
4.34,1.633042,8.506191,4.677939,-0.004998168,0.004558414,0.005037779
4.36,1.648318,8.485561,4.680251,-0.003904338,0.004012605,0.005672989
4.38,1.657038,8.467292,4.67887,-3.270991e-05,0.003701959,0.003502504
4.40,1.66182,8.478416,4.691931,0.002691311,0.00586781,-6.579577e-05
4.42,1.64537,8.484079,4.662709,0.0007923642,0.007726063,0.0007945378
4.44,1.634904,8.506119,4.677494,-0.001999816,0.005524633,0.001072289
4.46,1.643178,8.495597,4.672488,-0.004746568,0.0001740816,0.003265901
4.48,1.644296,8.490204,4.652219,-0.005959746,-0.002260508,0.003007801
4.50,1.656698,8.481483,4.640807,-0.006575003,0.003856834,0.001654806
4.52,1.654805,8.496409,4.654365,-0.006142305,0.0121048,0.00163819
4.54,1.654004,8.484821,4.679955,-0.003354031,0.0131301,0.0004533366
4.56,1.649354,8.488972,4.703202,-0.003845003,0.005526106,0.000221958
4.58,1.646609,8.48173,4.709455,-0.001153997,-0.007676141,-0.0007173784
4.60,1.645779,8.485903,4.686511,-0.001150173,-0.0104064,-0.0006417434
4.62,1.656159,8.487866,4.669442,-0.003257348,-0.004435679,0.001071896
4.64,1.640795,8.494025,4.649169,-0.002423081,-0.001380326,-0.001485468
4.66,1.654836,8.482821,4.66184,-0.002690459,0.005123147,-0.0003590451
4.68,1.653925,8.486233,4.674783,-0.00476587,0.004143795,-0.0001424112
4.70,1.641527,8.488494,4.68357,-0.004473734,0.004802705,0.001145486
4.72,1.637167,8.488792,4.69263,-0.003161807,0.004710419,0.0008526931
4.74,1.648223,8.478353,4.695601,-0.001866561,0.002090089,0.0009587398
4.76,1.664069,8.474599,4.691126,2.531476e-05,0.001258849,0.0001193545
4.78,1.654638,8.483484,4.675747,-0.001493654,0.002293908,0.001143978
4.80,1.648748,8.498754,4.663015,-0.006952639,0.001880217,0.00248408
4.82,1.639279,8.506069,4.64854,-0.00592859,0.009657328,0.004037341
4.84,1.640112,8.497403,4.652771,-0.008082663,0.0160512,0.007173921
4.86,1.651513,8.475904,4.682355,-0.00540174,0.01197415,0.004964519
4.88,1.664234,8.463915,4.701262,-0.006432847,0.009415194,0.002674747
4.90,1.652596,8.478186,4.699613,-0.005466101,0.0118285,0.002637493
4.92,1.64544,8.47227,4.721668,-0.001603055,0.01162875,0.0009966611
4.94,1.655588,8.458161,4.731309,0.002012762,-0.0005121482,0.00178424
4.96,1.652495,8.471243,4.714715,-0.0003423046,-0.009027445,-0.005819815
4.98,1.635518,8.484753,4.684489,-0.002083202,-0.01385036,-0.002953791
5.00,1.619697,8.508488,4.671252,-0.003375274,-0.006077754,0.0003795183
5.02,1.627147,8.5013,4.662673,-0.005765796,-0.0004851209,0.005909873
5.04,1.646918,8.486179,4.67753,-0.003677053,0.003980405,0.005606725
5.06,1.663836,8.466301,4.682202,-0.004151399,0.007752925,0.00459136
5.08,1.669087,8.467683,4.689445,-0.003220133,0.00912277,0.001154489
5.10,1.639178,8.488696,4.684302,-0.004884209,0.01114994,0.0007889805
5.12,1.628649,8.489536,4.697736,-0.003544708,0.008946486,0.006123422
5.14,1.638936,8.476601,4.701571,-0.004176435,0.005532994,0.007085481
5.16,1.655015,8.468394,4.697627,-0.004133911,0.0006455567,0.00816265
5.18,1.659924,8.468429,4.692594,-0.006392925,0.0001156972,0.003463308
5.20,1.665125,8.464677,4.682074,-0.005232829,0.006748589,0.0001349157
5.22,1.659158,8.469168,4.695807,-0.00500423,0.01266225,-0.0009294839
5.24,1.64551,8.474277,4.722878,-0.004993013,0.0105556,-0.0006347321
5.26,1.641552,8.472972,4.738886,-0.002708296,0.0009161017,-0.0009235156
5.28,1.642563,8.478,4.713834,-0.0001876995,-0.001545241,0.001483315
5.30,1.63021,8.482384,4.682498,-0.005178229,-0.002208732,0.004987177
5.32,1.646252,8.480772,4.684833,-0.006496179,0.003255385,0.002050691
5.34,1.661254,8.465368,4.688511,-0.00888472,0.008509823,0.001449248
5.36,1.658888,8.449758,4.705887,-0.00837912,0.005690825,0.0001149016
5.38,1.637997,8.472631,4.71226,-0.00960474,0.007475137,0.0005833591
5.40,1.635142,8.478913,4.721337,-0.007619685,0.007397618,0.003113294
5.42,1.639417,8.472673,4.728194,-0.006018563,0.004282322,0.003353944
5.44,1.645643,8.465328,4.711641,-0.003420261,0.001969312,0.004244911
5.46,1.652061,8.464514,4.705763,-0.005515291,0.004131086,0.004510083
5.48,1.653185,8.461535,4.711195,-0.006618017,0.004946557,0.00126767
5.50,1.653803,8.457597,4.714837,-0.006889505,0.005413268,0.003756907
5.52,1.65405,8.465922,4.720302,-0.006516649,0.005242104,0.0009742512
5.54,1.651929,8.457549,4.734519,-0.006952108,0.003062653,-0.0004293904
5.56,1.646469,8.453403,4.731862,-0.003786069,0.0006409768,-0.0002987314
5.58,1.652623,8.459285,4.720552,-0.005101232,0.0004070587,0.0002195522
5.60,1.645719,8.459456,4.714743,-0.005752357,0.001240035,0.0005780353
5.62,1.647824,8.467276,4.73458,-0.001521624,0.00164186,-0.0005787061
5.64,1.643751,8.472557,4.717055,-0.00397062,0.002820343,0.001571852
5.66,1.645545,8.45799,4.711148,0.000206857,0.007390988,0.002541339
5.68,1.65223,8.447969,4.726381,-0.0008720271,0.006840171,0.002264777
5.70,1.661978,8.437055,4.745684,-0.0020089,0.002643217,-0.0002698072
5.72,1.666737,8.433082,4.746891,-0.000479639,-0.004618271,-0.004158048
5.74,1.645429,8.465796,4.735875,-0.002123967,-0.009935507,-0.004819902
5.76,1.623024,8.491817,4.728964,-0.002443118,-0.006408196,-0.0009272436
5.78,1.616715,8.496884,4.701589,-0.004933862,-0.003506917,0.004252614
5.80,1.643492,8.473592,4.689734,-0.003710362,-6.775181e-05,0.008622615
5.82,1.670849,8.445446,4.690338,-0.004717967,0.005976611,0.00586485
5.84,1.677496,8.444766,4.699135,-0.006303038,0.01129272,0.002259294
5.86,1.662331,8.464111,4.717402,-0.007200876,0.01802248,-2.405099e-05
5.88,1.656158,8.45495,4.743874,-0.00608827,0.01680304,0.0002578391
5.90,1.649229,8.44991,4.75507,-0.004262998,0.01152326,-0.0004802165
5.92,1.662135,8.435055,4.773965,-0.002790338,0.001336795,-0.002092199
5.94,1.674526,8.442267,4.725956,-0.002237879,-0.008356448,-0.005511362
5.96,1.648636,8.458335,4.70366,-0.01054486,-0.004408714,-0.004750633
5.98,1.626347,8.480617,4.683788,-0.01302698,0.00655687,-0.001161218
6.00,1.612631,8.511927,4.6865,-0.01884511,0.01613332,0.003983099
6.02,1.610289,8.49184,4.668857,-0.02854053,0.01592325,0.009757209
6.04,1.642262,8.466729,4.66648,-0.03709493,0.01322184,0.01188205
6.06,1.660795,8.444663,4.662887,-0.04461582,0.01421746,0.01228386
6.08,1.649607,8.447054,4.639635,-0.05821472,0.02581608,0.0144223
6.10,1.624222,8.480472,4.645656,-0.07753064,0.03986528,0.01686093
6.12,1.600323,8.486259,4.646509,-0.09195767,0.05234643,0.02456344
6.14,1.602405,8.464852,4.687428,-0.1022923,0.05713522,0.03526371
6.16,1.603286,8.450647,4.726295,-0.1134035,0.05971415,0.03924994
6.18,1.638311,8.417772,4.722496,-0.1265506,0.06708771,0.04191961
6.20,1.622799,8.394484,4.762668,-0.1491096,0.07213148,0.04490599
6.22,1.626185,8.396568,4.773966,-0.1661364,0.07818998,0.04867097
6.24,1.617915,8.378835,4.773775,-0.1738273,0.08983812,0.05332734
6.26,1.649373,8.359998,4.801364,-0.183872,0.108544,0.05620458
6.28,1.643822,8.327072,4.855594,-0.2028214,0.127064,0.05441532
6.30,1.642033,8.288812,4.962497,-0.2294514,0.120304,0.05282181
6.32,1.626484,8.272811,5.119301,-0.2689404,0.08471432,0.04957973
6.34,1.545925,8.357128,5.195085,-0.3082286,0.0284477,0.06009566
6.36,1.452907,8.335565,5.075165,-0.3276757,-0.02751769,0.08923192
6.38,1.507039,8.27316,5.095122,-0.33342,-0.08279407,0.1139268
6.40,1.560754,8.304318,5.096909,-0.3339037,-0.07776574,0.1379062
6.42,1.51399,8.391769,5.192391,-0.3732901,-0.03473087,0.177452
6.44,1.464906,8.41722,5.275017,-0.4553854,-0.02864968,0.2142233
6.46,1.482713,8.170822,5.372926,-0.5167786,-0.06384436,0.2499197
6.48,1.742431,7.979183,4.97561,-0.505441,-0.06284048,0.290034
6.50,1.944175,7.757159,4.713056,-0.4928402,0.01081174,0.3099195
6.52,2.166667,7.674517,4.614396,-0.5536348,0.2155758,0.3061418
6.54,2.326909,7.640443,4.734656,-0.6635805,0.4962905,0.3478837
6.56,2.380833,7.619092,5.013103,-0.7555436,0.7978715,0.4867782
6.58,2.21533,7.527462,5.204034,-0.7962075,1.065717,0.6650449
6.60,2.142772,7.5201,5.461777,-0.8038313,1.269517,0.8061351
6.62,2.10702,7.354723,5.680483,-0.7595302,1.406979,0.8558977
6.64,1.977603,6.922215,6.320651,-0.7056497,1.370476,0.7712715
6.66,1.735681,6.708909,6.847908,-0.6583178,1.237846,0.6246603
6.68,1.430876,6.738088,6.895005,-0.5747112,1.115529,0.5183612
6.70,1.104831,6.698684,6.872446,-0.5301039,1.025823,0.4524653
6.72,0.9742417,6.777512,6.90546,-0.5252451,0.9919647,0.4265027
6.74,1.048741,6.727369,7.037594,-0.5185434,0.9982234,0.4224458
6.76,1.201252,6.445372,7.203957,-0.4894415,1.005099,0.4299172
6.78,1.247609,6.171688,7.269398,-0.4960366,1.039681,0.4257787
6.80,1.138286,6.106569,7.279922,-0.5048816,1.097962,0.4010489
6.82,0.9114401,6.071036,7.50959,-0.5400268,1.160574,0.3591281
6.84,0.769362,6.075274,7.708408,-0.570529,1.195649,0.3402947
6.86,0.6094187,5.962391,7.863616,-0.5838177,1.222517,0.3458467
6.88,0.4560747,5.737174,8.011183,-0.5636851,1.186914,0.3696067
6.90,0.3435796,5.582851,8.244381,-0.5177463,1.066501,0.411292
6.92,0.3601449,5.650218,8.420928,-0.4396736,0.8927342,0.481221
6.94,0.3493994,5.758965,8.670648,-0.3638434,0.7209114,0.5729402
6.96,0.2562723,5.747343,8.722011,-0.3033839,0.5860324,0.6411135
6.98,0.2725258,5.767238,8.905237,-0.2627357,0.4570179,0.6894188
7.00,0.309418,5.764111,9.087896,-0.2359096,0.3183976,0.700692
7.02,0.3393996,5.709951,9.122554,-0.2361309,0.1958006,0.6679223
7.04,0.6205692,5.782651,9.156915,-0.2589025,0.08982483,0.6294106
7.06,0.9078312,5.829069,9.174339,-0.3029833,0.02243666,0.6023874
7.08,1.044029,5.803032,9.022484,-0.3754684,0.06633826,0.5914453
7.10,1.053868,5.604622,8.824282,-0.5016485,0.2124774,0.5694115
7.12,0.9877918,5.308126,8.664051,-0.6567042,0.3930613,0.5183638
7.14,0.9998564,5.063471,8.63586,-0.7717677,0.5249303,0.4453321
7.16,1.085222,4.772024,8.708743,-0.8122492,0.5919841,0.3938296
7.18,1.022157,4.404561,8.760796,-0.8337597,0.6291949,0.368337
7.20,0.7719836,4.118428,8.589511,-0.8921027,0.6525692,0.3587878
7.22,0.5034215,3.911559,8.357058,-0.9209312,0.6622966,0.3541853
7.24,0.3768491,3.628119,8.370512,-0.8535572,0.6432185,0.3536983
7.26,0.3686208,3.428602,8.671762,-0.727403,0.5795695,0.3619808
7.28,0.2270239,3.494609,8.986638,-0.6191978,0.4622064,0.3734924
7.30,-0.06483588,3.744769,9.144983,-0.5529869,0.3121441,0.3646965
7.32,-0.3005928,4.104386,9.240417,-0.5102875,0.1319078,0.3653295
7.34,-0.3525905,4.244078,9.209923,-0.4692819,-0.02105837,0.3811466
7.36,-0.296251,3.966107,9.150448,-0.4298778,-0.1219461,0.3988889
7.38,-0.2319028,3.671568,9.108558,-0.3961949,-0.1669721,0.3966171
7.40,-0.2059949,3.628256,9.109112,-0.3626811,-0.2088097,0.379991
7.42,-0.1483465,3.752447,9.065579,-0.3306626,-0.249578,0.3677442
7.44,-0.126787,3.838406,8.917582,-0.299201,-0.2484091,0.3637268
7.46,-0.1452892,3.729807,9.002167,-0.2539552,-0.2359437,0.3611613
7.48,-0.1226714,3.69151,9.024035,-0.1942134,-0.2326827,0.373327
7.50,-0.09019307,3.636222,8.694529,-0.09589864,-0.1689657,0.4172556
7.52,-0.1331892,3.586292,8.419476,-0.008969646,-0.03368225,0.4901794
7.54,-0.3877335,3.602323,8.22199,-0.00279358,0.1639968,0.5387484
7.56,-0.4661119,3.726491,8.379242,-0.07279531,0.3322434,0.5559453
7.58,-0.1852423,3.686414,8.651411,-0.1528167,0.4157239,0.5427533
7.60,0.2602413,3.365031,8.933115,-0.1821813,0.4432878,0.5096469
7.62,0.5674362,3.113304,9.175224,-0.1881628,0.4465663,0.4858477
7.64,0.5948325,3.120246,9.287536,-0.2055201,0.4677246,0.4829704
7.66,0.4582003,3.191589,9.279432,-0.2448026,0.5055416,0.4731948
7.68,0.4422526,3.098652,9.415097,-0.2845912,0.4948177,0.4305422
7.70,0.6178527,2.968444,9.698639,-0.3120303,0.3909958,0.35879
7.72,0.7205266,2.802952,9.77307,-0.3089513,0.2741757,0.2750377
7.74,0.7086754,2.627091,9.907718,-0.2817627,0.1755119,0.2077826
7.76,0.5490184,2.647297,9.921448,-0.2664327,0.09127373,0.1745562
7.78,0.335977,2.839852,9.78724,-0.2730551,-0.00487054,0.1645826
7.80,0.2434424,2.961292,9.683553,-0.2826701,-0.1015995,0.1716621
7.82,0.289703,2.893035,9.560867,-0.2667494,-0.1741604,0.1762053
7.84,0.4872881,2.724667,9.531328,-0.2241548,-0.2073009,0.1744675
7.86,0.6090454,2.705499,9.434462,-0.1922085,-0.2316428,0.1898129
7.88,0.5269043,2.743189,9.069192,-0.1969046,-0.2404545,0.2077518
7.90,0.4125143,2.667897,8.762399,-0.2115773,-0.2314191,0.2211777
7.92,0.4827503,2.472959,8.732835,-0.2084887,-0.2004044,0.2230756
7.94,0.6512139,2.341637,8.898867,-0.1785433,-0.1611224,0.2086661
7.96,0.7058707,2.307204,8.996605,-0.169343,-0.1122517,0.1807177
7.98,0.4585916,2.263924,8.873963,-0.1902013,-0.03323561,0.1271341
8.00,0.2716402,2.24371,8.916368,-0.2256987,0.03939587,0.07267918
8.02,0.30362,2.261178,9.227715,-0.2517508,0.08331041,0.04595989
8.04,0.3254833,2.298172,9.466496,-0.26784,0.1184084,0.04518453
8.06,0.1856594,2.267111,9.651407,-0.2617215,0.1804279,0.06748325
8.08,-0.08826934,2.197788,9.709188,-0.2775159,0.254386,0.09077521
8.10,-0.3199858,2.050577,9.586381,-0.324493,0.3102967,0.08573683
8.12,-0.3565584,1.853941,9.496216,-0.3645785,0.3368698,0.05527017
8.14,-0.2633001,1.599293,9.617857,-0.3718643,0.3367228,0.01198638
8.16,-0.2218119,1.497299,9.656983,-0.3664875,0.3072233,-0.03661976
8.18,-0.2714402,1.508141,9.543136,-0.3476366,0.2812988,-0.08330764
8.20,-0.2919719,1.48034,9.425153,-0.309778,0.2828515,-0.1083816
8.22,-0.2777416,1.354775,9.457457,-0.2719838,0.2802307,-0.1193748
8.24,-0.3076685,1.369294,9.677311,-0.2347683,0.2193872,-0.1231961
8.26,-0.2956778,1.376963,9.877823,-0.1738031,0.1484186,-0.1194215
8.28,-0.3099473,1.331998,9.894434,-0.1038643,0.1078786,-0.1092279
8.30,-0.3783377,1.297747,9.662971,-0.06469218,0.08135877,-0.1061514
8.32,-0.4042653,1.348097,9.55139,-0.04276679,0.02640871,-0.1083061
8.34,-0.3853586,1.476026,9.626616,-0.02797637,-0.0445118,-0.09914625
8.36,-0.494283,1.622509,9.641822,-0.02163669,-0.05813598,-0.06573568
8.38,-0.6987236,1.775733,9.500115,-0.02491587,0.02528908,-0.0001736537
8.40,-0.8801607,1.838944,9.390884,-0.03663651,0.1711216,0.07022349
8.42,-0.7343184,1.72204,9.569338,-0.05395538,0.2843638,0.1284126
8.44,-0.4774044,1.61462,9.774266,-0.06609426,0.3480278,0.1586128
8.46,-0.3882448,1.583916,9.698274,-0.1008149,0.4106655,0.1652156
8.48,-0.4207998,1.441599,9.503908,-0.1867451,0.4815455,0.1535199
8.50,-0.4079526,1.163564,9.479769,-0.2903007,0.5205267,0.1235922
8.52,-0.2798448,0.9279907,9.453607,-0.3276718,0.5569575,0.0970631
8.54,-0.1418704,0.7449272,9.645991,-0.2873621,0.5924633,0.09278128
8.56,-0.2793579,0.887219,9.761626,-0.2341297,0.6172222,0.1147011
8.58,-0.6425725,1.226807,9.851654,-0.2241553,0.5828305,0.1551765
8.60,-0.9021348,1.510707,9.878446,-0.2243581,0.4944178,0.1869466
8.62,-0.9610671,1.511965,9.920965,-0.187866,0.382125,0.2048584
8.64,-0.941834,1.341186,9.991736,-0.1178234,0.2934574,0.211329
8.66,-1.039821,1.205482,9.958602,-0.045862,0.2315036,0.2188765
8.68,-1.183091,1.16742,9.82606,-0.01646714,0.1729291,0.2144089
8.70,-1.236699,1.212147,9.732835,0.00260341,0.119341,0.2074585
8.72,-1.276176,1.224821,9.658371,0.04174948,0.103025,0.2050122
8.74,-1.27685,1.158496,9.726362,0.07724457,0.1142242,0.2093565
8.76,-1.306746,1.150824,9.832337,0.09238309,0.1206834,0.2032023
8.78,-1.232201,1.256681,9.857065,0.09677862,0.09458771,0.1867805
8.80,-1.153678,1.366421,9.718531,0.09395552,0.06525785,0.1578756
8.82,-1.218342,1.230848,9.441478,0.08056287,0.08756557,0.1262166
8.84,-1.324804,0.8451204,9.26519,0.06673453,0.1484768,0.1048844
8.86,-1.282583,0.552155,9.25457,0.05098352,0.2352117,0.116073
8.88,-1.27696,0.5681185,9.404878,0.04322385,0.3354455,0.1538324
8.90,-1.527971,0.8448312,9.475233,0.04053821,0.4389002,0.1801958
8.92,-1.688948,1.129547,9.580342,0.00943914,0.4757239,0.1815239
8.94,-1.736407,1.286043,9.601375,-0.04857733,0.4348966,0.1603421
8.96,-1.763188,1.348312,9.670422,-0.07683583,0.3519186,0.1483067
8.98,-1.929996,1.389121,9.792879,-0.05184841,0.3138227,0.1577294
9.00,-2.111423,1.099333,9.834155,-0.03176288,0.3457152,0.1681359
9.02,-2.207038,0.832748,9.801411,-0.08889135,0.3586004,0.1677511
9.04,-2.427748,0.9969081,9.684075,-0.1861456,0.291591,0.1413786
9.06,-2.410302,1.275069,9.48962,-0.1969701,0.1838753,0.1272159
9.08,-2.164738,1.388068,9.576493,-0.07416718,0.07249127,0.1883583
9.10,-2.170467,1.6013,9.780061,0.04995596,-0.02737729,0.2915938
9.12,-2.427792,1.978402,9.800077,0.05362682,-0.1419066,0.3789523
9.14,-2.615379,2.308404,9.460563,-0.02496863,-0.2580081,0.4371525
9.16,-2.620811,2.184565,8.924188,-0.04509315,-0.2896766,0.4685817
9.18,-2.450399,1.640489,8.619177,0.01173075,-0.2034074,0.4502497
9.20,-2.175709,1.159412,8.787979,0.05117673,-0.1055696,0.3791874
9.22,-2.083794,1.214003,9.416333,0.02310567,-0.1016691,0.2799062
9.24,-2.011397,1.668592,9.714447,0.02278749,-0.1416198,0.2188674
9.26,-1.955375,2.041431,9.485554,0.03559319,-0.167341,0.2346156
9.28,-2.213553,1.839711,9.363187,-0.005790547,-0.1569447,0.2502129
9.30,-2.077471,1.310528,9.580185,-0.05211003,-0.119036,0.2578693
9.32,-1.745485,0.8188079,10.12534,-0.0702764,-0.1200743,0.2653747
9.34,-1.621389,0.8001139,10.43942,-0.08107596,-0.1560013,0.2801605
9.36,-1.765621,1.237267,10.20966,-0.07701929,-0.1502663,0.3127827
9.38,-1.825819,1.701098,9.875326,-0.06936465,-0.09431946,0.3598137
9.40,-1.762354,1.483525,9.505554,-0.09823124,-0.02543697,0.3706338
9.42,-1.587196,0.7276772,9.603659,-0.1856067,0.01319969,0.3199815
9.44,-1.583061,0.5803827,9.765374,-0.2534513,0.07025256,0.2479597
9.46,-1.838362,0.9662158,9.716783,-0.271942,0.1901759,0.1670508
9.48,-1.978554,1.212309,9.685805,-0.275435,0.2948354,0.07531054
9.50,-1.786271,1.077544,9.631426,-0.2935663,0.3467981,-0.02046176
9.52,-1.617849,0.6372865,9.412125,-0.338641,0.3967541,-0.1162066
9.54,-1.656892,0.2597343,9.244299,-0.4050316,0.4737575,-0.188523
9.56,-1.839198,0.172451,9.123625,-0.4503148,0.5879614,-0.2226926
9.58,-1.894367,0.208835,9.011377,-0.4691433,0.7056357,-0.1986641
9.60,-1.834845,0.1994527,9.004459,-0.4633741,0.8007439,-0.1346679
9.62,-1.934734,0.145179,9.138805,-0.4550006,0.8196162,-0.09101819
9.64,-2.219417,0.1181498,9.343672,-0.4852904,0.7757104,-0.08821587
9.66,-2.574799,0.2376678,9.501662,-0.5497987,0.6963854,-0.1041053
9.68,-2.773673,0.4104605,9.60138,-0.6056809,0.5780617,-0.101935
9.70,-2.849449,0.5959226,9.757029,-0.5986061,0.4239915,-0.06056309
9.72,-3.019257,0.6599013,9.960214,-0.5159431,0.2793103,-0.003008036
9.74,-3.146307,0.2845175,9.989287,-0.4210251,0.1620346,0.04291717
9.76,-3.104562,-0.3047863,9.829949,-0.377691,0.05106867,0.06023022
9.78,-3.092381,-0.6848096,9.994307,-0.3376701,-0.07993798,0.04658669
9.80,-3.188339,-0.5853813,9.925123,-0.3051091,-0.2235155,0.02255321
9.82,-3.12124,-0.2331847,9.587784,-0.2659295,-0.3375805,0.05446339
9.84,-3.068432,-0.04585151,9.319619,-0.2229856,-0.3820755,0.136264
9.86,-3.108928,-0.07750915,9.114468,-0.1801392,-0.3446992,0.2182817
9.88,-2.928633,-0.08591003,9.117043,-0.1513864,-0.2711661,0.2612411
9.90,-2.795541,0.09905479,9.064487,-0.1393721,-0.2127659,0.2265143
9.92,-2.899066,0.1486747,9.013705,-0.167341,-0.1684856,0.1336805
9.94,-3.14576,-0.1174472,9.219029,-0.1861908,-0.1351289,0.02235718
9.96,-3.252775,-0.4022255,9.287967,-0.1798659,-0.06794061,-0.06254066
9.98,-3.025241,-0.3821173,9.078313,-0.1354397,0.04658835,-0.09237002
10.00,-2.790233,-0.2060141,8.985537,-0.08501349,0.1633374,-0.08695228
10.02,-2.585547,-0.1397043,9.302292,-0.03538833,0.1942622,-0.08084951
10.04,-2.349374,-0.09264021,9.587022,0.03593558,0.1757436,-0.09546587
10.06,-2.163444,0.1186596,9.741495,0.07841229,0.09315922,-0.1039666
10.08,-2.334702,0.234311,9.856902,0.07126659,-0.02571889,-0.1053495
10.10,-2.457767,0.1221641,9.88582,0.05692003,-0.1565214,-0.07639866
10.12,-2.356365,-0.139144,9.743726,0.08673292,-0.2270507,-0.007858213
10.14,-2.236264,-0.3353545,9.50188,0.1286602,-0.2278886,0.07588146
10.16,-2.303168,-0.382446,9.520059,0.1524357,-0.2259715,0.1409616
10.18,-2.628543,-0.542595,9.641665,0.1480921,-0.207222,0.1721147
10.20,-2.838646,-0.7566701,9.850338,0.1036048,-0.169782,0.1910439
10.22,-2.773615,-0.9204381,9.67304,0.04600409,-0.1096727,0.2207508
10.24,-2.54399,-1.075208,9.191758,0.008634068,-0.01210874,0.2299516
10.26,-2.264962,-1.21685,9.071273,0.01515976,0.07179096,0.1904372
10.28,-2.292077,-1.29581,9.249132,0.05297592,0.1120525,0.1142463
10.30,-2.558335,-1.259384,9.356237,0.02903529,0.1244778,0.06446357
10.32,-2.697817,-0.9435567,9.326877,-0.03567069,0.1233795,0.06095091
10.34,-2.667625,-0.5953302,9.473588,-0.07033052,0.1088822,0.08428764
10.36,-2.55653,-0.3980834,9.800402,-0.04863296,0.07332169,0.09468354
10.38,-2.468134,-0.2537497,9.829264,0.0008494655,0.00925299,0.08462556
10.40,-2.353017,-0.1704433,9.628104,0.05081807,-0.04107292,0.08105344
10.42,-2.340065,-0.1265096,9.42181,0.07017666,-0.07506481,0.0910164
10.44,-2.454908,0.03809608,9.291178,0.05940427,-0.1042033,0.1151931
10.46,-2.593225,0.1681697,9.285149,0.04389017,-0.1161821,0.141941
10.48,-2.681869,0.2127386,9.295001,0.02691036,-0.09276947,0.1659276
10.50,-2.701311,0.02307057,9.33801,0.008259566,-0.02777825,0.1676055
10.52,-2.700288,-0.2501425,9.334941,-0.02725748,0.05066754,0.1184454
10.54,-2.711857,-0.3279059,9.214439,-0.0764122,0.1200983,0.0411387
10.56,-2.797417,-0.2274852,9.058862,-0.1096313,0.1877591,-0.01773277
10.58,-2.860576,-0.1844973,8.994599,-0.136958,0.2494101,-0.04371366
10.60,-2.911585,-0.2449476,9.07524,-0.1565497,0.2830426,-0.05154992
10.62,-2.876762,-0.3587426,9.257676,-0.1477485,0.3075123,-0.06854708
10.64,-2.826544,-0.4567816,9.492471,-0.1143888,0.31737,-0.1071484
10.66,-2.864908,-0.4947082,9.735497,-0.07943816,0.2674084,-0.1496778
10.68,-2.89518,-0.3873499,9.818084,-0.0537249,0.1551531,-0.1726633
10.70,-2.832619,-0.1754789,9.725633,-0.01991599,0.02048361,-0.1487845
10.72,-2.733167,-0.06721032,9.598116,0.04369663,-0.08091933,-0.08265811
10.74,-2.650718,-0.164059,9.623377,0.08677071,-0.1452989,-0.01350144
10.76,-2.569291,-0.4008019,9.704753,0.1014156,-0.1806286,0.03230766
10.78,-2.503569,-0.5148576,9.599047,0.08669845,-0.1766002,0.04094589
10.80,-2.525571,-0.3708906,9.380573,0.0654525,-0.1589673,0.02888624
10.82,-2.559426,-0.1772735,9.236235,0.03603949,-0.1436346,0.03332917
10.84,-2.598223,-0.2470033,9.192544,0.002753996,-0.09857943,0.06246954
10.86,-2.699504,-0.4279081,9.162228,-0.04086912,-0.01905339,0.08922077
10.88,-2.760381,-0.5999609,9.171808,-0.08316434,0.07170632,0.0810731
10.90,-2.789592,-0.6290646,9.232691,-0.113372,0.1352852,0.04747763
10.92,-2.784469,-0.5597339,9.266356,-0.1208836,0.1606294,0.01206307
10.94,-2.82572,-0.4569559,9.271382,-0.1127728,0.1718855,-0.0007546417
10.96,-2.920328,-0.4796465,9.254745,-0.1015089,0.1716113,0.01038246
10.98,-2.990778,-0.6171768,9.2495,-0.095131,0.1734169,0.02638338
11.00,-3.039702,-0.6573542,9.298441,-0.07425198,0.181667,0.02798744
11.02,-3.142915,-0.626365,9.430854,-0.03876594,0.1962111,0.008743288
11.04,-3.222648,-0.5610231,9.618326,-0.02551971,0.1615272,-0.01873733
11.06,-3.164148,-0.445452,9.550076,-0.03384722,0.09101326,-0.03608544
11.08,-3.006049,-0.3846596,9.402682,-0.02840398,0.03525341,-0.02970698
11.10,-2.833217,-0.4404951,9.332005,0.01166831,0.005400176,-0.01671305
11.12,-2.68897,-0.5721831,9.444043,0.05885227,-0.0167114,-0.009812738
11.14,-2.700689,-0.554238,9.543828,0.07793649,-0.05600076,-0.01257869
11.16,-2.776696,-0.3707683,9.498145,0.06767255,-0.1037347,-0.005092409
11.18,-2.778415,-0.2782453,9.422004,0.0608252,-0.1297815,0.01341643
11.20,-2.751278,-0.3094262,9.383525,0.06983741,-0.1268842,0.03327933
11.22,-2.732646,-0.3687949,9.288067,0.0700992,-0.1177527,0.04418286
11.24,-2.706634,-0.4216086,9.225711,0.06079964,-0.1089763,0.03780699
11.26,-2.783639,-0.3386224,9.235457,0.05131155,-0.09103337,0.01595819
11.28,-2.982981,-0.2320601,9.298935,0.03182015,-0.05673837,-0.007536972
11.30,-3.122071,-0.1648047,9.326087,-0.001286207,-0.02435026,-0.0197472
11.32,-3.109129,-0.2485861,9.232524,-0.0302535,0.008141805,-0.0178756
11.34,-2.958663,-0.4834065,9.172945,-0.027182,0.05592121,-0.01685854
11.36,-2.886387,-0.6546835,9.180324,-0.005303374,0.1003262,-0.02205901
11.38,-2.905409,-0.6632664,9.257628,-0.002711615,0.1180561,-0.03130382
11.40,-3.003239,-0.5016258,9.378417,-0.009706222,0.1016992,-0.03124466
11.42,-2.98405,-0.5149742,9.477509,-0.0102999,0.07213319,-0.03105536
11.44,-2.86514,-0.6194415,9.485421,-0.005083705,0.04292272,-0.02795853
11.46,-2.780421,-0.5583122,9.402721,-0.004474067,0.0183954,-0.02572416
11.48,-2.780164,-0.3806743,9.293191,-0.016708,-0.007478881,-0.02077415
11.50,-2.810892,-0.3056522,9.346171,-0.03127333,-0.0270095,-0.01436533
11.52,-2.829887,-0.3138281,9.429018,-0.04151478,-0.02361711,-0.005384559
11.54,-2.810674,-0.299297,9.472361,-0.04684503,-0.01499535,0.01071507
11.56,-2.75617,-0.2056028,9.350076,-0.04301586,0.0006689929,0.02901565
11.58,-2.756351,-0.1932603,9.216065,-0.02569783,0.03264603,0.04268832
11.60,-2.868335,-0.3229209,9.259335,-0.01620654,0.04968527,0.04115838
11.62,-3.019839,-0.450534,9.331741,-0.02296169,0.05017962,0.02971969
11.64,-3.129158,-0.505011,9.327962,-0.02753133,0.05082405,0.01845703
11.66,-3.167083,-0.6067631,9.285565,-0.01337857,0.05633503,0.001806687
11.68,-3.156742,-0.737124,9.248791,0.009174867,0.04210959,-0.03192728
11.70,-3.125257,-0.9449738,9.277311,0.02898305,0.008825093,-0.08498908
11.72,-3.080468,-1.01776,9.40838,0.03858065,-0.03097424,-0.1327621
11.74,-3.032843,-0.7155371,9.479255,0.04204275,-0.06530418,-0.1365471
11.76,-3.033999,-0.2903791,9.417862,0.04388279,-0.08931086,-0.1090039
11.78,-2.962924,-0.06703819,9.357666,0.0370454,-0.1173178,-0.05775114
11.80,-2.805019,-0.1556891,9.304354,0.04728221,-0.1022745,0.002698049
11.82,-2.704257,-0.3419702,9.332463,0.06219988,-0.06146272,0.0508899
11.84,-2.749319,-0.3613067,9.403207,0.06940952,-0.008217273,0.07986252
11.86,-2.799976,-0.3445254,9.405703,0.06054187,0.0192543,0.0816712
11.88,-2.771541,-0.3785936,9.382745,0.03492587,0.02716277,0.0680263
11.90,-2.726366,-0.4491436,9.313158,0.009621009,0.03510332,0.04877073
11.92,-2.749369,-0.4932942,9.305334,-0.004403931,0.04664246,0.03256704
11.94,-2.845461,-0.4743887,9.367675,-0.01623161,0.03899617,0.02272915
11.96,-2.90719,-0.4491931,9.383836,-0.01858804,0.02419537,0.01074385
11.98,-2.859422,-0.5327293,9.439546,-0.01293965,-0.0002635106,-0.01143628
12.00,-2.821913,-0.4924468,9.458056,-0.00395619,-0.02768413,-0.02827549
12.02,-2.868213,-0.2982754,9.376128,0.001795219,-0.05034155,-0.03678364
12.04,-2.987402,-0.2128689,9.397211,0.008651847,-0.06720418,-0.02480375
12.06,-3.149681,-0.3193296,9.456965,0.01084262,-0.05780149,-0.01479291
12.08,-3.195911,-0.5318118,9.431267,-0.002892579,-0.02474439,-0.02677955
12.10,-3.060994,-0.5839503,9.293531,-0.01101843,0.01298832,-0.04710878
12.12,-2.923701,-0.5145006,9.166086,0.004017898,0.03370678,-0.05912086
12.14,-2.912359,-0.4021422,9.14349,0.01558131,0.04121017,-0.0467486
12.16,-2.946697,-0.4328347,9.311598,0.03341702,0.04085223,-0.02667575
12.18,-3.022699,-0.5588936,9.602433,0.03779952,0.03117506,-0.02509232
12.20,-3.003558,-0.5388504,9.730437,0.02139874,0.01505095,-0.02478475
12.22,-2.917122,-0.3468691,9.668923,-0.001981632,-0.009546479,-0.01782436
12.24,-2.898343,-0.171886,9.510825,-0.01527362,-0.01489917,-0.004660622
12.26,-2.831187,-0.2992015,9.45648,-0.002634657,-0.004308686,0.01219031
12.28,-2.777853,-0.5141618,9.489095,0.002224054,0.007216798,0.02352734
12.30,-2.873383,-0.4680899,9.530364,-0.007136627,0.006630227,0.01744898
12.32,-2.891439,-0.2885271,9.468454,-0.0323036,0.006247435,0.01921432
12.34,-2.850855,-0.3104407,9.430091,-0.04673739,-0.004585767,0.02620092
12.36,-2.880815,-0.437073,9.448414,-0.05244436,-0.01572986,0.01837373
12.38,-2.971133,-0.417486,9.504491,-0.04654692,-0.02630029,-0.009762437
12.40,-3.105279,-0.3696028,9.545281,-0.04040094,-0.0349037,-0.04934654
12.42,-3.154951,-0.3468491,9.599695,-0.03732224,-0.0474284,-0.07158433
12.44,-3.191156,-0.2696041,9.721826,-0.03131292,-0.08163463,-0.05738337
12.46,-3.274114,-0.1838481,9.812905,-0.02809098,-0.1192841,-0.01651784
12.48,-3.344229,-0.03754592,9.729441,-0.04240359,-0.1434902,0.04181694
12.50,-3.251575,0.03122817,9.484355,-0.0421236,-0.1346904,0.1031477
12.52,-3.050066,-0.3191158,9.274673,-0.003060176,-0.1059173,0.1328329
12.54,-2.975195,-0.9193767,9.251276,0.04029384,-0.08065297,0.09649462
12.56,-3.091708,-1.368814,9.308965,0.05886258,-0.03383417,0.00634467
12.58,-3.227386,-1.498112,9.351421,0.03315765,0.01753379,-0.1070921
12.60,-3.15064,-1.388535,9.500218,-0.02402489,0.01925891,-0.2008708
12.62,-3.033782,-1.025543,9.646585,-0.09835041,-0.04362933,-0.262038
12.64,-2.95741,-0.5586257,9.67222,-0.1560514,-0.1249667,-0.2939065
12.66,-2.809557,-0.3647152,9.596992,-0.1662287,-0.1709083,-0.2968265
12.68,-2.617448,-0.4981323,9.471049,-0.1301012,-0.1790528,-0.2765391
12.70,-2.44728,-0.7411158,9.238107,-0.08079147,-0.1611902,-0.2540854
12.72,-2.356833,-0.793031,9.036421,-0.0505252,-0.151096,-0.2317784
12.74,-2.351628,-0.5594743,8.891448,-0.0383267,-0.16204,-0.1965316
12.76,-2.463409,-0.3178743,8.926912,-0.02549279,-0.1649314,-0.148817
12.78,-2.598935,-0.3801837,9.006098,0.009487019,-0.1379043,-0.1064054
12.80,-2.533391,-0.5497016,9.145577,0.06206514,-0.1208362,-0.08513941
12.82,-2.321305,-0.4936973,9.33496,0.1269602,-0.1715823,-0.09592944
12.84,-2.291851,-0.3138029,9.50396,0.2016608,-0.2618738,-0.1506433
12.86,-2.362623,-0.198115,9.650934,0.2668316,-0.3456945,-0.2130149
12.88,-2.350734,-0.05758582,9.605046,0.3056391,-0.3565423,-0.2363859
12.90,-2.306728,0.01896458,9.551951,0.2841209,-0.2968196,-0.231489
12.92,-2.39101,0.1694517,9.771917,0.2358991,-0.2972681,-0.2288122
12.94,-2.322537,0.462109,9.880594,0.2146669,-0.3583094,-0.1915426
12.96,-2.207722,0.4264296,9.883332,0.2325124,-0.4025672,-0.1093842
12.98,-2.294654,0.05276268,9.731207,0.2375309,-0.3685825,-0.02953167
13.00,-2.291445,-0.4290938,9.553577,0.2121959,-0.2765217,-0.003000518
13.02,-2.032529,-0.7690409,9.643343,0.1783736,-0.2165892,-0.04835014
13.04,-1.79268,-0.8825653,9.85158,0.167882,-0.2227228,-0.1356289
13.06,-1.701581,-0.783236,10.02837,0.1540217,-0.2601021,-0.2211572
13.08,-1.861456,-0.4823757,9.928552,0.1108561,-0.2836688,-0.2741338
13.10,-1.989919,-0.1933326,9.789274,0.03613812,-0.2808006,-0.2683106
13.12,-2.001384,-0.1408297,9.708101,-0.001366895,-0.243866,-0.213045
13.14,-1.828639,-0.4298537,9.725789,0.02752412,-0.1629328,-0.1472991
13.16,-1.661152,-0.6810797,9.699978,0.04765814,-0.08624302,-0.1249615
13.18,-1.615731,-0.5487764,9.679993,0.01734495,-0.06411398,-0.1624502
13.20,-1.685653,-0.2199845,9.758494,-0.0249456,-0.08102226,-0.2291898
13.22,-1.705185,0.05311325,9.927572,-0.03942594,-0.1243975,-0.2754361
13.24,-1.721864,0.1344672,9.928072,-0.00677506,-0.1533058,-0.276766
13.26,-1.679195,-0.09327521,9.73712,0.0627109,-0.1340928,-0.2482773
13.28,-1.525532,-0.3335384,9.660122,0.1260767,-0.1090438,-0.2293254
13.30,-1.256989,-0.2428519,9.94556,0.170169,-0.1439922,-0.2253617
13.32,-1.192911,0.09462003,10.1449,0.195866,-0.2160934,-0.2384143
13.34,-1.333875,0.3489152,9.846264,0.2020925,-0.2288067,-0.2740269
13.36,-1.357226,0.2704659,9.66414,0.1993553,-0.1799879,-0.3249317
13.38,-1.333415,0.03748235,9.859267,0.2511044,-0.1923126,-0.3776822
13.40,-1.223623,0.1545756,9.951427,0.3525248,-0.2527391,-0.3839096
13.42,-1.093686,0.2708993,9.865644,0.4439518,-0.3479153,-0.3486023
13.44,-1.074285,0.4270954,9.800252,0.4975849,-0.4443,-0.2910872
13.46,-1.167679,0.5576688,9.576172,0.5171577,-0.4749656,-0.25691
13.48,-1.036642,0.5811488,9.731487,0.5241517,-0.5286685,-0.2411544
13.50,-0.8906901,0.6275567,9.736409,0.5498412,-0.6511281,-0.247453
13.52,-0.5904297,0.6691964,9.745604,0.628038,-0.8286582,-0.241837
13.54,-0.2094607,0.7636673,9.709232,0.7436937,-0.9681429,-0.2003523
13.56,-0.03436481,0.9099572,9.455101,0.82526,-1.011798,-0.1563837
13.58,0.04214309,0.9263339,9.44998,0.8600661,-0.9830758,-0.1324421
13.60,0.1502496,0.9296841,9.973879,0.8955959,-0.9902322,-0.1260395
13.62,0.2679373,1.215301,10.16877,0.9372587,-1.058018,-0.1104032
13.64,0.4922091,1.458479,10.34614,0.9616374,-1.131899,-0.04878406
13.66,0.4389968,1.354877,10.14922,0.9143632,-1.101548,-0.002172952
13.68,0.4525423,1.163127,9.839742,0.8395096,-0.9591352,-0.008150804
13.70,0.7976421,1.138864,10.15746,0.8434591,-0.8358401,-0.06456787
13.72,1.097685,1.392548,10.11552,0.9297732,-0.7880839,-0.1717235
13.74,1.262046,1.600222,9.937734,0.9487912,-0.8276933,-0.3393821
13.76,1.269197,1.798147,9.540885,0.8166041,-0.8949839,-0.5255503
13.78,1.495041,2.254814,9.512327,0.638685,-0.9608796,-0.616429
13.80,1.536304,3.006738,9.121002,0.4852409,-0.9357868,-0.5694678
13.82,1.407095,3.459679,8.682183,0.3673367,-0.8075158,-0.4067786
13.84,1.248363,3.337289,8.11986,0.2958552,-0.559128,-0.1993661
13.86,1.284951,2.82677,7.620566,0.2532083,-0.259078,-0.03577406
13.88,1.599044,2.388685,7.535358,0.2266056,0.0009511067,0.05535025
13.90,1.959424,2.326764,7.605177,0.1806997,0.1906931,0.08981099
13.92,2.203835,2.330931,7.71419,0.1327636,0.358259,0.07155913
13.94,2.368679,2.183159,7.842399,0.1055493,0.5165954,0.007997553
13.96,2.509607,2.064321,8.112396,0.1000023,0.6275429,-0.07333228
13.98,2.462489,2.251024,8.564006,0.1247899,0.6624482,-0.1764066
14.00,2.363813,2.880064,8.941728,0.1698093,0.5814931,-0.2477065
14.02,2.292525,3.53496,9.204084,0.2221085,0.4235877,-0.2487468
14.04,2.078315,3.83839,9.204412,0.2986123,0.2939495,-0.1887983
14.06,1.875617,3.79775,9.242739,0.3645785,0.2061304,-0.1120796
14.08,1.873705,3.74542,9.422842,0.3914743,0.09045989,-0.06482501
14.10,1.938871,3.763964,9.64288,0.4064128,-0.09757932,-0.07557705
14.12,1.946721,3.855685,9.651154,0.4388365,-0.3542268,-0.1318367
14.14,2.037418,3.980546,9.658617,0.5080374,-0.6356885,-0.1674039
14.16,1.992154,3.973768,9.501881,0.597263,-0.8090419,-0.1660593
14.18,1.89001,4.019608,9.125053,0.6614773,-0.8259671,-0.1478231
14.20,1.78077,4.179618,8.675224,0.6707413,-0.7285596,-0.1873199
14.22,1.812856,4.212324,8.296429,0.6312144,-0.6108196,-0.3099722
14.24,1.982829,3.956685,8.18644,0.5870826,-0.5033087,-0.473459
14.26,2.143021,3.644228,8.133013,0.5658825,-0.3623549,-0.6066895
14.28,2.221551,3.635533,8.022878,0.5699049,-0.1915635,-0.6649724
14.30,1.972623,3.702661,7.706897,0.6245431,0.03541391,-0.7124894
14.32,1.703826,3.832763,7.675101,0.7094337,0.2056353,-0.7792993
14.34,1.763947,4.106053,7.921185,0.7594073,0.2544411,-0.8033133
14.36,1.86635,4.443473,8.002596,0.7876704,0.2345112,-0.7596617
14.38,1.808915,4.71662,7.91159,0.8657276,0.2087995,-0.6728247
14.40,1.771257,5.147164,8.149459,0.9551072,0.1671824,-0.5504553
14.42,1.614733,5.646863,8.70003,1.040985,-0.1687979,-0.4420905
14.44,1.209222,5.782461,8.591277,1.025743,-0.4628805,-0.3622777
14.46,1.011617,5.79007,8.313682,0.9686877,-0.6556332,-0.2880158
14.48,1.480717,5.826165,8.26562,0.8965368,-0.7419449,-0.1524921
14.50,2.05715,6.071705,8.424012,0.7753829,-0.752339,0.004159155
14.52,2.229337,6.554642,8.250006,0.5969371,-0.6519895,0.1218127
14.54,1.950605,6.772759,7.883541,0.4432129,-0.5269313,0.1364685
14.56,1.787497,6.478586,7.647198,0.3632829,-0.5180354,0.0777358
14.58,1.762943,6.062828,7.266004,0.339064,-0.5958177,-0.009370362
14.60,1.755501,5.81755,6.897509,0.3915424,-0.7474042,-0.1031758
14.62,1.691775,5.748915,6.509756,0.5011772,-0.9151673,-0.1968696
14.64,1.541991,5.790053,6.0042,0.6144085,-0.9775046,-0.2983772
14.66,1.570061,5.993932,5.752528,0.7312183,-1.059948,-0.4047675
14.68,1.680116,6.024239,5.51686,0.8293501,-1.154243,-0.5188716
14.70,1.782294,5.972266,5.292306,0.9397723,-1.206902,-0.6332315
14.72,1.911073,6.206767,5.337753,1.051473,-1.196139,-0.7401162
14.74,2.041113,6.894879,5.719038,1.078175,-1.202945,-0.8318875
14.76,2.013177,7.661315,5.691629,0.9726815,-1.216817,-0.9059432
14.78,1.934171,8.017029,5.423218,0.8465878,-1.17981,-0.9762801
14.80,2.046639,7.920742,5.27899,0.8029329,-1.079681,-1.037915
14.82,2.186428,7.6545,5.048517,0.7769473,-0.9362436,-1.08369
14.84,2.233088,7.851659,4.86605,0.7030846,-0.8087219,-1.109221
14.86,2.324569,8.436328,4.741679,0.6012684,-0.7288111,-1.07414
14.88,2.443877,8.721292,4.532272,0.5025698,-0.6721089,-0.9931786
14.90,2.588192,8.586011,4.272655,0.4425557,-0.6077279,-0.9063209
14.92,2.523603,8.369202,4.208002,0.4272716,-0.5592147,-0.8374563
14.94,2.119526,8.356845,4.339173,0.3976088,-0.5000229,-0.8160339
14.96,1.902365,8.571494,4.424629,0.3126688,-0.4984309,-0.7917835
14.98,1.842054,8.812062,4.446755,0.225228,-0.5776374,-0.722066
15.00,1.836861,9.237718,4.55502,0.2022587,-0.6798027,-0.6265987
15.02,1.611333,9.639174,4.362817,0.2297687,-0.7493611,-0.5529136
15.04,1.409855,9.633191,4.098196,0.218693,-0.7844715,-0.5086666
15.06,1.47701,9.756023,3.966532,0.1810364,-0.7845982,-0.4537637
15.08,1.661652,9.834671,3.79439,0.1585432,-0.7576668,-0.358995
15.10,1.781366,9.711602,3.53356,0.1323139,-0.6699969,-0.235619
15.12,1.684278,9.511679,3.338998,0.06676766,-0.5197062,-0.1470442
15.14,1.579569,9.312419,3.258365,-0.02884504,-0.3821602,-0.1215844
15.16,1.432867,9.538939,3.043296,-0.08893479,-0.2617812,-0.1416228
15.18,1.312607,9.510411,3.0293,-0.1169002,-0.1466154,-0.1830945
15.20,1.304334,9.136694,3.116186,-0.1268159,-0.04397717,-0.2333211
15.22,1.313414,9.057829,3.141222,-0.1185746,0.04737636,-0.2746097
15.24,1.263259,8.970562,3.288807,-0.1195749,0.1061454,-0.3156639
15.26,1.217072,8.873235,3.519372,-0.122404,0.1206413,-0.3444614
15.28,1.211498,8.775591,3.629557,-0.08531253,0.1240323,-0.3470135
15.30,1.21377,8.796073,3.852599,-0.01956348,0.1057867,-0.3192601
15.32,1.121139,9.121823,4.158216,0.03300187,0.06115839,-0.2673177
15.34,0.955168,9.303761,4.198009,0.04649564,0.01907178,-0.2119116
15.36,0.884567,9.026462,4.116242,0.03446533,-0.001332393,-0.1827974
15.38,1.005077,8.714648,4.165454,0.0539856,-0.01270843,-0.1821053
15.40,1.144736,8.602528,4.236111,0.1016935,-0.05922494,-0.1928225
15.42,1.147231,8.673389,4.355872,0.1363889,-0.1408508,-0.2033635
15.44,1.033472,8.950468,4.393075,0.1512229,-0.2071565,-0.1878397
15.46,0.9171589,9.198662,4.277727,0.1395754,-0.2162325,-0.1459341
15.48,0.8842683,9.075288,4.049398,0.1064016,-0.1827577,-0.1072282
15.50,0.9896542,8.890048,3.935395,0.06563861,-0.1538688,-0.08635275
15.52,1.114104,8.758142,3.902787,0.041793,-0.1455776,-0.0962055
15.54,1.370916,9.484489,4.041164,-0.06619249,-0.1045939,-0.106457
15.56,1.604533,11.03059,3.820908,-0.1382651,0.01532482,-0.03766117
15.58,1.500822,9.77365,3.434554,-0.03612703,0.01580722,0.0803171
15.60,1.165181,8.987645,3.485142,0.01933446,-0.02228958,0.1031849
15.62,0.9435325,8.899156,3.391718,-0.01238893,0.03252317,0.04852599
15.64,0.9171714,8.733088,3.478034,-0.04279356,0.1266825,-0.01486141
15.66,0.9692902,8.714224,3.658113,-0.05768402,0.1997356,-0.05881501
15.68,0.9556265,8.810524,3.808518,-0.06784505,0.2244773,-0.07407741
15.70,0.9532493,8.970952,4.000021,-0.07561827,0.232707,-0.05434437
15.72,0.9110275,9.121954,4.067558,-0.07043523,0.2317311,-0.01182911
15.74,0.8068874,9.09142,4.102717,-0.05615816,0.1953687,0.01682227
15.76,0.7001923,8.991734,4.187692,-0.05579641,0.1279638,0.01665691
15.78,0.6797867,8.988434,4.30243,-0.04888455,0.04490465,0.01250539
15.80,0.6884218,9.004093,4.282156,-0.03476944,-0.0280212,0.01807062
15.82,0.7302184,8.997056,4.160727,-0.02229106,-0.06586836,0.02936734
15.84,0.8343047,8.979214,4.044403,-0.01358223,-0.06462563,0.03589211
15.86,0.9683121,8.949718,3.947261,-0.006352335,-0.04089098,0.02943626
15.88,1.066352,8.902686,3.885978,-0.001450906,-0.0162896,0.01322025
15.90,1.086731,8.871873,3.908589,-0.001628553,-0.004787781,-0.007599756
15.92,1.054923,8.889553,4.041458,0.005247505,-0.002917809,-0.02759259
15.94,0.9641871,8.906724,4.076115,0.003864765,-0.01725184,-0.0347947
15.96,0.8395403,8.935657,4.087055,-0.003775907,-0.04461349,-0.02751134
15.98,0.7844964,8.974662,3.978972,-0.01907341,-0.05610794,-0.01460029
16.00,0.8240049,8.964067,3.854235,-0.02400409,-0.03590421,-0.006180416
16.02,0.9238593,8.945712,3.778983,-0.02598488,0.00578883,-0.01627297
16.04,1.008399,8.892365,3.838298,-0.03166863,0.03456195,-0.03827068
16.06,1.004068,8.890097,3.868363,-0.0418902,0.04001499,-0.06017766
16.08,0.9233538,8.927332,3.887213,-0.05263047,0.04152332,-0.07429799
16.10,0.8338987,8.968415,3.885326,-0.05717818,0.05129473,-0.08302619
16.12,0.7894278,8.954517,3.921094,-0.05919604,0.06468118,-0.08551005
16.14,0.7584238,8.9524,3.986382,-0.05665902,0.07292006,-0.09272891
16.16,0.7799326,8.919682,4.076667,-0.05510646,0.066792,-0.0950117
16.18,0.7673275,8.908904,4.190135,-0.04868545,0.04782136,-0.09368988
16.20,0.7381473,8.920767,4.316979,-0.03186587,0.003345062,-0.09545602
16.22,0.7374938,8.910573,4.420786,-0.009520588,-0.0473654,-0.08725213
16.24,0.7023654,8.915654,4.44068,0.01826734,-0.09596341,-0.07910413
16.26,0.6477612,8.913273,4.380611,0.0322172,-0.1345721,-0.07596189
16.28,0.5583727,8.861247,4.316188,0.0545367,-0.1615621,-0.06842411
16.30,0.6279912,9.11604,4.078488,0.07589107,-0.1628343,-0.04688036
16.32,0.5819095,8.940145,4.014467,0.07050928,-0.1527355,-0.03689029
16.34,0.6517555,8.992592,3.888084,0.07508016,-0.1225858,-0.02787376
16.36,0.6898984,8.985142,3.826319,0.07372254,-0.07760086,-0.02240435
16.38,0.6955457,8.978388,3.825812,0.07367186,-0.03525997,-0.02266238
16.40,0.6808779,8.976613,3.816989,0.06170711,-0.008307855,-0.0211834
16.42,0.6529495,9.004142,3.7852,0.04924827,0.01617977,-0.01417361
16.44,0.6238234,9.011876,3.732182,0.03411156,0.04998,-0.005080733
16.46,0.6293555,9.023484,3.762471,0.02896331,0.08577028,0.002652392
16.48,0.6386507,9.024204,3.827342,0.02077953,0.09789972,0.009463865
16.50,0.655517,8.9828,3.899037,0.00981391,0.09264377,0.01048957
16.52,0.6561993,8.995967,3.884925,-0.008731768,0.07710727,0.01610919
16.54,0.6230217,9.030016,3.817583,-0.02331074,0.0749411,0.03083911
16.56,0.6255491,9.040668,3.781807,-0.03290484,0.1027369,0.04494147
16.58,0.6370345,9.000626,3.817331,-0.03101124,0.1354178,0.05048492
16.60,0.7008092,8.98091,3.888597,-0.02917782,0.1458945,0.0465377
16.62,0.7448511,8.956551,3.963805,-0.03753372,0.1172339,0.03194011
16.64,0.7423509,8.929817,4.063374,-0.03548628,0.07605963,0.02056027
16.66,0.7093198,8.943291,4.211174,-0.02394057,0.03363696,0.0146014
16.68,0.7006455,8.933559,4.308494,-0.0007504036,-0.01361933,0.01041547
16.70,0.71551,8.917994,4.323688,0.02229416,-0.06148265,0.004192461
16.72,0.7033634,8.925561,4.289866,0.04039051,-0.09931616,-0.00634459
16.74,0.6625492,8.944118,4.229631,0.05822387,-0.1292752,-0.01236385
16.76,0.6398779,8.96274,4.098629,0.06214594,-0.1423523,-0.007839963
16.78,0.656812,8.983129,3.905866,0.05365146,-0.1379504,-0.00590946
16.80,0.709792,8.987134,3.727291,0.03564969,-0.1154414,-0.003779061
16.82,0.728967,8.989079,3.63211,0.01042572,-0.0739153,-0.002444351
16.84,0.6967738,9.005463,3.566115,-0.0145696,-0.02480216,-0.005849177
16.86,0.676098,9.038904,3.550664,-0.04205066,0.02491955,0.005992819
16.88,0.6644291,9.064929,3.576427,-0.06788632,0.08116773,0.02549416
16.90,0.6314786,9.011895,3.687167,-0.08336567,0.1238984,0.03516116
16.92,0.665869,8.9817,3.868817,-0.09617169,0.1328101,0.03510606
16.94,0.71175,8.963627,3.944224,-0.1081152,0.1233908,0.03500408
16.96,0.7283915,8.955348,3.941953,-0.1248049,0.1151004,0.04536214
16.98,0.7219152,8.975483,3.97168,-0.1292246,0.1137375,0.05166636
17.00,0.7021453,8.941096,4.037859,-0.1275094,0.1140459,0.05387777
17.02,0.6924422,8.919225,4.088562,-0.1288461,0.1073445,0.05688511
17.04,0.676511,8.910047,4.130149,-0.1366359,0.1034166,0.06573759
17.06,0.6328104,8.915121,4.135146,-0.1349772,0.09630496,0.06969026
17.08,0.6522679,8.906083,4.141203,-0.132647,0.09865637,0.07673082
17.10,0.7054332,8.877522,4.165961,-0.1348514,0.09957404,0.07882005
17.12,0.7767971,8.844769,4.225758,-0.137378,0.08571575,0.07488286
17.14,0.8344088,8.790538,4.304791,-0.1409639,0.06735739,0.0618741
17.16,0.8304201,8.783526,4.333879,-0.1418011,0.04246097,0.04855183
17.18,0.7779362,8.828662,4.314217,-0.1463179,0.0151603,0.04396761
17.20,0.7277207,8.846898,4.300039,-0.1584556,4.588084e-05,0.06558488
17.22,0.7073295,8.894505,4.277504,-0.1562662,0.009522183,0.08540229
17.24,0.8192719,8.960368,4.536612,-0.1304996,0.02147379,0.125257
17.26,1.000425,9.196196,5.048743,-0.07216112,-0.03937412,0.2121812
17.28,0.8979877,9.016956,5.10506,-0.07927575,-0.2000489,0.3037001
17.30,0.5644932,8.664717,4.648337,-0.1966342,-0.3561378,0.3885491
17.32,0.4331409,8.659808,4.116067,-0.2751855,-0.3629425,0.4187217
17.34,0.7489433,8.633965,3.914435,-0.2764982,-0.2190259,0.3684148
17.36,1.159085,8.358069,3.892081,-0.2658612,-0.1067998,0.2358817
17.38,1.507934,8.339848,3.97998,-0.3037437,-0.05645707,0.1240761
17.40,1.554812,8.482091,4.098119,-0.3648852,-0.02472512,0.09060299
17.42,1.252906,8.682973,4.076337,-0.3943492,0.03720326,0.103177
17.44,1.063294,8.83923,4.026383,-0.4028231,0.1188807,0.15327
17.46,1.036455,8.843493,4.118479,-0.4201434,0.2155991,0.2067853
17.48,1.103966,8.74783,4.373244,-0.4417067,0.298076,0.2550813
17.50,1.197844,8.633297,4.621643,-0.4464721,0.3459705,0.2970331
17.52,1.241571,8.64037,4.841473,-0.4449795,0.3750378,0.3463976
17.54,1.189493,8.603274,4.894693,-0.4585939,0.3851292,0.4095491
17.56,1.117812,8.554064,4.898201,-0.4757025,0.412661,0.4770878
17.58,1.170298,8.557682,5.018536,-0.4726739,0.4407214,0.5434703
17.60,1.310189,8.5406,5.171868,-0.4764385,0.4463457,0.6016973
17.62,1.546826,8.458632,5.258109,-0.502871,0.4304431,0.6590546
17.64,1.716486,8.357476,5.271841,-0.5097486,0.4444589,0.7082311
17.66,1.860756,8.337893,5.337259,-0.4747729,0.4912423,0.7416604
17.68,2.042656,8.30589,5.307181,-0.4466289,0.5566522,0.7736555
17.70,2.157931,8.0603,5.366595,-0.4365101,0.6533105,0.7824023
17.72,2.291248,7.763602,5.560796,-0.4536183,0.75511,0.7816973
17.74,2.30333,7.509927,5.617026,-0.5155711,0.8652546,0.7469202
17.76,2.284289,7.305176,5.603074,-0.5879444,0.9899572,0.690534
17.78,2.156856,7.002999,5.701526,-0.6472628,1.107354,0.6134414
17.80,2.02931,6.72124,5.86773,-0.6973946,1.19176,0.5411453
17.82,1.899201,6.452783,6.164764,-0.7340592,1.234895,0.4801744
17.84,1.753466,6.2449,6.615583,-0.7374213,1.216326,0.4410371
17.86,1.569204,6.262885,7.100795,-0.6956429,1.136571,0.419331
17.88,1.404362,6.50551,7.501234,-0.632881,0.9806637,0.4240425
17.90,1.259722,6.735309,7.749865,-0.5720924,0.7712272,0.4518951
17.92,1.116529,6.853797,7.883853,-0.5190147,0.5698825,0.4946168
17.94,1.048538,6.746177,7.897042,-0.481695,0.4077063,0.5357057
17.96,1.102418,6.458926,7.936853,-0.4513439,0.271274,0.5706369
17.98,1.229871,6.223964,7.957836,-0.429805,0.1473913,0.5879281
18.00,1.405311,6.182194,7.96136,-0.4155433,0.04707534,0.5957299
18.02,1.556617,6.120951,7.898818,-0.4128639,0.009630029,0.6133603
18.04,1.626229,5.978641,7.762936,-0.4186819,0.06502213,0.643341
18.06,1.676422,5.846759,7.677084,-0.4276581,0.1626523,0.6794656
18.08,1.727916,5.80175,7.701952,-0.4548674,0.2713598,0.704106
18.10,1.733769,5.821389,7.779349,-0.4991138,0.3872611,0.7127612
18.12,1.734933,5.689815,7.888327,-0.5447497,0.4977343,0.7002159
18.14,1.739116,5.420675,7.932654,-0.6036602,0.6225293,0.6805592
18.16,1.726929,5.251073,8.066476,-0.6239241,0.7057217,0.6763498
18.18,1.565798,5.103331,8.132903,-0.6264178,0.7496208,0.6756455
18.20,1.359901,4.913082,8.196215,-0.6355444,0.7668167,0.6623078
18.22,1.258217,4.696858,8.342096,-0.6368462,0.7690894,0.6299803
18.24,1.228836,4.56205,8.579645,-0.6106382,0.7421078,0.587266
18.26,1.189596,4.53685,8.767107,-0.5573688,0.6765998,0.5336618
18.28,1.105374,4.554379,8.95095,-0.4660313,0.575361,0.4978527
18.30,1.007929,4.554235,9.019249,-0.355764,0.4431359,0.4846385
18.32,0.9616362,4.57771,9.016172,-0.2739695,0.2843136,0.4966969
18.34,0.9075431,4.562597,8.968241,-0.2207946,0.1330864,0.4998893
18.36,0.9517945,4.487943,8.967303,-0.1811917,0.003547983,0.4730873
18.38,1.177628,4.453343,8.92527,-0.1491399,-0.1119353,0.4237184
18.40,1.413103,4.424915,8.780697,-0.1109572,-0.196733,0.3631983
18.42,1.512051,4.344454,8.560584,-0.09321512,-0.2338704,0.3061359
18.44,1.493316,4.133917,8.310308,-0.1166411,-0.2139217,0.2409785
18.46,1.532133,4.038708,8.115942,-0.1548186,-0.1516394,0.1679036
18.48,1.665584,3.970636,7.965531,-0.1817769,-0.041364,0.09559994
18.50,1.758429,3.850947,7.963504,-0.1934925,0.1038762,0.01625337
18.52,1.787198,3.825095,8.126963,-0.2044817,0.2241446,-0.05611891
18.54,1.661056,4.008982,8.301065,-0.2161778,0.3028185,-0.09916422
18.56,1.383274,4.098001,8.245834,-0.228816,0.3521667,-0.1107751
18.58,1.189698,4.098861,8.302535,-0.2159943,0.3900533,-0.09058689
18.60,1.078746,4.142747,8.471313,-0.1661392,0.4095137,-0.05392314
18.62,0.9490676,4.174426,8.611341,-0.1269462,0.3973321,-0.02038644
18.64,0.7764545,4.094337,8.624439,-0.1162839,0.3552346,-0.004474627
18.66,0.6238055,3.916782,8.623647,-0.1143157,0.3103588,-0.01033828
18.68,0.5788854,3.711808,8.5954,-0.1089046,0.2611092,-0.03463171
18.70,0.5778292,3.561774,8.578078,-0.09210052,0.2165977,-0.08134412
18.72,0.5641904,3.437601,8.63553,-0.05861718,0.1745894,-0.1401701
18.74,0.5506232,3.376138,8.736738,-0.01406548,0.1436626,-0.211289
18.76,0.4895625,3.287551,8.923038,0.0286878,0.1134138,-0.2983891
18.78,0.5291036,3.39475,9.183768,0.06191325,0.04290389,-0.3845617
18.80,0.6257455,3.685085,9.408108,0.08668126,-0.05275344,-0.4499321
18.82,0.6709443,3.892873,9.49451,0.0930319,-0.1360615,-0.4723917
18.84,0.6796055,4.012097,9.551928,0.07634141,-0.1908588,-0.4601053
18.86,0.6789101,4.131444,9.497838,0.03649529,-0.2253753,-0.4369208
18.88,0.8022047,4.173137,9.438139,-0.01163578,-0.263431,-0.4245189
18.90,1.018145,4.263475,9.45714,-0.04624217,-0.3037291,-0.4230274
18.92,1.214447,4.362689,9.437752,-0.06378261,-0.3399487,-0.4255077
18.94,1.311922,4.507966,9.36956,-0.08517396,-0.3644838,-0.4128955
18.96,1.313427,4.678529,9.142193,-0.1279412,-0.385745,-0.37867
18.98,1.284801,4.658216,8.864894,-0.1860482,-0.3764637,-0.3301975
19.00,1.324569,4.403852,8.647346,-0.2315391,-0.3330968,-0.2851497
19.02,1.473456,4.128623,8.572449,-0.2400582,-0.2593918,-0.2520118
19.04,1.601493,3.926268,8.587736,-0.2391918,-0.1718783,-0.2220942
19.06,1.561402,3.806979,8.562468,-0.2548782,-0.08946352,-0.1954832
19.08,1.403381,3.760416,8.525849,-0.2687003,0.002609726,-0.1534317
19.10,1.273708,3.683143,8.573923,-0.2597454,0.1070003,-0.09445547
19.12,1.219921,3.574728,8.719392,-0.2269287,0.1995676,-0.03776238
19.14,1.172946,3.63959,8.935213,-0.2035258,0.2441191,-0.003548688
19.16,1.076431,3.897403,9.073041,-0.2075572,0.219622,0.01315657
19.18,0.8321569,4.089232,9.197883,-0.2490315,0.1716881,0.00688834
19.20,0.5313453,4.195576,9.452311,-0.2971945,0.1528783,-0.01398311
19.22,0.5287993,3.921018,9.467223,-0.3161049,0.1557,-0.0372853
19.24,0.6738408,3.53004,9.562294,-0.3274558,0.1343617,-0.06451058
19.26,0.621231,3.673228,9.622023,-0.3419273,0.05982019,-0.09723549
19.28,0.4549532,3.955842,9.626879,-0.3750315,-0.03782753,-0.1305538
19.30,0.3986613,3.9057,9.45422,-0.4112,-0.09862281,-0.1463837
19.32,0.524247,3.533087,9.530641,-0.4159677,-0.1334002,-0.147755
19.34,0.579196,3.450165,9.620152,-0.4054664,-0.1659966,-0.1501699
19.36,0.5763988,3.760696,9.331667,-0.3782019,-0.2114954,-0.1551728
19.38,0.6686538,3.727129,9.073508,-0.3898458,-0.2414855,-0.1796881
19.40,0.9413434,3.405512,9.177166,-0.4359647,-0.2603492,-0.1970765
19.42,1.081605,2.875059,9.229268,-0.4762852,-0.2264062,-0.2225866
19.44,1.196282,2.576269,9.24061,-0.4999675,-0.1568054,-0.2173065
19.46,1.239135,2.447624,9.286316,-0.5230983,-0.05476533,-0.1836162
19.48,1.170329,2.371327,9.397811,-0.5666258,0.02372796,-0.1509386
19.50,1.217309,2.528386,9.374789,-0.6348799,0.07998747,-0.08289507
19.52,1.282896,2.283309,9.387814,-0.6925615,0.1853241,0.0007786338
19.54,1.403213,2.082577,9.736552,-0.6842129,0.2815918,0.1157113
19.56,1.321077,2.111762,9.601655,-0.6278458,0.3873641,0.2621338
19.58,1.066177,2.043912,9.222734,-0.5869679,0.5187637,0.3978604
19.60,0.920037,1.889645,9.081169,-0.5652676,0.6315513,0.4777269
19.62,0.9107041,1.79442,9.263108,-0.5092297,0.7058273,0.5002165
19.64,0.8544473,1.702951,9.421225,-0.4382887,0.7399246,0.4837444
19.66,0.6000065,1.614656,9.331021,-0.4192179,0.7161906,0.4520688
19.68,0.2594289,1.410617,9.280014,-0.4251511,0.6513275,0.4186616
19.70,-0.04501073,1.077014,9.51771,-0.4021475,0.5826176,0.3868637
19.72,-0.2749088,0.913044,9.900555,-0.355718,0.4910785,0.349537
19.74,-0.4515289,1.20665,10.13326,-0.3315042,0.3608876,0.3225169
19.76,-0.6792576,1.720243,10.04988,-0.3390548,0.190376,0.310127
19.78,-0.8777624,1.787036,9.798608,-0.3205133,0.04580161,0.3075343
19.80,-0.8410054,1.376584,9.611786,-0.2289917,-0.03035341,0.3314959
19.82,-0.7706389,0.8985583,9.35605,-0.1583354,-0.03785999,0.3576005
19.84,-0.771236,0.6516976,9.256596,-0.1603177,-0.04110305,0.3600824
19.86,-0.6168908,0.69046,9.257942,-0.1826587,-0.0220025,0.3566748
19.88,-0.406472,0.7713327,9.25443,-0.1498973,0.04442336,0.3659245
19.90,-0.2973883,0.6293135,9.240736,-0.08877487,0.1395316,0.3633835
19.92,-0.2563833,0.4680542,9.165947,-0.08117446,0.2272221,0.3365174
19.94,-0.1244813,0.6533263,9.170425,-0.1282868,0.3109413,0.3145571
19.96,-0.082592,0.9622501,9.264277,-0.1466746,0.4043258,0.3135218
19.98,-0.2276593,1.120922,9.447909,-0.1312564,0.4928343,0.333645
20.00,-0.5344326,1.184767,9.502655,-0.1439093,0.5405489,0.3580817
20.02,-0.7107193,1.249811,9.51413,-0.2094868,0.5595407,0.3762906
20.04,-0.6987277,1.306162,9.453905,-0.2759949,0.6050865,0.3803821
20.06,-0.6806656,1.260566,9.558613,-0.2759436,0.6449748,0.3656219
20.08,-0.7573628,1.031778,9.829162,-0.2541055,0.610447,0.3212046
20.10,-0.8520918,0.66669,9.825301,-0.2753018,0.5052567,0.2551969
20.12,-0.9262139,0.4028965,9.537609,-0.3413754,0.420821,0.1857245
20.14,-1.022501,0.3088127,9.211398,-0.3942851,0.4350117,0.1419101
20.16,-1.111234,0.3602123,9.190367,-0.3858872,0.4761358,0.1650186
20.18,-1.240038,0.8667692,9.05559,-0.2839395,0.4968219,0.2929853
20.20,-1.450566,1.007708,8.788314,-0.1914983,0.5482496,0.4679477
20.22,-1.481627,0.6100172,8.73872,-0.1738026,0.6961846,0.6546926
20.24,-1.498997,0.2162046,8.910877,-0.1226127,0.8977563,0.8713022
20.26,-1.733615,-0.09015664,9.539413,-0.0443827,1.013704,1.050608
20.28,-1.935979,-0.2124902,10.1794,-0.08380302,0.9130729,1.098134
20.30,-2.141985,0.543694,10.22048,-0.2178953,0.7051606,1.020029
20.32,-2.667943,1.317391,10.04876,-0.2607372,0.5761013,0.8920787
20.34,-3.206047,1.309429,9.418413,-0.1190743,0.515282,0.753908
20.36,-3.079542,0.9193671,8.590494,0.1191077,0.3779142,0.599102
20.38,-2.719407,0.5929064,8.166658,0.3426444,0.1664849,0.4825397
20.40,-2.359426,0.6295695,8.553581,0.4642856,-0.02667694,0.4677918
20.42,-2.052984,0.9265019,9.202005,0.5833396,-0.1935027,0.5799803
20.44,-1.852986,1.145159,10.03623,0.8332174,-0.264966,0.8365489
20.46,-2.185077,1.170855,10.3326,0.9357674,-0.2707505,1.102627
20.48,-3.186774,0.870285,12.11004,0.6821418,-0.4002386,1.148836
20.50,-4.292613,0.2712122,13.80346,0.3181543,-0.5690069,0.9332149
20.52,-3.788697,0.600058,14.22098,0.1422506,-0.7625818,0.7418212
20.54,-2.62108,1.135462,11.41348,-0.007644553,-0.8679036,0.6882919
20.56,-2.297132,1.214171,9.57123,-0.2012306,-0.790952,0.6251743
20.58,-1.667847,1.412351,8.519272,-0.2467992,-0.4492495,0.5957825
20.60,-1.427182,0.937897,8.285994,-0.1093224,-0.04552523,0.4560827
20.62,-1.321149,1.301339,8.206907,-0.01486031,0.1610963,0.2326077
20.64,-1.153613,2.274876,8.387863,-0.08416202,0.173627,0.01218959
20.66,-1.661932,2.666568,8.324903,-0.2509075,0.332588,-0.1708801
20.68,-2.11011,1.698933,8.619893,-0.3410832,0.6352824,-0.294499
20.70,-1.909233,0.6793396,9.139061,-0.2949581,0.8703118,-0.3197475
20.72,-1.434337,0.643464,9.954575,-0.2310314,0.8580644,-0.2806436
20.74,-1.737506,1.329081,10.17213,-0.2236935,0.7259789,-0.2719244
20.76,-2.516196,1.48206,9.996238,-0.2158952,0.6432194,-0.3085743
20.78,-2.759319,0.511867,9.934906,-0.1752347,0.5524043,-0.3408823
20.80,-2.457984,-0.4640129,9.968624,-0.1114856,0.3489554,-0.3400489
20.82,-2.263718,-0.4301996,9.768033,-0.01676344,0.1237385,-0.3144451
20.84,-2.461386,0.2996819,9.346747,0.1023905,0.01606954,-0.2869852
20.86,-2.720235,0.7193022,9.338296,0.1806759,-0.07893739,-0.2905515
20.88,-2.406688,0.8619258,9.553837,0.2097094,-0.2985169,-0.2828531
20.90,-2.067435,1.162844,9.50493,0.2576484,-0.5376707,-0.2498782
20.92,-2.043895,1.653711,9.084926,0.3338528,-0.6139394,-0.1886845
20.94,-2.1512,1.678225,8.696335,0.3731535,-0.5226654,-0.1267781
20.96,-2.038918,1.238367,8.805952,0.331329,-0.4399193,-0.1041395
20.98,-1.913188,1.242455,8.925671,0.2499387,-0.3926191,-0.1033457
21.00,-2.040309,1.845305,9.031299,0.2243473,-0.2739472,-0.084298
21.02,-2.359914,2.251426,9.291876,0.2140643,-0.1228012,-0.04939628
21.04,-2.445466,2.072451,9.548485,0.1439819,-0.05670742,-0.006248203
21.06,-2.301677,1.703872,9.788971,0.06160821,-0.0506728,0.008704158
21.08,-2.316372,1.827386,9.80313,0.03309805,-0.03552244,0.005489325
21.10,-2.349828,1.990926,9.607133,0.02990618,0.008722655,0.01378906
21.12,-2.28676,1.741557,9.623245,-0.007961906,0.04626579,0.01900137
21.14,-2.196442,1.503441,9.956356,-0.03954356,0.01297394,-0.01991835
21.16,-2.228928,1.631135,10.04618,-0.01293011,-0.04212873,-0.1014874
21.18,-2.300302,1.681711,9.678802,0.02297325,-0.06995174,-0.1945515
21.20,-2.243628,1.406618,9.36645,0.01187569,-0.07170776,-0.2437615
21.22,-2.157304,1.171902,9.328525,-0.01317267,-0.07157179,-0.2303663
21.24,-2.073794,1.228334,9.400054,-0.01170314,-0.06106199,-0.1829032
21.26,-1.976718,1.341316,9.362954,0.02323697,-0.01299493,-0.1327089
21.28,-1.756857,1.160136,9.212317,0.03728304,0.05957776,-0.1035303
21.30,-1.554916,0.8667569,9.17581,0.01243117,0.09939045,-0.1177898
21.32,-1.530306,0.8783897,8.98888,-0.01466626,0.1233743,-0.1551639
21.34,-1.630141,1.184394,9.151652,0.003061082,0.1326212,-0.1710881
21.36,-1.778739,1.409674,9.368391,0.04188212,0.128392,-0.1387493
21.38,-1.899485,1.613495,9.626058,0.05149401,0.08520857,-0.07266367
21.40,-2.090197,1.606091,10.03127,-0.002145912,-0.04430863,-0.02250005
21.42,-2.184356,1.66266,10.08816,-0.02657816,-0.1656264,0.001722005
21.44,-2.180153,1.643129,9.931532,0.03287731,-0.1810921,0.007477157
21.46,-2.251168,1.541579,9.787673,0.07285798,-0.1494977,0.01324981
21.48,-2.235296,1.467383,9.622337,0.04534947,-0.1398735,0.009900916
21.50,-2.317123,1.5519,9.234641,0.004123449,-0.08990475,-0.01796956
21.52,-2.38105,1.739149,8.831406,0.01219487,0.04234397,-0.0563591
21.54,-2.180723,1.482103,9.013462,0.0357558,0.1566248,-0.09637892
21.56,-1.919125,1.126382,9.364731,0.009583755,0.169895,-0.1645141
21.58,-1.765434,1.239413,9.729325,-0.04393034,0.07015833,-0.2073149
21.60,-1.885611,1.641031,9.691219,-0.05216945,0.0184814,-0.1813304
21.62,-2.076524,1.673239,9.91954,-0.02839517,0.02498623,-0.1048202
21.64,-1.878458,1.189851,10.08149,-0.001570506,0.001268882,-0.04385926
21.66,-1.41222,0.9282808,9.696301,0.01186571,-0.04886914,-0.01709469
21.68,-1.548357,1.279112,9.23609,0.00342456,-0.05470356,-0.01003781
21.70,-1.943454,1.669143,9.184768,-0.006063365,-0.0145678,0.02318211
21.72,-2.121532,1.570369,9.47697,-0.03733399,0.001645177,0.08383187
21.74,-2.06879,1.335912,9.704594,-0.0680417,-0.01996925,0.1339068
21.76,-2.095457,1.414296,9.607573,-0.06559647,-0.03670346,0.1332398
21.78,-2.292756,1.522296,9.493341,-0.01465127,4.264279e-05,0.1035227
21.80,-2.399404,1.340529,9.585891,0.01994623,0.04582308,0.07035496
21.82,-2.4351,1.236466,9.640084,0.001600865,0.03625767,0.03480869
21.84,-2.397833,1.422535,9.614983,-0.02916471,-0.004606498,0.007442815
21.86,-2.351701,1.562881,9.475584,-0.02538686,-0.0261067,-0.003524528
21.88,-2.196774,1.366102,9.401212,0.004289249,-0.01647642,-0.0143555
21.90,-2.102286,1.208613,9.447737,0.02616426,-0.01511796,-0.02662248
21.92,-2.037134,1.220499,9.603098,0.02184351,-0.04958715,-0.03977496
21.94,-2.082217,1.381943,9.663937,0.007630871,-0.09649006,-0.05292572
21.96,-2.186141,1.530125,9.692856,0.03801161,-0.09748292,-0.04493721
21.98,-2.179321,1.359632,9.905495,0.09211468,-0.08455709,-0.01668399
22.00,-1.946351,1.109848,10.15989,0.1136605,-0.1392148,-0.003407531
22.02,-1.753443,1.268246,10.1492,0.08803149,-0.2559279,-0.02108254
22.04,-1.818511,1.682467,9.913216,0.04731337,-0.3329539,-0.04908847
22.06,-1.885458,1.760367,9.736926,0.02058583,-0.3314743,-0.05584795
22.08,-1.790874,1.449207,9.625656,-0.01637435,-0.2938392,-0.0367651
22.10,-1.632032,1.227239,9.534809,-0.03948702,-0.2293254,-0.01515713
22.12,-1.540194,1.401989,9.389029,-0.04113654,-0.1538147,-0.004966026
22.14,-1.600745,1.694566,9.237151,-0.03255433,-0.0773003,-0.00417996
22.16,-1.635252,1.730294,9.251195,-0.03302044,-0.03542573,0.01573882
22.18,-1.669119,1.595758,9.355145,-0.02417286,-0.01966915,0.05653371
22.20,-1.687281,1.549959,9.359629,0.009361008,0.003742654,0.1151209
22.22,-1.626819,1.542783,9.388034,0.06644136,0.04497613,0.1612132
22.24,-1.571338,1.561072,9.520296,0.09016316,0.0508013,0.168662
22.26,-1.626072,1.641561,9.614546,0.07013149,-0.001768737,0.1323003
22.28,-1.72743,1.616094,9.558972,0.05329909,-0.0490975,0.09030863
22.30,-1.780389,1.34988,9.45249,0.07278254,-0.02834594,0.07773842
22.32,-1.707958,1.063301,9.477703,0.1075938,0.0220617,0.07844452
22.34,-1.628029,1.04644,9.640224,0.1211397,0.02510913,0.06120421
22.36,-1.643767,1.200371,9.895431,0.1264749,-0.02251044,0.01530601
22.38,-1.759357,1.325034,10.0306,0.1313521,-0.08239821,-0.03173339
22.40,-1.811797,1.368899,9.980391,0.1378085,-0.1137952,-0.04908506
22.42,-1.747149,1.413764,9.943772,0.137713,-0.140079,-0.03230026
22.44,-1.64609,1.46676,9.958689,0.1159475,-0.1890245,-0.0249577
22.46,-1.58467,1.595356,9.958907,0.08099023,-0.2620997,-0.04575638
22.48,-1.589614,1.658559,9.749603,0.05301579,-0.3188142,-0.08701841
22.50,-1.556478,1.624097,9.48362,0.04145966,-0.3455206,-0.1220426
22.52,-1.472277,1.554767,9.345234,0.02773068,-0.3506549,-0.1295631
22.54,-1.405917,1.822964,9.387607,0.0141287,-0.3440755,-0.08883681
22.56,-1.481254,2.352411,9.449278,0.03539678,-0.3181669,-0.00823947
22.58,-1.534086,2.698681,9.392719,0.09840763,-0.26418,0.07214815
22.60,-1.439483,2.549618,9.220917,0.1740828,-0.2013335,0.1235949
22.62,-1.256484,2.109257,9.13936,0.205871,-0.1714985,0.1366592
22.64,-1.189427,1.963604,9.190945,0.2056535,-0.1603514,0.1349536
22.66,-1.196016,2.101671,9.355091,0.2265907,-0.1417439,0.150469
22.68,-1.164083,2.081628,9.432748,0.2665565,-0.09880982,0.1684484
22.70,-0.9855736,1.700409,9.489298,0.2844729,-0.06836388,0.1583241
22.72,-0.7875991,1.43838,9.712546,0.2696167,-0.08267272,0.1172485
22.74,-0.7394482,1.567092,10.02127,0.2439446,-0.1434823,0.07163817
22.76,-0.7629946,1.879718,10.17785,0.193054,-0.2257143,0.0476265
22.78,-0.7415652,2.0536,10.13509,0.1173687,-0.3164144,0.05522819
22.80,-0.7136876,2.141651,9.994957,0.07258552,-0.362267,0.08638973
22.82,-0.6746922,2.171279,9.825727,0.1020495,-0.3374422,0.1113224
22.84,-0.5541648,1.913261,9.65477,0.1552318,-0.2756517,0.1155207
22.86,-0.3810676,1.637182,9.567135,0.1482252,-0.2511488,0.1101372
22.88,-0.252288,1.750905,9.560008,0.08654756,-0.2769652,0.1114962
22.90,-0.2098059,2.250977,9.533749,0.03544554,-0.3122573,0.1228388
22.92,-0.206005,2.633558,9.435062,0.004115251,-0.3147191,0.1388146
22.94,-0.1991709,2.428352,9.522923,-0.008704795,-0.2787839,0.1566893
22.96,-0.1599669,2.152642,9.61786,-0.01548121,-0.2287285,0.1821408
22.98,-0.1601586,2.248097,9.613624,-0.0151589,-0.1857544,0.217075
23.00,-0.2345098,2.504759,9.491024,-0.0224662,-0.1394801,0.2530853
23.02,-0.3114794,2.502851,9.318918,-0.06072554,-0.07579654,0.2712782
23.04,-0.3246014,2.289038,9.330295,-0.1091605,-0.03168487,0.2478605
23.06,-0.2817231,2.157656,9.42792,-0.1198715,-0.002593074,0.1759457
23.08,-0.2350702,2.203912,9.481894,-0.1121918,-0.003908836,0.0840472
23.10,-0.2181558,2.315362,9.427506,-0.1282366,-0.04839963,-0.005297748
23.12,-0.2364137,2.389745,9.404081,-0.1352957,-0.09342812,-0.0705637
23.14,-0.2421276,2.390687,9.4597,-0.08618647,-0.1014348,-0.1058396
23.16,-0.2359634,2.356606,9.502992,-0.0106218,-0.09354135,-0.1095182
23.18,-0.2170008,2.311871,9.52216,0.04203524,-0.0992304,-0.09410889
23.20,-0.2271976,2.332017,9.502265,0.0578403,-0.1331207,-0.06326058
23.22,-0.2298823,2.377093,9.436132,0.06541982,-0.1673985,-0.02965125
23.24,-0.1479079,2.230171,9.465518,0.09720851,-0.1845588,0.0023533
23.26,-0.008869652,2.100339,9.611754,0.1477188,-0.2067437,0.02588776
23.28,0.05250733,2.07832,9.717891,0.1984512,-0.2425585,0.03369803
23.30,0.1140511,2.210069,9.740749,0.2228386,-0.3025399,0.04130451
23.32,0.1640802,2.392174,9.715969,0.2259594,-0.3805704,0.06613614
23.34,0.181021,2.527042,9.608153,0.2402914,-0.4386216,0.1037707
23.36,0.2094142,2.575042,9.576163,0.2987105,-0.4588275,0.1354734
23.38,0.2492924,2.509959,9.523026,0.3685526,-0.4783549,0.1340221
23.40,0.3942377,2.544184,9.58895,0.4163252,-0.5199477,0.1169087
23.42,0.6029111,2.798178,9.657101,0.4391397,-0.5939302,0.09668995
23.44,0.7761176,3.057156,9.66576,0.4519532,-0.6738055,0.0764682
23.46,0.8419231,3.130694,9.513498,0.4598508,-0.7280233,0.04644786
23.48,0.9202332,2.980429,9.256129,0.4643608,-0.7380902,0.00673058
23.50,1.103007,2.875016,9.108831,0.4570254,-0.7209342,-0.04592275
23.52,1.388698,2.903467,9.069316,0.4322248,-0.6961852,-0.09241778
23.54,1.644078,3.164236,9.129889,0.4032007,-0.6324891,-0.1312342
23.56,1.628269,3.431199,9.04248,0.3339733,-0.5137066,-0.1791957
23.58,1.493174,3.641731,8.80505,0.2142083,-0.3812263,-0.2309406
23.60,1.52517,3.629121,8.572715,0.1244419,-0.219645,-0.2746655
23.62,1.703962,3.537686,8.515105,0.08964063,-0.03679452,-0.3127766
23.64,1.882631,3.540492,8.500831,0.0497257,0.1241292,-0.3323705
23.66,1.813487,3.430787,8.456782,-0.0363192,0.2451863,-0.3559348
23.68,1.559378,3.101403,8.7026,-0.1116466,0.272262,-0.4131515
23.70,1.410256,2.918375,8.930456,-0.08493667,0.2241445,-0.4869486
23.72,1.534281,2.838859,9.17376,0.05086792,0.1125274,-0.5370568
23.74,1.739503,2.892007,9.405556,0.212042,-0.02145877,-0.5474986
23.76,1.724594,3.086286,9.462091,0.3356388,-0.1594321,-0.5168542
23.78,1.553905,3.327906,9.262124,0.4164634,-0.2727931,-0.4738573
23.80,1.378298,3.391685,9.160162,0.4947619,-0.4006452,-0.443259
23.82,1.405023,3.389815,9.20954,0.5897831,-0.5831077,-0.4084365
23.84,1.552219,3.56925,9.227757,0.6857234,-0.799339,-0.3689933
23.86,1.672998,3.746827,9.033958,0.7540139,-0.9786841,-0.3376924
23.88,1.750312,3.751776,8.678493,0.7766872,-1.074268,-0.3243646
23.90,1.853837,3.672626,8.411238,0.7793103,-1.107959,-0.3309885
23.92,2.048792,3.780891,8.42882,0.7791191,-1.141098,-0.3484993
23.94,2.22607,4.075149,8.390408,0.7713099,-1.195904,-0.3679927
23.96,2.343785,4.336257,8.126901,0.7304498,-1.180421,-0.382059
23.98,2.416824,4.337749,7.844277,0.6616265,-1.067596,-0.4050679
24.00,2.594332,4.410955,7.703401,0.5984922,-0.9096776,-0.4312964
24.02,2.824752,4.713338,7.969782,0.5334817,-0.7954171,-0.4700293
24.04,2.892639,5.221081,8.071662,0.4338816,-0.7296501,-0.5169225
24.06,2.796253,5.50051,7.886162,0.3105498,-0.6498867,-0.5701441
24.08,2.713295,5.461831,7.630398,0.2228286,-0.51853,-0.6053278
24.10,2.833668,5.471982,7.689324,0.1941694,-0.3868978,-0.5962301
24.12,2.94939,5.636368,7.863439,0.184947,-0.3125557,-0.5591558
24.14,2.833665,5.845217,7.778547,0.1278331,-0.2647278,-0.5387939
24.16,2.618971,5.936928,7.600721,0.05108698,-0.19284,-0.5628173
24.18,2.550762,5.789764,7.44722,-0.0434778,-0.1477071,-0.6085383
24.20,2.58486,5.509087,7.333354,-0.1148478,-0.1479173,-0.6455415
24.22,2.575446,5.304814,7.177894,-0.1113801,-0.159869,-0.6704258
24.24,2.583927,5.266933,7.267299,-0.06044228,-0.1906621,-0.6874353
24.26,2.508579,5.440534,7.240685,-0.006411678,-0.241455,-0.7029423
24.28,2.444721,5.591385,7.111143,0.04017327,-0.3172314,-0.7101951
24.30,2.476181,5.642914,7.187243,0.1173713,-0.4093216,-0.7030633
24.32,2.506624,5.656528,7.366764,0.2152876,-0.5239906,-0.6779144
24.34,2.514134,5.850879,7.452075,0.3012364,-0.6613937,-0.6491628
24.36,2.504879,6.132552,7.391077,0.3622499,-0.7876906,-0.603734
24.38,2.570326,6.260625,7.142975,0.3885086,-0.8813308,-0.5292053
24.40,2.669336,6.105193,6.836746,0.4076179,-0.930937,-0.4610406
24.42,2.853956,5.8285,6.682623,0.4513826,-0.9237566,-0.4326179
24.44,3.036594,5.620023,6.79108,0.5100494,-0.89397,-0.4638489
24.46,3.149645,5.716519,6.980031,0.5488944,-0.8852224,-0.5296088
24.48,3.117718,6.159115,7.080152,0.5430024,-0.9007462,-0.5789053
24.50,2.888805,6.66486,6.780287,0.4924801,-0.8775511,-0.5981575
24.52,2.585734,6.730294,6.248672,0.4321566,-0.7869726,-0.6114279
24.54,2.532211,6.414865,5.998617,0.4031824,-0.6368441,-0.6367651
24.56,2.66235,6.078955,6.023251,0.4321794,-0.4906138,-0.7008954
24.58,2.853477,6.206447,6.131623,0.5171019,-0.4107349,-0.7897842
24.60,2.928277,6.776055,6.354612,0.6137084,-0.4336514,-0.8519793
24.62,2.741308,7.495342,6.429777,0.6668863,-0.5240577,-0.8692847
24.64,2.450764,7.89075,6.215509,0.6466705,-0.6087752,-0.8412983
24.66,2.350558,7.795809,5.926657,0.5913833,-0.6512981,-0.7715437
24.68,2.48546,7.609238,5.678205,0.5524828,-0.6820013,-0.7139677
24.70,2.664535,7.563215,5.583483,0.5729655,-0.7318951,-0.7093994
24.72,2.803381,7.804387,5.789347,0.6095792,-0.8107547,-0.7332404
24.74,2.699445,8.306059,5.758215,0.5752937,-0.8819084,-0.7281607
24.76,2.303939,8.476874,5.261386,0.4552198,-0.8891,-0.7144274
24.78,2.070281,8.299018,4.812796,0.349479,-0.8381708,-0.6825252
24.80,2.159845,8.06337,4.479124,0.3408936,-0.7636477,-0.628538
24.82,2.338714,8.061682,4.315057,0.4183177,-0.6688938,-0.5720376
24.84,2.38766,8.391358,4.337291,0.4903041,-0.5597421,-0.5272038
24.86,2.260494,9.018803,4.521832,0.5328478,-0.4699654,-0.4848286
24.88,2.134851,9.542321,4.596962,0.5744633,-0.3717643,-0.4160245
24.90,2.047764,9.459446,4.358539,0.5392034,-0.24924,-0.3156399
24.92,1.987242,8.971708,3.978271,0.422726,-0.1393671,-0.2265339
24.94,2.013703,8.569587,3.802445,0.3426264,-0.02157139,-0.1638731
24.96,2.086849,8.360611,3.736441,0.3556378,0.1062373,-0.1428139
24.98,2.144597,8.440636,3.916595,0.436209,0.2159361,-0.1561635
25.00,2.120892,8.839975,4.137392,0.4763469,0.2442287,-0.175906
25.02,2.065691,9.214026,4.183125,0.3889211,0.1575894,-0.2076625
25.04,2.0879,9.076158,3.940582,0.2719233,0.0357058,-0.2475753
25.06,2.188594,8.753885,3.732684,0.2666901,-0.05806124,-0.2734813
25.08,2.244719,8.663781,3.560179,0.3460627,-0.1515072,-0.2554536
25.10,2.187183,8.837188,3.31065,0.4317981,-0.249437,-0.1862238
25.12,1.950097,8.966608,3.15864,0.455318,-0.321239,-0.1149022
25.14,1.704942,9.13483,2.934681,0.4619338,-0.3628415,-0.07782327
25.16,1.676043,9.349523,2.92745,0.4570458,-0.428199,-0.06746369
25.18,1.773379,9.227222,3.04024,0.4676554,-0.4930526,-0.08825347
25.20,1.927295,9.259074,2.889017,0.4669496,-0.563334,-0.1096911
25.22,1.917806,9.106533,2.620555,0.4344204,-0.6245303,-0.1564357
25.24,1.943699,8.925209,2.544361,0.4219898,-0.6565015,-0.2223229
25.26,2.016815,8.861288,2.565506,0.4132345,-0.6519951,-0.2854468
25.28,2.152189,9.048491,2.413531,0.3967957,-0.6307536,-0.327609
25.30,2.285534,9.127789,2.246445,0.3248001,-0.6192273,-0.3667074
25.32,2.395954,9.214216,2.220733,0.2430775,-0.604214,-0.3843041
25.34,2.504523,9.371096,2.286098,0.2100282,-0.5538224,-0.3609177
25.36,2.500522,9.199376,2.131428,0.1774363,-0.4559527,-0.323498
25.38,2.487374,9.300427,2.037814,0.1060257,-0.3433169,-0.2566049
25.40,2.447124,9.619511,2.089021,0.008959494,-0.192986,-0.1531688
25.42,2.362856,9.969575,2.11914,-0.07695843,0.01825563,-0.06898076
25.44,2.514679,10.2339,2.066538,-0.1980627,0.2798111,-0.01556357
25.46,2.164985,9.730156,2.115059,-0.3076036,0.4378325,-0.02967431
25.48,2.005255,9.391957,2.447027,-0.4016909,0.4926746,0.006163338
25.50,1.768764,9.304462,2.364242,-0.4463145,0.5868846,0.04925776
25.52,1.533272,8.906099,2.505038,-0.4499131,0.6269699,0.03203837
25.54,1.522401,8.800092,2.736567,-0.4200614,0.5923037,0.008072624
25.56,1.570607,8.885168,3.025168,-0.3608339,0.4779396,-0.0007059561
25.58,1.519874,8.881034,3.199141,-0.2786522,0.3352587,-0.00944538
25.60,1.378344,8.951917,3.302434,-0.1979596,0.1817011,-0.03716431
25.62,1.272046,9.2184,3.402318,-0.159947,0.07739069,-0.1082831
25.64,1.615538,9.463825,3.422493,-0.1887728,0.0136748,-0.1029623
25.66,1.582187,9.570134,3.235105,-0.230243,0.002221281,-0.10705
25.68,1.699288,9.42366,3.155041,-0.2369743,0.006030126,-0.1161803
25.70,1.682503,9.34199,3.17826,-0.1994947,0.00728898,-0.1312471
25.72,1.5056,9.174054,3.250453,-0.1543963,-0.01415232,-0.1349524
25.74,1.289625,9.226976,3.423315,-0.1341935,-0.07073891,-0.1176901
25.76,1.142624,9.299569,3.602724,-0.1331125,-0.1115441,-0.08641458
25.78,1.076417,9.485267,3.438567,-0.1158362,-0.08466308,-0.04126391
25.80,1.094275,9.256856,3.294909,-0.1006118,-0.01689567,-0.001165093
25.82,1.307801,9.122189,3.352988,-0.07531677,0.02020933,0.005082742
25.84,1.532276,9.019412,3.697961,-0.04712693,-0.01200625,-0.01316948
25.86,1.560839,8.955003,3.825353,0.0001346285,-0.04982034,-0.04599346
25.88,1.558112,9.049635,3.684261,0.02891575,-0.05752655,-0.06801721
25.90,1.452059,9.109101,3.490858,0.04722568,-0.02639204,-0.08222113
25.92,1.438902,9.068046,3.385927,0.05674066,0.01764437,-0.09500333
25.94,1.465129,9.079019,3.465023,0.07039901,0.0175181,-0.1140046
25.96,1.42806,9.093751,3.639143,0.09192318,-0.02302906,-0.1292278
25.98,1.327442,9.171378,3.758099,0.1230152,-0.06819428,-0.1338675
26.00,1.215469,9.218392,3.657567,0.1582786,-0.09814055,-0.1266668
26.02,1.139472,9.267763,3.488473,0.1814952,-0.1180473,-0.1061646
26.04,1.086835,9.267839,3.241747,0.1744661,-0.1337059,-0.08679368
26.06,1.097491,9.284076,3.055429,0.1432276,-0.1461035,-0.07269813
26.08,1.168194,9.282209,2.926914,0.1131355,-0.1338224,-0.06222034
26.10,1.216409,9.271608,2.850247,0.08377708,-0.07067001,-0.05739083
26.12,1.241067,9.250132,2.84071,0.06915268,0.003557295,-0.0564689
26.14,1.249299,9.245531,2.816952,0.04437564,0.05890434,-0.05848201
26.16,1.193429,9.230594,2.827859,0.01940185,0.09520296,-0.05738557
26.18,1.13407,9.264508,2.817492,0.01737527,0.154065,-0.05249599
26.20,1.116609,9.265066,2.850459,0.02457616,0.2365347,-0.0464148
26.22,1.148325,9.258255,2.861982,0.01549644,0.3030763,-0.04775914
26.24,1.205114,9.229425,2.972893,-0.007997208,0.3197504,-0.0640171
26.26,1.216239,9.166995,3.118501,-0.02025496,0.2888672,-0.08254559
26.28,1.151948,9.190365,3.19976,-0.01271863,0.2707247,-0.09803156
26.30,1.043713,9.246428,3.168487,0.02231674,0.3051647,-0.103113
26.32,0.9618344,9.270909,3.217764,0.072232,0.3841236,-0.1007716
26.34,0.9052372,9.25911,3.406048,0.0883248,0.4084867,-0.1122757
26.36,0.8329463,9.220188,3.534717,0.04725411,0.3363836,-0.1391185
26.38,0.9184614,9.244896,3.413471,0.01198901,0.1374875,-0.1407289
26.40,0.9949003,9.263245,3.32162,-0.01939113,-0.06612106,-0.1381401
26.42,0.9847898,9.212904,3.313392,-0.03062027,-0.1533896,-0.1484388
26.44,0.9432558,9.273154,3.400082,-0.01672085,-0.1520344,-0.1623004
26.46,0.7840677,9.299291,3.468423,0.00906108,-0.136782,-0.1605898
26.48,0.5235621,9.352232,3.385182,0.03761181,-0.1386008,-0.1415898
26.50,0.3091501,9.404292,3.334852,0.05948783,-0.1588257,-0.1088947
26.52,0.2366881,9.473145,3.250277,0.08723205,-0.1771048,-0.05747164
26.54,0.3231653,9.457603,3.112403,0.1134474,-0.160806,-0.008866012
26.56,0.567566,9.375827,2.993248,0.1231608,-0.1237138,0.007840745
26.58,0.8312502,9.250148,2.913377,0.1187576,-0.07827294,-0.01438908
26.60,1.023106,9.178855,2.861168,0.102278,-0.04294701,-0.05603185
26.62,1.101138,9.165077,2.85284,0.0904182,-0.006374131,-0.1035244
26.64,1.002908,9.189965,2.837048,0.08144982,0.0294064,-0.1434984
26.66,0.824473,9.272841,2.860562,0.07599078,0.06081331,-0.1683937
26.68,0.6349998,9.354989,2.882633,0.06773005,0.06920798,-0.1709735
26.70,0.521679,9.405742,2.953559,0.06275913,0.05992467,-0.157714
26.72,0.4257324,9.431348,3.002168,0.06454967,0.03440299,-0.1369588
26.74,0.3585495,9.450754,3.002049,0.06483614,0.008899172,-0.1120276
26.76,0.3122941,9.464557,2.965579,0.06185441,-0.01680896,-0.08884891
26.78,0.2893174,9.473415,2.928232,0.05392228,-0.03048996,-0.06301759
26.80,0.3345255,9.46099,2.894988,0.05310928,-0.02807898,-0.03812849
26.82,0.3591121,9.447332,2.902575,0.06738748,-0.009012268,-0.02181908
26.84,0.3301474,9.436796,2.921688,0.07326086,0.02212524,-0.008464957
26.86,0.2805607,9.471751,2.905962,0.06872065,0.04110268,0.002399977
26.88,0.2679199,9.503222,2.901979,0.06197147,0.03447352,0.03077908
26.90,0.3115583,9.493335,2.93195,0.05923528,-0.001663252,0.05691307
26.92,0.377115,9.453214,2.929112,0.05892885,-0.03810391,0.07464727
26.94,0.444003,9.434711,2.864558,0.05789645,-0.05571897,0.08009857
26.96,0.5228269,9.41637,2.795687,0.04998244,-0.06924808,0.08482266
26.98,0.5737203,9.421384,2.749995,0.03595416,-0.07978833,0.08331135
27.00,0.5639838,9.407037,2.725021,0.02463671,-0.0827343,0.07900487
27.02,0.5563494,9.415845,2.716651,0.01721741,-0.06610692,0.07778954
27.04,0.5837844,9.415571,2.655473,0.01392774,-0.03440856,0.0781213
27.06,0.6398264,9.389164,2.621528,0.01563242,0.005167899,0.0721414
27.08,0.7277492,9.358919,2.65365,0.01615264,0.04929199,0.05457078
27.10,0.8328422,9.333333,2.712453,0.01128715,0.0670567,0.03221245
27.12,0.8702314,9.327133,2.78122,-0.0005789631,0.04633215,0.002542965
27.14,0.7800273,9.349694,2.771935,-0.0113097,0.02352651,-0.01647863
27.16,0.6257371,9.42412,2.75821,-0.01916944,0.02840882,-0.0160718
27.18,0.4907066,9.467205,2.780982,-0.0112613,0.04454011,-0.003237341
27.20,0.4714153,9.469323,2.824854,-0.004384616,0.05015071,0.01335003
27.22,0.5997714,9.436941,2.873035,-0.006834794,0.01702989,0.02072074
27.24,0.7498928,9.375869,2.8975,-0.01055933,-0.04410491,0.01099435
27.26,0.8218663,9.329789,2.891565,-0.01119973,-0.08077383,-0.00978292
27.28,0.8225543,9.328756,2.872721,-0.005552593,-0.0768208,-0.03798446
27.30,0.7401367,9.36563,2.901891,0.008461221,-0.05244299,-0.05708056
27.32,0.581893,9.429988,2.971904,0.02340093,-0.05217607,-0.05772633
27.34,0.4310407,9.48807,3.000642,0.03996239,-0.08776905,-0.03732437
27.36,0.3470204,9.542166,2.95458,0.05336475,-0.134142,1.27283e-05
27.38,0.3492772,9.552503,2.879938,0.06330672,-0.1664169,0.04229109
27.40,0.4093443,9.515456,2.788542,0.07099718,-0.1730049,0.07409406
27.42,0.5535989,9.466899,2.694705,0.08254025,-0.1518173,0.09031908
27.44,0.7128954,9.413133,2.612781,0.08606999,-0.111833,0.09194458
27.46,0.8251271,9.367631,2.539514,0.07774321,-0.06951673,0.07331823
27.48,0.8937474,9.352864,2.458794,0.06271008,-0.03398684,0.04940975
27.50,0.9019336,9.357075,2.417903,0.04549427,0.002124636,0.02727538
27.52,0.8849059,9.372066,2.417684,0.02509711,0.04692306,0.005998257
27.54,0.849728,9.382402,2.454972,0.008987458,0.08262788,-0.0118351
27.56,0.795305,9.402252,2.516088,-0.00795753,0.09818868,-0.02555747
27.58,0.7199467,9.435221,2.569068,-0.02787559,0.1051486,-0.02786107
27.60,0.6442694,9.49252,2.655839,-0.03783278,0.1010682,-0.01864254
27.62,0.5750773,9.512443,2.804569,-0.03337456,0.08036466,-0.00156733
27.64,0.5096815,9.511525,2.862539,-0.01946547,0.04952166,0.02174226
27.66,0.4777384,9.5306,2.857557,-0.007790579,0.02198845,0.05022761
27.68,0.5060589,9.542534,2.822553,0.006088309,0.000731835,0.08217773
27.70,0.573505,9.512712,2.803588,0.02018346,-0.007384647,0.1052491
27.72,0.6948178,9.460583,2.746487,0.03252997,-0.004897824,0.1119544
27.74,0.8342327,9.398069,2.684688,0.03812757,0.003432047,0.1053851
27.76,0.9226221,9.362638,2.615439,0.03854613,0.01717845,0.08783905
27.78,0.9784997,9.352646,2.596477,0.03518086,0.02959941,0.06171143
27.80,0.9818111,9.365417,2.65426,0.03555792,0.03826777,0.04030891
27.82,0.9491929,9.383208,2.721898,0.03791561,0.03306286,0.02133217
27.84,0.9205376,9.395736,2.723894,0.02892314,-0.004702494,0.006397486
27.86,0.910693,9.40872,2.654227,0.01623778,-0.04962998,0.001637541
27.88,0.9264241,9.386683,2.571619,0.004849468,-0.06643509,-0.01234992
27.90,0.9320729,9.384318,2.522812,-0.004135394,-0.04107232,-0.03349221
27.92,0.9280053,9.386788,2.5085,-0.009618592,0.003878941,-0.0506655
27.94,0.8937712,9.399088,2.519182,-0.007320125,0.04712649,-0.06495724
27.96,0.7839155,9.433624,2.615882,0.0004497365,0.07999712,-0.06894054
27.98,0.6653029,9.48259,2.676764,0.007548318,0.08354716,-0.05856447
28.00,0.6195433,9.512926,2.689131,0.01173112,0.06598654,-0.04054628
28.02,0.6351619,9.516738,2.61496,0.006798795,0.0426129,-0.01957769
28.04,0.6828837,9.487994,2.528077,-0.007318645,0.03916047,-0.005374206
28.06,0.7527035,9.459712,2.5519,-0.02096958,0.05634429,-0.006988137
28.08,0.8049015,9.418686,2.601739,-0.0286759,0.07074272,-0.01718856
28.10,0.7971691,9.4297,2.641402,-0.03581309,0.06695422,-0.02455159
28.12,0.6966747,9.45035,2.6372,-0.04284652,0.05273267,-0.02056402
28.14,0.5900929,9.491839,2.571625,-0.0544588,0.04994139,-0.005711806
28.16,0.5680887,9.51198,2.500928,-0.06208386,0.07203672,0.01548042
28.18,0.5928175,9.487595,2.500012,-0.06431633,0.1222189,0.02972867
28.20,0.6532962,9.442399,2.608374,-0.06258758,0.1769748,0.03098474
28.22,0.7375662,9.418099,2.713212,-0.05891141,0.2107654,0.02410758
28.24,0.7424182,9.413674,2.822573,-0.0540047,0.2005725,0.01826278
28.26,0.6904794,9.424726,2.934935,-0.0511425,0.1547124,0.01795035
28.28,0.6232615,9.46822,2.970025,-0.04655397,0.09569714,0.03181949
28.30,0.5902559,9.474595,2.975254,-0.03774852,0.0424721,0.04929047
28.32,0.6548589,9.43819,2.944677,-0.03012822,0.003865097,0.05863778
28.34,0.7495094,9.388192,2.959767,-0.01751701,-0.02075818,0.05387853
28.36,0.7966002,9.365077,2.95797,-0.005865446,-0.03717701,0.041898
28.38,0.7763051,9.378167,2.930932,-0.001628041,-0.05903777,0.0295311
28.40,0.7396939,9.406613,2.892758,0.0008409841,-0.07430985,0.0261835
28.42,0.7250379,9.434587,2.865194,0.007499938,-0.08407371,0.03542277
28.44,0.7060636,9.422065,2.858743,0.01933486,-0.0911096,0.03973608
28.46,0.7246303,9.42116,2.930319,0.03162289,-0.1030211,0.04424512
28.48,0.782847,9.412152,2.926065,0.04178061,-0.1320134,0.04646874
28.50,0.8116941,9.400166,2.871491,0.04902195,-0.1617398,0.04438375
28.52,0.8792146,9.394787,2.818123,0.05104065,-0.1811848,0.03910913
28.54,0.9222833,9.368448,2.808689,0.0563591,-0.1881277,0.02495448
28.56,0.9788313,9.342612,2.762766,0.06100035,-0.1815358,0.007197846
28.58,0.9861432,9.356185,2.702595,0.05858994,-0.1815777,-0.01075195
28.60,0.9380981,9.390549,2.614155,0.05674724,-0.1793006,-0.01836723
28.62,0.8836212,9.419158,2.560697,0.0458968,-0.1661613,-0.01722887
28.64,0.8650804,9.437023,2.551061,0.03488179,-0.1474214,-0.01165408
28.66,0.8477313,9.456033,2.553962,0.02785878,-0.1275426,-0.004522632
28.68,0.8134588,9.451828,2.52203,0.02105044,-0.1099828,0.001326751
28.70,0.7875705,9.460761,2.471208,0.00836416,-0.0831787,0.01347756
28.72,0.7997456,9.474152,2.417969,-0.001477481,-0.03870239,0.02479604
28.74,0.8538979,9.467646,2.424159,-0.007651001,0.01869484,0.03320678
28.76,0.8992972,9.430462,2.518714,-0.01370144,0.0547976,0.03580264
28.78,0.8999562,9.45054,2.615834,-0.01903853,0.06212443,0.0396219
28.80,0.8538756,9.462173,2.6658,-0.02021105,0.04673125,0.04958608
28.82,0.8447848,9.462087,2.660547,-0.01864649,0.0439158,0.05943538
28.84,0.9138194,9.435112,2.637562,-0.02035092,0.05029246,0.06465958
28.86,1.019277,9.398067,2.647419,-0.02040959,0.05628444,0.0580522
28.88,1.078135,9.353053,2.699098,-0.02478312,0.04668745,0.03998674
28.90,1.067742,9.364273,2.703788,-0.02419764,0.03864124,0.02371852
28.92,0.9911879,9.400983,2.668872,-0.02378321,0.04620304,0.02103289
28.94,0.9207931,9.421573,2.632084,-0.02347244,0.06143078,0.02764913
28.96,0.9080419,9.446006,2.599567,-0.02889682,0.07428724,0.03378325
28.98,0.9632298,9.414379,2.587733,-0.03742446,0.08437497,0.03771139
29.00,1.054824,9.381262,2.627236,-0.0448259,0.09838867,0.02701483
29.02,1.099903,9.341906,2.709255,-0.03663652,0.1150549,0.008696102
29.04,1.089234,9.343445,2.795484,-0.01816844,0.1274087,-0.00479517
29.06,0.9954519,9.388598,2.874804,0.003468114,0.1285594,-0.01343912
29.08,0.873909,9.437304,2.937417,0.01721823,0.112427,-0.005366886
29.10,0.7887293,9.485862,2.938254,0.0271029,0.06505758,0.01422091
29.12,0.7982698,9.470466,2.87298,0.02817718,0.01646093,0.0325602
29.14,0.9010094,9.426023,2.784199,0.02211897,-0.01055808,0.04096089
29.16,1.025396,9.383281,2.712253,0.01849563,-0.01246733,0.03309906
29.18,1.090209,9.347744,2.636066,0.01578589,0.006196711,0.0167537
29.20,1.092081,9.355923,2.61664,0.004916396,0.02369403,0.002695023
29.22,1.02735,9.371524,2.617326,-0.01408234,0.02200594,-0.008576431
29.24,0.9589215,9.417375,2.588388,-0.03124327,0.02320448,-0.008721119
29.26,0.9270722,9.415187,2.570676,-0.04648219,0.03187136,-0.004363581
29.28,0.9455714,9.410303,2.563766,-0.04866321,0.06618596,-0.00371839
29.30,0.9683461,9.40097,2.588428,-0.05008399,0.1191763,-0.005194348
29.32,0.9449221,9.404883,2.715478,-0.04519999,0.1535691,-0.008386295
29.34,0.8831806,9.392883,2.853791,-0.03522087,0.1459874,-0.009189002
29.36,0.8765284,9.390157,2.916629,-0.02418906,0.1155483,-0.004453509
29.38,0.9275867,9.396854,2.921289,-0.01433709,0.09055445,-0.003017027
29.40,0.9670051,9.366972,2.985506,0.002388825,0.07533518,-0.009637472
29.42,0.9762936,9.342613,3.024042,0.01506134,0.03760253,-0.02394319
29.44,0.9581841,9.355486,2.960795,0.02054156,-0.0178221,-0.03151228
29.46,0.9158016,9.408908,2.82964,0.01061506,-0.04931655,-0.03216102
29.48,0.8614609,9.428293,2.690405,0.00332904,-0.03770665,-0.02130492
29.50,0.8244274,9.443625,2.649285,6.073245e-05,0.005051777,-0.01510469
29.52,0.8371034,9.410082,2.714655,0.002334153,0.04069522,-0.01216242
29.54,0.844554,9.396705,2.796057,0.01485869,0.05287399,-0.009513204
29.56,0.8521366,9.413062,2.809807,0.01824973,0.05865399,-0.002228634
29.58,0.8731798,9.397901,2.779581,0.02264578,0.04853049,-0.002102992
29.60,0.9229495,9.386982,2.798063,0.01966498,0.03212634,-0.004053806
29.62,0.9334165,9.379267,2.811894,0.01878606,0.02458737,-0.009755818
29.64,0.8592277,9.407481,2.826764,0.02847915,0.02558931,-0.01088224
29.66,0.7593337,9.452453,2.792246,0.03101748,0.02437715,-0.001306908
29.68,0.7025024,9.478795,2.762453,0.02475142,0.01544806,0.01847293
29.70,0.7359194,9.481323,2.755127,0.030398,0.01013641,0.03961036
29.72,0.8269255,9.428731,2.780399,0.03612231,0.01487157,0.04579056
29.74,0.9376462,9.374923,2.778477,0.04944367,0.02040209,0.03718503
29.76,0.994062,9.361943,2.783523,0.05138771,0.01943641,0.02040041
29.78,0.9703386,9.374683,2.797785,0.05081269,-0.001628773,0.009827041
29.80,0.8850263,9.409928,2.783674,0.05353555,-0.01915958,0.009580428
29.82,0.8365629,9.437037,2.718787,0.0574457,-0.02413763,0.01640745
29.84,0.8578856,9.42358,2.605757,0.05510928,-0.01233876,0.02017042
29.86,0.9602827,9.385459,2.517386,0.04547779,0.005878789,0.01234328
29.88,1.063874,9.345849,2.52214,0.03206162,0.02794836,-0.009287087
29.90,1.084382,9.328917,2.593351,0.02701984,0.04019776,-0.03656792
29.92,1.011509,9.357707,2.642223,0.01333121,0.0321712,-0.05959547
29.94,0.9481183,9.411233,2.592644,0.0006083673,0.02196135,-0.0634832
29.96,0.9009908,9.412046,2.530149,-0.008762019,0.02106778,-0.06733258
29.98,0.927335,9.403235,2.578115,-0.01593207,0.03529089,-0.07642075
30.00,0.9354744,9.390642,2.682931,-0.01530539,0.04181884,-0.08986311
30.02,0.8446157,9.407394,2.764117,-0.006046348,0.03269735,-0.1002379
30.04,0.6984594,9.469846,2.776347,0.0003373387,0.01950592,-0.08917924
30.06,0.6019801,9.535918,2.725849,0.00859262,0.01225873,-0.06124149
30.08,0.5784187,9.543005,2.756819,0.01474092,0.007138313,-0.03089602
30.10,0.6190891,9.519298,2.841041,0.03199656,-0.006260223,-0.01075087
30.12,0.6664871,9.487142,2.876719,0.04462427,-0.03682642,-0.001404913
30.14,0.6560943,9.48221,2.813884,0.04535241,-0.08740632,0.008485323
30.16,0.6603269,9.497391,2.707397,0.03762392,-0.1345385,0.02499712
30.18,0.7010517,9.489345,2.580194,0.02642875,-0.1493308,0.03862821
30.20,0.7974069,9.449587,2.483834,0.01828201,-0.1271695,0.03896074
30.22,0.9163389,9.397456,2.451704,0.01077752,-0.09031404,0.0247575
30.24,0.969218,9.366086,2.417391,0.002623369,-0.05242493,0.002053569
30.26,0.9504328,9.386037,2.366237,-0.01153156,-0.003029226,-0.01878991
30.28,0.9076497,9.394062,2.3411,-0.02380754,0.05253626,-0.03308531
30.30,0.9194679,9.404591,2.420166,-0.02825229,0.09864701,-0.04539158
30.32,0.9125474,9.39235,2.561212,-0.02698928,0.1231658,-0.06022364
30.34,0.8426496,9.41744,2.674346,-0.02698872,0.1222209,-0.06989922
30.36,0.6976999,9.48328,2.737474,-0.02194297,0.1079789,-0.06218324
30.38,0.5375038,9.544105,2.777818,-0.01936543,0.08309059,-0.0392591
30.40,0.461721,9.579664,2.821919,-0.01368429,0.04055343,-0.00427351
30.42,0.4885018,9.562839,2.813598,-0.00881515,-0.003065762,0.03115232
30.44,0.5913191,9.506749,2.785108,-0.002301101,-0.0376031,0.05261978
30.46,0.7254745,9.450135,2.698373,0.003314121,-0.04738142,0.056475
30.48,0.8171241,9.41436,2.617281,0.005467915,-0.02672877,0.04770707
30.50,0.8814384,9.403271,2.567346,0.009430489,0.01318957,0.03537319
30.52,0.8700805,9.382334,2.59319,0.00898798,0.03914637,0.0184348
30.54,0.8390124,9.399214,2.586454,0.002026698,0.04493836,0.006515878
30.56,0.7930314,9.435476,2.569039,-0.01388373,0.04090508,0.003235565
30.58,0.7744017,9.462011,2.593171,-0.02776688,0.03347988,0.008073433
30.60,0.7607392,9.443714,2.657572,-0.03161505,0.02193117,0.01167947
30.62,0.7695259,9.428793,2.672626,-0.03189107,0.01909959,0.009878526
30.64,0.788489,9.439179,2.664937,-0.03031853,0.02495234,0.006872903
30.66,0.7891045,9.441058,2.694103,-0.0273915,0.0286201,0.007908684
30.68,0.7617465,9.442297,2.684939,-0.02838026,0.02842619,0.009466077
30.70,0.7500501,9.437467,2.688667,-0.02539178,0.03047224,0.01222359
30.72,0.767835,9.436342,2.674649,-0.02084173,0.0351143,0.01362586
30.74,0.7925586,9.420402,2.670748,-0.02466318,0.04168492,0.009750035
30.76,0.8391399,9.405668,2.636049,-0.03035074,0.05036652,0.002079486
30.78,0.8199061,9.405875,2.72581,-0.03481299,0.04968972,-0.007162492
