time_s,ax,ay,az,gx,gy,gz
0.00,0.9364015,9.885745,0.9261154,0.04440367,-0.07739462,-0.01107565
0.02,0.9414178,9.960346,0.8974556,0.04113325,-0.07118806,0.01295782
0.04,0.9946005,9.857523,0.8893102,0.02907058,-0.05972675,0.02123131
0.06,1.026665,9.748729,0.8605961,0.008433804,-0.04726181,0.01098695
0.08,1.014323,9.691032,0.8423193,-0.002482303,-0.02479765,-0.005657925
0.10,0.9852676,9.673436,0.8310882,0.002863022,0.004922531,-0.02150322
0.12,0.985673,9.673317,0.8650398,0.005732642,0.03108437,-0.02511398
0.14,0.9874709,9.686168,0.8644901,-0.001517867,0.03931147,-0.01509475
0.16,0.9595828,9.729674,0.8726069,-0.003765832,0.04599964,-0.001995109
0.18,0.9366924,9.790034,0.9062521,0.006971344,0.05629165,0.00674036
0.20,0.9472885,9.791789,0.9558092,0.01687972,0.05831705,0.00390185
0.22,0.973169,9.778621,0.988245,0.02027521,0.0483814,-0.01213352
0.24,0.9855977,9.822351,0.9910222,0.01038111,0.02695411,-0.01979472
0.26,0.9561045,9.873281,0.9854711,-0.0006329898,0.01075498,-0.01356754
0.28,0.9254827,9.868435,0.9562407,-0.004106719,0.005060388,0.007492519
0.30,0.9149895,9.823306,0.9172391,-0.01056346,0.007201565,0.02917772
0.32,0.9196481,9.796775,0.8834088,-0.02155311,0.009505489,0.04330283
0.34,0.9102676,9.741964,0.8318416,-0.02795768,0.01862741,0.04395812
0.36,0.9074236,9.667268,0.8057226,-0.02047478,0.03499114,0.03287307
0.38,0.9095123,9.609807,0.7953739,0.003286626,0.05731054,0.02112088
0.40,0.8988783,9.554401,0.8042312,0.02857338,0.07580412,0.009708843
0.42,0.9273458,9.549673,0.8315735,0.04451055,0.08058174,0.005665475
0.44,0.9091577,9.726224,0.8235478,0.03905974,0.07616973,0.007261253
0.46,0.7478679,9.698653,0.7571889,-0.002711144,0.07733092,0.02682699
0.48,0.786278,9.756337,0.7601008,-0.02702028,0.0827691,0.04219098
0.50,0.9091142,9.69369,0.8013604,-0.02801335,0.08669753,0.03858452
0.52,0.9430657,9.594337,0.8009968,-0.02887868,0.08623334,0.02067341
0.54,0.9208369,9.53326,0.7018277,-0.058183,0.1012084,0.004001028
0.56,0.8225029,9.483165,0.5574284,-0.09789164,0.1501445,-0.004658674
0.58,0.7527725,9.372049,0.5110466,-0.1067732,0.2290593,-0.01820097
0.60,0.7723386,9.215388,0.5916231,-0.06321368,0.3086045,-0.0402117
0.62,0.7764376,9.274301,0.6602636,0.0124118,0.3712944,-0.07887304
0.64,0.8097396,9.584297,0.7852984,0.0770411,0.3915091,-0.1215242
0.66,0.857302,9.85407,0.8796005,0.08660587,0.359622,-0.1455924
0.68,0.8192143,9.92934,0.8593166,0.06186269,0.3119194,-0.146687
0.70,0.8003895,9.886035,0.9149666,0.05852394,0.2725573,-0.1368663
0.72,0.8634704,9.783247,1.01627,0.09154903,0.2448416,-0.1187721
0.74,0.9294688,9.772312,1.039371,0.1333414,0.2042819,-0.1007937
0.76,0.9493875,9.836087,1.010842,0.1571725,0.1562697,-0.07862527
0.78,0.9277858,9.917548,0.9389068,0.1591679,0.1356138,-0.04727396
0.80,0.8458284,9.982903,0.8424473,0.1611851,0.1582723,-0.008520161
0.82,0.8016609,9.950842,0.7823876,0.1610433,0.2102952,0.01102134
0.84,0.8403824,9.941931,0.8025109,0.1611515,0.2695873,0.002989883
0.86,0.8994679,9.947112,0.8658993,0.1511356,0.3067056,-0.02497784
0.88,0.92564,9.958488,0.9094979,0.1238568,0.3194247,-0.0486865
0.90,0.8831354,9.979209,0.925095,0.08857412,0.3195934,-0.05623984
0.92,0.8179702,9.974018,0.9353637,0.06088771,0.3210699,-0.04431229
0.94,0.7794123,9.991234,0.9502808,0.04079391,0.3179169,-0.01310385
0.96,0.7473975,9.977147,0.9555211,0.03361951,0.305112,0.01652055
0.98,0.7797126,9.956026,1.008017,0.04232329,0.2798724,0.02308505
1.00,0.7913662,9.969939,1.030283,0.06107266,0.2490787,0.01368824
1.02,0.8020095,9.914112,1.000479,0.06825941,0.2207704,0.002916941
1.04,0.7655743,9.872919,0.9257578,0.06921351,0.203951,-0.006905701
1.06,0.7422689,9.858223,0.9080199,0.07295743,0.2002576,-0.005594461
1.08,0.7466848,9.887185,0.8902751,0.07906166,0.2044404,-0.002329034
1.10,0.7699336,9.91994,0.8979965,0.08481345,0.2019377,-0.0006022162
1.12,0.7995761,9.898458,0.9073998,0.08116832,0.1886656,0.003668749
1.14,0.7475001,9.868402,0.8889456,0.0642916,0.1808145,0.007590964
1.16,0.708369,9.84984,0.8591497,0.03327375,0.1796991,0.0126415
1.18,0.6776071,9.765609,0.8582449,-0.005004774,0.1726921,0.01214585
1.20,0.6775481,9.830783,0.8858909,-0.03855575,0.1502839,0.01506536
1.22,0.6555538,9.926768,0.9130764,-0.06111152,0.1170235,0.02248897
1.24,0.5708825,9.961656,0.8877888,-0.08232708,0.08640198,0.03569769
1.26,0.4842059,9.881924,0.8470078,-0.0981432,0.06482116,0.03506881
1.28,0.4597612,9.854472,0.8751513,-0.09803001,0.04231698,0.01849462
1.30,0.5291978,9.740126,0.9834986,-0.09708762,-0.00393561,-0.002479285
1.32,0.5628449,9.74728,0.9781324,-0.1204763,-0.07630603,-0.01274623
1.34,0.4953246,9.786925,0.8793992,-0.1577152,-0.1363968,-0.002207114
1.36,0.3990643,9.760262,0.7792939,-0.1799562,-0.1608138,0.01825262
1.38,0.3918032,9.625336,0.7573145,-0.1645069,-0.1592962,0.03019216
1.40,0.4628145,9.512741,0.7727621,-0.1147371,-0.1527711,0.01683007
1.42,0.5422139,9.490127,0.7896107,-0.05873701,-0.1560002,-0.02026436
1.44,0.5781902,9.521355,0.7973345,-0.01940178,-0.1652333,-0.06403633
1.46,0.5645494,9.556286,0.76379,0.002910534,-0.1754106,-0.09458763
1.48,0.5502697,9.583834,0.7159578,0.01267816,-0.1683363,-0.09724683
1.50,0.5417372,9.663042,0.7061837,0.02196349,-0.1440687,-0.07864015
1.52,0.5497476,9.733083,0.6982531,0.0338867,-0.1090915,-0.05298671
1.54,0.5988025,9.786022,0.7027248,0.03916335,-0.07885355,-0.04348414
1.56,0.6564387,9.800667,0.7302676,0.0444496,-0.05919398,-0.05213424
1.58,0.6837468,9.801905,0.7627097,0.0554494,-0.04201505,-0.07037028
1.60,0.6616481,9.917592,0.7903183,0.05717827,-0.02240991,-0.07995855
1.62,0.6173096,9.973856,0.7615563,0.03646009,-0.007610227,-0.07358869
1.64,0.610581,9.979376,0.7341395,0.002819703,0.003882822,-0.05446354
1.66,0.6359328,9.908678,0.7546433,-0.01786968,0.01729424,-0.02855439
1.68,0.6261544,9.892509,0.7623481,-0.01111932,0.03532479,-0.007079323
1.70,0.6326723,9.875017,0.7774422,0.003094999,0.051022,0.002212191
1.72,0.6626347,9.826408,0.7826048,0.01110705,0.06295124,0.003850201
1.74,0.6778939,9.839483,0.8020322,0.006717124,0.07299698,0.004092674
1.76,0.6542967,9.767164,0.8056912,-0.001598131,0.08444761,0.007144121
1.78,0.6080409,9.764758,0.7778234,-0.005092124,0.1082523,0.01112638
1.80,0.5730259,9.752229,0.8182571,-0.009513489,0.1266236,0.009388203
1.82,0.6134244,9.756243,0.8225619,-0.01189223,0.1326874,0.003806366
1.84,0.621249,9.79564,0.8522439,-0.009557855,0.1335236,-0.001595813
1.86,0.5931752,9.887534,0.929306,-0.00295425,0.1220006,-0.01105229
1.88,0.6187671,9.878222,0.9598618,-0.01774831,0.08867086,-0.01092026
1.90,0.6115718,9.862388,0.9324482,-0.04356476,0.04640717,0.002258574
1.92,0.5648918,9.903856,0.9078332,-0.05747689,0.01958607,0.0250927
1.94,0.5553192,9.863255,0.8788925,-0.05275792,0.0115298,0.04260452
1.96,0.5888588,9.758463,0.8668073,-0.03679823,0.003964513,0.04574245
1.98,0.6233796,9.676892,0.8643201,-0.01371704,-0.006214016,0.02860407
2.00,0.64569,9.700844,0.8892276,0.01021382,-0.01686585,0.006258041
2.02,0.6441934,9.822081,0.8849899,0.02708731,-0.03143056,0.000438107
2.04,0.6174607,10.01712,0.9118963,0.0270341,-0.03631509,0.01173365
2.06,0.5617623,10.01706,0.8317248,-0.004755272,-0.02875673,0.04010181
2.08,0.5550472,9.91181,0.764298,-0.05221182,-0.001726605,0.06928243
2.10,0.5662463,9.820258,0.774025,-0.07968379,0.03436325,0.07956771
2.12,0.6030905,9.696465,0.7989775,-0.07920649,0.06835588,0.0607321
2.14,0.6306464,9.63979,0.8359216,-0.05930834,0.09194526,0.02758171
2.16,0.6067343,9.651625,0.8528073,-0.03951408,0.1025578,-0.001713511
2.18,0.5431535,9.671475,0.8719127,-0.02864768,0.1084663,-0.01439411
2.20,0.5101714,9.695078,0.8814659,-0.02213636,0.1067735,-0.01284841
2.22,0.5028862,9.685419,0.9241724,-0.0138898,0.09572122,-0.00396994
2.24,0.525637,9.674903,0.962541,-0.001940455,0.07558967,0.001939914
2.26,0.5358257,9.663569,0.9901052,0.01441449,0.0453689,-0.004598708
2.28,0.558906,9.674053,0.9999514,0.03092371,0.009598416,-0.01613271
2.30,0.5642581,9.699014,1.012236,0.04615187,-0.03126267,-0.0267446
2.32,0.5549808,9.725049,1.017728,0.05242236,-0.06535816,-0.03318851
2.34,0.5405483,9.765783,0.9778419,0.05412841,-0.08784295,-0.02992391
2.36,0.5343395,9.791346,0.9396869,0.0496177,-0.100384,-0.02341131
2.38,0.5673084,9.800708,0.9137542,0.05135262,-0.1041976,-0.01932174
2.40,0.6164781,9.766943,0.898968,0.05840769,-0.1010438,-0.02695794
2.42,0.641237,9.77485,0.9084019,0.07800043,-0.09615605,-0.03736451
2.44,0.6371876,9.791338,0.9088205,0.07627665,-0.08797541,-0.04191877
2.46,0.6248428,9.813123,0.8428242,0.049337,-0.07844952,-0.03665421
2.48,0.6341515,9.849272,0.8366647,0.02364903,-0.06927212,-0.02082529
2.50,0.6269925,9.87907,0.8225501,0.01660935,-0.03955625,-0.002452021
2.52,0.6323841,9.839108,0.8204198,0.02055715,-0.01354807,0.01204771
2.54,0.6627936,9.768042,0.8363437,0.01605437,0.001402137,0.00413041
2.56,0.6692473,9.756044,0.8672938,0.01184003,0.007784238,-0.006168172
2.58,0.6212655,9.809937,0.8688366,0.005967948,0.01363586,-0.01024929
2.60,0.5943669,9.859495,0.8505521,-0.002049917,0.02104931,0.003466788
2.62,0.5741351,9.865601,0.8595265,-0.01487682,0.02354569,0.02052475
2.64,0.5742758,9.831546,0.8611337,-0.01973683,0.02367383,0.03325604
2.66,0.5759784,9.78896,0.8626966,-0.02387166,0.01954689,0.03912302
2.68,0.5849278,9.752456,0.8623843,-0.02459749,0.01178658,0.03740786
2.70,0.595533,9.688926,0.8624556,-0.0268143,0.002218782,0.02161901
2.72,0.5709238,9.778578,0.8580207,-0.01469721,-0.004416854,0.007716081
2.74,0.5566766,9.784219,0.8508222,-0.005030655,-0.005770123,0.006222288
2.76,0.5505707,9.815179,0.8220707,-0.01142407,-0.01159992,0.009909447
2.78,0.5394502,9.80998,0.8102359,-0.01905381,-0.01489376,0.0169103
2.80,0.5591507,9.795086,0.8104723,-0.02041851,-0.01743058,0.01710823
2.82,0.5672782,9.755425,0.806717,-0.01675177,-0.01575155,0.01105598
2.84,0.5666536,9.742412,0.7988315,-0.007565848,-0.01332089,-0.0009241287
2.86,0.5713884,9.742467,0.8106207,-0.005329736,-0.0172436,-0.009280593
2.88,0.5594184,9.762559,0.7948297,-0.003517153,-0.01899055,-0.0100375
2.90,0.5362795,9.797678,0.7786672,0.002184758,-0.01178384,-0.006105842
2.92,0.5222968,9.783608,0.789484,0.007289786,-0.00571076,0.0008208678
2.94,0.5547865,9.771659,0.7972046,0.007529506,-0.004838261,0.00523342
2.96,0.5689032,9.805553,0.7808141,0.01831311,-0.003280783,0.0004426895
2.98,0.5616506,9.818863,0.8253142,0.02443375,0.002024341,-0.009920687
3.00,0.568185,9.751228,0.8247121,0.01581042,0.002062577,-0.02388517
3.02,0.5840803,9.762534,0.791592,-0.002394172,-0.001202245,-0.02451841
3.04,0.5613347,9.793571,0.7882171,-0.00590163,0.003399446,-0.01718871
3.06,0.5611269,9.8116,0.801467,0.00356818,0.01251451,-0.00811487
3.08,0.5568205,9.777133,0.7971526,0.01561862,0.01737412,-0.002401117
3.10,0.5827874,9.769713,0.8199887,0.02336828,0.02019001,-0.003564713
3.12,0.5838658,9.755099,0.8397849,0.02635304,0.0182646,-0.01226508
3.14,0.5817838,9.780503,0.8506076,0.02336179,0.00674025,-0.02142693
3.16,0.5701707,9.818089,0.8456965,0.01774974,-0.001590229,-0.02350277
3.18,0.5491227,9.836715,0.838808,0.01103321,-0.006860176,-0.01698876
3.20,0.5554293,9.817652,0.8230903,0.005744705,-0.004308916,-0.002246208
3.22,0.569109,9.811371,0.8153264,0.002793768,0.0006840818,0.008464987
3.24,0.5850108,9.802386,0.8206654,0.002824361,0.001669653,0.01234719
3.26,0.5913399,9.792785,0.8139364,0.008048847,0.007676014,0.008486
3.28,0.5858223,9.778015,0.8179534,0.01325899,0.01405562,0.002638287
3.30,0.5726519,9.757545,0.8098856,0.01214743,0.0204015,-0.007002037
3.32,0.5727478,9.754711,0.829529,0.007831026,0.02217805,-0.01064718
3.34,0.5679313,9.790666,0.8389848,0.005325377,0.02452447,-0.01178867
3.36,0.5600498,9.789167,0.851172,-0.0004226489,0.01926068,-0.008056222
3.38,0.5626364,9.779027,0.8671371,-0.003467596,0.009180295,-0.00338829
3.40,0.558163,9.776076,0.8761912,-0.001597515,-0.001860976,-0.001744261
3.42,0.5683239,9.755164,0.8671581,0.005329116,-0.01204185,-0.001821703
3.44,0.5831347,9.741025,0.8821304,0.01101473,-0.02412336,0.0009367606
3.46,0.5733415,9.735662,0.8610631,0.01560033,-0.03075523,-0.00187849
3.48,0.5690459,9.71326,0.8710428,0.01828604,-0.0362114,-0.004601571
3.50,0.5655832,9.750281,0.8657995,0.0210473,-0.03755793,-0.006508731
3.52,0.556945,9.800592,0.8406138,0.02310528,-0.04035931,-0.003391637
3.54,0.5710292,9.795826,0.9079617,0.01860336,-0.04840467,-0.004939392
3.56,0.5340551,9.843534,0.8687312,0.009487693,-0.04587893,-0.003954628
3.58,0.5651782,9.761162,0.8367824,-0.01428822,-0.04598927,3.043673e-05
3.60,0.5761099,9.795492,0.8096186,-0.02649849,-0.04676571,0.001337131
3.62,0.5578817,9.804551,0.8353404,-0.02796031,-0.04045026,-0.002336527
3.64,0.5499865,9.826226,0.809392,-0.0183995,-0.03074618,-0.007769207
3.66,0.5107889,9.807347,0.7670382,-0.01830228,-0.01478944,-0.01086858
3.68,0.5326338,9.772533,0.7650296,-0.01969659,0.0009393163,-0.008778125
3.70,0.5351982,9.788121,0.7871109,-0.01903051,0.004790366,-0.007409049
3.72,0.5381927,9.804559,0.8176472,-0.01526948,0.005936159,-0.009405348
3.74,0.5343142,9.786399,0.8098683,-0.01979975,-0.004709444,-0.004751518
3.76,0.5265158,9.790911,0.8214033,-0.01686156,-0.02391472,0.01180694
3.78,0.5382567,9.787011,0.8268024,-0.01151308,-0.03776261,0.02215371
3.80,0.5374496,9.762882,0.7952449,-0.002921015,-0.05127981,0.02487161
3.82,0.5753325,9.684203,0.8282144,0.009045245,-0.06769185,0.01961549
3.84,0.5659378,9.691927,0.8192216,0.02517164,-0.0819327,0.01182225
3.86,0.5481222,9.680547,0.7990776,0.03771477,-0.0888101,-0.001206074
3.88,0.5485192,9.746805,0.797332,0.04668183,-0.09549101,-0.01260081
3.90,0.5826406,9.861003,0.8042299,0.0575972,-0.1071931,-0.002785888
3.92,0.5498443,9.830142,0.8134687,0.05902684,-0.1126459,0.009100411
3.94,0.5364841,9.839494,0.8316603,0.04620355,-0.1157888,0.02132206
3.96,0.5292982,9.848125,0.8028785,0.0259697,-0.110605,0.02758254
3.98,0.5473717,9.815712,0.7445803,0.009553523,-0.09361354,0.02241524
4.00,0.6058411,9.771837,0.7384965,-0.0001539735,-0.07246275,0.008431912
4.02,0.6351246,9.80607,0.730027,-0.006279962,-0.04782707,-0.001293659
4.04,0.608398,9.820889,0.7175706,-0.01630513,-0.02034972,-0.009147501
4.06,0.5873882,9.779478,0.6645428,-0.02689573,0.0083144,-0.007796646
4.08,0.561353,9.799283,0.6847546,-0.02721675,0.03154874,0.0001582601
4.10,0.5743957,9.801996,0.7261204,-0.01157093,0.04922988,-0.002385435
4.12,0.5886273,9.838709,0.7744305,0.001614308,0.04750422,-0.01046624
4.14,0.5748407,9.794168,0.8199114,-0.01314107,0.02931919,-0.014193
4.16,0.5752165,9.788191,0.7292916,-0.03570835,0.01428977,-0.002542607
4.18,0.5366558,9.798334,0.7065662,-0.04449011,0.01133675,0.01215345
4.20,0.5180776,9.781203,0.7280222,-0.02200731,0.01909362,0.01990015
4.22,0.5721514,9.762317,0.7599544,0.008776957,0.01508325,0.01401674
4.24,0.5998034,9.745173,0.7568939,0.02358336,0.00833134,0.002295224
4.26,0.6009676,9.782367,0.7662891,0.02979898,-0.003820944,-0.006147893
4.28,0.5806499,9.820518,0.7726668,0.02960277,-0.02221947,-0.008586641
4.30,0.5626574,9.811388,0.7993277,0.02807287,-0.03407926,-0.004077688
4.32,0.5329911,9.851004,0.7928004,0.02444228,-0.0453445,0.001241206
4.34,0.5468464,9.862471,0.7797108,0.01831388,-0.05502487,0.01054139
4.36,0.5703796,9.832569,0.7505152,0.008593223,-0.06539262,0.02007945
4.38,0.5952271,9.838587,0.7175679,0.009243466,-0.06848114,0.02506451
4.40,0.6047924,9.791643,0.7292835,0.02088108,-0.0664052,0.02567779
4.42,0.6197535,9.749397,0.7131079,0.03747474,-0.05352849,0.01944524
4.44,0.6253837,9.759952,0.7222052,0.04333526,-0.05116205,0.01045507
4.46,0.6313921,9.749573,0.7116744,0.04020377,-0.05251393,0.005733905
4.48,0.6324289,9.783745,0.7004054,0.02454528,-0.05265942,0.005064555
4.50,0.6429829,9.813191,0.7079945,0.01841102,-0.04487245,0.006675646
4.52,0.6539303,9.807006,0.7083099,0.02143414,-0.03654962,0.008563438
4.54,0.6740583,9.825059,0.7019237,0.02378653,-0.03008862,0.01033431
4.56,0.6771836,9.814602,0.7083453,0.02047492,-0.02632589,0.01023055
4.58,0.6726806,9.847088,0.7080396,0.01381015,-0.0238921,0.009280995
4.60,0.6623018,9.810934,0.6906158,0.001521799,-0.01793339,0.009104755
4.62,0.6388295,9.809381,0.6851878,-0.006016696,-0.005465393,0.007279258
4.64,0.627248,9.790673,0.7138288,-0.005188924,0.001867078,0.001145723
4.66,0.6581658,9.791251,0.726656,0.006448483,0.001795683,-0.00477334
4.68,0.6720437,9.814815,0.7219871,0.01822112,-0.001775045,-0.006693319
4.70,0.6150253,9.866652,0.7384685,0.02375142,0.001002717,-0.004119528
4.72,0.6240031,9.799835,0.7609127,0.008702842,-0.008889087,0.006548492
4.74,0.6595385,9.766945,0.7139789,-0.01506873,-0.01715787,0.01559103
4.76,0.648933,9.787131,0.7113134,-0.0263044,-0.01653983,0.02417577
4.78,0.6288335,9.772931,0.7091461,-0.01518897,-0.01191423,0.02468903
4.80,0.6418991,9.720443,0.6998965,-0.0008240207,-0.006729653,0.01737751
4.82,0.6531472,9.725574,0.7328852,0.008007773,-0.01344844,0.008492552
4.84,0.6620981,9.792152,0.7420538,0.0076676,-0.02269046,0.002037128
4.86,0.6433423,9.812443,0.7168117,-0.002975834,-0.03258936,0.002395285
4.88,0.6265525,9.842749,0.6923565,-0.01466905,-0.03344537,0.01116645
4.90,0.6235267,9.826768,0.6761941,-0.01671382,-0.0221106,0.02233835
4.92,0.6523111,9.77364,0.6754224,-0.01594828,-0.01444674,0.02864081
4.94,0.6732804,9.736419,0.6647545,-0.01329884,-0.01067055,0.02740625
4.96,0.6530451,9.752713,0.6563199,-0.01029966,-0.003472543,0.02312129
4.98,0.6267581,9.759108,0.6484523,-0.001113618,0.006849086,0.01299618
5.00,0.610761,9.768171,0.6697283,0.005287836,0.01429077,0.006193053
5.02,0.6121609,9.802216,0.6818193,0.007085805,0.01766974,0.006937237
5.04,0.6013093,9.785002,0.6708357,0.003774934,0.02361473,0.007864277
5.06,0.6250471,9.772276,0.6898628,-0.001207605,0.02952324,0.005646522
5.08,0.6366945,9.757472,0.7076532,-0.00260279,0.03389211,0.002423244
5.10,0.6419596,9.739554,0.7209863,0.002236149,0.03175305,-0.009013626
5.12,0.6450794,9.74407,0.7561779,0.006744806,0.02559883,-0.02264149
5.14,0.6365319,9.758693,0.7515431,0.008765279,0.01468971,-0.0309682
5.16,0.6217144,9.783112,0.7401641,0.01032117,0.007341934,-0.03158673
5.18,0.6247821,9.817643,0.7567763,0.009398597,-0.002263066,-0.02550966
5.20,0.6553166,9.809305,0.7555209,0.01187451,-0.01510557,-0.02069635
5.22,0.6629708,9.824263,0.7476359,0.01663754,-0.02626643,-0.01665076
5.24,0.6530332,9.823081,0.7554603,0.01686205,-0.03196632,-0.0157281
5.26,0.6819212,9.798909,0.7285306,0.01164926,-0.04051533,-0.01757942
5.28,0.6999908,9.80319,0.7032796,0.01251405,-0.04207565,-0.01766795
5.30,0.6847765,9.838707,0.7089756,0.02067441,-0.03365393,-0.02075602
5.32,0.7012606,9.822355,0.7214421,0.01779853,-0.02756824,-0.0165265
5.34,0.7245876,9.813427,0.6562695,-0.004020506,-0.02557058,-0.003789864
5.36,0.7001318,9.866142,0.6127072,-0.02224272,-0.01245208,0.01303029
5.38,0.693374,9.833617,0.6202435,-0.0204725,0.00999455,0.02147537
5.40,0.7054818,9.781278,0.6406175,-0.002840261,0.02862556,0.01950995
5.42,0.7139197,9.775373,0.6621712,0.01012031,0.04569318,0.005939507
5.44,0.7200394,9.784811,0.6609563,0.004072681,0.04577819,-0.008587251
5.46,0.7040849,9.808946,0.651476,-0.007905109,0.04555221,-0.009481916
5.48,0.6853841,9.85434,0.6532502,-0.01420069,0.04664888,0.0005612189
5.50,0.6579875,9.857966,0.65251,-0.0126196,0.05497494,0.02116212
5.52,0.6575634,9.84663,0.6735117,-0.009324517,0.05545821,0.03199341
5.54,0.6768389,9.774616,0.6815199,-0.01353672,0.04585165,0.03414678
5.56,0.6824803,9.769164,0.6678319,-0.01304542,0.03524468,0.02788001
5.58,0.6567003,9.747266,0.6702026,-0.006359259,0.02849576,0.01293591
5.60,0.6622117,9.729332,0.6596301,0.00413123,0.02542239,0.003676105
5.62,0.6538749,9.735297,0.6691312,0.0171053,0.01961307,-0.0004000211
5.64,0.6552309,9.74525,0.6731502,0.02104378,0.01016463,0.0007922995
5.66,0.6835674,9.773498,0.6786627,0.02250022,-0.001674509,0.004509284
5.68,0.6738802,9.77237,0.6677211,0.022002,-0.01090848,0.005508355
5.70,0.6741108,9.7807,0.6920342,0.02291774,-0.01481293,0.002210158
5.72,0.6856864,9.767304,0.6847156,0.02599747,-0.01836211,-0.001888958
5.74,0.688666,9.760134,0.6825568,0.02666986,-0.02259923,-0.006270363
5.76,0.692728,9.758374,0.6817563,0.030909,-0.02312094,-0.01122626
5.78,0.6653497,9.781705,0.6982792,0.03382249,-0.0261787,-0.01367786
5.80,0.6703167,9.813571,0.705713,0.03297146,-0.02811251,-0.01349119
5.82,0.6809551,9.814979,0.6914074,0.03019869,-0.03123394,-0.01120944
5.84,0.6875497,9.831299,0.7000273,0.02265662,-0.03129667,-0.002438542
5.86,0.6574737,9.835011,0.6991217,0.01635308,-0.02869646,-0.005912601
5.88,0.6775285,9.814334,0.7086583,0.009280156,-0.03038041,-0.007687865
5.90,0.6902872,9.823932,0.6995673,0.008021249,-0.03290537,-0.01224299
5.92,0.673937,9.818152,0.6794236,0.0104343,-0.02823264,-0.01108344
5.94,0.6515532,9.85018,0.709844,0.01145537,-0.02258319,-0.00825259
5.96,0.6907994,9.770501,0.7146313,-0.001379415,-0.03076895,-0.002695143
5.98,0.6919164,9.808449,0.6701986,-0.01997628,-0.03770115,0.005564759
6.00,0.6718382,9.787458,0.6258221,-0.02583028,-0.02901498,0.01492083
6.02,0.6570051,9.792057,0.6438843,-0.01314086,-0.01293119,0.01998072
6.04,0.6599041,9.742455,0.6477653,0.001556177,0.0002568754,0.009951076
6.06,0.6935303,9.726627,0.671928,0.002419849,-0.002441467,-0.004246023
6.08,0.6891065,9.786275,0.6849604,-0.009624564,-0.01280744,-0.01101586
6.10,0.6469502,9.8206,0.6675466,-0.01873954,-0.02199801,-0.009377193
6.12,0.6367387,9.872323,0.6650662,-0.02418143,-0.02429021,0.005254951
6.14,0.6226812,9.839828,0.6292812,-0.02365687,-0.0221047,0.0192493
6.16,0.6481172,9.805428,0.6357256,-0.02404765,-0.02242877,0.02594125
6.18,0.6472579,9.75002,0.6218965,-0.03096922,-0.0219792,0.01903799
6.20,0.6521156,9.730003,0.5842531,-0.03148406,-0.01699265,0.008423146
6.22,0.6364089,9.730124,0.5863001,-0.02220589,-0.003020376,-0.001114298
6.24,0.6428397,9.76553,0.5894302,-0.008388105,0.005787693,-0.009900272
6.26,0.6461518,9.766629,0.5998753,0.0003699352,0.007365359,-0.01129444
6.28,0.6393921,9.78884,0.6244476,0.0005470017,0.001158235,-0.008640529
6.30,0.6177149,9.803386,0.6308563,-0.0002978586,-0.001875897,-0.004374962
6.32,0.6107306,9.810896,0.6457616,-0.003964548,-0.005368356,-0.003753785
6.34,0.6229946,9.810495,0.6327492,-0.003928308,-0.01335844,-0.007500075
6.36,0.6167414,9.798218,0.6523169,0.001125227,-0.02091708,-0.01558728
6.38,0.6203142,9.792648,0.6293504,0.007081097,-0.02691938,-0.01878184
6.40,0.6153632,9.807711,0.6348166,0.0132883,-0.02870198,-0.018926
6.42,0.5914568,9.798989,0.6055579,0.01346413,-0.02058312,-0.01073957
6.44,0.5846533,9.79502,0.5923734,0.01600279,-0.01276455,-0.007335172
6.46,0.5989259,9.794291,0.6222727,0.01552986,-0.009578497,-0.01484069
6.48,0.6042324,9.750932,0.6473413,0.01604514,-0.0107498,-0.03128775
6.50,0.5793104,9.756202,0.6498784,0.01494247,-0.01302586,-0.0444784
6.52,0.5348313,9.776575,0.6596017,0.01056353,-0.01615505,-0.0529993
6.54,0.535299,9.799634,0.6433157,0.006798899,-0.02546419,-0.04882823
6.56,0.5573741,9.840819,0.6431819,0.01178731,-0.04219569,-0.03900531
6.58,0.5218388,9.893185,0.6657888,0.02755287,-0.0485086,-0.03542516
6.60,0.5221204,9.820188,0.6754974,0.02461788,-0.05462857,-0.04017803
6.62,0.5328839,9.779682,0.6322089,0.008085932,-0.06605735,-0.04852137
6.64,0.5084692,9.833309,0.5848844,-0.004083949,-0.06617367,-0.05687173
6.66,0.4969019,9.839835,0.5869396,-0.0007769288,-0.05254027,-0.06468845
6.68,0.4974642,9.814871,0.5909082,0.01482291,-0.04097943,-0.06846252
6.70,0.4919337,9.829219,0.5656255,0.02369253,-0.02684038,-0.06717555
6.72,0.4909358,9.849898,0.567896,0.02633108,-0.01776939,-0.0675979
6.74,0.4954002,9.880959,0.5710395,0.01716475,-0.01514439,-0.06158634
6.76,0.4806952,9.878617,0.576658,0.00974269,-0.006823816,-0.06148789
6.78,0.4659375,9.795442,0.5966566,-0.0002214853,-0.003588077,-0.06516694
6.80,0.4450517,9.724501,0.6190764,-0.005860009,-0.01211335,-0.07667518
6.82,0.4252681,9.697815,0.6445636,-0.007913577,-0.02830172,-0.08995228
6.84,0.4277438,9.733687,0.6453647,-0.005578606,-0.05285722,-0.1019817
6.86,0.3996753,9.73017,0.6209282,-0.001653713,-0.07400353,-0.09578249
6.88,0.3712853,9.69885,0.6089807,0.002109009,-0.08575533,-0.08861623
6.90,0.3579834,9.689867,0.6168513,0.003054426,-0.1012976,-0.08899858
6.92,0.3514858,9.682449,0.6274046,0.008024444,-0.1272077,-0.09505938
6.94,0.3609993,9.661527,0.6297759,0.00568519,-0.1513917,-0.1054371
6.96,0.3404927,9.657527,0.5970474,0.01042849,-0.1718425,-0.1133485
6.98,0.3194276,9.641602,0.5742958,0.008151769,-0.1866163,-0.1118849
7.00,0.2812435,9.618602,0.5310517,0.006108569,-0.1901581,-0.1022948
7.02,0.2645691,9.547557,0.5013505,0.004280175,-0.1787587,-0.08878645
7.04,0.2719723,9.466174,0.4801059,0.003161094,-0.1578499,-0.07439476
7.06,0.3067106,9.43651,0.4622366,0.02352132,-0.142802,-0.06760144
7.08,0.3405371,9.360634,0.5134181,0.04945023,-0.1329784,-0.07121039
7.10,0.3329446,9.441005,0.4896869,0.08906268,-0.1217799,-0.07033958
7.12,0.2168499,9.386985,0.4425813,0.1022335,-0.09175916,-0.07186344
7.14,0.1465715,9.470286,0.3954457,0.1101706,-0.04387467,-0.07691754
7.16,0.08866554,9.53425,0.4111815,0.1119312,0.004327085,-0.08296414
7.18,0.04578968,9.57667,0.4513456,0.1137044,0.03931794,-0.09847797
7.20,0.03268407,9.586262,0.4923671,0.109269,0.05325456,-0.121551
7.22,0.02062024,9.564634,0.5528382,0.09390808,0.03881217,-0.1376781
7.24,-0.08341829,9.508121,0.5461137,0.06111978,0.009800977,-0.1409309
7.26,-0.1245929,9.401244,0.5224239,0.03022292,-0.007107358,-0.1411911
7.28,-0.1738808,9.376885,0.468782,0.002832259,-0.01694563,-0.14418
7.30,-0.2492938,9.305606,0.4388193,-0.01142625,-0.03770019,-0.1643385
7.32,-0.1874913,9.408486,0.4679394,-0.003028776,-0.06743851,-0.191798
7.34,0.09234574,9.395989,0.4777296,0.01522475,-0.112597,-0.2128938
7.36,0.08025468,9.26088,0.4466285,0.004442733,-0.1496919,-0.2486927
7.38,-0.2923031,9.21135,0.1838148,-0.04396857,-0.1209477,-0.2690456
7.40,-0.4860762,9.245371,0.1050662,-0.0937351,-0.05800534,-0.2377885
7.42,-0.286396,9.345201,0.1341526,-0.1226298,-0.02312814,-0.1710855
7.44,-0.3070811,9.633977,0.07176446,-0.1147853,0.02853236,-0.1234743
7.46,-0.4069491,9.520151,0.01934592,-0.1118298,0.1405508,-0.07858846
7.48,-0.4877906,9.02662,-0.1173908,-0.1615189,0.3008831,-0.03776511
7.50,-0.5083873,8.818975,-0.1924387,-0.224738,0.4445629,-0.01711315
7.52,-0.3559442,8.8952,-0.1364564,-0.2328496,0.5533181,-0.009626892
7.54,-0.2000403,9.001957,0.003367932,-0.1499815,0.6743863,-0.024792
7.56,-0.1851616,8.809751,0.1629582,-0.04779755,0.7947753,-0.05710398
7.58,-0.2265166,8.382734,0.2372478,-0.03870561,0.8701609,-0.1008677
7.60,-0.3360064,8.156347,0.2384974,-0.1045649,0.8748255,-0.1470875
7.62,-0.4232915,8.498766,0.3213795,-0.1399909,0.8204997,-0.1820687
7.64,-0.4452528,9.166203,0.5943592,-0.04120834,0.7449797,-0.1810776
7.66,-0.4420036,9.583619,1.063043,0.1128416,0.6539985,-0.1380377
7.68,-0.5834571,9.455367,1.16591,0.161493,0.533154,-0.09285524
7.70,-0.6024007,9.279367,1.033947,0.07511988,0.3553301,-0.04124663
7.72,-0.6625405,9.631189,0.9652111,0.001901657,0.1519879,0.009315562
7.74,-0.7218384,10.25024,1.172196,0.04544713,-0.01890065,0.04351553
7.76,-0.6247643,10.25039,1.39019,0.1313988,-0.1510695,0.04361678
7.78,-0.4527002,9.866367,1.280008,0.1252574,-0.3022694,0.02010425
7.80,-0.406467,9.722122,1.184036,0.03020134,-0.469268,-4.418181e-05
7.82,-0.621195,9.734516,0.7845543,-0.07746031,-0.5396947,0.01616797
7.84,-0.7398637,9.762835,0.8106552,-0.08905362,-0.5373808,0.05217614
7.86,-0.805996,9.797338,0.701499,-0.0272301,-0.4568165,0.1132567
7.88,-0.7232088,9.81054,0.6142288,0.03319504,-0.369642,0.188077
7.90,-0.5940132,10.04775,0.5338962,0.04719584,-0.3044896,0.2645618
7.92,-0.5328001,9.971392,0.4014728,0.01515446,-0.2296355,0.3202964
7.94,-0.4288664,9.724138,0.4014344,0.008528806,-0.1501532,0.3499364
7.96,-0.3607841,9.762831,0.4434211,0.04867274,-0.0608344,0.355646
7.98,-0.2269455,10.02794,0.6359512,0.1160657,-0.01327477,0.34092
8.00,-0.01425951,10.37875,0.7345092,0.153851,-0.04707107,0.3307808
8.02,0.05695307,10.60137,0.8060087,0.1177797,-0.1366386,0.342623
8.04,-0.1179437,10.6561,0.7161524,0.05590755,-0.2153388,0.3829834
8.06,-0.2113442,10.74493,0.7638574,0.02401892,-0.2892101,0.44571
8.08,-0.252308,10.74631,0.866356,0.03769942,-0.366008,0.5083342
8.10,-0.3103012,10.8663,0.9325607,0.06222849,-0.4658705,0.5507544
8.12,-0.3938307,11.3813,0.8660417,0.07699924,-0.5673463,0.5736893
8.14,-0.4369913,12.12702,0.7983746,0.08627561,-0.6490875,0.5951824
8.16,-0.4754332,12.51476,0.5933721,0.1063578,-0.6782653,0.6263294
8.18,-0.5918801,12.47975,0.3771723,0.1319144,-0.6332446,0.6632578
8.20,-0.7293259,12.459,0.2868774,0.1530037,-0.5499647,0.6882061
8.22,-0.7835048,12.48506,0.1518834,0.1433651,-0.4331648,0.6824235
8.24,-0.6576198,12.42234,0.01836325,0.09119118,-0.2946811,0.647234
8.26,-0.3030699,11.72561,-0.05328168,-0.02512858,-0.1607006,0.5757962
8.28,0.2679723,10.42624,-0.1526196,-0.1833087,-0.05326787,0.492132
8.30,0.773958,9.327693,-0.2275816,-0.2957986,0.02776731,0.4188664
8.32,1.139956,8.648535,-0.1585441,-0.3081586,0.1097702,0.3530093
8.34,1.364884,8.342502,-0.1005586,-0.2304454,0.1893959,0.2837752
8.36,1.503055,8.392583,-0.08852813,-0.09108818,0.2498449,0.194927
8.38,1.627621,8.512235,-0.05691673,0.06013975,0.313195,0.08566966
8.40,1.60415,8.643866,0.02953052,0.157102,0.3854299,-0.0258334
8.42,1.797459,8.32585,0.1548786,0.1490034,0.416048,-0.1147648
8.44,2.132184,8.532762,0.4049523,0.1391265,0.3800819,-0.2121685
8.46,2.517766,8.866533,0.7409366,0.208657,0.3188029,-0.3079582
8.48,2.747859,9.112945,0.950576,0.3253202,0.2693297,-0.3483088
8.50,2.751197,9.540662,0.8021906,0.3810022,0.2272792,-0.316429
8.52,2.50553,9.847258,0.549693,0.3557802,0.2209644,-0.2466402
8.54,2.27525,10.02897,0.5393661,0.2814275,0.2527646,-0.1801959
8.56,2.22684,9.819971,0.5147337,0.1936052,0.3067037,-0.1319842
8.58,2.37069,9.6827,0.5415399,0.1190137,0.3258341,-0.09929246
8.60,2.538467,9.646657,0.6906224,0.07351644,0.2966796,-0.08298598
8.62,2.584205,9.968173,0.7300272,0.0628564,0.2326032,-0.05523252
8.64,2.63747,10.38282,0.6414786,0.03801778,0.1684617,0.01055065
8.66,2.539036,10.56304,0.5004508,-0.04554675,0.1451091,0.1096811
8.68,2.419558,10.14237,0.2717926,-0.1734533,0.1790268,0.2067988
8.70,2.455128,9.880365,0.2321951,-0.2738405,0.2121727,0.2781231
8.72,2.36483,9.745943,0.4067922,-0.2940822,0.2258287,0.3050377
8.74,2.195132,9.453357,0.518913,-0.247126,0.2305411,0.284587
8.76,2.136149,9.260013,0.6196954,-0.1699509,0.1993707,0.2400241
8.78,2.078245,9.19718,0.7142618,-0.08331916,0.1360186,0.1805122
8.80,1.945575,9.241754,0.8313988,0.006999858,0.04790965,0.1230431
8.82,1.801595,9.432512,0.8269273,0.08990519,-0.03250897,0.07570057
8.84,1.579525,9.512368,0.7989821,0.1379965,-0.09387963,0.04383198
8.86,1.417438,9.664259,0.727819,0.1597837,-0.1416955,0.02849209
8.88,1.28468,9.958842,0.6216842,0.1686026,-0.1708425,0.03132508
8.90,1.192094,10.1576,0.559999,0.1510071,-0.1859456,0.03367102
8.92,1.238577,10.10571,0.4894129,0.07851524,-0.2023438,0.0402538
8.94,1.364359,9.862605,0.252485,-0.0194318,-0.1993736,0.03673282
8.96,1.432564,9.570527,0.09820939,-0.09463653,-0.1616794,0.02213253
8.98,1.466638,9.508616,0.09184299,-0.1012941,-0.09400214,-0.02017901
9.00,1.504682,9.540768,0.07887771,-0.0588496,-0.0207305,-0.08313952
9.02,1.563883,9.586369,0.09390599,-0.02147111,0.01548789,-0.1526677
9.04,1.589278,9.594968,0.1020339,-0.01970843,0.01688572,-0.2120539
9.06,1.591267,9.625462,0.03619631,-0.02010573,0.01187871,-0.2427358
9.08,1.509582,9.698619,0.1172691,-0.007633649,-0.006302223,-0.2517793
9.10,1.43114,9.775223,0.171545,0.02078804,-0.03290329,-0.2542959
9.12,1.37188,9.75242,0.2305707,0.04910192,-0.07018913,-0.2563169
9.14,1.331341,9.6774,0.3086501,0.07083434,-0.1259916,-0.2727357
9.16,1.237886,9.535431,0.3626032,0.05826197,-0.1899485,-0.2931633
9.18,1.162931,9.545493,0.3563446,0.02156436,-0.2780346,-0.3072986
9.20,1.268472,9.675948,0.3900759,-0.00645584,-0.3920692,-0.3238148
9.22,1.465096,9.868612,0.4515482,0.01080467,-0.5179639,-0.3221126
9.24,1.468085,9.987567,0.4305428,0.07808622,-0.6148784,-0.3079834
9.26,1.41715,10.16356,0.3427927,0.1550598,-0.6605152,-0.2720042
9.28,1.339406,10.24594,0.1781214,0.1854091,-0.6609687,-0.2232836
9.30,1.266118,10.15821,-0.06860697,0.1504532,-0.6074423,-0.1644785
9.32,1.212625,10.11549,-0.2176609,0.07590064,-0.5237841,-0.1083872
9.34,1.310475,10.01015,-0.1969364,0.01395988,-0.4283328,-0.08010793
9.36,1.427707,9.930919,-0.1231301,-0.02082046,-0.3331306,-0.06964778
9.38,1.42116,9.893403,-0.1270772,-0.03988862,-0.2441373,-0.07007018
9.40,1.314286,10.01859,-0.1377652,-0.05808466,-0.1518155,-0.06584661
9.42,1.193696,10.22383,-0.1747603,-0.07172935,-0.05063993,-0.05591418
9.44,1.115466,10.24457,-0.2113338,-0.08148234,0.05345209,-0.04123859
9.46,1.077356,10.13118,-0.1239414,-0.08983137,0.1395918,-0.02749574
9.48,1.070785,9.992472,-0.01867179,-0.09429847,0.1943594,-0.01115295
9.50,1.037777,9.874938,0.09659103,-0.09621519,0.204389,0.003295117
9.52,1.006997,9.89935,0.1645788,-0.1003262,0.1843868,0.01248723
9.54,0.9780129,9.934698,0.2036264,-0.1086094,0.1481314,0.0169613
9.56,0.9898453,9.871948,0.2192645,-0.124135,0.08941668,0.01198048
9.58,1.059056,9.808938,0.2347544,-0.1153134,0.01796303,0.01080711
9.60,1.067997,9.76361,0.3033315,-0.07258669,-0.04275415,0.02572384
9.62,1.007119,9.790699,0.264305,-0.02337725,-0.08003412,0.04651965
9.64,0.9020773,9.819782,0.1498592,0.00155753,-0.09047394,0.07293646
9.66,0.8569724,9.853811,0.08058881,0.002708958,-0.09109773,0.08937108
9.68,0.8917817,9.83348,0.06654378,-0.001721154,-0.08813416,0.09023241
9.70,0.9361119,9.710963,0.09122632,-0.001209485,-0.07933485,0.07878464
9.72,0.9397482,9.602147,0.1000855,0.008150528,-0.06206523,0.06058566
9.74,0.9017056,9.614665,0.09103142,0.01488032,-0.03203072,0.03782663
9.76,0.875295,9.607866,0.08795348,0.02437454,-0.007595246,0.01191033
9.78,0.8951557,9.688634,0.1293513,0.02988389,0.00591219,-0.009214863
9.80,0.9201543,9.729166,0.1802931,0.03531013,0.004195884,-0.02774341
9.82,0.9154325,9.737298,0.1836888,0.0351625,0.004041279,-0.02449851
9.84,0.8774704,9.723459,0.1771085,0.02486796,0.02005789,-0.008134685
9.86,0.8219319,9.797783,0.1495897,0.01581313,0.03862075,0.01092772
9.88,0.809025,9.835568,0.1595444,0.003468614,0.0512019,0.0145663
9.90,0.8663471,9.723719,0.1910256,-0.01261504,0.0457188,0.01026206
9.92,0.9136739,9.66853,0.2164769,-0.01617523,0.03348785,-0.0004477309
9.94,0.9101161,9.691254,0.2361646,-0.004548843,0.02046311,-0.005230808
9.96,0.8690474,9.651755,0.2263472,0.01032277,0.01405843,-0.008745068
9.98,0.8687651,9.631191,0.2114048,0.02540863,0.009811028,0.0006301547
10.00,0.8617297,9.69807,0.2348156,0.04119693,-0.001055127,0.01430631
10.02,0.8823234,9.722903,0.2555968,0.05230547,-0.005658824,0.02797719
10.04,0.9101917,9.767548,0.262999,0.05585694,-0.01484951,0.04305014
10.06,0.9094923,9.774468,0.2476518,0.04087475,-0.01841735,0.04932393
10.08,0.8938931,9.761321,0.2139691,0.01783765,-0.01784317,0.05446552
10.10,0.8640777,9.757302,0.2118368,-0.001525417,-0.000979892,0.0514264
10.12,0.8831283,9.747634,0.2166212,-0.01089997,0.02053251,0.03883698
10.14,0.9132624,9.697435,0.2403382,-0.02172517,0.03265787,0.0216157
10.16,0.9808031,9.640645,0.2586757,-0.03139244,0.03701518,0.009920048
10.18,1.022914,9.720345,0.2713338,-0.03980335,0.03959635,0.01572297
10.20,0.9602417,9.841814,0.1938505,-0.04176344,0.06710853,0.03061485
10.22,0.8815503,9.930844,0.1813274,-0.0470736,0.1133631,0.04169493
10.24,0.890687,9.998085,0.2099196,-0.06612011,0.1529816,0.03920677
10.26,0.9819002,9.99394,0.2405611,-0.1008486,0.1490299,0.02035671
10.28,1.059447,9.940878,0.2702882,-0.1428277,0.1139009,-0.004562827
10.30,1.086988,9.88542,0.3202455,-0.1615518,0.06369309,-0.02214787
10.32,1.064146,9.881233,0.3177171,-0.1495345,0.01884948,-0.01411876
10.34,0.9728224,9.781496,0.2413486,-0.1238256,-0.003612129,0.007587531
10.36,0.9707366,9.732894,0.2013553,-0.09455819,-0.01752777,0.02547092
10.38,1.017849,9.688466,0.2033114,-0.06714708,-0.03467615,0.0234829
10.40,1.095405,9.62586,0.2107794,-0.03289916,-0.05621533,-0.001297598
10.42,1.145756,9.597098,0.2212135,0.00229015,-0.07407596,-0.0369294
10.44,1.129131,9.636825,0.1942107,0.03559871,-0.08033551,-0.07010546
10.46,1.080992,9.69246,0.169643,0.06054732,-0.06868003,-0.08991556
10.48,1.055002,9.813982,0.1645004,0.07779303,-0.05323078,-0.09759089
10.50,1.039147,9.902713,0.1821336,0.08944928,-0.0390057,-0.09334169
10.52,1.037663,9.906878,0.2184681,0.09172597,-0.03274729,-0.0883995
10.54,1.033355,9.846298,0.2428914,0.08790629,-0.03407444,-0.08703855
10.56,1.049925,9.812318,0.2789603,0.09541935,-0.03767893,-0.08117158
10.58,1.046663,9.849164,0.3145206,0.1085461,-0.04056616,-0.07381245
10.60,1.052267,9.899787,0.3235851,0.1131911,-0.04392609,-0.06362505
10.62,1.023578,9.933736,0.287665,0.101809,-0.04163389,-0.04640168
10.64,1.000262,9.913031,0.2672615,0.0766084,-0.03467883,-0.02640484
10.66,0.9887113,9.919285,0.2624711,0.05568233,-0.0201352,-0.007359284
10.68,0.9775584,9.91553,0.2532278,0.04047076,0.003980527,0.006988533
10.70,0.9702055,9.860918,0.2416122,0.02707505,0.03256357,0.01059017
10.72,0.9789972,9.843708,0.2319368,0.01415383,0.05328744,0.007014006
10.74,0.9804525,9.816393,0.2457415,0.007312081,0.06791776,0.003035886
10.76,0.9453866,9.811753,0.2629046,0.002310525,0.08110298,0.003052345
10.78,0.9063111,9.78002,0.2578444,0.0008472833,0.09138862,0.007126376
10.80,0.8771803,9.738058,0.2586176,-0.005405325,0.1000103,0.009638056
10.82,0.8691151,9.703233,0.2874763,-0.009313792,0.09686057,0.006359888
10.84,0.8684971,9.680148,0.3525434,-0.01359999,0.08276426,0.002895156
10.86,0.8792204,9.647926,0.3677364,-0.02214627,0.06137359,-0.001837057
10.88,0.8445428,9.680711,0.374166,-0.03198774,0.03260285,-0.005314702
10.90,0.826287,9.781093,0.3970183,-0.04050985,-0.004899153,-0.007498004
10.92,0.8321214,9.879721,0.3712316,-0.04850619,-0.04532426,-0.003135452
10.94,0.7788716,9.85173,0.3163745,-0.05917331,-0.06938604,0.0009481892
10.96,0.7890216,9.801868,0.3143329,-0.06162314,-0.08841204,0.0001896435
10.98,0.848132,9.77351,0.3247369,-0.05582256,-0.1092865,-0.004808743
11.00,0.879991,9.731249,0.2893132,-0.05479835,-0.1323406,-0.00813562
11.02,0.8815135,9.755285,0.2260487,-0.05447191,-0.143815,-0.00436684
11.04,0.8452352,9.731084,0.1734587,-0.05351545,-0.136572,0.0101401
11.06,0.8063626,9.703227,0.1485454,-0.04494267,-0.1207088,0.02395535
11.08,0.8407044,9.73255,0.1492877,-0.03259578,-0.1006455,0.03100079
11.10,0.8652489,9.777169,0.1505367,-0.01631125,-0.08559969,0.03742055
11.12,0.8847225,9.828343,0.1632259,-0.003929618,-0.07980096,0.04544106
11.14,0.9146192,9.90728,0.1799579,0.01286977,-0.07915302,0.06295408
11.16,0.8917401,9.968156,0.1702875,0.01941327,-0.07971477,0.09692555
11.18,0.8760241,10.05936,0.1670548,0.01465748,-0.07668835,0.1211605
11.20,0.8977669,9.931941,0.1459132,-0.009222673,-0.06664075,0.1227542
11.22,0.9636843,9.858231,0.120569,-0.03516535,-0.05711396,0.1104472
11.24,1.007767,9.819057,0.1297847,-0.05005124,-0.05021508,0.08163217
11.26,1.037829,9.762527,0.1336082,-0.04303378,-0.03501504,0.04472641
11.28,1.032141,9.707981,0.1229655,-0.02943581,-0.0131816,0.0103574
11.30,1.001772,9.697831,0.1144363,-0.01812874,0.007070361,-0.01538819
11.32,0.9864331,9.676473,0.1247271,-0.01202157,0.02401834,-0.021112
11.34,0.9755423,9.67583,0.1492412,-0.003869863,0.03912986,-0.01052264
11.36,0.9419345,9.792865,0.1638474,0.008958315,0.05151075,0.009815207
11.38,0.9457008,9.830816,0.192063,0.02281435,0.05762918,0.02422272
11.40,0.9786086,9.827976,0.2371311,0.03747429,0.05327746,0.02836524
11.42,0.99486,9.824648,0.2802193,0.04666756,0.04722148,0.02490355
11.44,0.9761131,9.835032,0.3023069,0.03930558,0.03946341,0.008892662
11.46,1.000307,9.824903,0.2716432,0.03463773,0.03426049,-0.005062083
11.48,1.033625,9.865349,0.2850811,0.03285521,0.03003483,-0.01910698
11.50,1.097125,9.978429,0.3193506,0.0438596,0.02135678,-0.02396269
11.52,1.152742,10.11931,0.3880783,0.05424441,0.008232147,-0.02316011
11.54,1.201002,10.0641,0.4146412,0.03312783,-0.006726732,-0.02061917
11.56,1.273848,9.927536,0.3792872,-0.007782486,-0.02268738,-0.01212234
11.58,1.305367,9.771328,0.3487401,-0.04148574,-0.02270953,-0.01395396
11.60,1.368446,9.658161,0.392471,-0.04504666,-0.01303868,-0.02263737
11.62,1.4326,9.521589,0.3963296,-0.03283899,-0.008410852,-0.03290137
11.64,1.407912,9.510107,0.3464667,-0.02660217,0.003124491,-0.03572856
11.66,1.334061,9.524554,0.2843041,-0.02061161,0.0299813,-0.03338626
11.68,1.308079,9.659534,0.2487609,-0.01240664,0.06066372,-0.02881234
11.70,1.302099,9.754729,0.2651924,-0.00191253,0.09046193,-0.03733091
11.72,1.300693,9.719027,0.2733723,-0.003285035,0.106097,-0.06204915
11.74,1.313239,9.72304,0.2790846,-0.006757464,0.1159732,-0.08701469
11.76,1.292985,9.852892,0.2584684,-0.0005684758,0.1259441,-0.1124468
11.78,1.297696,9.791594,0.2695497,-0.005590918,0.1248871,-0.1386733
11.80,1.301492,9.731589,0.2214152,-0.0267549,0.1053981,-0.1486512
11.82,1.266617,9.660827,0.1906543,-0.05287719,0.07678069,-0.1484108
11.84,1.206814,9.628049,0.1579216,-0.05951665,0.05458304,-0.1377845
11.86,1.111256,9.65838,0.1269753,-0.03887472,0.05209261,-0.1364009
11.88,1.037757,9.668801,0.1048384,-0.008535088,0.06160279,-0.1550795
11.90,1.039275,9.676824,0.09222165,0.02580747,0.07124846,-0.1833905
11.92,1.021412,9.631791,0.07430539,0.0582079,0.08991203,-0.2209913
11.94,0.9414059,9.61452,0.06810386,0.07646628,0.1246702,-0.2702476
11.96,0.879472,9.556643,0.07981963,0.1019388,0.1669939,-0.3277116
11.98,0.8476914,9.424811,0.1215635,0.1259934,0.2098727,-0.383238
12.00,0.7942441,9.461221,0.1274207,0.1583182,0.2504322,-0.4330035
12.02,0.6545777,9.585526,0.1725273,0.19177,0.2769374,-0.4660373
12.04,0.4562286,9.700654,0.1329353,0.223128,0.3286856,-0.4777189
12.06,0.2599519,9.752396,0.07801849,0.2250226,0.4067869,-0.4726202
12.08,0.1335157,9.826235,0.05735742,0.1817591,0.4760401,-0.4818673
12.10,0.2397324,9.984206,0.1134494,0.1229598,0.4830838,-0.5092657
12.12,0.4144096,10.05072,0.2060104,0.08680315,0.4336504,-0.5570902
12.14,0.5225677,10.17145,0.2847849,0.1391162,0.3743117,-0.6141344
12.16,0.6632892,10.40844,0.3435847,0.2745088,0.3172632,-0.629008
12.18,0.6656912,10.64213,0.3586874,0.3889155,0.2513404,-0.5822719
12.20,0.4216373,11.21375,0.2317783,0.4424947,0.2103984,-0.4864154
12.22,0.06613469,11.99076,0.130647,0.4386997,0.2018341,-0.3582244
12.24,-0.2090318,12.09291,0.1295703,0.3744225,0.2179779,-0.2428343
12.26,-0.4274974,11.8322,0.07068518,0.2283394,0.245523,-0.1487738
12.28,-0.3687665,11.18162,0.120899,0.04324303,0.2379984,-0.07566074
12.30,-0.323252,10.96088,0.1697734,-0.08632452,0.1964947,-0.03613088
12.32,-0.3710976,11.05057,0.2666149,-0.108693,0.135085,-0.01016322
12.34,-0.4384795,11.44365,0.2788765,-0.02942049,0.07575322,0.03763821
12.36,-0.6117902,11.56261,0.1353017,0.02930236,0.06548835,0.1235875
12.38,-0.8685819,11.67404,-0.0271689,0.0174491,0.07911657,0.2233102
12.40,-0.9637617,11.8652,-0.09670382,-0.0528762,0.08767407,0.3257813
12.42,-0.9350505,11.8385,-0.03512456,-0.1391381,0.06769246,0.4074089
12.44,-0.8922274,11.82923,0.1312639,-0.2167416,-0.02234545,0.4780685
12.46,-0.8972801,11.75233,0.2721668,-0.2738101,-0.1725435,0.5479759
12.48,-0.9812804,11.39857,0.1503372,-0.3070694,-0.3211014,0.606653
12.50,-0.9792957,11.0076,-0.07971275,-0.2959873,-0.4208387,0.622183
12.52,-0.8894909,10.6611,-0.1747475,-0.2476051,-0.5019039,0.582224
12.54,-0.7603349,10.43837,-0.1439969,-0.1857558,-0.6019629,0.4921094
12.56,-0.6676636,10.36993,-0.1704283,-0.129048,-0.7176302,0.3972485
12.58,-0.5687438,10.23905,-0.4090473,-0.09525326,-0.7884228,0.3283976
12.60,-0.4803304,9.99658,-0.7335537,-0.0785713,-0.7679009,0.2764149
12.62,-0.525311,9.636784,-1.014693,-0.08687349,-0.6608797,0.2125439
12.64,-0.5523111,9.436996,-1.066168,-0.1096633,-0.5072224,0.1378603
12.66,-0.4748385,9.399549,-1.034647,-0.1311652,-0.3431535,0.07413834
12.68,-0.3741008,9.491406,-1.021341,-0.1315355,-0.1816262,0.02222758
12.70,-0.3156202,9.610727,-0.9387524,-0.1172097,-0.03146077,-0.00425789
12.72,-0.370515,9.53616,-0.8392924,-0.1051263,0.1235562,-0.01418084
12.74,-0.5173634,9.400709,-0.6883633,-0.1021897,0.2691351,-0.03215567
12.76,-0.434799,9.329604,-0.4686137,-0.1085958,0.3570893,-0.04728594
12.78,-0.2526554,9.351592,-0.2372336,-0.09833764,0.3637179,-0.04854024
12.80,-0.144692,9.534536,-0.03207837,-0.04921997,0.3337163,-0.03315892
12.82,-0.09087757,9.768767,0.1477512,0.02688358,0.2966066,-0.004110237
12.84,-0.07496274,9.663355,0.2193841,0.07462632,0.2556286,0.03664179
12.86,-0.04276467,9.483693,0.2200058,0.07623687,0.2188673,0.07655444
12.88,0.06787087,9.171187,0.243002,0.03975538,0.1738407,0.1010247
12.90,0.1414526,9.015704,0.3071963,0.01484555,0.1191072,0.1087677
12.92,0.288977,8.990988,0.4378226,0.02479648,0.06379614,0.1095149
12.94,0.384919,8.906721,0.4431031,0.02644091,0.0279036,0.1090842
12.96,0.4284955,8.741614,0.299633,-0.01826842,0.01131781,0.1198139
12.98,0.4173079,8.68065,0.1994581,-0.09870213,0.01532255,0.1415883
13.00,0.3917983,8.494951,0.06196087,-0.1640562,0.07252554,0.1682843
13.02,0.4219649,8.282003,0.08301676,-0.1866303,0.1373915,0.1882359
13.04,0.4717608,8.314396,0.2267831,-0.176418,0.1698946,0.193841
13.06,0.4519265,8.405346,0.3651259,-0.1836847,0.1632898,0.1780427
13.08,0.4244974,8.446778,0.365649,-0.2233348,0.1248103,0.1618295
13.10,0.4843907,8.461926,0.3527757,-0.2616242,0.08104365,0.1658587
13.12,0.4812531,8.619258,0.3797479,-0.2628355,0.04269718,0.1916321
13.14,0.3925934,8.614479,0.4332007,-0.2237082,0.02241377,0.2243626
13.16,0.412181,8.590787,0.4941845,-0.1726062,-0.002054821,0.2483374
13.18,0.5010782,8.688206,0.5659595,-0.1218155,-0.04854078,0.2576508
13.20,0.5696681,8.824897,0.6482758,-0.08448222,-0.1269929,0.2553779
13.22,0.6343265,8.870602,0.6295028,-0.0558466,-0.20701,0.2543158
13.24,0.6712191,8.901703,0.5732114,-0.0168884,-0.2579198,0.2609809
13.26,0.7135154,8.939579,0.5086188,0.04556027,-0.2761288,0.2807641
13.28,0.7975372,9.001799,0.4904853,0.1298555,-0.2775877,0.3085285
13.30,0.9763909,9.068896,0.3923421,0.2094053,-0.2579613,0.3355643
13.32,1.018707,9.127003,0.2828456,0.2665434,-0.1994836,0.3353922
13.34,0.9946699,9.187989,0.2607219,0.2834075,-0.1163127,0.2941743
13.36,1.039345,9.200928,0.2060708,0.2539904,-0.0303016,0.2194322
13.38,1.111686,9.241503,0.1313154,0.2010031,0.05156785,0.1319551
13.40,1.185244,9.485849,0.1554899,0.1789636,0.1313432,0.04611309
13.42,1.276933,9.779929,0.2427615,0.1738836,0.1929094,-0.009092361
13.44,1.307375,9.893095,0.2416863,0.1472959,0.2299523,-0.02689672
13.46,1.254043,9.905504,0.2089316,0.08520561,0.2506593,-0.009880236
13.48,1.214957,9.80216,0.2269771,0.01999255,0.2622502,0.02354432
13.50,1.226154,9.745058,0.3334611,-0.02388364,0.2553141,0.05709998
13.52,1.290492,9.701426,0.4281488,-0.04365123,0.2147253,0.08165701
13.54,1.359502,9.869767,0.4887738,-0.05531544,0.1480804,0.09568009
13.56,1.327877,9.990229,0.4477376,-0.06801715,0.06990885,0.100219
13.58,1.295488,10.02241,0.3430443,-0.0779838,0.004996769,0.0961832
13.60,1.267197,10.0834,0.3093681,-0.06635205,-0.03476008,0.07899484
13.62,1.28932,10.09758,0.2673601,-0.04243308,-0.06097696,0.02485468
13.64,1.348444,9.922267,0.2337172,-0.02795745,-0.08252752,-0.05159727
13.66,1.488418,9.754686,0.1185367,-0.03353706,-0.08062717,-0.1311241
13.68,1.657313,9.723973,-0.07894976,-0.04756584,-0.01386977,-0.1622879
13.70,1.754015,9.688754,-0.2643097,-0.02872023,0.1272838,-0.1575667
13.72,1.834124,9.748945,-0.2341522,0.02977061,0.2793717,-0.1155956
13.74,1.773269,9.715814,-0.1182053,0.07751326,0.4066243,-0.07514712
13.76,1.704735,9.708141,0.008763537,0.085444,0.4840954,-0.04954763
13.78,1.74439,9.789332,0.1447063,0.07716497,0.5057707,-0.01194472
13.80,1.750148,9.949957,0.2375511,0.06218763,0.5086747,0.03800301
13.82,1.65728,10.04297,0.3049134,0.03429719,0.4987503,0.09175837
13.84,1.521538,9.963303,0.3392197,-0.0272781,0.4658794,0.1451683
13.86,1.394697,9.813939,0.4284565,-0.09373779,0.3947636,0.1681087
13.88,1.396682,9.73621,0.5953355,-0.1332761,0.2761868,0.1784017
13.90,1.422103,9.561373,0.7086403,-0.1321595,0.1324605,0.1787328
13.92,1.365318,9.516678,0.6972591,-0.1002764,-0.002765368,0.1869902
13.94,1.246174,9.520499,0.6251185,-0.06205348,-0.1063554,0.1954612
13.96,1.158867,9.483534,0.5170128,-0.03198697,-0.17359,0.1919863
13.98,1.196231,9.46654,0.4218534,0.001779834,-0.2165156,0.1802551
14.00,1.262146,9.506077,0.3634968,0.04275046,-0.2236871,0.1570284
14.02,1.267258,9.504011,0.2922809,0.07731053,-0.1981194,0.1249931
14.04,1.253483,9.475474,0.2372357,0.08242241,-0.1682641,0.07255965
14.06,1.256927,9.460146,0.1857001,0.07738831,-0.125227,0.02328111
14.08,1.314235,9.474974,0.1892091,0.07459125,-0.07923791,-0.02317551
14.10,1.402244,9.548479,0.2128739,0.07785272,-0.04312494,-0.06472615
14.12,1.449627,9.60048,0.2386721,0.07638039,-0.01952683,-0.09203723
14.14,1.471862,9.595818,0.2413002,0.06897142,0.002032138,-0.1062306
14.16,1.429692,9.642902,0.2405474,0.05503384,0.03178393,-0.1186521
14.18,1.417186,9.649594,0.2951992,0.04285647,0.04752953,-0.1409916
14.20,1.534194,9.780562,0.3563989,0.03374625,0.03415249,-0.1404759
14.22,1.635598,9.888717,0.2828667,0.02751442,0.01883743,-0.1200222
14.24,1.657039,9.930119,0.2829828,0.02503234,0.01312231,-0.09052841
14.26,1.604395,9.901185,0.2784871,0.01723743,0.01080779,-0.06475472
14.28,1.560271,9.83135,0.2685021,-0.001668223,0.004975397,-0.05700771
14.30,1.59091,9.784314,0.2711756,-0.01652144,-0.01858182,-0.0642148
14.32,1.651311,9.747498,0.2621168,-0.01276013,-0.03130899,-0.07896654
14.34,1.686223,9.751548,0.2397925,0.003797101,-0.02490078,-0.08013117
14.36,1.689576,9.727681,0.1808889,0.01969231,0.001059669,-0.07879587
14.38,1.690098,9.722627,0.1911922,0.02276193,0.01408491,-0.07261033
14.40,1.676769,9.686812,0.1951915,0.008992994,0.02093959,-0.05930089
14.42,1.617125,9.626614,0.1959654,0.00239612,0.03511393,-0.05157192
14.44,1.602813,9.629858,0.2178629,0.01997523,0.05123352,-0.03957577
14.46,1.583605,9.732862,0.2832455,0.05255018,0.06658907,-0.03534243
14.48,1.555316,9.862186,0.2754122,0.07011423,0.08736166,-0.018028
14.50,1.516889,9.80591,0.2673249,0.04286182,0.1054927,0.004051858
14.52,1.450338,9.780924,0.2700736,-0.005704293,0.109779,0.0155854
14.54,1.384636,9.726478,0.319673,-0.04241784,0.1003384,0.01282138
14.56,1.364039,9.712578,0.375219,-0.05641539,0.07842479,0.003728464
14.58,1.347283,9.707898,0.3969131,-0.04781354,0.05759143,-0.007828054
14.60,1.352942,9.727436,0.4214393,-0.03931724,0.02526979,-0.01881388
14.62,1.372651,9.735093,0.4142262,-0.04486765,-0.01803362,-0.02563353
14.64,1.352456,9.721768,0.4176282,-0.05593679,-0.06407022,-0.02959665
14.66,1.325701,9.656357,0.454432,-0.05962579,-0.1245889,-0.03767886
14.68,1.332835,9.573736,0.5256896,-0.0623062,-0.2130723,-0.04638467
14.70,1.39742,9.585678,0.5381068,-0.05132941,-0.3199394,-0.03952435
14.72,1.446303,9.689819,0.4463639,-0.04010507,-0.4120042,-0.01576199
14.74,1.471342,9.742527,0.3077087,-0.02775668,-0.4721481,0.01622902
14.76,1.487266,9.733994,0.1882889,-0.01648933,-0.4890213,0.04581469
14.78,1.504256,9.661468,0.100497,-0.005370097,-0.4649344,0.05140523
14.80,1.530824,9.633777,0.06291503,0.003113166,-0.4213589,0.03091441
14.82,1.547106,9.608391,0.02584436,0.002004907,-0.363723,-0.00262344
14.84,1.492739,9.621005,-0.03397576,-0.005981064,-0.2884686,-0.03371924
14.86,1.393886,9.657419,-0.04766242,-0.01241797,-0.1962975,-0.05044939
14.88,1.339295,9.756591,-0.03089582,-0.01966676,-0.107686,-0.04134262
14.90,1.26986,9.791315,-0.02456344,-0.02686032,-0.01978282,-0.02764052
14.92,1.220915,9.796244,0.03864256,-0.02535284,0.04975016,-0.01718634
14.94,1.209768,9.769561,0.1387522,-0.01127423,0.09220649,-0.0149911
14.96,1.192227,9.763464,0.2463661,0.0185891,0.1147634,-0.02274122
14.98,1.168804,9.772745,0.3338743,0.04340225,0.1153889,-0.03563708
15.00,1.14385,9.766833,0.3505028,0.04329894,0.1003769,-0.04662623
15.02,1.117107,9.737445,0.3756324,0.02727968,0.0749751,-0.05100473
15.04,1.104598,9.760565,0.4057249,0.01459565,0.04491678,-0.05617633
15.06,1.099241,9.753215,0.4242102,0.007130124,0.01012548,-0.06059347
15.08,1.141649,9.812584,0.447324,0.01393307,-0.03828237,-0.06325403
15.10,1.147569,9.85431,0.4152201,0.02171172,-0.07549848,-0.06337919
15.12,1.165466,9.848679,0.387592,0.02278961,-0.1045002,-0.06311409
15.14,1.193649,9.823522,0.3316095,0.006086564,-0.1238929,-0.05591597
15.16,1.186825,9.748424,0.2715661,-0.01916987,-0.1361195,-0.05267709
15.18,1.197227,9.676239,0.2435292,-0.03377561,-0.1417987,-0.05184263
15.20,1.213561,9.656785,0.2308522,-0.02254816,-0.1455584,-0.04673118
15.22,1.224539,9.709846,0.2000217,-0.000810916,-0.1366802,-0.03858055
15.24,1.211079,9.70342,0.1225175,0.01654137,-0.1172653,-0.02374894
15.26,1.225048,9.732978,0.08968554,0.02837349,-0.08905793,-0.0168717
15.28,1.245918,9.798981,0.09784645,0.03625376,-0.06373259,-0.01360699
15.30,1.235856,9.832608,0.05668388,0.02823398,-0.02437801,-0.01440164
15.32,1.214572,9.747874,-0.01532484,-0.002719942,0.03206192,-0.01987827
15.34,1.1976,9.661886,-0.05657901,-0.03920781,0.09671506,-0.03332886
15.36,1.199091,9.584516,-0.03461264,-0.06019566,0.1540417,-0.05839306
15.38,1.261992,9.619472,0.04391958,-0.05594075,0.1852367,-0.09239933
15.40,1.283541,9.620699,0.1204408,-0.04174362,0.1905873,-0.116849
15.42,1.231114,9.606063,0.1006798,-0.03525404,0.1907441,-0.117913
15.44,1.125537,9.582339,0.07630377,-0.04103434,0.1980655,-0.1055291
15.46,1.057304,9.6495,0.1040139,-0.03336904,0.191785,-0.09375125
15.48,1.092008,9.628068,0.2483118,-0.01500439,0.1419178,-0.09908698
15.50,1.160805,9.587689,0.4178635,0.004890691,0.04167544,-0.1125427
15.52,1.101954,9.56919,0.524973,0.01602752,-0.1058259,-0.1283789
15.54,1.008662,9.72708,0.4163897,0.0001753102,-0.2293779,-0.1105109
15.56,0.80268,9.675049,0.2048836,-0.02604244,-0.2700183,-0.08304397
15.58,0.6900331,9.64188,0.1415368,-0.05010383,-0.259511,-0.07097625
15.60,0.7183529,9.503213,0.1655141,-0.06144399,-0.2343648,-0.08862781
15.62,0.8012758,9.373742,0.2191434,-0.06619453,-0.2223757,-0.1334202
15.64,0.8191666,9.25491,0.245323,-0.07792118,-0.2181756,-0.1808097
15.66,0.7309508,9.174559,0.2102215,-0.1071044,-0.19572,-0.2087957
15.68,0.6051073,8.991248,0.1344641,-0.1426884,-0.146457,-0.2108227
15.70,0.5652148,8.912239,0.09085198,-0.1511685,-0.08007248,-0.199991
15.72,0.5830205,8.90628,0.1584632,-0.110324,-0.01432077,-0.182282
15.74,0.6334627,8.880635,0.2461702,-0.05423327,0.03371744,-0.163681
15.76,0.608964,8.985713,0.2438927,-0.01636068,0.06267665,-0.1454379
15.78,0.5760322,9.058382,0.2355192,-0.003642598,0.07352132,-0.1265952
15.80,0.5587786,9.080944,0.2451059,-0.002060424,0.08072294,-0.1007664
15.82,0.5022115,9.030708,0.213413,-0.0008503718,0.1094365,-0.06459824
15.84,0.4135955,8.930471,0.1698099,-0.009209271,0.1668934,-0.03621206
15.86,0.3634865,8.927007,0.1268748,-0.02622141,0.2258802,-0.02549063
15.88,0.4258992,8.970891,0.1766391,-0.0360145,0.2560959,-0.05474048
15.90,0.5203526,9.175839,0.3041563,-0.02411775,0.2340863,-0.1055759
15.92,0.5155727,9.275495,0.4182079,-0.004802579,0.1838081,-0.1481415
15.94,0.3711729,9.158337,0.3795759,-0.01901178,0.1504304,-0.1554136
15.96,0.2081141,9.053621,0.2310597,-0.05749117,0.1509048,-0.1351946
15.98,0.1426042,9.152641,0.2363833,-0.09841045,0.1535379,-0.11899
16.00,0.1897599,9.113136,0.3011709,-0.1176824,0.1315549,-0.1138775
16.02,0.3307334,9.085821,0.3625211,-0.1092912,0.07927176,-0.1221677
16.04,0.4302822,9.040366,0.4245344,-0.08062522,0.01575076,-0.1364911
16.06,0.4307636,8.961017,0.4053822,-0.05316769,-0.02940332,-0.1348434
16.08,0.3413079,9.041486,0.3124276,-0.01774322,-0.05351856,-0.1292183
16.10,0.3053041,9.182924,0.3245683,0.04198643,-0.07333884,-0.1159357
16.12,0.3112854,9.43024,0.417219,0.1310109,-0.09524534,-0.1001176
16.14,0.3134148,9.912807,0.474089,0.2335869,-0.1430621,-0.07873051
16.16,0.3009448,10.10384,0.517491,0.273841,-0.1976299,-0.05275599
16.18,0.2150461,10.01332,0.4601175,0.2450051,-0.241656,-0.01891643
16.20,0.1526799,9.84732,0.3446254,0.1812523,-0.2453788,0.02781225
16.22,0.06637319,9.748762,0.2965765,0.1149925,-0.2037539,0.07518782
16.24,-0.01756562,9.716159,0.2305958,0.05255097,-0.1263352,0.09258154
16.26,-0.00794319,9.817534,0.3753719,0.02221193,-0.08047454,0.07122328
16.28,-0.02714952,10.00458,0.2132049,0.00769108,-0.02843997,0.04784158
16.30,0.05988271,10.06427,0.3506115,0.00947703,-0.008556145,0.02495412
16.32,0.05595343,9.803743,0.3824601,-0.03510043,0.01610644,0.03171068
16.34,0.02519346,9.528808,0.2387232,-0.121037,0.04967151,0.06568082
16.36,-0.05721134,9.913451,-0.05097726,-0.1490836,0.1107447,0.1138052
16.38,0.2017336,10.58872,0.06999498,-0.06863454,0.1498419,0.1609912
16.40,0.8238434,11.21355,0.2733362,0.03984892,0.1011874,0.2316824
16.42,1.174461,11.49923,0.1863206,0.05634144,0.001315242,0.2979792
16.44,1.072004,11.30687,0.1462807,-0.02474174,-0.09434552,0.3311485
16.46,0.944696,11.22385,0.2812108,-0.09937525,-0.1901921,0.3559207
16.48,0.782941,11.03801,0.3046999,-0.1289689,-0.2475033,0.3852165
16.50,0.7098057,10.7239,0.1331109,-0.1477496,-0.2101932,0.3893697
16.52,0.7342824,10.58045,0.109093,-0.1482109,-0.1520392,0.4002244
16.54,0.6302781,10.47927,0.3206317,-0.1086013,-0.1053482,0.3922407
16.56,0.4851091,10.67873,0.4535331,-0.04194198,-0.06048748,0.3804945
16.58,0.4309193,10.88028,0.613874,-0.002037548,-0.03135552,0.381587
16.60,0.3888076,11.01526,0.6569088,0.02016021,-0.01125345,0.4026395
16.62,0.3391173,11.29062,0.6446503,0.08520527,0.005736833,0.4428709
16.64,0.2323904,11.84152,0.7289738,0.2237918,0.04876722,0.4834251
16.66,0.1139868,12.07086,0.7911377,0.3575832,0.128359,0.468412
16.68,0.36542,11.35677,0.7774898,0.3703756,0.1909099,0.4002369
16.70,0.9500869,10.36018,0.7095509,0.2778066,0.2039053,0.3314633
16.72,1.418199,9.620294,0.6885707,0.180532,0.1953699,0.2838873
16.74,1.782767,9.526027,0.7914732,0.1253744,0.1569455,0.2578489
16.76,2.013823,9.650651,0.7314191,0.08935733,0.1082201,0.2383019
16.78,2.151839,9.620321,0.5338852,0.06785092,0.0895184,0.2113414
16.80,2.267203,9.408735,0.4940288,0.09713411,0.1015576,0.152585
16.82,2.434499,9.269262,0.7237129,0.1661142,0.1110004,0.06754719
16.84,2.658378,9.331477,0.9044298,0.1908384,0.08228749,-0.03729321
16.86,2.609138,9.458717,0.808754,0.1288018,0.03977652,-0.155734
16.88,3.088406,9.465818,0.9289448,0.003558363,-0.03241858,-0.2046185
16.90,3.115119,9.309724,0.9163236,-0.07796219,-0.09792086,-0.2336614
16.92,2.943299,9.456697,0.9097456,-0.1025784,-0.1591474,-0.2509724
16.94,2.757949,9.767145,0.9721859,-0.1227628,-0.2339718,-0.2453983
16.96,2.581285,9.979436,0.8642355,-0.1994711,-0.3067317,-0.1935
16.98,2.55814,10.18978,0.57801,-0.2702738,-0.350304,-0.06610558
17.00,2.53013,10.34824,0.3383249,-0.2842677,-0.3399026,0.1021867
17.02,2.356303,10.05279,0.153868,-0.2666473,-0.2576381,0.2350226
17.04,2.323159,9.774279,0.05161627,-0.2450683,-0.1819532,0.2895729
17.06,2.377035,9.610792,0.08747783,-0.2523744,-0.1349528,0.2733129
17.08,2.417104,9.718061,0.1001472,-0.2671879,-0.1039213,0.2275237
17.10,2.403769,9.827305,0.1444846,-0.2896168,-0.08546405,0.1766861
17.12,2.122973,9.736094,0.05411249,-0.3011877,-0.03507461,0.1190061
17.14,1.865073,9.763735,0.08213758,-0.2951654,0.02264192,0.07225992
17.16,1.716551,9.776684,0.2268644,-0.2781846,0.06945893,0.04121387
17.18,1.697281,9.805333,0.3286002,-0.2609473,0.0915935,0.03352131
17.20,1.678826,9.6591,0.3615729,-0.2408494,0.09263946,0.03423802
17.22,1.653103,9.455943,0.4125397,-0.2088674,0.08459044,0.04089649
17.24,1.574511,9.338721,0.4605218,-0.1494497,0.081204,0.0366361
17.26,1.563349,9.351144,0.479932,-0.07770132,0.0905204,0.02570964
17.28,1.508704,9.355129,0.4740468,-0.03332899,0.1034686,-0.002041078
17.30,1.478568,9.295215,0.4696029,-0.01325997,0.1131821,-0.04477892
17.32,1.442825,9.300175,0.4868285,0.00837311,0.1341869,-0.08963893
17.34,1.427586,9.332554,0.525692,0.0354552,0.1526403,-0.1246708
17.36,1.446428,9.352567,0.5771127,0.05208139,0.1581425,-0.1505864
17.38,1.440655,9.332753,0.6166478,0.05782738,0.1427966,-0.1735714
17.40,1.458369,9.297929,0.7005352,0.07505316,0.1046009,-0.1908567
17.42,1.495645,9.40679,0.7890815,0.1175237,0.04410466,-0.1910136
17.44,1.472404,9.57283,0.81955,0.1718867,-0.009252504,-0.1767568
17.46,1.455132,9.733275,0.781463,0.21168,-0.05275545,-0.1530086
17.48,1.476821,9.830662,0.7592993,0.2262669,-0.09255136,-0.1323049
17.50,1.531995,9.891503,0.7464684,0.2226939,-0.128178,-0.124117
17.52,1.574944,9.939771,0.7431337,0.2010344,-0.1568014,-0.1335306
17.54,1.592461,9.970114,0.6372584,0.1471558,-0.1438186,-0.1589332
17.56,1.601799,9.99707,0.4781835,0.07381805,-0.08210732,-0.1869231
17.58,1.606377,9.960352,0.37874,0.008578034,0.007748552,-0.207431
17.60,1.582749,9.888723,0.3907772,-0.01797844,0.09975362,-0.2126877
17.62,1.573389,9.833607,0.5077534,-0.01278676,0.1647603,-0.2005559
17.64,1.54119,9.823189,0.5908274,0.001040175,0.2041771,-0.1698842
17.66,1.520217,9.857337,0.6587149,-0.006378016,0.2066304,-0.1162537
17.68,1.526797,9.856735,0.6969488,-0.02085738,0.1897892,-0.05547909
17.70,1.536249,9.790976,0.7200254,-0.02296969,0.1714037,0.003015298
17.72,1.551784,9.726492,0.7069506,-0.008476719,0.1558128,0.04523515
17.74,1.524702,9.640673,0.6758158,0.005470542,0.1563673,0.05926254
17.76,1.504421,9.628141,0.6685948,0.01214004,0.1493194,0.04591192
17.78,1.501282,9.678229,0.7048482,0.007294985,0.1314912,0.02197314
17.80,1.475011,9.760092,0.7344557,-0.007548718,0.1113612,-0.009669758
17.82,1.474936,9.805288,0.721561,-0.03058501,0.08053651,-0.02820856
17.84,1.450023,9.763963,0.6836538,-0.05472918,0.05929895,-0.02450006
17.86,1.377365,9.768206,0.6433327,-0.06378165,0.05294501,-0.008653392
17.88,1.362338,9.737784,0.6269794,-0.05860143,0.05133327,0.003132107
17.90,1.384343,9.678208,0.6562088,-0.05384354,0.04281549,0.008249683
17.92,1.40309,9.637003,0.6504727,-0.03980349,0.02685443,0.005739573
17.94,1.363287,9.608746,0.6615776,-0.02560416,0.01546607,-0.003642318
17.96,1.348886,9.658197,0.6705281,-0.01423752,0.008442176,-0.01489711
17.98,1.357289,9.69967,0.6303495,-0.007780802,-0.00232232,-0.01890238
18.00,1.333992,9.733083,0.6409722,0.002054812,-0.007721951,-0.02261045
18.02,1.304031,9.76267,0.6688271,0.01266297,-0.006948957,-0.02226789
18.04,1.310085,9.733509,0.6704143,0.005121659,-0.01489169,-0.02422425
18.06,1.315098,9.771845,0.6219919,-0.01766945,-0.03042635,-0.0164114
18.08,1.292087,9.756627,0.608268,-0.02415446,-0.03361384,-0.00802307
18.10,1.294182,9.736899,0.6056598,0.0009608431,-0.02289217,0.001132987
18.12,1.304605,9.740247,0.6236911,0.01968021,-0.01278295,0.004588258
18.14,1.30114,9.725775,0.5964821,0.01923927,-0.004197088,0.006831277
18.16,1.293317,9.705075,0.5680532,0.007645779,0.005855579,0.00471248
18.18,1.291326,9.725809,0.6062071,0.009701798,0.01312436,0.0003071293
18.20,1.288773,9.749606,0.67182,0.01761962,0.01516396,-0.004459904
18.22,1.285014,9.803897,0.6505858,0.01560975,0.01278221,0.0002373588
18.24,1.249142,9.840082,0.5978215,0.006042583,0.01700293,0.009982022
18.26,1.22515,9.782195,0.6025272,-0.007960162,0.02199177,0.0129615
18.28,1.239936,9.753508,0.5972231,-0.004003952,0.02930344,0.01549773
18.30,1.266687,9.720187,0.6632929,0.01006853,0.03094227,0.004367663
18.32,1.299691,9.705244,0.666103,0.01735066,0.02316274,-0.006891621
18.34,1.313681,9.709929,0.660169,0.01488025,0.007782999,-0.01980343
18.36,1.297644,9.716225,0.6757057,0.01405061,-0.003064776,-0.02171096
18.38,1.280472,9.734204,0.6730559,0.01454975,-0.006395938,-0.01137407
18.40,1.275415,9.736755,0.6383318,0.01378234,-0.005769424,0.00386359
18.42,1.300449,9.755837,0.628476,0.00970808,-0.005858179,0.02274734
18.44,1.271918,9.760071,0.6379683,0.006217599,-0.00231439,0.02572525
18.46,1.294121,9.73073,0.6523185,0.00891314,-0.003221522,0.01393155
18.48,1.328388,9.669234,0.6633836,0.00610269,-0.01083305,0.0003534768
18.50,1.315375,9.659396,0.6508076,0.005401073,-0.01860976,-0.0117455
18.52,1.30413,9.687973,0.6634418,0.01271473,-0.02265809,-0.01547387
18.54,1.304998,9.775476,0.6443399,0.01812266,-0.01889871,-0.001154016
18.56,1.279414,9.793244,0.6069314,0.01880248,-0.005236378,0.01471117
18.58,1.265368,9.77374,0.6205902,0.01647349,0.0001361858,0.01633597
18.60,1.326017,9.711026,0.6818209,0.002187502,-0.001067853,0.01435751
18.62,1.308148,9.707973,0.6382702,-0.01800971,-0.006079223,0.005443313
18.64,1.286287,9.6948,0.6227001,-0.02150158,-0.003462513,-0.00460021
18.66,1.285733,9.701613,0.6419973,-0.01148616,-0.001562179,-0.01032901
18.68,1.269064,9.662107,0.6324271,0.001761564,0.002517143,-0.009819075
18.70,1.262063,9.650017,0.6365749,0.01115195,-0.001773567,-0.007580721
18.72,1.29536,9.673368,0.6852948,0.01346918,-0.02366844,-0.007393
18.74,1.299765,9.726181,0.7029088,0.01392274,-0.04829304,-0.004575237
18.76,1.272033,9.743531,0.6829171,0.01171032,-0.05884308,0.005814991
18.78,1.239565,9.761959,0.6454262,0.0116252,-0.05909774,0.01430579
18.80,1.255983,9.758031,0.6308805,0.01076207,-0.06012487,0.02342228
18.82,1.271512,9.749494,0.6600055,0.006476121,-0.06193729,0.01686276
18.84,1.295548,9.765653,0.6622182,-0.001793687,-0.07826938,0.006556612
18.86,1.317588,9.776194,0.6430289,-0.0136514,-0.0926522,-0.008008818
18.88,1.303605,9.744884,0.6125563,-0.0144442,-0.09313207,-0.01184884
18.90,1.297738,9.760053,0.5895515,-0.01445786,-0.0814615,-0.006704122
18.92,1.296555,9.733717,0.5450038,-0.02144083,-0.06805437,-0.002861779
18.94,1.303226,9.745936,0.5430368,-0.02893963,-0.06020987,0.002809619
18.96,1.301017,9.749376,0.5379106,-0.02898939,-0.05931633,0.003606227
18.98,1.301891,9.7205,0.5212639,-0.01719805,-0.0505068,0.003248901
19.00,1.302497,9.697047,0.5088757,-0.001639595,-0.04324204,0.003985137
19.02,1.306607,9.693626,0.5305903,0.009976096,-0.04559318,0.005829972
19.04,1.284472,9.679687,0.534981,0.01172695,-0.05368528,0.004589137
19.06,1.273267,9.658598,0.5447802,0.01573073,-0.05973695,0.001667798
19.08,1.255392,9.668566,0.5481334,0.02670089,-0.06600409,0.0004428269
19.10,1.245503,9.664878,0.5504707,0.04501982,-0.07023806,-0.001301309
19.12,1.251669,9.678639,0.5687474,0.05655336,-0.07687216,-0.006743187
19.14,1.286003,9.722247,0.5816216,0.0669001,-0.08916143,-0.009896015
19.16,1.257996,9.694207,0.5655279,0.06685898,-0.09452583,-0.02539801
19.18,1.247023,9.682205,0.5694331,0.07283118,-0.09442088,-0.06451378
19.20,1.310561,9.637161,0.5861076,0.06273362,-0.09145191,-0.1068681
19.22,1.292055,9.668859,0.5142648,0.04278016,-0.07311619,-0.1294566
19.24,1.256868,9.688154,0.4191111,0.02304781,-0.03869089,-0.1302218
19.26,1.239384,9.753637,0.4409486,0.01863461,0.01059923,-0.1123696
19.28,1.22153,9.763041,0.4885451,0.01695881,0.04362242,-0.09305399
19.30,1.228834,9.771531,0.4932549,0.01388044,0.06508965,-0.07015339
19.32,1.225576,9.778361,0.5540707,0.002257669,0.06805856,-0.05103824
19.34,1.218631,9.835141,0.5406429,-0.002382086,0.06911388,-0.03778264
19.36,1.21273,9.825843,0.565113,-0.01364683,0.06782211,-0.02950608
19.38,1.195343,9.810283,0.6052284,-0.02063455,0.04797685,-0.02611098
19.40,1.16235,9.822945,0.6099209,-0.03173866,0.02669426,-0.02411979
19.42,1.142509,9.798691,0.5839468,-0.03386273,0.005145432,-0.01955895
19.44,1.146381,9.797361,0.5845392,-0.02817059,-0.01384388,-0.01614255
19.46,1.181285,9.807449,0.5871155,-0.01770736,-0.03315609,-0.0124592
19.48,1.189176,9.801743,0.5609505,-0.007657326,-0.05157845,-0.01129005
19.50,1.196959,9.814095,0.534295,-0.007679984,-0.06273884,-0.008355754
19.52,1.185289,9.798779,0.5318079,-0.01454244,-0.07569706,-0.01052074
19.54,1.190085,9.785998,0.49652,-0.02494466,-0.08835681,-0.008727412
19.56,1.183741,9.777463,0.4452942,-0.02663789,-0.08251774,-0.004121091
19.58,1.148895,9.792674,0.3849202,-0.02313276,-0.06116582,-0.002798353
19.60,1.152352,9.782904,0.3475339,-0.0240985,-0.04084679,-0.01237139
19.62,1.171104,9.680778,0.3193192,-0.02098673,-0.00910338,-0.02717639
19.64,1.195982,9.601158,0.3254199,-0.007570109,0.02063467,-0.04814868
19.66,1.189706,9.58234,0.3546462,0.01867876,0.05342535,-0.07541332
19.68,1.189741,9.570658,0.3710956,0.03837515,0.0764448,-0.1012866
19.70,1.188098,9.531523,0.4070595,0.04976967,0.08721396,-0.1253486
19.72,1.173205,9.534032,0.4333198,0.0586703,0.09673421,-0.1417982
19.74,1.105046,9.610095,0.4253165,0.08142795,0.1208184,-0.1492468
19.76,0.9801223,9.657756,0.4352243,0.0939609,0.1505945,-0.1608169
19.78,0.958087,9.64168,0.4702659,0.0933621,0.1632698,-0.1803689
19.80,1.027677,9.622781,0.5382899,0.0826615,0.1464614,-0.1963446
19.82,1.014361,9.612907,0.5729262,0.08316112,0.124952,-0.2181287
19.84,1.031386,9.592053,0.6427293,0.08855482,0.096067,-0.2377949
19.86,1.044598,9.583728,0.6426489,0.07778515,0.05297813,-0.2514402
19.88,0.9896039,9.630771,0.5858709,0.06062152,0.01353687,-0.2545002
19.90,0.9535472,9.654277,0.5656842,0.0568133,-0.01181427,-0.2614896
19.92,0.9773828,9.675426,0.5644631,0.07325669,-0.03497604,-0.2625107
19.94,1.010928,9.806974,0.6096651,0.09645169,-0.05572596,-0.2614717
19.96,1.017008,9.997446,0.684863,0.08607066,-0.05909398,-0.2481069
19.98,0.93384,10.09802,0.6005882,0.03604843,-0.03437896,-0.2368975
20.00,0.8819515,10.09092,0.450849,-0.03820533,0.01568502,-0.2372666
20.02,0.9471192,9.94968,0.4227266,-0.09987588,0.07077456,-0.2510035
20.04,1.079923,9.740101,0.4462962,-0.1256718,0.1068054,-0.2745365
20.06,1.168244,9.699635,0.4560807,-0.1020732,0.1194252,-0.2993623
20.08,1.133057,9.85121,0.4163223,-0.05489098,0.1259808,-0.3172568
20.10,0.9961503,10.00542,0.4016689,-0.01543426,0.1265986,-0.3284478
20.12,0.8428918,9.96091,0.3653551,0.004586244,0.1078581,-0.3331204
20.14,0.7983058,10.00738,0.3206776,0.0410818,0.08127343,-0.3273611
20.16,0.760922,10.24263,0.2627308,0.1287703,0.07904327,-0.3229631
20.18,0.7085694,10.44105,0.2661711,0.231215,0.09846267,-0.3316759
20.20,0.6317816,10.36235,0.223644,0.2896272,0.1166428,-0.3577006
20.22,0.5182334,10.19653,0.1640682,0.2948382,0.1126059,-0.3975548
20.24,0.2901821,10.27484,0.2542259,0.3091097,0.07983664,-0.4481015
20.26,0.0664301,10.6453,0.2854746,0.4165995,0.03238672,-0.4784945
20.28,-0.1222422,11.44731,0.357762,0.5942211,-0.0101672,-0.4695753
20.30,-0.3353052,12.57469,0.5449919,0.7015923,-0.09178129,-0.412552
20.32,-0.5467736,12.80649,0.6719848,0.5814124,-0.2324188,-0.2976319
20.34,-0.7714218,12.28632,0.3986166,0.2696731,-0.3954081,-0.1391489
20.36,-0.810344,11.3458,0.2025958,-0.03637948,-0.5546319,0.01164102
20.38,-1.20732,11.19977,-0.05510053,-0.1404621,-0.58731,0.1188031
20.40,-1.21657,11.213,0.09126636,-0.06385216,-0.4883913,0.1845216
20.42,-0.7638804,11.40427,0.3607993,0.04512219,-0.4324555,0.207244
20.44,-0.5615425,11.46014,0.242505,0.01928492,-0.4408653,0.178439
20.46,-0.530894,11.42704,0.08777446,-0.1048828,-0.4588968,0.1610291
20.48,-0.8027279,11.53771,-0.07421497,-0.200323,-0.3735455,0.1852819
20.50,-0.8912931,11.25875,-0.0873615,-0.2299419,-0.1816166,0.243668
20.52,-1.003052,10.93291,-0.1527129,-0.2485344,0.01062682,0.2618705
20.54,-1.240379,11.00587,-0.4218283,-0.2926449,0.1962797,0.2303656
20.56,-1.191391,11.09201,-0.2151599,-0.3558554,0.3293587,0.219698
20.58,-0.8926969,10.76825,0.07876528,-0.4089168,0.37465,0.2321665
20.60,-0.859012,10.47621,0.02681293,-0.439923,0.3906797,0.2453715
20.62,-0.8808859,10.19044,0.08946227,-0.4398859,0.3927708,0.250409
20.64,-0.7867403,10.00435,0.2129499,-0.4127011,0.3785029,0.250872
20.66,-0.7215838,9.808455,0.2223343,-0.3633472,0.3394489,0.2343308
20.68,-0.6406441,9.74034,0.3612961,-0.2978488,0.272443,0.2218743
20.70,-0.5273414,9.567507,0.3083987,-0.2630848,0.2029666,0.203566
20.72,-0.4928988,9.551162,0.4490569,-0.2318564,0.1475542,0.2028376
20.74,-0.5150858,9.384189,0.2903838,-0.2123139,0.1194149,0.2129386
20.76,-0.3722587,9.237732,0.3779996,-0.1820866,0.08815254,0.2374872
20.78,-0.3066028,9.246531,0.3749461,-0.1340969,0.07722893,0.2617941
20.80,-0.2846364,9.254189,0.4328616,-0.07682807,0.08349795,0.2635372
20.82,-0.2531469,9.093759,0.4754834,-0.05426059,0.09580024,0.251632
20.84,-0.1877946,8.870496,0.4470472,-0.07821465,0.1158842,0.2219738
20.86,-0.1400842,8.569112,0.4147831,-0.1081996,0.1599835,0.1744856
20.88,-0.007830009,8.431818,0.4485328,-0.09853369,0.2224345,0.1260864
20.90,0.09754793,8.43813,0.4582954,-0.06650057,0.3142335,0.08923058
20.92,0.0989712,8.516515,0.4409908,-0.04706467,0.4080908,0.06050683
20.94,0.03611861,8.618084,0.4939728,-0.04483937,0.4808823,0.02888162
20.96,0.0279101,8.758472,0.5996678,-0.04805025,0.53344,0.009503994
20.98,0.03581793,8.903941,0.6732905,-0.04488898,0.5645369,-0.003412223
21.00,0.0678319,8.907684,0.7274463,-0.05645888,0.5867969,0.001355757
21.02,0.09619211,8.779134,0.7355239,-0.08308502,0.5980906,0.02216026
21.04,0.1217061,8.718065,0.7952136,-0.1167456,0.5829007,0.05488115
21.06,0.1188375,8.857852,0.8773896,-0.12851,0.5409072,0.08592018
21.08,0.1164655,9.035011,0.991924,-0.1213766,0.4716792,0.09849929
21.10,0.1825,9.013055,1.082972,-0.1087627,0.3769016,0.09643256
21.12,0.3154516,9.066496,1.112642,-0.1005369,0.2613085,0.09706044
21.14,0.3292285,9.146765,1.122833,-0.102378,0.1522259,0.1041773
21.16,0.3308756,9.289092,1.085712,-0.1309151,0.04997587,0.1353669
21.18,0.2801004,9.291922,0.9362696,-0.1763352,-0.02370324,0.1775139
21.20,0.3045217,9.249874,0.8274139,-0.1953155,-0.05958966,0.2090968
21.22,0.4057901,9.248322,0.82801,-0.1875996,-0.07257617,0.2263416
21.24,0.5102752,9.172314,0.8343109,-0.1705921,-0.0888701,0.2203812
21.26,0.5867351,9.144187,0.8333462,-0.1773697,-0.1274336,0.2101487
21.28,0.5967243,9.207441,0.7578291,-0.1831729,-0.1376708,0.2314525
21.30,0.5330479,9.238758,0.7206429,-0.1692038,-0.1230739,0.2513449
21.32,0.5515979,9.348053,0.9034577,-0.1337376,-0.1273032,0.2552064
21.34,0.6031958,9.484926,1.029371,-0.1120887,-0.1500617,0.2369354
21.36,0.6384661,9.46573,0.9507196,-0.1019726,-0.1589012,0.222687
21.38,0.6551799,9.478493,0.8905984,-0.08750513,-0.1534226,0.2191855
21.40,0.627555,9.536137,0.8993302,-0.0692227,-0.1269528,0.2351989
21.42,0.5892363,9.536451,0.8553337,-0.05536729,-0.09852857,0.2462178
21.44,0.6367951,9.468492,0.8272051,-0.02628414,-0.06701547,0.237762
21.46,0.7388602,9.381827,0.9036507,0.05009438,-0.04086585,0.2156163
21.48,0.8191376,9.415464,1.013008,0.1364828,-0.02150762,0.1972557
21.50,0.8048272,9.342795,1.033544,0.1737186,-0.01402407,0.1781963
21.52,0.7760899,9.281885,1.001887,0.156437,-0.01653945,0.1724151
21.54,0.7320812,9.186852,0.9530457,0.1348654,0.003262872,0.1641135
21.56,0.7913187,9.119625,0.979266,0.1559195,0.02722773,0.1349852
21.58,0.9288915,9.156424,1.084494,0.2074055,0.0251544,0.09279925
21.60,1.01313,9.263471,1.161279,0.2444722,-0.009794003,0.0493966
21.62,1.01096,9.294469,1.12677,0.2562217,-0.04437075,0.01880714
21.64,0.9931017,9.319668,1.070501,0.2581169,-0.05877,0.009647644
21.66,1.010151,9.474126,1.053003,0.2696562,-0.06441667,0.01404793
21.68,1.041085,9.590036,1.048934,0.2914469,-0.05883804,0.01247686
21.70,1.125433,9.675908,1.100055,0.2880889,-0.07901241,0.0006538422
21.72,1.207621,9.790656,1.048818,0.2639417,-0.100973,-0.01136982
21.74,1.207613,9.916119,0.9814579,0.2371466,-0.1073682,-0.03587674
21.76,1.232092,9.968367,0.9486301,0.2160954,-0.09921526,-0.06200932
21.78,1.277709,9.973827,0.9550936,0.1920675,-0.09233023,-0.08694655
21.80,1.288772,9.931702,0.9592812,0.1527221,-0.09486711,-0.1078018
21.82,1.297864,9.898289,0.978889,0.09180432,-0.1097513,-0.1226994
21.84,1.299384,9.857874,0.9638134,0.014125,-0.1272835,-0.1144148
21.86,1.289946,9.864548,0.9117987,-0.05506666,-0.1454208,-0.0925889
21.88,1.298241,9.878124,0.8875415,-0.09653214,-0.1545566,-0.06578773
21.90,1.31403,9.887626,0.842931,-0.1030473,-0.1527293,-0.03884592
21.92,1.301926,9.894044,0.8187016,-0.09219919,-0.1461461,-0.01558346
21.94,1.305072,9.844307,0.783098,-0.09810244,-0.1298726,-0.0009854999
21.96,1.284127,9.769958,0.6944324,-0.1190314,-0.1070816,0.01496124
21.98,1.236007,9.710783,0.6513043,-0.1305278,-0.07141154,0.02183843
22.00,1.246485,9.715417,0.6861731,-0.1175868,-0.04119697,0.01790253
22.02,1.254058,9.749844,0.7283015,-0.1034538,-0.03241242,0.01095072
22.04,1.205517,9.82455,0.6645721,-0.09860829,-0.02457395,-0.001863224
22.06,1.11954,9.915598,0.6081185,-0.08700339,-0.003720052,-0.02330869
22.08,1.099615,9.871604,0.6399908,-0.04909052,0.01324607,-0.05985808
22.10,1.245406,9.750031,0.7661355,-0.003941749,-0.009365609,-0.08793642
22.12,1.329376,9.547239,0.8465498,0.02255723,-0.06405575,-0.08883373
22.14,1.284265,9.453371,0.7961119,0.01730588,-0.104703,-0.05086863
22.16,1.165494,9.502498,0.6784061,-0.01127443,-0.1096958,0.01337709
22.18,1.100363,9.543399,0.5996571,-0.04119932,-0.08500581,0.06617948
22.20,1.141511,9.627705,0.6344707,-0.05219837,-0.0608844,0.08580665
22.22,1.230247,9.580552,0.6661174,-0.05575494,-0.04592356,0.07359932
22.24,1.281358,9.648616,0.6221714,-0.05382708,-0.03189891,0.05188225
22.26,1.228866,9.762256,0.5679477,-0.04093096,0.007264283,0.02964208
22.28,1.163686,9.91816,0.6034141,-0.01951517,0.04507315,0.009205801
22.30,1.146429,9.963027,0.6514308,-0.02791199,0.05618491,-0.004352645
22.32,1.127696,9.898426,0.6500767,-0.06573407,0.04201209,-0.004913786
22.34,1.08375,9.819025,0.6245964,-0.09292378,0.0289399,0.001602283
22.36,1.083487,9.737546,0.6355953,-0.0836383,0.02059874,0.01531382
22.38,1.147978,9.686871,0.6581089,-0.03720818,0.009380148,0.03594352
22.40,1.172691,9.671279,0.6521617,0.02565422,0.003835528,0.05137432
22.42,1.174605,9.638018,0.654622,0.07772783,0.004825868,0.05399399
22.44,1.190074,9.629664,0.6494658,0.1110962,0.01517855,0.04697503
22.46,1.1714,9.614067,0.6399326,0.1257487,0.04524808,0.03122348
22.48,1.17291,9.594417,0.6686801,0.131285,0.07431489,0.006392434
22.50,1.198424,9.564467,0.7297063,0.1300087,0.09407913,-0.02293539
22.52,1.216747,9.593287,0.7753623,0.1346992,0.1010199,-0.04676001
22.54,1.22759,9.67053,0.8432473,0.1470642,0.09197,-0.05916795
22.56,1.208658,9.827352,0.8714943,0.1552196,0.08182535,-0.04916019
22.58,1.131186,9.940782,0.8372456,0.1452668,0.07857339,-0.03315563
22.60,1.127967,9.966024,0.8311788,0.1290316,0.078987,-0.02004462
22.62,1.182752,9.920729,0.8986344,0.115577,0.07435698,-0.01639643
22.64,1.222692,9.851343,0.9085082,0.1078104,0.06908386,-0.0227157
22.66,1.232527,9.819955,0.9438624,0.09640098,0.05415664,-0.03422952
22.68,1.224337,9.8189,0.9352109,0.07620166,0.03637522,-0.04148323
22.70,1.190982,9.785667,0.9037513,0.05610149,0.02857822,-0.03581828
22.72,1.175691,9.729012,0.8698459,0.04689724,0.03427115,-0.02120657
22.74,1.191825,9.777453,0.8869972,0.04398859,0.03862531,-0.001334923
22.76,1.188972,9.854222,0.9247769,0.02527546,0.02869507,0.01148818
22.78,1.126393,9.864577,0.8775712,-0.0126179,0.0101912,0.01483338
22.80,1.0879,9.789591,0.8616014,-0.04892301,-0.009400051,0.01256952
22.82,1.077009,9.770884,0.8635305,-0.05230734,-0.03331563,0.009711054
22.84,1.037327,9.929678,0.7868347,-0.03205958,-0.03901223,0.008209934
22.86,1.012416,9.988621,0.7835119,-0.03979076,-0.03874088,0.007511765
22.88,1.010798,9.808303,0.6880151,-0.09333573,-0.04680724,0.005651706
22.90,1.027816,9.567428,0.6679496,-0.1407046,-0.07565756,-0.004038705
22.92,1.09254,9.488709,0.7149647,-0.1320535,-0.1024371,-0.01668327
22.94,1.14028,9.566859,0.7019777,-0.07055221,-0.118522,-0.02016771
22.96,1.180493,9.706944,0.6570705,-0.01591217,-0.1288501,-0.01939518
22.98,1.201864,9.690981,0.5528093,-0.0003819499,-0.1293655,-0.005726665
23.00,1.194461,9.671121,0.4579439,-0.003516456,-0.1029966,0.01576608
23.02,1.198564,9.674077,0.468336,0.00907748,-0.05399218,0.02775995
23.04,1.260806,9.740157,0.5141115,0.0171276,-0.01535751,0.02638896
23.06,1.296587,9.785016,0.5034152,0.006545101,0.011404,0.0124935
23.08,1.300529,9.748038,0.5198073,-0.02014834,0.02623694,-0.007525238
23.10,1.307545,9.7181,0.5488739,-0.03117848,0.0336782,-0.01889599
23.12,1.285823,9.72651,0.5992406,-0.01009974,0.04281091,-0.01993824
23.14,1.250215,9.836175,0.6238894,0.02240665,0.04428881,-0.01217919
23.16,1.23759,9.838971,0.6538816,0.03708424,0.0319409,-0.0008615493
23.18,1.240666,9.785804,0.6657674,0.02713475,0.007211336,0.01489594
23.20,1.218466,9.72184,0.6721169,0.02600278,-0.01598325,0.02189563
23.22,1.208793,9.761532,0.7114422,0.03489823,-0.03216793,0.02492646
23.24,1.206037,9.796254,0.6877752,0.04138957,-0.03990586,0.02570524
23.26,1.189468,9.834889,0.6483323,0.03185955,-0.04642216,0.03061589
23.28,1.202095,9.839771,0.6212996,0.01268588,-0.04889911,0.03637581
23.30,1.202487,9.827289,0.5763452,0.001256931,-0.03615081,0.03908022
23.32,1.228547,9.794674,0.5842546,-0.0002035129,-0.02289905,0.03418673
23.34,1.273677,9.797743,0.6111547,-0.002485709,-0.02073592,0.0275748
23.36,1.274522,9.836683,0.621753,-0.01977094,-0.02940358,0.02315512
23.38,1.230655,9.842401,0.6109083,-0.04504696,-0.03741564,0.01874165
23.40,1.205902,9.850532,0.5694495,-0.05244202,-0.03287501,0.0222509
23.42,1.207825,9.815017,0.5885518,-0.03982286,-0.02551365,0.02266073
23.44,1.210503,9.669146,0.6060145,-0.02543652,-0.01756094,0.01399832
23.46,1.223935,9.513545,0.6040629,-0.01421586,-0.0175821,0.002684037
23.48,1.225455,9.519312,0.6555305,-0.003039545,-0.02976653,-0.009794167
23.50,1.215943,9.589316,0.7169061,0.003764616,-0.05280209,-0.01363377
23.52,1.218099,9.666699,0.7433169,0.007324585,-0.07481186,-0.007037982
23.54,1.177639,9.765729,0.7451935,0.01648033,-0.0923757,0.008062711
23.56,1.141919,9.820524,0.7582039,0.02814555,-0.09956129,0.01369342
23.58,1.166395,9.762687,0.7712811,0.03045492,-0.1120281,0.01575433
23.60,1.160554,9.7281,0.7375557,0.02550039,-0.1165441,0.0142988
23.62,1.158035,9.686749,0.699295,0.02061644,-0.108572,0.006317188
23.64,1.167413,9.690427,0.6676216,0.01459355,-0.09428903,0.003048937
23.66,1.16571,9.72094,0.659034,0.00740236,-0.07721167,-0.001552821
23.68,1.179708,9.724501,0.6508123,-0.008885196,-0.06686393,-0.005804875
23.70,1.161056,9.736566,0.6291476,-0.01320288,-0.05249535,-0.008358686
23.72,1.121371,9.754869,0.606658,-0.01375747,-0.03602154,-0.006396224
23.74,1.106039,9.821421,0.6017805,-0.006161258,-0.02113039,-0.002694363
23.76,1.109822,9.846257,0.5847836,-0.00901315,-0.0131783,-0.0001916524
23.78,1.125428,9.837849,0.5703934,-0.02371685,-0.007514246,0.007990106
23.80,1.147333,9.859896,0.5583199,-0.03690942,0.003011076,0.02182265
23.82,1.178428,9.874227,0.5845724,-0.05930832,0.01208127,0.04064922
23.84,1.191495,9.869115,0.5517821,-0.0951551,0.02117957,0.04945238
23.86,1.224679,9.77844,0.5312926,-0.1152723,0.0345526,0.04313493
23.88,1.273007,9.687428,0.5837699,-0.1001311,0.04625692,0.03137083
23.90,1.295838,9.713496,0.6429283,-0.05557974,0.04814048,0.02041651
23.92,1.292769,9.762482,0.6697698,-0.03443995,0.05056673,0.01598799
23.94,1.270569,9.75138,0.662627,-0.04479874,0.04801286,0.0189438
23.96,1.308831,9.797223,0.778905,-0.0701253,0.04199054,0.03539716
23.98,1.380243,9.890789,1.033427,-0.1213007,0.02935933,0.06284819
24.00,1.398818,9.932892,1.015679,-0.1777105,0.01395634,0.07269957
24.02,1.455406,9.808509,1.064417,-0.2087506,-0.0134122,0.06885462
24.04,1.520718,9.659223,1.169364,-0.1947067,-0.04390315,0.05400776
24.06,1.519697,9.506616,1.160678,-0.163376,-0.06165491,0.04386216
24.08,1.489589,9.443155,1.096822,-0.1414004,-0.07360285,0.04181816
24.10,1.43291,9.439831,1.06808,-0.1304548,-0.0871262,0.04112856
24.12,1.410912,9.422306,1.025565,-0.1125035,-0.09394152,0.04679831
24.14,1.411282,9.401891,1.020883,-0.07378796,-0.09751336,0.04601118
24.16,1.378836,9.417487,1.004501,-0.02637998,-0.09921484,0.0426817
24.18,1.358082,9.493761,0.9836847,0.007325939,-0.103188,0.03609288
24.20,1.317919,9.615512,0.9402318,0.02149812,-0.09864476,0.02946257
24.22,1.269901,9.69183,0.9065219,0.01611387,-0.08731241,0.02423826
24.24,1.232994,9.700598,0.8481284,0.008951025,-0.07140647,0.0130372
24.26,1.241581,9.742527,0.8964438,0.0007792141,-0.06231704,0.002137443
24.28,1.213987,9.795248,0.9326303,-0.02409944,-0.05640575,-0.007525296
24.30,1.1498,9.737896,0.8335139,-0.05610571,-0.0502849,-0.02012867
24.32,1.154274,9.674247,0.8417752,-0.059077,-0.03843741,-0.03117396
24.34,1.176155,9.616455,0.8843368,-0.0244149,-0.03384552,-0.03982107
24.36,1.184051,9.578541,0.8757102,0.01663882,-0.03289585,-0.04783911
24.38,1.196502,9.561838,0.8355029,0.05219698,-0.0371052,-0.0547309
24.40,1.213038,9.545477,0.8364586,0.07802895,-0.04077164,-0.06310843
24.42,1.227469,9.568108,0.8085545,0.0965614,-0.03533508,-0.06634779
24.44,1.230247,9.581139,0.7867258,0.1091348,-0.02424148,-0.06705409
24.46,1.251529,9.639169,0.7473798,0.1074842,-0.01114678,-0.06916495
24.48,1.255587,9.736357,0.75886,0.1062802,0.001922973,-0.06922039
24.50,1.27641,9.807775,0.8013541,0.09978952,0.01044997,-0.07302357
24.52,1.293287,9.847034,0.8180251,0.08412756,0.008373514,-0.07615288
24.54,1.301111,9.877686,0.8079848,0.06601976,0.01249275,-0.07675949
24.56,1.307915,9.858423,0.8169449,0.04255851,0.01459344,-0.07241859
24.58,1.342741,9.801814,0.8145312,0.02819344,0.01626784,-0.06659748
24.60,1.35308,9.751887,0.8072196,0.0243415,0.01398298,-0.06303989
24.62,1.30914,9.662048,0.7912679,0.02262508,0.03018503,-0.06462335
24.64,1.279886,9.583762,0.8052886,0.01190671,0.0352441,-0.0751124
24.66,1.295315,9.543086,0.8110347,-0.006306335,0.03247983,-0.07595156
24.68,1.273043,9.542113,0.7731108,-0.008923214,0.02663004,-0.07571698
24.70,1.261105,9.631423,0.8023375,0.01668146,0.02442149,-0.0711408
24.72,1.261188,9.709662,0.8231996,0.05081611,0.02162528,-0.06917444
24.74,1.279269,9.785773,0.862768,0.06683895,0.006681181,-0.06635421
24.76,1.281785,9.850378,0.8755304,0.05720634,-0.007997955,-0.05988375
24.78,1.277182,9.862347,0.8475334,0.03785618,-0.02040191,-0.04810828
24.80,1.270158,9.916839,0.8380424,0.02324258,-0.01742286,-0.02996209
24.82,1.225024,9.945227,0.8101299,0.01381308,-0.0003982236,-0.004788567
24.84,1.204265,9.906568,0.7809325,0.002745423,0.02961078,0.01434595
24.86,1.219318,9.84154,0.7873955,-0.01327916,0.05824904,0.0233818
24.88,1.233167,9.803622,0.8014094,-0.03122822,0.08545945,0.02484825
24.90,1.210938,9.806137,0.8229535,-0.04381413,0.1090578,0.01661587
24.92,1.174977,9.772751,0.8431935,-0.05622796,0.1242584,0.00852765
24.94,1.13914,9.739715,0.8547352,-0.05721785,0.1316024,0.003396529
24.96,1.121138,9.748055,0.9092519,-0.04868658,0.130924,0.004927449
24.98,1.094482,9.725337,0.9039373,-0.04053871,0.1287834,0.008361279
25.00,1.109547,9.76569,0.976582,-0.04710647,0.1165937,0.01485214
25.02,1.145871,9.894786,1.173959,-0.07554724,0.1022452,0.03257439
25.04,1.103405,9.980358,1.221555,-0.1225979,0.09295141,0.04813702
25.06,1.11471,9.983749,1.174824,-0.1727783,0.09046541,0.05796748
25.08,1.145082,9.923251,1.245243,-0.1964133,0.07847429,0.0614741
25.10,1.103118,9.755546,1.263764,-0.1867236,0.06942068,0.05246859
25.12,1.110835,9.618055,1.248126,-0.1673119,0.05725065,0.04293047
25.14,1.119602,9.582903,1.224085,-0.1569697,0.03535635,0.03001697
25.16,1.097191,9.507353,1.191571,-0.1541758,0.002578405,0.01439401
25.18,1.121775,9.485237,1.141779,-0.1360458,-0.02562519,0.01004197
25.20,1.08709,9.384742,1.089037,-0.09368699,-0.02938951,0.007160697
25.22,1.071032,9.356791,1.053723,-0.04020798,-0.03398005,-0.008163236
25.24,1.107007,9.333705,1.068734,-0.002934989,-0.05461923,-0.02696529
25.26,1.083437,9.415159,1.037122,0.02595798,-0.07389937,-0.04986397
25.28,1.035732,9.540679,0.9752817,0.05783703,-0.07643838,-0.0612301
25.30,0.9841949,9.651811,0.8944065,0.08946182,-0.05494912,-0.07016994
25.32,0.9914868,9.74361,0.9016317,0.100749,-0.03369265,-0.07697212
25.34,0.9973632,9.770822,0.8907478,0.08071442,-0.01995587,-0.09035955
25.36,1.029665,9.739968,0.8740788,0.06222121,-0.01469526,-0.1061473
25.38,1.136549,9.772848,0.9257289,0.06128239,-0.02157889,-0.1198767
25.40,1.152158,9.793885,0.9266167,0.07463449,-0.03379519,-0.118376
25.42,1.129001,9.822847,0.9037855,0.08368232,-0.04758181,-0.09674215
25.44,1.113859,9.868283,0.9405485,0.08760966,-0.04899636,-0.0619218
25.46,1.114754,9.921265,0.9327235,0.09150018,-0.04387065,-0.02629132
25.48,1.160233,9.941619,0.9383908,0.08408435,-0.03778587,-0.005135234
25.50,1.165204,9.856284,0.9155772,0.0661068,-0.0270414,0.001946178
25.52,1.176812,9.79537,0.9023551,0.06156453,-0.01280557,0.0007861062
25.54,1.160266,9.769146,0.8832125,0.06836241,0.02197914,0.0005945399
25.56,1.121373,9.82388,0.8707509,0.07663736,0.06099295,-0.0005309099
25.58,1.113794,9.843324,0.9061303,0.06072464,0.08545759,-0.0007723651
25.60,1.100216,9.842316,0.9224668,0.0339037,0.09700465,-0.0008677051
25.62,1.097151,9.802582,0.9344057,0.02473876,0.1073487,0.002239459
25.64,1.08589,9.784403,0.9664712,0.02949828,0.1205606,0.008939388
25.66,1.062273,9.778098,0.983824,0.03700398,0.1248134,0.01214441
25.68,1.051082,9.760378,1.010814,0.03059375,0.110511,0.0134115
25.70,1.017863,9.749262,1.011205,0.01574117,0.09618136,0.01926598
25.72,0.9886418,9.728755,1.016905,0.01111434,0.08312626,0.01778507
25.74,0.9936447,9.683476,1.043577,0.01173585,0.06776027,0.01550772
25.76,1.011421,9.715015,1.031573,0.01790688,0.04881146,0.01220345
25.78,0.982702,9.752669,1.025946,0.02541038,0.03098117,0.004476403
25.80,0.9760024,9.740069,1.059393,0.02024567,0.008341277,-0.008139496
25.82,1.008999,9.708726,1.039641,0.00658103,-0.01863418,-0.01759646
25.84,1.01425,9.751097,1.020874,-0.008611162,-0.04139319,-0.01266169
25.86,1.001732,9.801844,0.9791045,-0.01446894,-0.05184004,-0.001771437
25.88,0.9914229,9.78642,0.9334468,-0.01554891,-0.05227235,0.007983363
25.90,0.9819027,9.74107,0.8900013,-0.01762618,-0.04392426,0.006854968
25.92,1.012787,9.661343,0.8622556,-0.0146791,-0.02836415,-0.005168643
25.94,1.063152,9.642731,0.8929057,-0.005018965,-0.02069782,-0.02567011
25.96,1.078321,9.688748,0.9127669,-0.002995711,-0.02233489,-0.03923332
25.98,1.03708,9.715139,0.8707595,-0.005948582,-0.02212145,-0.03774973
26.00,0.9970028,9.760855,0.8554886,-0.009162706,-0.01335796,-0.031035
26.02,0.9913596,9.763743,0.8716722,-0.008923994,-0.01162025,-0.01788211
26.04,1.020947,9.752687,0.8739069,-0.008668575,-0.01934975,-0.008653929
26.06,1.02856,9.736222,0.8579483,-0.004452858,-0.02152373,-0.00380709
26.08,1.016447,9.706199,0.8474727,0.00442039,-0.01837359,-0.003834951
26.10,0.9971989,9.663642,0.8501577,0.01260757,-0.009507162,-0.014079
26.12,1.007431,9.680568,0.8698745,0.02295206,-0.004335078,-0.02772097
26.14,1.006641,9.716721,0.911865,0.02160338,-0.008488627,-0.03640134
26.16,1.008941,9.743095,0.8898339,0.007101574,-0.0201544,-0.03371129
26.18,0.9814165,9.771709,0.8569787,-0.002823189,-0.03208502,-0.01914429
26.20,0.9601565,9.807302,0.8506153,0.0009694317,-0.0287412,0.00199181
26.22,0.9662507,9.803905,0.8471072,0.006353662,-0.02303222,0.009949502
26.24,0.9922605,9.764097,0.8202816,0.00671327,-0.0213518,0.01151789
26.26,1.007574,9.732161,0.8190209,0.006690104,-0.01038376,0.003271728
26.28,0.9988471,9.706774,0.8197455,0.01245477,-0.004024132,-0.005335649
26.30,0.9697425,9.699331,0.8005404,0.01488796,0.009295149,-0.01525038
26.32,0.9654871,9.760328,0.8013392,0.01189118,0.01881944,-0.01239796
26.34,0.9604601,9.791285,0.8059323,0.01792892,0.02607378,-0.001927904
26.36,0.9549723,9.790194,0.8247279,0.02430103,0.03909681,0.002379409
26.38,0.9795118,9.775823,0.8588528,0.01752666,0.03951732,0.006115954
26.40,0.9845135,9.760277,0.8554896,-0.001857487,0.03131912,0.0001943861
26.42,0.9493753,9.761625,0.848123,-0.00911322,0.02357785,-0.0008125488
26.44,0.9399382,9.760693,0.8608812,-0.0007770566,0.02287913,0.002293253
26.46,0.9529034,9.763284,0.8834758,0.009648065,0.01973993,0.001105149
26.48,0.9668767,9.769604,0.8678246,0.01142734,0.0151798,0.004325259
26.50,0.9616569,9.801136,0.8679259,0.01060479,0.01016867,0.00911627
26.52,0.9541258,9.822395,0.8639636,0.01280858,0.01817027,0.01109996
26.54,0.9556032,9.803492,0.8723891,0.007742543,0.01649927,0.008228403
26.56,0.9652084,9.7865,0.8521912,-0.007283574,0.02181141,0.005182392
26.58,0.9729322,9.756163,0.8438588,-0.01451078,0.02661143,0.0001575933
26.60,0.9881575,9.751064,0.8334828,-0.0119529,0.03177694,0.003757303
26.62,0.9793391,9.74857,0.8274779,-0.004773904,0.03988781,0.006399251
26.64,0.974388,9.711211,0.8158808,-0.001922101,0.04903014,0.005150623
26.66,0.9809997,9.682106,0.8415147,0.004378356,0.04883368,0.003776229
26.68,0.9892297,9.661701,0.8750575,0.01839995,0.0426686,-0.004560179
26.70,0.9926559,9.702255,0.9102451,0.02806024,0.02726726,-0.006370246
26.72,0.9711661,9.746438,0.8983833,0.02491789,0.01625797,0.00109731
26.74,0.9544815,9.76274,0.8933914,0.01655671,0.003098029,0.008964642
26.76,0.9605216,9.778338,0.8955874,0.0153356,0.0007401397,0.01736619
26.78,0.9573448,9.789211,0.8864203,0.01826063,0.006338058,0.02442641
26.80,0.9672615,9.787221,0.868791,0.01698971,0.01324157,0.02406552
26.82,0.9759445,9.75516,0.8485702,0.008453447,0.02006028,0.017091
26.84,0.9748722,9.751823,0.8558695,0.008310216,0.02673923,0.009601941
26.86,0.9794458,9.769657,0.8643874,0.009784902,0.03281269,0.005088312
26.88,0.9846508,9.822104,0.8544175,0.01358159,0.03556857,0.0107961
26.90,0.9410946,9.804208,0.8554138,0.01269631,0.03947611,0.01943304
26.92,0.9173669,9.734749,0.8677436,-0.0001686302,0.05146635,0.02299163
26.94,0.9445664,9.712069,0.857648,-0.01776117,0.0497801,0.0183349
26.96,0.9623991,9.701593,0.8741475,-0.02395431,0.041171,0.008222162
26.98,0.9575399,9.672281,0.8845335,-0.009222484,0.03138356,-0.001863113
27.00,0.9600079,9.65227,0.8900877,0.01214217,0.01933391,-0.009136255
27.02,0.9375809,9.680507,0.9039202,0.03422899,0.004372723,-0.01127537
27.04,0.9379932,9.737054,0.9075955,0.03717748,-0.01360497,-0.007357381
27.06,0.9440628,9.775725,0.8920222,0.02839378,-0.03506897,-0.001024763
27.08,0.9571922,9.790798,0.9011052,0.02318462,-0.05557043,0.00092064
27.10,0.9743394,9.777926,0.9053783,0.02529327,-0.07032914,0.0006510732
27.12,0.9813989,9.772392,0.8844321,0.02457097,-0.0886033,0.0008638545
27.14,1.016677,9.776805,0.8344167,0.02109709,-0.09806757,0.009341206
27.16,1.011592,9.784513,0.7747061,0.0174259,-0.09298366,0.02197868
27.18,1.036862,9.759066,0.7567539,0.01424272,-0.08021738,0.02675086
27.20,1.072113,9.733503,0.7318649,0.01970946,-0.05509564,0.02108799
27.22,1.097262,9.674419,0.7391745,0.02740482,-0.02537703,0.009403778
27.24,1.116277,9.691992,0.7328109,0.02928171,-0.002758743,-0.00291034
27.26,1.091718,9.751402,0.7281461,0.0243238,0.02163121,-0.00912139
27.28,1.078435,9.767632,0.7200236,0.01604138,0.03877125,-0.008530451
27.30,1.07603,9.754545,0.7542029,0.004332963,0.04826945,-0.008730941
27.32,1.07396,9.785667,0.7868411,0.00216902,0.04947047,-0.004096245
27.34,1.062915,9.794133,0.8029304,0.005636273,0.04530805,0.002555763
27.36,1.045508,9.826221,0.7883927,0.004103092,0.03871703,0.01457303
27.38,1.023301,9.818778,0.7829864,0.002926443,0.03292296,0.01989397
27.40,1.047749,9.791656,0.7897922,-0.0009152492,0.02252833,0.01875745
27.42,1.060495,9.81548,0.78759,0.002811139,0.01029088,0.01096814
27.44,0.9636619,9.765035,0.7514787,0.009635842,0.01476819,-0.002004038
27.46,0.9713296,9.716453,0.7681045,0.01169569,0.01330863,-0.0126125
27.48,1.019511,9.717856,0.7740735,0.005283176,0.0009054039,-0.01001186
27.50,1.001788,9.780658,0.7586092,-0.002975852,-0.01339798,0.002731422
27.52,0.9805853,9.806881,0.7232329,-0.001369142,-0.01679808,0.01649938
27.54,0.9497939,9.758388,0.7045082,0.01026916,-0.006014612,0.02196163
27.56,0.9559336,9.70675,0.7238739,0.02691188,0.008494706,0.0146208
27.58,1.001595,9.697685,0.771167,0.03411648,0.007004323,-0.008525566
27.60,1.025271,9.736565,0.7732575,0.02464714,-0.008981869,-0.02846417
27.62,0.9940144,9.778808,0.7330645,0.01324686,-0.01525131,-0.03304348
27.64,0.9581229,9.790007,0.7196504,0.007865724,-0.009568268,-0.02157025
27.66,0.9680608,9.810565,0.7263762,0.009516299,-0.002804454,-0.002230739
27.68,0.9908337,9.794373,0.7260575,0.009375912,-0.003480853,0.0128497
27.70,1.003901,9.79021,0.7031727,0.006632091,-0.006261629,0.01747237
27.72,1.001912,9.769163,0.70552,0.009593479,-0.003773667,0.01121815
27.74,1.002902,9.712388,0.7022015,0.01743031,0.009521553,-0.003296057
27.76,0.9998087,9.697774,0.714117,0.01970799,0.01874303,-0.02052557
27.78,1.010383,9.713207,0.7333608,0.01585142,0.01362447,-0.02466064
27.80,1.004459,9.745288,0.7241434,0.0122864,0.01085604,-0.02098759
27.82,0.9792967,9.766493,0.7193586,0.01206385,0.00965262,-0.008244076
27.84,0.9964324,9.773744,0.7194019,0.01813753,0.01353747,0.001539263
27.86,1.001312,9.760262,0.7635002,0.02261867,0.01006495,0.002552385
27.88,1.012538,9.735527,0.7719852,0.01872783,-0.0006085192,-0.004316726
27.90,1.008771,9.70483,0.7510417,0.008449315,-0.01021466,-0.0134274
27.92,0.9808526,9.72363,0.7381842,0.004759389,-0.01148996,-0.02207543
27.94,0.9773704,9.749345,0.7537594,0.00750723,-0.01552559,-0.02319216
27.96,1.025916,9.824571,0.7403145,0.01256743,-0.02453679,-0.01267204
27.98,1.003651,9.845439,0.7353582,0.01884423,-0.02473097,-8.871579e-05
28.00,0.9734874,9.802797,0.7304862,0.01333483,-0.0117325,0.005530616
28.02,0.9869547,9.687435,0.7397092,-0.001375388,-0.01003181,-0.001775661
28.04,1.027956,9.739812,0.7367887,-0.01621711,-0.0167693,-0.008423658
28.06,1.013394,9.789318,0.6973557,-0.0183696,-0.01573493,-0.009292836
28.08,0.9690298,9.814356,0.6798783,-0.01029189,-0.00152517,-0.003842817
28.10,0.9643683,9.791685,0.6798862,0.002585767,0.008278864,-1.330264e-05
28.12,0.9818409,9.743915,0.70424,0.006335887,0.01188569,0.0003270362
28.14,0.9970275,9.776092,0.7211179,0.001404887,0.01179608,-0.001142034
28.16,0.989376,9.791698,0.6960856,-0.01651419,0.008715814,-0.00598207
28.18,0.9853662,9.752505,0.6919168,-0.02551625,0.008783969,-0.008331607
28.20,0.9942489,9.742876,0.7192547,-0.01557376,0.00645983,-0.006550266
28.22,0.9925987,9.7325,0.7122988,-0.001402347,0.00419684,0.0001167032
28.24,0.9819747,9.7688,0.6829239,0.003360008,0.002911555,0.007786469
28.26,0.955843,9.772317,0.6684226,0.006805842,0.003202304,0.01181314
28.28,0.972634,9.746686,0.6998886,0.01444211,0.003422123,0.007967444
28.30,0.9825659,9.738706,0.7290276,0.02511458,-0.004374939,0.001387313
28.32,0.9812397,9.762782,0.7237109,0.01907016,-0.00514096,0.001435096
28.34,0.966125,9.792769,0.6931608,0.008015437,-0.006495663,-0.003323528
28.36,0.9753634,9.775549,0.6816025,-0.002717887,-0.002086612,-0.002696868
28.38,0.9787322,9.756621,0.6835276,0.001634363,0.01048873,-0.002423144
28.40,0.9951931,9.750799,0.6994764,0.01304963,0.01561357,-0.004543213
28.42,0.9996751,9.75321,0.6940882,0.01875106,0.02094309,-0.007109804
28.44,0.9770985,9.766356,0.7011107,0.01245609,0.0245814,-0.005891269
28.46,0.9554943,9.762081,0.6963192,0.006126317,0.0274438,-0.0058732
28.48,0.9671637,9.742267,0.7402365,0.005420712,0.03023906,-0.008664791
28.50,0.9953564,9.779435,0.7512339,0.01055844,0.02107211,-0.009989677
28.52,0.9833752,9.780503,0.7503783,0.01794456,0.01848222,-0.007038733
28.54,0.9554667,9.783965,0.755895,0.02265204,0.01598752,-0.01235951
28.56,0.9528852,9.76969,0.7891222,0.0161168,0.009748647,-0.02277007
28.58,0.9517581,9.754583,0.7587605,0.003126991,0.0001163157,-0.02605399
28.60,0.9697045,9.758876,0.758727,-0.01549808,-0.01456014,-0.02940514
28.62,0.998058,9.773085,0.7638298,-0.01148835,-0.02416467,-0.02694211
28.64,1.003642,9.763519,0.7378726,0.005460119,-0.03119209,-0.01358457
28.66,1.00392,9.775123,0.7008109,0.009472638,-0.02729147,0.0004227701
28.68,1.006138,9.793242,0.6718291,0.004185472,-0.01929213,0.007954265
28.70,1.00853,9.832939,0.6632522,-0.001612687,-0.005644628,0.01018003
28.72,0.9855739,9.799355,0.661035,-0.0110799,0.01447841,0.007973081
28.74,0.9987562,9.797706,0.6650046,-0.01851528,0.03208059,-0.0002665215
28.76,1.023931,9.775982,0.6596056,-0.02519006,0.04374242,-0.002347338
28.78,1.005419,9.782376,0.6567155,-0.03214778,0.05340791,0.002983512
28.80,0.9655321,9.815174,0.6576365,-0.0256658,0.06299879,0.01525606
28.82,0.9607828,9.821918,0.6826248,-0.01567248,0.06040502,0.02309401
28.84,0.9362982,9.796199,0.6784669,-0.006689258,0.05752207,0.02698316
28.86,0.9252654,9.744843,0.6798155,-0.007046033,0.05383155,0.02495509
28.88,0.9526446,9.714334,0.7055672,-0.005436454,0.04567347,0.01573638
28.90,0.9652625,9.687994,0.7221526,-0.004081636,0.02753057,0.005662981
28.92,0.9476562,9.740649,0.7098964,-0.0007250267,0.01379726,0.0006872027
28.94,0.9268268,9.762825,0.6922266,0.002594887,0.003922795,-0.001597509
28.96,0.9397141,9.785493,0.6729255,0.007484719,-0.001436096,0.006851678
28.98,0.9333305,9.791497,0.6657974,0.01841254,-0.001623768,0.01103429
29.00,0.9490867,9.791461,0.6898341,0.02457961,-3.097647e-05,0.006957104
29.02,0.9565978,9.747526,0.6517143,0.01996583,0.002308094,-0.002223034
29.04,0.955362,9.731249,0.6662139,0.01297094,0.003979734,-0.008831545
29.06,0.9438704,9.726691,0.6783552,0.01356526,0.008605498,-0.01432965
29.08,0.9626331,9.755229,0.6795908,0.02292947,0.006434727,-0.01722907
29.10,0.9352282,9.779949,0.6773826,0.03675454,0.007668864,-0.01974117
29.12,0.9178407,9.75915,0.707767,0.0404838,0.003740892,-0.02267901
29.14,0.9646084,9.75672,0.740823,0.03455148,-0.01277296,-0.02156247
29.16,0.9671856,9.773193,0.7266667,0.02238919,-0.02858201,-0.01900663
29.18,0.958743,9.772542,0.7059312,0.01648282,-0.03921208,-0.01402373
29.20,0.9511003,9.765706,0.6815074,0.02450778,-0.03749743,-0.006917113
29.22,0.9491361,9.739643,0.6573087,0.03243332,-0.02364197,-0.000730812
29.24,0.9633073,9.729277,0.6469796,0.02885055,0.001889788,0.005268116
29.26,0.9837022,9.738657,0.6475068,0.0162079,0.02148847,0.003868606
29.28,0.9968722,9.775252,0.6871389,-0.0006363561,0.02768502,-0.005721444
29.30,1.001669,9.780222,0.7130988,-0.01718088,0.027407,-0.01373779
29.32,0.9751967,9.803946,0.6839438,-0.02242222,0.03740989,-0.008267082
29.34,0.9589046,9.819599,0.6632202,-0.02539016,0.05365916,0.006187764
29.36,0.9474005,9.812212,0.6497092,-0.02756553,0.0636187,0.01847821
29.38,0.9636635,9.847363,0.7286748,-0.02134282,0.05518923,0.02515413
29.40,0.9947898,9.886165,0.8011436,-0.01446276,0.03480069,0.02581105
29.42,0.9769649,9.888174,0.7875644,-0.02042659,0.01841668,0.03049682
29.44,0.9491762,9.891526,0.7463722,-0.04064483,0.01425266,0.03774234
29.46,0.9568655,9.828102,0.730542,-0.05762979,0.0145891,0.04498364
29.48,0.9862188,9.801299,0.7358769,-0.06058417,0.01981128,0.05100253
29.50,0.9856728,9.775976,0.7121503,-0.05246527,0.0300388,0.0513871
29.52,0.9826656,9.77235,0.6748989,-0.05021838,0.04487054,0.05113542
29.54,0.975562,9.75924,0.6674777,-0.05462744,0.06187749,0.04954065
29.56,0.976172,9.718182,0.7005041,-0.05650138,0.07526571,0.03853885
29.58,0.9876111,9.698517,0.7553021,-0.04902819,0.07782687,0.02858185
29.60,0.9811519,9.713301,0.8020995,-0.04472361,0.07246229,0.01581332
29.62,0.9706676,9.736169,0.8196653,-0.0458699,0.05583855,0.005175499
29.64,0.9674388,9.734592,0.8687431,-0.05213796,0.02863186,-0.005343467
29.66,0.989269,9.757401,0.880285,-0.05531513,-0.003403339,-0.004763105
29.68,1.008109,9.750221,0.8804552,-0.05066417,-0.03537999,0.00382818
29.70,1.007212,9.759003,0.8844684,-0.03737516,-0.05839104,0.009594999
29.72,0.9916369,9.726631,0.8853592,-0.03119401,-0.07793591,0.01255497
29.74,1.037101,9.71586,0.8737828,-0.03509357,-0.09550703,0.01736339
29.76,1.020056,9.7258,0.8090732,-0.04752007,-0.09924622,0.01703065
29.78,1.010561,9.731061,0.7941748,-0.04818227,-0.08444725,0.01088457
29.80,1.055336,9.742097,0.8507087,-0.03360593,-0.07091409,0.001008572
29.82,1.109827,9.79381,0.9843831,-0.03185864,-0.07176005,-0.008744654
29.84,1.076324,9.891416,0.9779971,-0.05651679,-0.07802764,-0.01160182
29.86,1.062146,9.97631,0.9377186,-0.09785352,-0.08333765,0.001415471
29.88,1.041774,9.926667,0.907443,-0.1250437,-0.07154837,0.02368289
29.90,1.031659,9.816823,0.8686628,-0.1297941,-0.04505183,0.04300639
29.92,1.048095,9.691365,0.8703641,-0.1210326,-0.01949042,0.0480205
29.94,1.085373,9.598786,0.8891505,-0.1044032,0.002132265,0.03498847
29.96,1.075929,9.548239,0.9309621,-0.09258845,0.009483692,0.009614858
29.98,1.066153,9.548038,1.000109,-0.07769042,-0.0009224187,-0.01332322
30.00,1.056796,9.612574,1.040261,-0.06517155,-0.0153503,-0.01729369
30.02,1.00439,9.638144,0.9890879,-0.05764569,-0.02101644,-0.00708843
30.04,1.028192,9.642039,0.9897978,-0.04557864,-0.02436432,0.0123135
30.06,1.061417,9.649275,0.9995665,-0.02871198,-0.0252397,0.02025214
30.08,1.080331,9.663226,1.011127,-0.01562297,-0.03273867,0.0164435
30.10,1.097845,9.681873,1.022946,-0.009456378,-0.04111871,0.005644983
30.12,1.069216,9.722137,1.02611,-0.01165885,-0.04052722,-0.003333556
30.14,1.054779,9.724974,1.012578,-0.02027934,-0.02784145,-0.005612762
30.16,1.077573,9.716415,0.9957429,-0.03141465,-0.01577914,-0.003720556
30.18,1.102298,9.703409,1.003692,-0.03192426,-0.005597637,-0.003140395
30.20,1.113009,9.698577,1.015692,-0.02785188,0.001899393,-0.002590319
30.22,1.086376,9.62701,0.9962229,-0.02355853,0.01356738,-0.009332937
30.24,1.04765,9.543015,0.9713044,-0.01751705,0.02519059,-0.02599776
30.26,1.103784,9.538412,1.088699,0.003127008,0.01995758,-0.04751121
30.28,1.18722,9.631764,1.174858,0.02071688,-0.01051958,-0.04870318
30.30,1.131857,9.750151,1.129516,0.03104058,-0.03236458,-0.03088038
30.32,1.09154,9.857737,1.114483,0.0225791,-0.03855357,-0.00325541
30.34,1.109061,9.885809,1.125753,0.001368594,-0.04051582,0.02934399
30.36,1.104615,9.890206,1.088237,-0.02368409,-0.03288091,0.04785543
30.38,1.08019,9.862476,1.06005,-0.03339742,-0.01664243,0.04427814
30.40,1.081326,9.747662,1.028296,-0.03494414,0.007547514,0.02164497
30.42,1.104313,9.675737,1.049425,-0.03164022,0.01678844,-0.003448895
30.44,1.121023,9.678825,1.097709,-0.02202073,0.01175398,-0.01732033
30.46,1.112965,9.747416,1.121787,-0.01811759,0.005042691,-0.006524019
30.48,1.058437,9.79631,1.089889,-0.02104778,0.0004391144,0.01650583
30.50,1.026578,9.786049,1.086643,-0.02277885,-0.002772425,0.03896168
30.52,1.023979,9.755664,1.081751,-0.02519551,-0.006230501,0.0490898
30.54,1.02507,9.665016,1.091403,-0.02711621,-0.01207655,0.04134588
30.56,1.038865,9.656135,1.113529,-0.0178494,-0.018003,0.01115305
30.58,1.077817,9.677335,1.152066,-0.005480815,-0.02987483,-0.01566909
30.60,1.127178,9.692059,1.175482,-0.005030311,-0.05495909,-0.02767161
30.62,1.092567,9.760944,1.155853,-0.01409145,-0.0638137,-0.01946349
30.64,1.074553,9.790837,1.115122,-0.02166796,-0.05793662,0.003467716
30.66,1.095031,9.782102,1.121211,-0.03159282,-0.04855349,0.02261761
30.68,1.12421,9.702861,1.154837,-0.03188546,-0.04547069,0.02299893
30.70,1.162078,9.669517,1.175218,-0.03787646,-0.04681507,0.01608255
30.72,1.148352,9.653748,1.132474,-0.03873176,-0.03747272,0.004522331
30.74,1.128036,9.610849,1.095611,-0.03469829,-0.01942891,-5.581561e-05
30.76,1.146231,9.591314,1.010712,-0.01315574,0.01824204,-0.003070004
30.78,1.210876,9.619501,0.9875828,0.008950582,0.05558613,-0.001825649
30.80,1.226123,9.683545,1.046362,-0.0001757389,0.07339462,1.577553e-05
30.82,1.163789,9.699402,1.092001,-0.02527853,0.0699885,0.001469037
30.84,1.099357,9.703459,1.171568,-0.03744757,0.06070364,0.006926672
30.86,1.06278,9.712773,1.275112,-0.02639231,0.03927502,0.009100186
