time_s,ax,ay,az,gx,gy,gz
0.00,1.064676,9.657801,1.896059,0.05487048,-0.1004157,0.001232032
0.02,1.020726,9.582722,1.754253,0.04391692,-0.1288377,0.01308246
0.04,1.005531,9.496809,1.644109,0.04793464,-0.1278433,0.008502957
0.06,1.05875,9.431795,1.645195,0.06124651,-0.1168964,-0.01207222
0.08,1.13124,9.406484,1.659641,0.0719684,-0.1172362,-0.0388874
0.10,1.195458,9.468178,1.646933,0.07610994,-0.1175125,-0.05514684
0.12,1.196178,9.652921,1.669571,0.05920185,-0.1138072,-0.0485483
0.14,1.119033,9.855784,1.658758,0.04104615,-0.08836058,-0.03083754
0.16,1.05128,9.901039,1.65545,0.01609268,-0.05241814,-0.008849323
0.18,1.07505,9.891466,1.641969,-0.008542677,-0.02102883,0.01295819
0.20,1.091371,9.810256,1.609938,-0.02021603,0.009829844,0.02873051
0.22,1.081741,9.743186,1.641194,-0.0213282,0.03703811,0.02784152
0.24,1.090865,9.618308,1.631725,-0.03334246,0.05100816,0.01489779
0.26,1.068692,9.532939,1.615374,-0.03991946,0.04613474,0.004379885
0.28,1.031547,9.501861,1.628836,-0.02387612,0.04478035,0.004039576
0.30,0.9933538,9.478129,1.589227,0.01094981,0.05218812,0.01147192
0.32,0.9751971,9.469937,1.582537,0.04026223,0.04292873,0.02034851
0.34,1.001139,9.485288,1.644079,0.07641385,0.01181084,0.02299986
0.36,0.9989908,9.544388,1.703034,0.1135405,-0.03645558,0.01965391
0.38,0.9871586,9.609932,1.719914,0.1434375,-0.09871121,0.02065832
0.40,0.9541934,9.6129,1.688664,0.1547276,-0.1615852,0.02746979
0.42,0.9236595,9.578269,1.607363,0.1701492,-0.2149996,0.0511693
0.44,0.9423208,9.515523,1.533429,0.1977863,-0.253509,0.08582848
0.46,0.9991163,9.433463,1.462055,0.2465428,-0.2845912,0.1276295
0.48,1.068464,9.39704,1.412291,0.2953528,-0.302539,0.1526015
0.50,1.100917,9.435439,1.417817,0.3071598,-0.2988241,0.1301969
0.52,1.214777,9.469581,1.269111,0.2577758,-0.2861589,0.07600071
0.54,1.339248,9.374161,1.103721,0.2183066,-0.2620188,0.01482842
0.56,1.369455,9.400128,1.087747,0.2043125,-0.1961234,-0.05116734
0.58,1.307031,9.47865,1.030847,0.1924201,-0.1040153,-0.1137723
0.60,1.269447,9.55664,0.9424617,0.1598753,-0.01572164,-0.1639446
0.62,1.315414,9.6484,0.9381584,0.1099168,0.05131057,-0.1848504
0.64,1.320064,9.787729,0.9584527,0.07565421,0.1088007,-0.1746563
0.66,1.299557,9.820451,0.9826248,0.0519479,0.1555623,-0.1361913
0.68,1.260461,9.889529,1.007759,0.03941903,0.187173,-0.08557272
0.70,1.225708,9.974382,1.033471,0.02909306,0.2070109,-0.04029649
0.72,1.230577,10.00308,1.063359,0.02147881,0.2145372,-0.00240131
0.74,1.27711,10.0376,1.064845,0.01937425,0.2115062,0.03535221
0.76,1.257522,10.05161,1.060855,0.01611417,0.2132998,0.07258404
0.78,1.235522,10.04304,0.9949352,0.02287712,0.2288072,0.1075539
0.80,1.243301,10.09817,0.9764749,0.05244157,0.2530091,0.1355585
0.82,1.291365,10.14018,1.019404,0.06238719,0.2661063,0.1486617
0.84,1.36176,10.20861,1.025592,0.03367597,0.2488475,0.1551563
0.86,1.335174,10.18744,0.9333735,-0.01656071,0.2268706,0.1653134
0.88,1.155489,10.18384,0.8279716,-0.04646523,0.2351908,0.1700872
0.90,0.9558054,10.06569,0.7516408,-0.03573041,0.288357,0.1579318
0.92,0.9443278,9.812986,0.7492014,0.002035195,0.346983,0.1153936
0.94,1.12262,9.432494,0.8467274,0.04477311,0.3739025,0.03652757
0.96,1.185251,9.223649,0.8903376,0.08238387,0.3652273,-0.06629916
0.98,1.333016,8.985025,1.072409,0.1230802,0.3230215,-0.1419657
1.00,1.359021,8.984434,1.140183,0.1799534,0.2694757,-0.1841016
1.02,1.260763,9.173224,1.166188,0.2287997,0.2309777,-0.1883387
1.04,1.180281,9.545409,1.203431,0.2310401,0.2259525,-0.1517936
1.06,1.148103,9.92994,1.163947,0.1943598,0.2393731,-0.1067552
1.08,1.272791,10.0821,1.247407,0.1490837,0.2365701,-0.0632484
1.10,1.433426,10.02184,1.415795,0.1221768,0.207639,-0.02298119
1.12,1.504267,10.01358,1.484467,0.1017468,0.171734,0.007474884
1.14,1.435146,9.984372,1.477255,0.06373999,0.1257979,0.03079872
1.16,1.323168,10.00918,1.458328,0.01322514,0.05843544,0.05353951
1.18,1.208874,10.02864,1.439822,-0.02882119,-0.01495131,0.07212897
1.20,1.179647,9.988172,1.412764,-0.06727759,-0.09291638,0.09119128
1.22,1.166798,9.885783,1.280554,-0.1030809,-0.1592861,0.1097493
1.24,1.131323,9.800024,1.138679,-0.1323601,-0.2041588,0.121272
1.26,1.167598,9.74103,1.051159,-0.1443913,-0.2338399,0.1234971
1.28,1.163551,9.755578,0.9343386,-0.1371783,-0.2576141,0.1183552
1.30,1.183234,9.746176,0.8089185,-0.1325366,-0.263611,0.1230813
1.32,1.082072,9.677551,0.5740892,-0.1290849,-0.2264909,0.126986
1.34,0.9529471,9.560596,0.4129784,-0.1105621,-0.1388707,0.1112161
1.36,0.993223,9.47494,0.3939336,-0.06673516,-0.0367388,0.06619024
1.38,1.13308,9.438592,0.4310128,-0.01754705,0.0347289,0.01098519
1.40,1.233584,9.421868,0.4869021,0.03239146,0.07033589,-0.04013232
1.42,1.256409,9.461914,0.4922923,0.06326976,0.1053944,-0.06309448
1.44,1.167606,9.511607,0.4771539,0.07050274,0.1423956,-0.06106279
1.46,1.115626,9.668683,0.4768206,0.05873975,0.1801244,-0.03679827
1.48,1.069305,9.797631,0.5560212,0.05692142,0.2119908,-0.02100519
1.50,1.119135,9.926971,0.7343705,0.07327205,0.209361,-0.02658957
1.52,1.204995,9.918702,0.8934913,0.08290832,0.1673721,-0.04223414
1.54,1.235692,9.807796,0.9395481,0.07717913,0.105892,-0.04030244
1.56,1.133102,9.798232,0.8418804,0.05547031,0.07235849,-0.0126371
1.58,1.037571,9.790129,0.7752815,0.03615751,0.07506264,0.02589541
1.60,1.06436,9.716452,0.769199,0.02529816,0.07948556,0.05785233
1.62,1.131434,9.664927,0.7987106,0.03957821,0.08242487,0.07653689
1.64,1.14801,9.556361,0.8471235,0.06978824,0.07656262,0.07033473
1.66,1.192059,9.590216,0.8930191,0.1121562,0.07095934,0.05942046
1.68,1.115413,9.559757,0.8214254,0.1364737,0.09330978,0.04255014
1.70,1.099846,9.685773,0.7832857,0.1302786,0.1359526,0.03383297
1.72,1.048232,9.650179,0.7075501,0.1011162,0.1902788,0.02003022
1.74,1.111979,9.608305,0.7731546,0.0786125,0.2325217,0.001398342
1.76,1.182127,9.549218,0.9177185,0.07667081,0.2497847,-0.03640189
1.78,1.232888,9.581261,1.002681,0.0820877,0.2398577,-0.08323886
1.80,1.203968,9.570525,1.054182,0.06528435,0.2196258,-0.1309853
1.82,1.196941,9.579475,1.114471,0.03568031,0.1856032,-0.1672015
1.84,1.240615,9.611444,1.191828,0.006606831,0.1340673,-0.1730542
1.86,1.282787,9.716997,1.244242,-0.008354758,0.05737887,-0.1597034
1.88,1.323907,9.84601,1.299339,-0.01345884,-0.03210688,-0.1276535
1.90,1.296442,9.883024,1.259059,-0.02633712,-0.1202595,-0.09106568
1.92,1.235399,9.803041,1.148712,-0.04183109,-0.1892033,-0.05952061
1.94,1.255854,9.734715,1.07432,-0.0536541,-0.2347426,-0.03554232
1.96,1.287768,9.763949,0.9796503,-0.05387101,-0.2584803,-0.01179601
1.98,1.279504,9.794351,0.8518478,-0.04439794,-0.2494493,0.005542985
2.00,1.289997,9.759976,0.7647775,-0.03809826,-0.2205043,0.01737996
2.02,1.328893,9.749701,0.7050765,-0.03192614,-0.1933037,0.02495515
2.04,1.361245,9.773299,0.6571198,-0.01840234,-0.1631884,0.03557507
2.06,1.391232,9.772761,0.5772347,-0.0004290919,-0.1129339,0.05123914
2.08,1.367136,9.7092,0.539088,0.007554326,-0.06195233,0.06431425
2.10,1.30011,9.769195,0.5269427,0.01455676,-0.01972478,0.06837286
2.12,1.209677,9.736062,0.5842091,0.01100466,0.01262678,0.05850732
2.14,1.18678,9.802238,0.6903038,0.002735801,0.008283788,0.03980132
2.16,1.163231,9.82591,0.7480431,-0.008321999,-0.03098403,0.01804675
2.18,1.17373,9.885086,0.7776377,-0.01219855,-0.07514016,0.01180979
2.20,1.105443,9.900668,0.7217779,-0.005939381,-0.09656614,0.01972058
2.22,1.080049,9.852504,0.6889179,-0.001735596,-0.1085331,0.0348415
2.24,1.089321,9.770722,0.7085773,0.003562881,-0.1281787,0.0422207
2.26,1.125346,9.673022,0.7328563,0.005751979,-0.1570167,0.03624203
2.28,1.140632,9.649402,0.731258,0.01842771,-0.1842993,0.02832716
2.30,1.133305,9.665792,0.7115332,0.03991351,-0.1804329,0.02260994
2.32,1.127896,9.628883,0.6378753,0.05137611,-0.1565722,0.018868
2.34,1.142332,9.647907,0.6023695,0.05348152,-0.1192603,0.01628345
2.36,1.159198,9.679181,0.5895868,0.05243025,-0.07984024,0.01659862
2.38,1.171961,9.709329,0.6175606,0.047796,-0.04084418,0.01300375
2.40,1.194721,9.681613,0.6613711,0.04709083,-0.009479092,0.002413476
2.42,1.223524,9.647483,0.7216789,0.04977537,0.01403443,-0.009131609
2.44,1.21567,9.629522,0.7621779,0.05756031,0.03029197,-0.01624783
2.46,1.184715,9.681195,0.7751975,0.05580832,0.04736746,-0.01546283
2.48,1.13729,9.703642,0.7672215,0.04661573,0.06273875,-0.01462377
2.50,1.120559,9.735714,0.7867561,0.03253874,0.07549472,-0.009676808
2.52,1.120736,9.747104,0.8421689,0.02315153,0.07481612,-0.01397156
2.54,1.143824,9.832014,0.8746344,0.02086703,0.05839519,-0.01734923
2.56,1.150724,9.917401,0.8931285,0.02772324,0.03713069,-0.02272758
2.58,1.184893,9.980569,0.8972192,0.02991834,0.01835585,-0.02455793
2.60,1.219051,10.00695,0.8568995,0.01085939,-0.0079295,-0.01222924
2.62,1.208641,9.944773,0.7724345,-0.02551137,-0.02403861,0.009072796
2.64,1.208058,9.834301,0.702989,-0.07101924,-0.03339297,0.03423396
2.66,1.20548,9.744535,0.6553544,-0.09603368,-0.03375679,0.05374796
2.68,1.227746,9.69737,0.6418653,-0.09762562,-0.03711766,0.05719532
2.70,1.275587,9.689367,0.6284203,-0.07120051,-0.04674729,0.04386853
2.72,1.296991,9.70409,0.6286857,-0.03794742,-0.05965214,0.02278046
2.74,1.275395,9.743857,0.6246075,-0.01538055,-0.07729986,0.001690479
2.76,1.258986,9.745893,0.6111566,-0.01205772,-0.09945151,-0.01081197
2.78,1.232983,9.671314,0.6040562,-0.0188208,-0.1286509,-0.012721
2.80,1.22092,9.713699,0.6240088,-0.0208866,-0.1561933,-0.004221728
2.82,1.18901,9.755251,0.6446832,-0.01004825,-0.184596,0.01002894
2.84,1.211687,9.830954,0.6579365,0.01415012,-0.2125461,0.02079134
2.86,1.212167,9.817268,0.6531732,0.04431248,-0.222731,0.03683036
2.88,1.233784,9.839293,0.6327364,0.05802846,-0.2319209,0.04903934
2.90,1.203556,9.784941,0.5671559,0.04672243,-0.2149288,0.06209294
2.92,1.182713,9.701891,0.5059127,0.02060544,-0.1806941,0.06930652
2.94,1.186153,9.653418,0.4816469,-0.0003928457,-0.1395587,0.07779298
2.96,1.186669,9.636966,0.4769303,-0.01019862,-0.09575795,0.08294415
2.98,1.168663,9.619473,0.5043391,-0.0006605827,-0.043988,0.08833588
3.00,1.168714,9.628135,0.5405972,0.01250642,-0.004039262,0.08839211
3.02,1.120017,9.626126,0.5374388,0.01734166,0.04040191,0.0883446
3.04,1.070986,9.649264,0.5469779,0.01201096,0.07714394,0.07316558
3.06,1.076447,9.706957,0.6079679,0.009530281,0.09557995,0.05175551
3.08,1.125583,9.745679,0.7115185,0.02379353,0.09010261,0.02961164
3.10,1.148833,9.815802,0.7676786,0.04226162,0.07108126,0.01795572
3.12,1.098947,9.840016,0.7559078,0.0553884,0.05036114,0.02069544
3.14,1.0352,9.793174,0.7685435,0.05040443,0.03668066,0.02602262
3.16,1.074858,9.758648,0.7774059,0.0291825,0.007986643,0.02900566
3.18,1.169916,9.786649,0.7294288,0.01656224,-0.02633533,0.02722699
3.20,1.206534,9.828875,0.694347,0.02295406,-0.03828863,0.01848216
3.22,1.239001,9.837561,0.5920346,0.03130263,-0.02237671,0.01099075
3.24,1.257403,9.778682,0.4786447,0.02650177,0.0147868,0.008147066
3.26,1.278951,9.746838,0.36496,0.008293317,0.06772304,0.006787359
3.28,1.344186,9.771172,0.3489352,-0.005111249,0.1214034,4.294235e-05
3.30,1.364732,9.745559,0.3649656,-0.01412064,0.164315,-0.01645997
3.32,1.397123,9.727968,0.3636842,-0.01091336,0.194115,-0.03871343
3.34,1.431506,9.709068,0.4267614,0.002302377,0.2130934,-0.06036122
3.36,1.488589,9.632244,0.4820777,0.02115548,0.2139842,-0.07869974
3.38,1.516341,9.580136,0.5435469,0.02855656,0.1988827,-0.09172728
3.40,1.536525,9.539565,0.5803736,0.027362,0.1656621,-0.09865598
3.42,1.53112,9.577282,0.6224862,0.02446195,0.1248448,-0.1006541
3.44,1.523853,9.553096,0.6687371,0.04187663,0.08404694,-0.1043585
3.46,1.537822,9.457021,0.7378774,0.07358897,0.04460893,-0.1070927
3.48,1.541923,9.425813,0.8109567,0.1172458,-0.002224667,-0.1122432
3.50,1.559546,9.515434,0.8748651,0.1491945,-0.05567217,-0.1198531
3.52,1.537025,9.62321,0.8838577,0.1529547,-0.1116294,-0.1237843
3.54,1.501164,9.692058,0.8435317,0.1308594,-0.1531534,-0.1132197
3.56,1.464325,9.697859,0.7925433,0.1020059,-0.1738409,-0.08847542
3.58,1.447821,9.73415,0.7622966,0.07959018,-0.1807666,-0.05793532
3.60,1.429402,9.811129,0.7582753,0.05715086,-0.1750552,-0.03777483
3.62,1.427331,9.827406,0.7090891,0.01771028,-0.165278,-0.0253592
3.64,1.412823,9.811686,0.5856345,-0.02370558,-0.1356777,-0.01284575
3.66,1.376582,9.880706,0.5148893,-0.0500055,-0.09006543,-0.003341033
3.68,1.322623,10.01297,0.4596247,-0.05331006,-0.02812637,-0.001932904
3.70,1.298188,9.967027,0.4416706,-0.06324887,0.03638395,-0.00490969
3.72,1.279652,9.889254,0.4351684,-0.0860167,0.07077845,-0.01026805
3.74,1.310465,9.860652,0.4729774,-0.1097721,0.06546284,-0.01815492
3.76,1.346636,9.789649,0.5242573,-0.1154989,0.0329381,-0.01761003
3.78,1.311089,9.759829,0.5378707,-0.08622822,0.002353775,-0.006956642
3.80,1.237471,9.753486,0.5045347,-0.04078734,-0.01520203,0.003220748
3.82,1.226444,9.751543,0.4900316,-0.01768702,-0.04134369,0.01304536
3.84,1.258404,9.728081,0.3996291,-0.03098875,-0.08203679,0.01496594
3.86,1.291142,9.752321,0.3563946,-0.0449385,-0.126251,0.01407485
3.88,1.308374,9.720058,0.3496478,-0.02724383,-0.1525621,0.009286125
3.90,1.329206,9.650473,0.3686764,0.01997603,-0.1595147,0.003807631
3.92,1.318133,9.68406,0.3736134,0.06420363,-0.1619897,-0.003267771
3.94,1.286484,9.818123,0.388557,0.08087521,-0.1690608,-0.009949935
3.96,1.240844,9.893494,0.3122018,0.05581016,-0.1710977,-0.01020536
3.98,1.19139,9.888588,0.2633278,0.02521342,-0.1574797,-0.002239748
4.00,1.180649,9.865222,0.2790857,0.01820188,-0.1224885,0.01010589
4.02,1.205825,9.825364,0.3224116,0.03337593,-0.07810363,0.01824168
4.04,1.202954,9.777751,0.3455803,0.05110701,-0.04131976,0.01595397
4.06,1.209341,9.751697,0.3542764,0.05117399,-0.01835048,0.006325694
4.08,1.17695,9.724977,0.3862978,0.04209251,-0.004667068,-0.00355391
4.10,1.12418,9.726241,0.4242461,0.03625793,0.008512085,-0.01179754
4.12,1.110209,9.697248,0.4883542,0.03736418,0.01633053,-0.0253986
4.14,1.121958,9.720604,0.5315352,0.02459985,0.006946225,-0.03675782
4.16,1.0927,9.722753,0.5402256,0.008678735,-0.01719202,-0.0434642
4.18,1.071405,9.781756,0.5214013,-0.004566457,-0.03677065,-0.04877444
4.20,1.082424,9.75909,0.5246586,0.002271291,-0.04596063,-0.04679574
4.22,1.127853,9.835716,0.5154575,0.02850267,-0.049158,-0.03960481
4.24,1.107857,9.844065,0.4908843,0.04037839,-0.04488515,-0.03751573
4.26,1.127459,9.821531,0.4745051,0.02286283,-0.04505302,-0.03623703
4.28,1.14193,9.748523,0.4285141,-0.0135705,-0.0377741,-0.03837083
4.30,1.159548,9.751227,0.3872355,-0.04107137,-0.03023553,-0.0375899
4.32,1.175849,9.781282,0.3869996,-0.04088879,-0.01000762,-0.03760276
4.34,1.174621,9.748651,0.3822896,-0.02133846,0.008731793,-0.03493863
4.36,1.17661,9.769383,0.4159541,-0.003015361,0.01549439,-0.03042482
4.38,1.174419,9.767026,0.4177786,0.002947144,0.01159717,-0.02349904
4.40,1.15874,9.778687,0.4246482,0.004652333,-0.009256127,-0.01514354
4.42,1.095631,9.804819,0.4579432,0.006310608,-0.03012616,-0.008149871
4.44,1.037989,9.770001,0.4804579,0.01256203,-0.04846803,-0.003594622
4.46,1.030103,9.747419,0.4694605,0.00911274,-0.07152579,-0.002149828
4.48,1.056114,9.733586,0.4412031,0.01068015,-0.09170975,0.003084727
4.50,1.075334,9.75549,0.4314577,0.01703307,-0.1043186,0.004987383
4.52,1.077759,9.766206,0.4043709,0.02934451,-0.1016874,0.01134403
4.54,1.08604,9.754114,0.3567267,0.0366918,-0.0783703,0.01450294
4.56,1.085505,9.759842,0.3027265,0.03118418,-0.04464457,0.01203972
4.58,1.118732,9.772431,0.3158753,0.01536321,-0.01885404,0.003018981
4.60,1.143728,9.769653,0.343199,-0.002694015,-0.005205546,-0.001965717
4.62,1.169669,9.824472,0.3607844,-0.01724377,0.00383777,0.007614811
4.64,1.157428,9.856737,0.3128324,-0.01553949,0.02502301,0.03519047
4.66,1.145796,9.889391,0.2759742,-0.007263241,0.06242553,0.06830886
4.68,1.155413,9.837547,0.2884647,0.00114741,0.1027128,0.09198878
4.70,1.161651,9.763035,0.3181435,0.001062219,0.1353374,0.09734099
4.72,1.181332,9.651398,0.3342907,-0.01075097,0.1550801,0.08531949
4.74,1.167285,9.628288,0.3824209,-0.02010156,0.1631914,0.0533707
4.76,1.192396,9.636358,0.4643623,-0.01849255,0.1536005,0.02591101
4.78,1.180559,9.66858,0.4976647,-0.01280738,0.1325168,0.01007104
4.80,1.1319,9.7329,0.5093297,0.00263139,0.1110674,0.004351602
4.82,1.116853,9.754951,0.5473539,0.01567277,0.08037192,0.007581811
4.84,1.133006,9.766432,0.6031377,0.01313873,0.02758702,0.01267421
4.86,1.165497,9.831601,0.618672,0.01109043,-0.03552948,0.01841645
4.88,1.176776,9.883544,0.5876722,0.01867761,-0.09422413,0.02651793
4.90,1.181974,9.884692,0.5354148,0.02951796,-0.1287284,0.03879047
4.92,1.190843,9.871186,0.4355728,0.03738199,-0.1378928,0.04837451
4.94,1.203592,9.849128,0.3458939,0.02799242,-0.1235745,0.05378352
4.96,1.199217,9.847116,0.2686559,0.01360059,-0.102603,0.05186309
4.98,1.190372,9.796654,0.2082191,-0.00503473,-0.06551658,0.05106505
5.00,1.165685,9.728665,0.1829454,-0.01566743,-0.01811681,0.04068654
5.02,1.166234,9.661889,0.2171659,-0.01954715,0.02200558,0.02547241
5.04,1.200491,9.617517,0.274812,-0.01267291,0.0314475,0.003133554
5.06,1.216956,9.656023,0.2884929,-0.004133045,0.02907201,-0.01453149
5.08,1.180101,9.681028,0.2893215,0.008369699,0.02744507,-0.02838533
5.10,1.166709,9.666532,0.3044693,0.02707442,0.03108048,-0.03139031
5.12,1.180473,9.679634,0.3302768,0.03931661,0.0367888,-0.03186706
5.14,1.198469,9.689066,0.3381851,0.04439677,0.03814271,-0.03817873
5.16,1.222393,9.724057,0.3712318,0.03555245,0.03300788,-0.04713731
5.18,1.235527,9.7609,0.4081942,0.03146939,0.02004587,-0.05457371
5.20,1.234124,9.786023,0.432028,0.02604662,0.008889263,-0.05175042
5.22,1.201417,9.796196,0.4235926,0.02005734,-0.001021855,-0.03979464
5.24,1.191857,9.809775,0.4194573,0.01688612,-0.005389472,-0.02379238
5.26,1.203326,9.792246,0.4324154,0.01087343,-0.01538174,-0.01511165
5.28,1.23534,9.792325,0.4394208,0.009729674,-0.02828668,-0.01076227
5.30,1.216145,9.757305,0.433796,0.004328396,-0.03767905,-0.01156686
5.32,1.242775,9.728787,0.448861,0.0006474674,-0.04417205,-0.01743548
5.34,1.267065,9.784822,0.4068307,-0.00117064,-0.05057784,-0.01392551
5.36,1.219178,9.821352,0.3531564,-0.002454042,-0.04385296,-0.00914401
5.38,1.195037,9.784877,0.3293795,-0.01227202,-0.02614016,-0.009391367
5.40,1.226303,9.717628,0.3504841,-0.02277857,-0.01814027,-0.009971111
5.42,1.239183,9.738442,0.3365582,-0.02417851,-0.01937748,-0.007574352
5.44,1.226381,9.773047,0.3597266,-0.01713875,-0.02035323,-0.006061224
5.46,1.178796,9.774679,0.3591705,-0.006034721,-0.02897985,-0.004420775
5.48,1.163213,9.749697,0.3710609,0.002021571,-0.04019957,-0.001225249
5.50,1.168372,9.728577,0.3668852,0.008804879,-0.05687281,0.0006444445
5.52,1.165872,9.73762,0.3716484,0.01389639,-0.06775806,0.005974841
5.54,1.157716,9.750909,0.3787253,0.02022303,-0.07849143,0.009429274
5.56,1.155459,9.760957,0.3775967,0.02524699,-0.0874468,0.01339551
5.58,1.159688,9.786197,0.3688324,0.0302631,-0.09668281,0.01661209
5.60,1.177406,9.846974,0.3625084,0.02991596,-0.1037019,0.02359113
5.62,1.170772,9.905349,0.297631,0.02138456,-0.09452694,0.03433175
5.64,1.12016,9.883483,0.2098452,0.003294968,-0.06229036,0.04759302
5.66,1.085797,9.838387,0.164973,-0.0137465,-0.02124789,0.05352384
5.68,1.110277,9.761066,0.1725963,-0.02659211,0.01910632,0.04711702
5.70,1.131376,9.739215,0.2162371,-0.02397238,0.04448365,0.02886866
5.72,1.118569,9.719955,0.2531266,-0.02277349,0.05999382,0.008551893
5.74,1.090814,9.716374,0.265896,-0.02933192,0.05643873,-0.01334723
5.76,1.050602,9.754949,0.2720347,-0.03499204,0.05091089,-0.02144815
5.78,1.006209,9.806481,0.275914,-0.03884281,0.04699327,-0.02391763
5.80,0.9827619,9.788175,0.2715581,-0.03523879,0.0454522,-0.02891638
5.82,0.9889282,9.734573,0.3137762,-0.03068449,0.03840873,-0.03524759
5.84,0.9949812,9.676472,0.3301305,-0.02598291,0.0214459,-0.04465108
5.86,0.9646324,9.620258,0.3338582,-0.01821232,0.003557775,-0.06198402
5.88,0.9283577,9.595566,0.3630257,-0.0121988,-0.01755586,-0.07833122
5.90,0.9053179,9.622648,0.3577259,0.0003230874,-0.04167077,-0.09289303
5.92,0.884258,9.69381,0.3693869,0.02585098,-0.06357325,-0.1072521
5.94,0.8806143,9.730653,0.4091407,0.05289937,-0.08935182,-0.1290804
5.96,0.9103552,9.656339,0.4592643,0.06311359,-0.1219113,-0.1523941
5.98,0.95494,9.619122,0.4511369,0.05902664,-0.1671732,-0.1671632
6.00,0.9589221,9.641393,0.4318015,0.05826225,-0.2074974,-0.1753459
6.02,0.9143946,9.697982,0.406988,0.0719587,-0.2281369,-0.1682826
6.04,0.880493,9.722129,0.3678609,0.09374165,-0.2282682,-0.1542045
6.06,0.9171845,9.731503,0.3464583,0.1130856,-0.2193568,-0.1405403
6.08,0.948672,9.687928,0.3144014,0.1186122,-0.2022799,-0.1304674
6.10,0.9352962,9.692425,0.3007172,0.1048155,-0.1767656,-0.1327373
6.12,0.9031309,9.705327,0.2934577,0.07248217,-0.1401699,-0.143395
6.14,0.8948385,9.762374,0.2686298,0.03977376,-0.1037835,-0.1537415
6.16,0.9012934,9.795577,0.2665829,0.0144004,-0.07680663,-0.1507103
6.18,0.8820505,9.808403,0.2540953,0.001454482,-0.05219918,-0.1195372
6.20,0.8295659,9.758873,0.2385132,-0.00856994,-0.02053316,-0.07574344
6.22,0.7701126,9.57066,0.203504,-0.03618251,0.02006139,-0.03341585
6.24,0.7280672,9.323997,0.1590829,-0.08191043,0.06300645,-0.008410928
6.26,0.717254,9.086395,0.1402413,-0.118786,0.09801006,-0.002035742
6.28,0.7514052,8.898111,0.1914749,-0.1293539,0.1247478,-0.0009716924
6.30,0.763558,8.76606,0.2748124,-0.1211698,0.1405802,0.003177334
6.32,0.6949155,8.617249,0.2770669,-0.1282415,0.1426557,0.007025752
6.34,0.5959012,8.450555,0.2435033,-0.1632098,0.1413646,0.009785422
6.36,0.477209,8.439499,0.1973935,-0.1900427,0.13978,0.00147057
6.38,0.4370911,8.514441,0.2612176,-0.1818572,0.1358243,-0.02518778
6.40,0.4625805,8.427695,0.3443083,-0.1575705,0.1302126,-0.0629531
6.42,0.5444103,8.252306,0.3389181,-0.1432751,0.1106915,-0.08927927
6.44,0.3884791,8.145563,0.2391756,-0.1755087,0.08970075,-0.09406345
6.46,0.2342136,8.218264,0.1523013,-0.2169229,0.07753824,-0.08121856
6.48,0.1759325,8.37142,0.1513635,-0.2226956,0.07549667,-0.06824283
6.50,0.1581747,8.202698,0.1926896,-0.2119357,0.09221725,-0.05515997
6.52,0.2391567,7.92018,0.2154793,-0.2105624,0.1063222,-0.04642593
6.54,0.2544541,7.981641,0.1615857,-0.2165312,0.09038587,-0.04213012
6.56,0.3041492,8.469486,0.1076319,-0.1892948,0.08434305,-0.03491425
6.58,0.4358938,9.016601,0.1564965,-0.1272574,0.1211104,-0.01377932
6.60,0.6320002,9.132936,0.1806634,-0.06756616,0.2017798,0.007834454
6.62,0.6012189,9.13292,-0.0107532,-0.04975918,0.3061846,0.03299612
6.64,0.7028741,9.085369,0.02116498,-0.08839926,0.3977969,0.06921854
6.66,0.810521,9.744531,0.1357379,-0.1392408,0.4769463,0.1226032
6.68,0.9103937,10.5241,0.289026,-0.1896122,0.5577961,0.1871732
6.70,0.8904053,10.31805,0.3262852,-0.2217902,0.652435,0.2485135
6.72,0.9067888,9.755385,0.4252414,-0.2561698,0.7348352,0.3021527
6.74,0.9343556,9.549685,0.5950902,-0.29535,0.7598438,0.3310961
6.76,0.8820261,9.971435,0.7530637,-0.2956209,0.6967309,0.3108963
6.78,0.9663588,10.7759,1.159077,-0.257625,0.5468077,0.2599052
6.80,1.00107,11.17307,1.524263,-0.211524,0.3404145,0.2246722
6.82,0.935894,11.17636,1.583145,-0.190451,0.1147297,0.245219
6.84,0.7235101,10.96565,1.391944,-0.1862908,-0.06842192,0.299336
6.86,0.5339631,10.72412,1.223118,-0.1568678,-0.1926025,0.3446052
6.88,0.6363395,10.67185,1.378094,-0.07977904,-0.296957,0.3595763
6.90,0.9421318,10.6323,1.66606,0.02841846,-0.4221127,0.3561203
6.92,1.092304,10.61341,1.786804,0.1207829,-0.5687421,0.3286016
6.94,1.148862,10.69265,1.734506,0.1807113,-0.71088,0.3184004
6.96,1.048825,10.91855,1.628407,0.2300252,-0.7880102,0.3598731
6.98,0.8763956,11.02998,1.477432,0.2356371,-0.7956411,0.4255769
7.00,0.8200715,10.86798,1.342899,0.1808079,-0.7552664,0.4724582
7.02,0.9200099,10.87412,1.135808,0.1494904,-0.6990259,0.476675
7.04,0.9966462,11.09634,1.058146,0.2554731,-0.5860832,0.3928958
7.06,1.206984,11.48291,1.214223,0.501461,-0.4236869,0.2044708
7.08,1.849977,11.59583,1.606749,0.7332543,-0.3389121,-0.01640758
7.10,2.684121,11.65202,2.13463,0.8079605,-0.4210895,-0.1220827
7.12,2.834002,11.44628,2.022413,0.7315242,-0.5207814,-0.05396915
7.14,2.265595,11.00254,1.352283,0.5411822,-0.4990231,0.1323681
7.16,1.79355,10.46748,0.7239634,0.3013966,-0.3587564,0.3702008
7.18,1.680747,9.770829,0.3010506,0.07620394,-0.1542352,0.5589505
7.20,1.876811,9.21919,0.1794601,-0.07152432,0.03535972,0.6655571
7.22,2.037976,9.018139,0.08843607,-0.1206737,0.229434,0.6867791
7.24,2.039901,8.6408,0.08609933,-0.1112611,0.4100663,0.6178379
7.26,2.123962,8.166666,0.1801858,-0.08693031,0.5502975,0.4798344
7.28,2.285913,7.900573,0.2783175,-0.04764402,0.6367063,0.2863972
7.30,2.416868,7.8965,0.3361688,0.03698668,0.653687,0.05592724
7.32,2.489439,8.407058,0.4054393,0.1925447,0.6325328,-0.1982189
7.34,2.542034,9.047063,0.5086779,0.3784178,0.5839728,-0.4505503
7.36,2.697167,9.368039,0.478513,0.498364,0.5011411,-0.638745
7.38,2.749078,9.526921,0.2982799,0.5197867,0.3911904,-0.7454098
7.40,2.639566,9.668931,0.268023,0.4979711,0.2390342,-0.8256861
7.42,2.815964,9.951212,0.4445399,0.4735945,0.01415187,-0.8456745
7.44,2.909256,10.094,0.464234,0.4278334,-0.2057138,-0.7966596
7.46,2.758692,10.06149,0.2539774,0.3409145,-0.3610899,-0.6737939
7.48,2.383702,9.92737,0.02521723,0.2289104,-0.441267,-0.5313886
7.50,2.218685,10.17263,-0.1715248,0.1037492,-0.4386722,-0.3643609
7.52,2.149065,10.36587,-0.2960285,-0.01233924,-0.3961197,-0.2232144
7.54,2.138836,10.49798,-0.4187595,-0.1110776,-0.3200333,-0.1360654
7.56,2.215355,10.24722,-0.6031817,-0.1969126,-0.1792339,-0.09528661
7.58,2.291998,10.13675,-0.7848723,-0.2482167,0.02161482,-0.08654561
7.60,2.249205,10.01778,-0.9788166,-0.2584149,0.2866505,-0.1134343
7.62,2.205433,9.836091,-0.8700914,-0.2755103,0.5105342,-0.1539319
7.64,2.123367,9.691776,-0.7438837,-0.2922521,0.6537794,-0.1943671
7.66,2.055582,9.660435,-0.5123602,-0.3013834,0.7381009,-0.2056474
7.68,2.002879,9.91813,-0.4225966,-0.28214,0.7960116,-0.168153
7.70,1.940618,9.942961,-0.2665858,-0.2609086,0.8138744,-0.1204381
7.72,1.562278,10.11606,-0.1814531,-0.2320533,0.7988223,-0.09600391
7.74,1.118201,10.02012,0.02726407,-0.2139426,0.7685316,-0.07485346
7.76,1.027335,9.740438,0.2985069,-0.1808184,0.6823568,-0.04369178
7.78,1.175861,9.585265,0.6054412,-0.1032382,0.5300193,-0.01042919
7.80,1.239197,9.658116,0.8716452,0.005319544,0.3323588,0.01652884
7.82,1.138004,9.666214,0.9707648,0.09445667,0.1399246,0.03879161
7.84,0.999894,9.6488,0.9460347,0.1283007,-0.03511507,0.05038353
7.86,0.9729294,9.598825,0.9199168,0.1213346,-0.2045051,0.02685125
7.88,1.035264,9.533009,0.8925087,0.1240131,-0.3561783,-0.008493614
7.90,1.068592,9.595269,0.8929381,0.1646627,-0.4711835,-0.04839823
7.92,1.028771,9.746964,0.842088,0.2086666,-0.5450639,-0.0839823
7.94,0.9734697,9.930876,0.701311,0.2197601,-0.5822315,-0.1020963
7.96,0.8979366,10.02987,0.5047501,0.1699947,-0.5860516,-0.09517956
7.98,0.8511677,10.11039,0.3530135,0.08811734,-0.5651007,-0.07909221
8.00,0.8717023,10.15075,0.2997601,0.005411107,-0.5258346,-0.06325814
8.02,0.986287,10.1595,0.2011895,-0.04866496,-0.4532722,-0.04786798
8.04,1.086099,10.09748,0.03557177,-0.07868196,-0.3367419,-0.03763453
8.06,1.188918,10.07491,-0.1261173,-0.1018693,-0.190778,-0.02002349
8.08,1.182821,10.00528,-0.2939627,-0.1345728,-0.02051656,-0.007126363
8.10,1.125971,9.849959,-0.3614012,-0.175427,0.1558408,-0.008769811
8.12,1.146245,9.73202,-0.2440517,-0.1993835,0.2967778,-0.01669169
8.14,1.177551,9.688523,-0.01796481,-0.1851054,0.3755554,-0.03081174
8.16,1.194418,9.670465,0.1848887,-0.1259794,0.398126,-0.03186853
8.18,1.118626,9.713822,0.3059276,-0.052814,0.3978671,-0.01769661
8.20,0.9494362,9.740403,0.3365521,-0.004323784,0.3902527,0.008670045
8.22,0.8469827,9.689627,0.3588038,0.0008250491,0.3550915,0.02845284
8.24,0.8833065,9.7336,0.4576204,-0.01677857,0.2821651,0.02985993
8.26,0.9838447,9.822687,0.5518568,-0.02315413,0.1820219,0.01620601
8.28,1.060497,9.88363,0.5368052,-0.01435774,0.0898395,0.001787017
8.30,1.024342,9.843929,0.4381871,0.003265879,0.02975546,-0.01441532
8.32,0.9639505,9.756784,0.3626735,0.0131973,-0.0001157475,-0.02233719
8.34,0.9779801,9.703032,0.317085,0.006991221,-0.0237014,-0.02797553
8.36,1.038098,9.68798,0.2954981,-0.005333161,-0.0561697,-0.03610777
8.38,1.078804,9.704034,0.2922607,-0.002941703,-0.09318545,-0.04924425
8.40,1.135494,9.755396,0.2788179,0.02585522,-0.1226033,-0.05408543
8.42,1.155593,9.821025,0.2465043,0.07202759,-0.1287618,-0.04699987
8.44,1.138891,9.830462,0.1603932,0.09890994,-0.1076244,-0.01558452
8.46,1.061472,9.795877,0.07273564,0.09213144,-0.07389672,0.02111312
8.48,1.06495,9.725888,0.1105698,0.06601623,-0.0635143,0.03666719
8.50,1.125027,9.880414,0.202065,0.04655904,-0.08618218,0.02343876
8.52,1.152287,9.80409,0.3006182,0.03825149,-0.1104443,-0.003306023
8.54,1.156175,9.788403,0.2973449,0.04309607,-0.1295386,-0.01350198
8.56,1.080493,9.809676,0.2566591,0.04694342,-0.1301162,-0.008186363
8.58,0.9846277,9.849172,0.1743698,0.0417727,-0.1135371,0.009726103
8.60,0.941591,9.853167,0.1417626,0.02742935,-0.09589777,0.02604016
8.62,0.998836,9.838844,0.1999637,0.01410982,-0.09153903,0.03959718
8.64,1.026509,9.81613,0.2288912,0.01549613,-0.09038137,0.04375618
8.66,1.020774,9.83351,0.2406024,0.02588566,-0.07749709,0.04479352
8.68,0.932172,9.732799,0.2056841,0.0269613,-0.04594511,0.04224434
8.70,0.9033571,9.709345,0.1660464,0.01322579,-0.01505202,0.0377911
8.72,0.8949994,9.744055,0.1650527,0.001105267,0.00486936,0.03245935
8.74,0.8998813,9.740401,0.2142755,-0.003684466,0.02157886,0.01950216
8.76,0.9149953,9.732897,0.270946,-0.003565828,0.02914991,0.008347824
8.78,0.9316686,9.737691,0.2891947,-0.0062569,0.02332001,-0.0004497158
8.80,0.9340565,9.719503,0.2928743,-0.01109766,0.006925117,-0.003910326
8.82,0.907388,9.766135,0.2726377,-0.009749678,-0.009660557,-0.001927846
8.84,0.8888609,9.852459,0.2732693,-0.003975055,-0.01784944,-0.002868913
8.86,0.9236038,9.840519,0.2337859,-0.004592077,-0.02354432,-0.006844341
8.88,0.974259,9.845503,0.1593398,-0.01120394,-0.02216536,-0.01116189
8.90,0.969865,9.821223,0.1041299,-0.01870318,-0.005109129,-0.01091373
8.92,0.9978819,9.780449,0.1066594,-0.02133192,0.02034143,-0.007092864
8.94,0.984989,9.735757,0.1055872,-0.01415683,0.0400772,-0.003733105
8.96,1.000276,9.755187,0.1209824,-0.00724531,0.05161234,-0.001252892
8.98,0.9944458,9.795001,0.1430057,-0.0005686813,0.05856722,-0.001951555
9.00,1.000094,9.816016,0.1550914,-0.008727722,0.06169095,-0.004738272
9.02,1.030613,9.760754,0.1535173,-0.01745159,0.05590219,-0.008726871
9.04,1.003322,9.79612,0.1815649,-0.0211024,0.05092022,-0.01418336
9.06,1.015008,9.814441,0.2093419,-0.01670837,0.04353976,-0.01585692
9.08,0.998784,9.846159,0.2035347,-0.01610414,0.03140623,-0.01927769
9.10,0.986311,9.781755,0.1756126,-0.01594984,0.01776853,-0.02589696
9.12,0.9990004,9.774683,0.1953945,-0.004868408,0.004019273,-0.02531686
9.14,0.9900745,9.734861,0.208546,0.010581,0.0001814912,-0.02114709
9.16,1.004407,9.758611,0.1983025,0.02788659,-0.002142075,-0.017857
9.18,1.015499,9.776628,0.207478,0.0333663,-0.002664856,-0.01401897
9.20,1.010778,9.74791,0.196911,0.0289243,-0.005643157,-0.01773464
9.22,1.012023,9.733608,0.2171866,0.02423782,-0.01147836,-0.02568214
9.24,1.007371,9.751646,0.2465418,0.02968355,-0.01414678,-0.03543959
9.26,1.006595,9.760275,0.2457392,0.03706962,-0.01622855,-0.03792454
9.28,1.001931,9.75874,0.2427637,0.04125649,-0.01609276,-0.03746713
9.30,1.00016,9.806514,0.2387783,0.03520395,-0.02135774,-0.0299824
9.32,0.9808256,9.83182,0.2158374,0.01865555,-0.02482782,-0.02303636
9.34,0.9514821,9.840333,0.2082807,-0.00205413,-0.02297904,-0.02810054
9.36,0.9888508,9.792208,0.1883797,-0.01356347,-0.02090092,-0.03142871
9.38,0.9838726,9.858981,0.1806123,-0.006317432,-0.01870444,-0.03212499
9.40,0.9649439,9.860065,0.2228445,0.01365162,-0.01310994,-0.03545263
9.42,0.9759311,9.876328,0.2168668,0.01946037,-0.01327278,-0.03797107
9.44,0.954505,9.837682,0.1522583,-0.005920137,-0.02606429,-0.03564434
9.46,0.9479571,9.788902,0.1036926,-0.03634138,-0.03749174,-0.02818274
9.48,0.9358718,9.779812,0.0947322,-0.04233961,-0.04088547,-0.02319425
9.50,0.9272338,9.788114,0.1196043,-0.02070919,-0.03818115,-0.01531799
9.52,0.9105465,9.755886,0.1318897,0.004849005,-0.03211137,-0.01880567
9.54,0.9277971,9.744431,0.1370394,0.01590982,-0.04561735,-0.03150021
9.56,0.9235941,9.790586,0.1474204,0.007575109,-0.06943636,-0.04137739
9.58,0.8858158,9.862807,0.1125835,-0.01128276,-0.0791492,-0.03695267
9.60,0.8622946,9.891651,0.1035434,-0.01704446,-0.07152711,-0.02470254
9.62,0.8725404,9.887582,0.1042873,-0.009987471,-0.05519101,-0.006174746
9.64,0.8754996,9.883694,0.1056239,-0.002648161,-0.03849074,0.0003888873
9.66,0.8738866,9.815025,0.0921016,-0.002000603,-0.02299976,0.001383257
9.68,0.8806906,9.826823,0.08761898,-0.004176817,-0.01455821,-0.004833226
9.70,0.8579185,9.813961,0.1100382,-0.004594782,-0.008456986,-0.01524997
9.72,0.8535936,9.714411,0.1322229,-0.002112322,0.001789635,-0.02576619
9.74,0.865007,9.675949,0.1522436,0.002623129,0.01061095,-0.03314433
9.76,0.8943872,9.676366,0.1600595,0.003579676,0.01116939,-0.0357294
9.78,0.9310885,9.65234,0.1575386,-0.0002216454,-0.0005870347,-0.05173476
9.80,0.9716679,9.691999,0.171861,0.004145049,-0.02189044,-0.06467732
9.82,0.9979959,9.756272,0.185998,0.02691605,-0.02829968,-0.0726473
9.84,0.9840683,9.805013,0.1580702,0.05384367,-0.0175697,-0.0755569
9.86,1.019625,9.773545,0.1730347,0.05346147,-0.009439996,-0.08281363
9.88,1.088724,9.733842,0.1994615,0.01244771,-0.02325475,-0.09556136
9.90,1.126041,9.868009,0.2246059,-0.03572635,-0.05468431,-0.1175682
9.92,1.207555,10.21615,0.3000771,-0.04610409,-0.07938896,-0.1299946
9.94,1.268289,10.3631,0.3435644,-0.03049479,-0.08316574,-0.1269234
9.96,1.297276,10.10223,0.2853876,-0.03730654,-0.06238034,-0.1176556
9.98,1.321164,9.828682,0.2338996,-0.07884502,-0.05475864,-0.1204568
10.00,1.312946,9.753538,0.2377288,-0.1139526,-0.06398072,-0.1425426
10.02,1.370464,9.746319,0.3208601,-0.1067398,-0.09466807,-0.1800677
10.04,1.421289,9.69965,0.3803715,-0.05185815,-0.1144334,-0.2181796
10.06,1.410165,9.640741,0.3746819,0.01913785,-0.1117648,-0.2478167
10.08,1.295341,9.643567,0.2897377,0.06749376,-0.09733643,-0.2778779
10.10,1.189594,9.645992,0.1983305,0.08494835,-0.07232812,-0.3131298
10.12,1.174504,9.774483,0.1102462,0.09986009,-0.04891702,-0.3534334
10.14,1.15872,9.97263,0.1481734,0.1443049,-0.02202682,-0.4014067
10.16,1.10657,10.16789,0.2402739,0.1999117,0.01296691,-0.4393469
10.18,0.9377553,10.38535,0.1712932,0.2199669,0.06203252,-0.4530072
10.20,0.7015125,10.85351,-0.01391887,0.1877144,0.1265118,-0.4472543
10.22,0.5978004,11.7136,-0.08023971,0.1355723,0.1801744,-0.4180298
10.24,0.5446637,12.29786,-0.1067769,0.08064657,0.2387067,-0.3576427
10.26,0.5897876,12.37834,-0.01373272,0.03282079,0.2816531,-0.2869342
10.28,0.2101904,12.45875,0.1320207,0.02322743,0.2715658,-0.2379638
10.30,0.2742415,11.96377,0.3570468,-0.01199358,0.2511491,-0.1287975
10.32,0.1224357,11.49114,0.15058,-0.05789547,0.2692998,-0.004620429
10.34,-0.01737152,11.45872,-0.01858193,-0.09885515,0.2976147,0.1239851
10.36,0.07296147,11.86292,0.1442083,-0.1101816,0.3029783,0.2521522
10.38,-0.0182808,12.45886,0.3486579,-0.07179624,0.2774651,0.3412419
10.40,-0.1653924,12.5104,0.469762,-0.04128309,0.2443463,0.3876449
10.42,-0.4185481,12.02846,0.3890654,-0.0420762,0.2530729,0.391104
10.44,-0.5202444,11.5236,0.3721611,-0.07532708,0.2692342,0.3520586
10.46,-0.264522,11.17774,0.6055431,-0.1122509,0.2126366,0.2823675
10.48,0.01819049,11.15652,0.8148315,-0.1461278,0.06878126,0.2129831
10.50,0.06420472,11.50175,0.7200723,-0.1734516,-0.09632297,0.1878286
10.52,-0.0556171,11.53934,0.6299047,-0.1862912,-0.2453267,0.203416
10.54,-0.1834483,11.46044,0.5740805,-0.1592052,-0.3384385,0.2606173
10.56,-0.2772482,10.81851,0.4844896,-0.1416833,-0.365142,0.3351335
10.58,-0.2635648,10.10398,0.308914,-0.1522476,-0.372551,0.405863
10.60,-0.1466856,9.645703,0.1251092,-0.2024754,-0.3711062,0.4680729
10.62,-0.06680959,9.208442,-0.05205805,-0.2638537,-0.3620969,0.5100563
10.64,0.1222799,8.922803,-0.04166642,-0.3002073,-0.3496338,0.5191084
10.66,0.2947672,8.627185,-0.01599533,-0.288035,-0.3185033,0.499254
10.68,0.3485727,8.38789,0.003376188,-0.2347368,-0.2557326,0.4364362
10.70,0.4414805,8.070471,0.01653036,-0.1670173,-0.1761018,0.3498261
10.72,0.4678097,7.90539,0.01820537,-0.1048243,-0.09314012,0.2650653
10.74,0.3948011,8.017667,0.009908188,-0.0654229,-0.009986434,0.2072098
10.76,0.269747,8.18365,0.01510292,-0.05729561,0.07450417,0.180908
10.78,0.2549517,8.41416,0.03088868,-0.05761093,0.1425294,0.1732688
10.80,0.2913115,8.549897,0.1709752,-0.05578964,0.1759053,0.1721248
10.82,0.3758808,8.440656,0.3203622,-0.04276984,0.1738909,0.1761672
10.84,0.4708661,8.371692,0.4455244,-0.0124734,0.1362437,0.1766053
10.86,0.5154496,8.437776,0.5060844,0.01977046,0.08310368,0.1713711
10.88,0.5175045,8.588595,0.4517361,0.04085917,0.03052637,0.1605029
10.90,0.5640487,8.671792,0.4471683,0.04171886,-0.03255955,0.142259
10.92,0.663178,8.579793,0.4734393,0.02688436,-0.1049091,0.1211106
10.94,0.7798117,8.282678,0.5044302,0.00184406,-0.1711585,0.1199233
10.96,0.8712772,8.041096,0.4501793,-0.03195165,-0.2201349,0.1364097
10.98,0.8221737,7.965755,0.3393541,-0.0719028,-0.2454829,0.1663147
11.00,0.7276174,8.135326,0.1917848,-0.08193102,-0.2528815,0.1727459
11.02,0.7591377,8.472289,0.2381695,-0.0319056,-0.2670751,0.1423337
11.04,0.9043262,8.835187,0.3737137,0.07431816,-0.3112631,0.08373789
11.06,1.057435,9.247991,0.4329847,0.2155143,-0.3690847,0.02054811
11.08,1.054578,9.466816,0.378375,0.3427755,-0.4140583,-0.03291513
11.10,0.9778071,9.607495,0.2574637,0.4308237,-0.4324879,-0.06078412
11.12,0.9162261,9.519532,0.1847383,0.4617446,-0.4299339,-0.06354489
11.14,0.9818797,9.15516,0.1423229,0.4295611,-0.4130937,-0.04497855
11.16,1.026333,8.801768,0.07422575,0.3480313,-0.3893508,-0.01643955
11.18,1.05561,8.640168,-0.003628437,0.249996,-0.3495975,0.0142556
11.20,1.06935,8.677299,-0.02302242,0.1786518,-0.2988254,0.02791396
11.22,1.169294,8.925878,0.0009803493,0.1633547,-0.2544607,0.01092382
11.24,1.266881,9.230293,0.07069632,0.190762,-0.2167299,-0.03509691
11.26,1.364115,9.492044,0.0870626,0.2271098,-0.1861127,-0.08956508
11.28,1.333381,9.623318,0.01431052,0.2341997,-0.1453047,-0.1325768
11.30,1.291326,9.693989,-0.05713686,0.2056175,-0.09181634,-0.1530356
11.32,1.290199,9.770367,-0.07797357,0.1509957,-0.04099135,-0.1565622
11.34,1.311335,9.796994,-0.08853698,0.08480667,0.001064761,-0.1470411
11.36,1.372339,9.733216,-0.01576077,0.02613177,0.009627208,-0.1313817
11.38,1.426502,9.646066,0.08365863,-0.0190368,-0.01660641,-0.1210748
11.40,1.472604,9.676435,0.1162108,-0.04313694,-0.0543615,-0.105962
11.42,1.439696,9.851706,0.03003149,-0.06195283,-0.06633282,-0.07460108
11.44,1.323797,9.971598,-0.1660222,-0.09021626,-0.0472208,-0.02798995
11.46,1.246704,10.02713,-0.3319975,-0.1320385,-0.008631886,0.03604882
11.48,1.216383,9.972999,-0.4292335,-0.1688354,0.04145932,0.09247063
11.50,1.283295,9.888433,-0.4323371,-0.1848477,0.09453476,0.1221917
11.52,1.329441,9.819611,-0.4098992,-0.1677337,0.1489907,0.1114625
11.54,1.347134,9.715857,-0.3603394,-0.1369638,0.1940551,0.06370012
11.56,1.387065,9.578418,-0.3121891,-0.1130643,0.2141439,-0.005163385
11.58,1.484887,9.441738,-0.243312,-0.1024638,0.2041753,-0.07856461
11.60,1.542749,9.420117,-0.195261,-0.08689702,0.1765745,-0.1318344
11.62,1.489526,9.575498,-0.1712531,-0.05428611,0.1603327,-0.1591779
11.64,1.392308,9.762524,-0.1664037,-0.01248801,0.1536547,-0.1602526
11.66,1.328958,9.876115,-0.1787414,0.01423402,0.1464043,-0.1398423
11.68,1.297917,9.897142,-0.1659186,0.02254892,0.1300564,-0.1111209
11.70,1.290303,9.885787,-0.1214213,0.01758252,0.1062865,-0.07481416
11.72,1.288657,9.867348,-0.04865062,0.005120231,0.07515982,-0.04999857
11.74,1.293192,9.822391,-0.04127873,-0.0131996,0.03821263,-0.02734333
11.76,1.26464,9.780346,-0.03308062,-0.02248754,0.0004887072,-0.01209492
11.78,1.267968,9.758488,-0.01599204,-0.01418243,-0.02801595,-0.004511462
11.80,1.290588,9.844689,-0.01049171,0.01773398,-0.05243741,0.002108334
11.82,1.253588,9.887721,-0.02968904,0.05521908,-0.05396457,0.007851489
11.84,1.231454,9.886954,-0.07169544,0.07976452,-0.04245326,0.01921961
11.86,1.179361,9.893839,-0.1032196,0.07634719,-0.02485984,0.0322534
11.88,1.12139,9.896713,-0.1487397,0.05091059,-0.001462703,0.0405203
11.90,1.106063,9.818307,-0.175884,0.009218751,0.02035845,0.04451434
11.92,1.11075,9.731328,-0.164494,-0.01875356,0.04069231,0.04568665
11.94,1.117568,9.695717,-0.1056869,-0.01052982,0.06185845,0.03706495
11.96,1.119794,9.709482,-0.06142765,0.02195227,0.08631772,0.0219522
11.98,1.111237,9.703439,-0.03054742,0.06128125,0.1088985,-0.0005191669
12.00,1.105385,9.70898,0.02762328,0.07937814,0.1130985,-0.03123088
12.02,1.089214,9.645202,0.03146134,0.06966642,0.09778963,-0.05961599
12.04,1.089835,9.71931,0.05025317,0.05162905,0.07117125,-0.08399553
12.06,1.046831,9.838815,0.08661287,0.04287568,0.04701878,-0.09918611
12.08,1.019977,9.906841,0.1087287,0.04031658,0.02166425,-0.1063464
12.10,0.998866,9.883245,0.07550737,0.02984784,-0.009653606,-0.1036854
12.12,1.022882,9.900829,0.05274919,0.02863123,-0.0468611,-0.09829488
12.14,1.090481,9.910852,0.0611196,0.03984352,-0.08108354,-0.0910841
12.16,1.171711,9.807577,0.05250398,0.06034429,-0.1119402,-0.07671487
12.18,1.243396,9.763213,0.02200182,0.06521539,-0.1328537,-0.05342889
12.20,1.221831,9.699147,-0.07022297,0.05054462,-0.1391381,-0.03697915
12.22,1.186037,9.727429,-0.1498789,0.0275846,-0.131127,-0.02971064
12.24,1.198767,9.714952,-0.1934166,-0.0027959,-0.1148921,-0.03294912
12.26,1.268284,9.772281,-0.1833688,-0.01471938,-0.1008064,-0.03543848
12.28,1.280127,9.792876,-0.190173,-0.01302513,-0.07893417,-0.03292285
12.30,1.235962,9.805804,-0.2317221,-0.006519135,-0.04216259,-0.0172242
12.32,1.179946,9.76486,-0.238761,-0.01811793,-0.00640873,0.0008677985
12.34,1.165064,9.773027,-0.2006836,-0.03705996,-0.001319846,0.01499389
12.36,1.191252,9.812955,-0.1535485,-0.05430195,-0.01998832,0.02654719
12.38,1.173148,9.850557,-0.1329454,-0.05657633,-0.04160314,0.0450807
12.40,1.097178,9.841193,-0.1569108,-0.04992974,-0.04900565,0.07119964
12.42,1.04524,9.82285,-0.1738783,-0.03254207,-0.05038784,0.08911394
12.44,1.050064,9.795233,-0.1766212,-0.02159979,-0.05254554,0.09974281
12.46,1.056824,9.743587,-0.1835803,-0.02036265,-0.05837191,0.0950616
12.48,1.060262,9.695951,-0.1811359,-0.02411974,-0.07028841,0.0777888
12.50,1.039588,9.704614,-0.1837318,-0.02545746,-0.07825193,0.06063128
12.52,0.9997808,9.738175,-0.183553,-0.01914508,-0.08223847,0.03857987
12.54,0.9890849,9.764348,-0.1982707,-0.01642601,-0.08628596,0.02666633
12.56,0.9784415,9.782286,-0.2200247,-0.01423515,-0.09669603,0.02086798
12.58,0.9613016,9.766863,-0.2027445,-0.01268387,-0.1083532,0.01974344
12.60,0.9596128,9.739631,-0.1929961,-0.003703229,-0.1205697,0.01583749
12.62,0.9814751,9.728135,-0.201137,0.006325683,-0.1379923,0.008712176
12.64,0.9795703,9.742535,-0.215783,0.02011314,-0.1401948,-0.006712108
12.66,0.9986154,9.780831,-0.212528,0.03184475,-0.1382941,-0.02371912
12.68,1.035577,9.831849,-0.2354368,0.03808169,-0.1337482,-0.04144048
12.70,1.058373,9.874001,-0.2566549,0.025414,-0.1246325,-0.05398456
12.72,1.102339,9.85781,-0.3086267,0.004937362,-0.1088967,-0.05440757
12.74,1.127649,9.826676,-0.3284313,-0.01672137,-0.07983014,-0.04072398
12.76,1.120566,9.803407,-0.3338036,-0.02299681,-0.03547561,-0.02155797
12.78,1.101502,9.790381,-0.3371514,-0.01833946,0.01411063,-0.004268018
12.80,1.113809,9.774069,-0.3146537,-0.01221303,0.0532926,0.00267532
12.82,1.142659,9.747605,-0.2479279,-0.00221828,0.07158583,0.002139873
12.84,1.133131,9.72113,-0.1842095,0.006548663,0.07395623,-0.006353382
12.86,1.13047,9.753994,-0.1139099,0.01980624,0.0663536,-0.01344386
12.88,1.092272,9.814981,-0.09384153,0.02897679,0.04848589,-0.01122262
12.90,1.066735,9.844579,-0.07701804,0.03020713,0.02596871,0.000678903
12.92,1.034932,9.82759,-0.09984438,0.01904317,0.005534526,0.01842154
12.94,1.024304,9.805525,-0.1112816,0.01328353,-0.007905574,0.03320078
12.96,1.02958,9.849532,-0.1193927,0.01552017,-0.01897457,0.0376964
12.98,1.08668,9.879005,-0.1331868,0.01905554,-0.02679255,0.03710509
13.00,1.130163,9.86513,-0.160366,0.01148441,-0.02523323,0.04051824
13.02,1.149295,9.8192,-0.2032236,-0.004637424,-0.01355786,0.04714151
13.04,1.145122,9.793076,-0.2755861,-0.03004257,0.01088615,0.05327569
13.06,1.158551,9.771722,-0.3029351,-0.05065431,0.04131241,0.05815754
13.08,1.191742,9.730807,-0.3145573,-0.06249258,0.07181796,0.05776883
13.10,1.210698,9.702879,-0.3217162,-0.05773907,0.1009636,0.0486125
13.12,1.206121,9.702769,-0.2722386,-0.03954465,0.1251714,0.03243607
13.14,1.205684,9.670163,-0.2403939,-0.02074867,0.1341415,0.01782936
13.16,1.200268,9.633597,-0.2169418,-0.01189962,0.133013,0.008374002
13.18,1.146771,9.631347,-0.2143396,-0.01212034,0.1273571,0.00168807
13.20,1.12029,9.632225,-0.2081922,-0.01996757,0.1208041,-0.01061352
13.22,1.097186,9.625901,-0.1704234,-0.01970138,0.1099419,-0.02609743
13.24,1.087216,9.611954,-0.1325643,-0.01637901,0.09260043,-0.04479995
13.26,1.090643,9.600885,-0.08586199,-0.003920973,0.06841474,-0.06290297
13.28,1.061251,9.569971,-0.08311191,0.006842444,0.05025607,-0.07726022
13.30,1.004387,9.57702,-0.0967198,0.01134261,0.04118886,-0.0923562
13.32,0.9713902,9.671151,-0.137768,0.007735764,0.04188878,-0.1020738
13.34,0.9399042,9.734862,-0.1939954,-0.008960117,0.05939473,-0.1204673
13.36,0.954041,9.727464,-0.1802332,-0.0262056,0.07487961,-0.1538824
13.38,1.027705,9.684656,-0.1083491,-0.03221335,0.07062861,-0.1964033
13.40,1.079568,9.718587,-0.01891782,-0.01959628,0.04830812,-0.2376133
13.42,1.095554,9.748971,0.02092086,0.008035329,0.01797155,-0.2629547
13.44,1.06118,9.858574,0.02708548,0.03590665,-0.01571324,-0.2604757
13.46,0.9609112,9.92341,0.0154499,0.05692692,-0.04052834,-0.2368769
13.48,0.8913937,9.84688,-0.02438689,0.04936582,-0.0555381,-0.1980768
13.50,0.878664,9.767993,-0.05476905,0.02318043,-0.07153729,-0.160713
13.52,0.9097192,9.649593,-0.06214004,-0.006213394,-0.0893658,-0.1339945
13.54,0.9393246,9.510458,-0.05123804,-0.007770436,-0.09536927,-0.120629
13.56,0.9608169,9.476955,-0.04430718,0.02263944,-0.08373089,-0.1193821
13.58,0.9502896,9.423079,-0.06366704,0.06326006,-0.0479505,-0.1289785
13.60,0.920347,9.259889,-0.0801124,0.07606453,-0.009691725,-0.1329527
13.62,0.8728622,9.050534,-0.07838199,0.05018085,0.02200059,-0.131221
13.64,0.8005957,9.030009,-0.1095765,0.01303734,0.04364804,-0.1281717
13.66,0.7518214,9.349906,-0.1009655,0.01963925,0.06327906,-0.1247299
13.68,0.7891209,9.724641,0.02315007,0.07070107,0.06802737,-0.1201405
13.70,0.8082995,9.728481,0.05975456,0.1064814,0.07452414,-0.08183189
13.72,0.6490318,9.440479,-0.09492575,0.06812392,0.1103742,-0.0153311
13.74,0.4542038,9.396672,-0.2619175,-0.01112276,0.1657019,0.04885268
13.76,0.3552858,9.6043,-0.2395431,-0.06521401,0.2176044,0.07255111
13.78,0.4108848,9.699711,-0.06931008,-0.07415461,0.2440062,0.05652615
13.80,0.5138,9.239427,0.1274517,-0.09013863,0.2345267,0.03525212
13.82,0.4639237,8.865765,0.1326815,-0.1418459,0.2208184,0.035113
13.84,0.1743199,9.049097,0.01189154,-0.2017951,0.2140557,0.02777306
13.86,0.01387968,9.304036,0.004309608,-0.2373325,0.1940277,-0.001366445
13.88,0.08767565,9.217606,0.2059879,-0.2420194,0.1239463,-0.03944958
13.90,0.2321902,8.748922,0.4133369,-0.2443552,0.01006408,-0.06980805
13.92,0.2345758,8.353463,0.3651633,-0.2593187,-0.09296998,-0.07236861
13.94,0.0923083,8.494061,0.184679,-0.2503983,-0.166097,-0.08800268
13.96,0.04322245,8.780548,0.1424443,-0.2007246,-0.2269218,-0.1316581
13.98,0.3054836,8.768861,0.2059485,-0.1155759,-0.303852,-0.1869177
14.00,0.571963,8.571342,0.2498728,-0.04203533,-0.3895827,-0.212394
14.02,0.6469283,8.540358,0.08148222,0.0005932596,-0.4401033,-0.1829017
14.04,0.5127156,8.751337,-0.2263357,0.02630095,-0.4155594,-0.1174776
14.06,0.3249612,8.977801,-0.5007418,0.04586203,-0.3201554,-0.06347964
14.08,0.2914152,9.07375,-0.5388885,0.0744699,-0.2006371,-0.0718168
14.10,0.5440313,9.022941,-0.2851342,0.1019629,-0.1252349,-0.1293404
14.12,0.7801593,8.998561,-0.05325501,0.1177254,-0.1141011,-0.1889464
14.14,0.6496057,9.151119,-0.05548988,0.1101025,-0.1010668,-0.2214966
14.16,0.340295,9.544559,-0.1811207,0.09261011,-0.04927165,-0.2084282
14.18,0.1155655,10.00629,-0.2303089,0.07047734,0.01721767,-0.1578478
14.20,-0.02618017,10.22881,-0.2185835,0.0397771,0.06984433,-0.0836851
14.22,-0.0795291,10.2137,-0.1784417,0.004295778,0.1101832,-0.003558897
14.24,-0.09873,10.20334,-0.08811748,-0.02206599,0.1416151,0.06768048
14.26,0.09696771,10.75811,0.2226168,-0.02897812,0.1422015,0.1526465
14.28,0.3033716,11.52876,0.6230991,-0.05107322,0.1270757,0.2406978
14.30,0.4001382,11.62157,0.6082391,-0.1743208,0.1114242,0.3220629
14.32,0.3758759,11.30622,0.3885703,-0.3587868,0.09005238,0.4060392
14.34,0.1851575,11.08035,0.3369496,-0.5102246,0.1085278,0.5044633
14.36,0.1094491,10.99068,0.4046751,-0.5411879,0.1715845,0.5964835
14.38,0.2385719,10.59136,0.5160861,-0.4855378,0.2361209,0.6497499
14.40,0.395242,9.999578,0.6123133,-0.4226409,0.2489412,0.6672466
14.42,0.4713911,9.465236,0.5968673,-0.4216704,0.208244,0.6583789
14.44,0.4413815,9.174214,0.5048403,-0.4386472,0.1430065,0.6246946
14.46,0.4073664,9.101404,0.5079777,-0.4166069,0.07696258,0.5520466
14.48,0.5620186,9.007689,0.5916194,-0.3512586,0.01358388,0.4518775
14.50,0.7692461,8.831706,0.6386394,-0.2640193,-0.07154576,0.3584309
14.52,0.9056571,8.884412,0.6129255,-0.1861926,-0.1862302,0.2924379
14.54,0.9577178,9.431365,0.5133178,-0.1038556,-0.28065,0.2555308
14.56,1.021216,10.14901,0.4587042,-0.002168033,-0.3232321,0.2426466
14.58,1.337092,10.87716,0.6255614,0.0987326,-0.3462745,0.2643048
14.60,1.643243,11.36121,0.8774667,0.1607617,-0.3757729,0.3183797
14.62,1.712979,11.60972,0.9444031,0.1834243,-0.4126627,0.4102761
14.64,1.543594,11.82215,0.7902654,0.1868025,-0.3978482,0.5161877
14.66,1.380548,11.99733,0.5887794,0.2349255,-0.2967053,0.5903331
14.68,1.506475,11.91922,0.6572557,0.3420987,-0.11643,0.5939949
14.70,1.775952,11.71121,0.87426,0.464651,0.1019374,0.5064737
14.72,1.9502,11.47098,1.011651,0.5435588,0.3077693,0.3347974
14.74,2.096981,11.08517,1.144392,0.4753791,0.424066,0.1445774
14.76,2.2258,10.5015,1.080493,0.2625667,0.4443302,0.01483236
14.78,2.202492,9.836895,0.8783466,-0.002842759,0.4194603,-0.01361989
14.80,2.062058,9.220981,0.704657,-0.1927368,0.4219666,0.03271967
14.82,1.990971,8.705138,0.662282,-0.236325,0.4629782,0.1083048
14.84,2.052356,8.42324,0.6831704,-0.1554312,0.5119954,0.142112
14.86,2.262336,8.469052,0.7596198,-0.00486445,0.5128237,0.09799389
14.88,2.52955,8.627725,0.8856362,0.134726,0.4506633,-0.01749587
14.90,2.690878,8.758634,0.9811714,0.2355141,0.3552458,-0.1828035
14.92,2.814872,8.794809,0.9673511,0.2934483,0.2459609,-0.3462545
14.94,2.803233,8.893562,0.8943409,0.3200187,0.1481397,-0.4597846
14.96,2.705224,9.074043,0.7760333,0.337034,0.06395889,-0.5165441
14.98,2.631093,9.311189,0.6447534,0.3304195,-0.01552848,-0.5268847
15.00,2.431861,9.573052,0.4496317,0.3160657,-0.03575376,-0.4918496
15.02,2.37809,9.855762,0.2548006,0.290673,-0.02526579,-0.4331317
15.04,2.329878,10.0639,0.07421429,0.258364,0.01770582,-0.3744485
15.06,2.310094,10.15226,0.01791079,0.2182564,0.09802878,-0.3360659
15.08,2.323622,10.11306,0.03584459,0.176287,0.1767348,-0.3203445
15.10,2.367473,10.15659,0.102242,0.1427646,0.2335276,-0.3178255
15.12,2.342319,10.26879,0.1467122,0.1150441,0.2658241,-0.3190233
15.14,2.279252,10.29721,0.2620454,0.09169479,0.2660863,-0.3109063
15.16,2.143124,10.221,0.3946787,0.05808939,0.2314799,-0.2813768
15.18,1.970246,10.03433,0.4747843,0.02209206,0.1678502,-0.2276182
15.20,1.780478,9.890809,0.5681808,-2.410151e-06,0.08757659,-0.162954
15.22,1.638913,9.921003,0.6603223,3.052863e-05,0.001189674,-0.0962208
15.24,1.519454,9.990685,0.647168,0.006921721,-0.07410189,-0.0341167
15.26,1.461066,10.04379,0.6039476,0.009922189,-0.157996,0.008675369
15.28,1.398825,9.970314,0.5639564,0.009467212,-0.2371511,0.03239178
15.30,1.358354,9.884099,0.5482216,0.01938649,-0.3040643,0.04952072
15.32,1.303081,9.790127,0.3863738,0.02767863,-0.3205324,0.0665514
15.34,1.30027,9.811919,0.1823018,0.02422007,-0.2939474,0.09029795
15.36,1.33079,9.870589,-0.02271101,0.01903155,-0.236575,0.1094072
15.38,1.280082,9.792815,-0.1232048,0.02022849,-0.1538841,0.1060439
15.40,1.27302,9.602889,-0.1153225,0.03210165,-0.06690284,0.07981285
15.42,1.289756,9.588291,-0.09344443,0.05488494,0.01506275,0.04474103
15.44,1.283915,9.651233,-0.150609,0.04729388,0.09839527,0.004290341
15.46,1.262746,9.66333,-0.2542208,-0.002627075,0.163335,-0.03942965
15.48,1.294706,9.616199,-0.2804091,-0.0653341,0.1971097,-0.07810532
15.50,1.302213,9.554091,-0.1849885,-0.09620366,0.2142936,-0.1129564
15.52,1.302661,9.582295,-0.01179871,-0.07195971,0.2122608,-0.1366379
15.54,1.289232,9.707915,0.1700338,-0.01454373,0.1734416,-0.1475874
15.56,1.260572,9.830537,0.21136,0.0229367,0.09938392,-0.1405395
15.58,1.228558,9.833016,0.1589432,0.01767373,0.01566442,-0.1184228
15.60,1.200741,9.843408,0.1009243,0.006834236,-0.04828449,-0.08871535
15.62,1.195704,9.867359,0.08414932,0.008100694,-0.08070765,-0.0589917
15.64,1.217945,9.887343,0.09038045,0.02407769,-0.09120855,-0.03442613
15.66,1.23923,9.91108,0.06502116,0.03004239,-0.09547366,-0.02038195
15.68,1.228419,9.921361,0.03981662,0.02246411,-0.09277522,-0.01077281
15.70,1.208992,9.936575,0.03529498,0.009557875,-0.09217466,-0.004733956
15.72,1.181602,9.897153,0.04131409,-0.003638377,-0.08364993,0.001847641
15.74,1.130334,9.865891,0.07325555,-0.007313926,-0.07290779,0.009815291
15.76,1.090344,9.803626,0.08033718,-0.007696934,-0.0628339,0.01559803
15.78,1.09001,9.820114,0.100356,-0.005905244,-0.0633022,0.02347038
15.80,1.04762,9.785414,0.05548365,-0.009311034,-0.05365753,0.02016787
15.82,1.086077,9.745977,0.04803507,-0.009065831,-0.04828988,0.01326622
15.84,1.090047,9.704627,0.0557699,-0.01122311,-0.04067941,0.004375453
15.86,1.07938,9.676723,0.0423945,-0.00488088,-0.02537652,-0.00534136
15.88,1.106577,9.73952,0.06346361,1.278924e-05,-0.01520524,-0.01028299
15.90,1.058583,9.726508,0.01557667,0.001588812,-0.001416147,-0.01086496
15.92,1.076139,9.751754,0.06226093,0.001608157,0.002408901,-0.01439258
15.94,1.062952,9.803808,0.09860966,0.001433404,-0.0005878473,-0.01910606
15.96,1.049449,9.809395,0.06682683,0.001817228,-0.003065282,-0.02066068
15.98,1.062758,9.827886,0.03632808,-0.001700473,0.003147805,-0.01585806
16.00,1.070909,9.784273,0.01993456,-0.009472792,0.01962047,-0.01217324
16.02,1.097914,9.778392,0.04105234,-0.01423413,0.02764974,-0.007928137
16.04,1.111066,9.787592,0.07097796,-0.01671559,0.03339655,-0.006929335
16.06,1.108006,9.780235,0.07562587,-0.01675877,0.03338252,-0.001712158
16.08,1.109555,9.873627,0.0919207,-0.01042977,0.03253818,0.004562669
16.10,1.076158,9.879177,0.07300981,-0.004312439,0.03727179,0.01143785
16.12,1.070692,9.83697,0.09134004,-0.003738075,0.04196572,0.0107422
16.14,1.099255,9.798524,0.1041721,-0.01488421,0.04036442,0.004993738
16.16,1.144472,9.737867,0.09445358,-0.03308975,0.02708852,-0.003849063
16.18,1.145529,9.708131,0.09120074,-0.03597089,0.02096575,-0.01010461
16.20,1.138397,9.726261,0.09047484,-0.017761,0.02544226,-0.008241633
16.22,1.097588,9.763099,0.09904797,0.001688607,0.02587058,-0.004834367
16.24,1.092502,9.77718,0.07766831,0.01183976,0.01813814,0.0003972794
16.26,1.103004,9.781947,0.0918943,0.009800338,0.007741381,0.006206477
16.28,1.103964,9.813247,0.1287763,0.008415193,-0.002917653,0.007712502
16.30,1.121281,9.836743,0.1367994,0.01212685,-0.007166736,0.005352121
16.32,1.133729,9.80825,0.1208355,0.002960294,-0.00858232,0.001290047
16.34,1.131087,9.802655,0.07707179,-0.003191824,-0.01018152,-0.002471166
16.36,1.132686,9.772009,0.07785687,-0.01075588,-0.005824818,-0.007037793
16.38,1.125768,9.762336,0.063288,-0.01031029,0.002830478,-0.005939763
16.40,1.103621,9.77754,0.0779146,0.000160189,0.009440394,-0.004621307
16.42,1.110398,9.775352,0.1026034,0.009239864,0.006491986,-0.001009178
16.44,1.099105,9.768319,0.1265599,0.01116304,0.003018318,-0.001225324
16.46,1.10797,9.752731,0.1169656,0.008557234,-0.008594083,-0.006889981
16.48,1.109964,9.760558,0.1304636,0.006290585,-0.01227903,-0.01156486
16.50,1.102088,9.763189,0.1039233,0.001750874,-0.01258706,-0.01382027
16.52,1.114078,9.808913,0.07889798,-0.001211074,-0.009731652,-0.01276177
16.54,1.105242,9.837542,0.06028635,-0.005229728,-0.004666775,-0.008875685
16.56,1.098582,9.821419,0.04194257,-0.005282388,-0.001422862,-0.005668916
16.58,1.113146,9.770302,0.06793264,-0.000107362,0.00316936,-0.001870451
16.60,1.110711,9.751214,0.101088,0.01012288,0.0002486896,-0.006161297
16.62,1.086278,9.729167,0.1142086,0.009540878,-0.009579828,-0.01057644
16.64,1.082038,9.725094,0.1152165,0.01150976,-0.02100105,-0.01755037
16.66,1.079921,9.756904,0.122163,0.01867784,-0.02910337,-0.02870845
16.68,1.081107,9.80589,0.1045394,0.01768226,-0.03733074,-0.03617087
16.70,1.073938,9.821132,0.055616,0.009152497,-0.03607,-0.03383894
16.72,1.06415,9.805642,0.01314931,0.0003616081,-0.03104907,-0.02177028
16.74,1.033494,9.760562,0.01058427,-0.003905884,-0.01944467,-0.0154431
16.76,1.054533,9.759605,0.03829486,0.005756701,-0.010077,-0.01158954
16.78,1.062081,9.739762,0.062654,0.02481596,-0.008087533,-0.01427271
16.80,1.042205,9.753083,0.1168321,0.04139569,-0.01007407,-0.03293318
16.82,1.048468,9.727082,0.1240094,0.03612978,-0.01964011,-0.04707124
16.84,1.032469,9.754046,0.08076129,0.01988779,-0.03548674,-0.05241641
16.86,1.012341,9.790398,0.04333663,0.00314442,-0.03665657,-0.05247505
16.88,1.022091,9.795518,0.02235074,0.004827297,-0.03102688,-0.04298569
16.90,1.019571,9.772189,0.01792612,0.01853414,-0.01924399,-0.03615116
16.92,1.021051,9.76008,0.0593673,0.02598973,-0.02107175,-0.0385142
16.94,1.040284,9.739306,0.06646522,0.02782244,-0.03016613,-0.03985238
16.96,1.022575,9.765377,0.05757849,0.02816685,-0.0351374,-0.04468692
16.98,1.000018,9.785907,0.04538633,0.02551559,-0.03510715,-0.04917863
17.00,0.9924827,9.794434,0.04681385,0.02164631,-0.03122923,-0.05500973
17.02,0.9795706,9.809667,0.03541949,0.01979819,-0.02563642,-0.05676781
17.04,0.9593328,9.778098,0.02112192,0.01304903,-0.02057208,-0.06019267
17.06,0.9629758,9.759439,0.03773811,0.003879761,-0.0240719,-0.06288029
17.08,0.9456106,9.736941,0.05503765,0.007817023,-0.02868596,-0.06735455
17.10,0.932719,9.720345,0.04420837,0.01384357,-0.02584095,-0.07886168
17.12,0.9307082,9.65906,0.01793535,0.01760948,-0.02514752,-0.09191809
17.14,0.9543292,9.642672,0.0253339,0.01932121,-0.02687236,-0.1081057
17.16,0.9710291,9.630404,0.01884185,0.02126274,-0.02859529,-0.1257499
17.18,0.9505339,9.630976,0.005313975,0.02817488,-0.02581245,-0.1368442
17.20,0.9343218,9.608267,-0.01390855,0.03332269,-0.02076703,-0.1516963
17.22,0.921848,9.58695,-0.006800842,0.04153087,-0.01333436,-0.1697237
17.24,0.8995469,9.60149,0.02606068,0.04618622,-0.008950468,-0.1919946
17.26,0.9066519,9.592315,0.04889584,0.04585107,-0.02134035,-0.2135689
17.28,0.892966,9.632719,0.07763701,0.04842142,-0.03987802,-0.242436
17.30,0.8888512,9.696171,0.1200027,0.05901778,-0.06816828,-0.2651139
17.32,0.8802335,9.745536,0.134956,0.07065622,-0.09735204,-0.2772538
17.34,0.8921466,9.858427,0.1401229,0.07669643,-0.1322379,-0.2773442
17.36,0.8891276,9.960202,0.0920276,0.07231509,-0.1703264,-0.2626205
17.38,0.8824335,9.958893,-0.02175779,0.05366804,-0.1940716,-0.2316008
17.40,0.8528006,9.925902,-0.1179071,0.03522066,-0.1849952,-0.199754
17.42,0.8199428,9.797306,-0.1884878,0.01542995,-0.1524103,-0.1761707
17.44,0.7825725,9.696672,-0.236616,-0.01137188,-0.1113712,-0.1646073
17.46,0.7654887,9.682424,-0.3022453,-0.03343922,-0.07243536,-0.1693777
17.48,0.7691323,9.784612,-0.2500429,-0.04143981,-0.03855967,-0.1898776
17.50,0.7851972,9.849636,-0.1871146,-0.04606774,-0.02099473,-0.2102325
17.52,0.7259698,9.80441,-0.1765185,-0.0547363,-0.01774375,-0.2275767
17.54,0.6544459,9.791177,-0.1724733,-0.05069422,-0.01958068,-0.2378216
17.56,0.5430599,9.97833,-0.1340612,-0.0182028,-0.0006949137,-0.251369
17.58,0.4113323,10.13025,-0.0922214,0.03127947,0.02923103,-0.2743799
17.60,0.3316376,10.18266,-0.04207279,0.06279728,0.04407529,-0.3023097
17.62,0.33328,10.26922,-0.009169967,0.0802539,0.02987494,-0.3232635
17.64,0.3033093,10.30447,-0.01411883,0.0829769,0.01625646,-0.3273468
17.66,0.1878552,10.55379,-0.03928035,0.1022987,0.01967724,-0.3243384
17.68,-0.02417576,10.90673,-0.02112995,0.1464145,0.03699595,-0.3326052
17.70,-0.1381943,11.34338,0.07238093,0.2159353,0.03761109,-0.3502274
17.72,-0.1251566,11.93861,0.1829161,0.2840068,0.005914985,-0.3637122
17.74,-0.1001273,12.50214,0.2508014,0.3021496,-0.05346899,-0.3483788
17.76,-0.1842857,12.45781,0.1378736,0.214093,-0.1148675,-0.2817298
17.78,-0.3521569,12.27902,-0.1445732,0.04722036,-0.1616868,-0.1746329
17.80,-0.4175141,11.85878,-0.3464738,-0.1388683,-0.1842037,-0.05873944
17.82,-0.571492,11.76725,-0.3270061,-0.2822746,-0.1882571,0.06018403
17.84,-0.617824,11.81226,-0.1832637,-0.344491,-0.1822,0.1536398
17.86,-0.4835685,11.70337,-0.01287571,-0.3363636,-0.1827922,0.2199277
17.88,-0.3527558,11.6324,0.06305956,-0.2692415,-0.2133279,0.2636037
17.90,-0.306527,11.6225,0.1767334,-0.1879063,-0.2577198,0.2967521
17.92,-0.3704951,11.41148,0.1230782,-0.1323827,-0.2849803,0.3329931
17.94,-0.4631695,11.21172,0.01282266,-0.126204,-0.2810828,0.3896752
17.96,-0.6076288,11.05023,-0.1392588,-0.1608181,-0.2340431,0.4496032
17.98,-0.7059942,10.98663,-0.2118775,-0.2097187,-0.1619156,0.4859276
18.00,-0.691382,10.83845,-0.162252,-0.2465189,-0.0999862,0.4815238
18.02,-0.5168237,10.5913,-0.01594904,-0.2706281,-0.07185069,0.4441335
18.04,-0.3781877,10.25325,0.07606058,-0.2789765,-0.06444383,0.4010006
18.06,-0.3660306,9.970735,0.08250505,-0.2841428,-0.05948874,0.3786269
18.08,-0.4355548,9.734441,0.02329871,-0.2875199,-0.04200175,0.3831917
18.10,-0.4719031,9.639742,0.0005152508,-0.2709983,-0.02499028,0.4022548
18.12,-0.4791983,9.60062,0.04833273,-0.2271063,-0.01439101,0.4160298
18.14,-0.4613699,9.528742,0.1062464,-0.1661696,-0.01204502,0.4125931
18.16,-0.3767955,9.326763,0.1617374,-0.1019009,-0.01979691,0.3944852
18.18,-0.2831952,9.097377,0.1698498,-0.04122548,-0.03181576,0.3724779
18.20,-0.2489474,8.92471,0.16172,0.01026448,-0.04101809,0.3481579
18.22,-0.2261328,8.894197,0.1598527,0.05799098,-0.04500479,0.3254396
18.24,-0.25762,8.881628,0.1487627,0.09230299,-0.0355849,0.2963251
18.26,-0.2411591,8.852792,0.13241,0.1029886,-0.02067479,0.2611806
18.28,-0.1618069,8.762717,0.1144653,0.1065191,-0.004084503,0.2152235
18.30,-0.04287625,8.693461,0.1601452,0.11773,-0.002225645,0.1594432
18.32,0.06532189,8.654044,0.2176817,0.1454878,-0.005258056,0.1001118
18.34,0.1168241,8.632126,0.2431755,0.1791082,-0.003732193,0.04280902
18.36,0.143063,8.648678,0.2175537,0.1998499,0.002285227,-0.01011503
18.38,0.1813845,8.672414,0.1562168,0.2031864,0.009811923,-0.05831332
18.40,0.262839,8.75712,0.1195172,0.1956937,0.0129141,-0.1054387
18.42,0.3815242,8.733786,0.1502586,0.180394,-0.006060699,-0.1471576
18.44,0.5777115,8.699639,0.1721824,0.1670646,-0.04309618,-0.1732322
18.46,0.6630296,8.794283,0.1258563,0.1718486,-0.07024034,-0.1734369
18.48,0.6313701,9.007745,0.0818916,0.1916584,-0.07518335,-0.147807
18.50,0.6569758,9.162092,0.06070964,0.214561,-0.06823222,-0.1026729
18.52,0.7524198,9.146375,-0.01852668,0.2080803,-0.05344341,-0.04357805
18.54,0.8694869,8.891055,-0.1041349,0.1453621,-0.02548624,0.0265747
18.56,0.8927593,8.672523,-0.2360602,0.04694388,0.02590271,0.1040954
18.58,0.9046278,8.629946,-0.3415151,-0.05449767,0.09779868,0.1716086
18.60,0.865024,8.769592,-0.443378,-0.1058109,0.1910871,0.2100473
18.62,0.8797989,9.084111,-0.4202051,-0.06952119,0.2889834,0.2019928
18.64,0.9513965,9.395591,-0.2901264,0.03971998,0.372475,0.1583985
18.66,1.062824,9.483386,-0.1570754,0.1457636,0.4262179,0.1071337
18.68,1.082869,9.272136,-0.1343309,0.1849892,0.4594147,0.07290298
18.70,0.9845672,9.019905,-0.1991832,0.1412055,0.4924225,0.06748132
18.72,0.8993961,8.900647,-0.2112591,0.06537161,0.5274146,0.07899851
18.74,0.901337,8.948279,-0.1121271,0.01047581,0.5502993,0.09220369
18.76,0.9729449,8.928458,0.02573475,-0.007724449,0.5353118,0.08944975
18.78,1.075409,8.906748,0.1444065,0.01611553,0.489744,0.07668935
18.80,1.128774,9.033169,0.2389618,0.06700096,0.4339378,0.06415126
18.82,1.121516,9.128134,0.2906369,0.1044947,0.3710043,0.05139161
18.84,1.081572,9.220272,0.223924,0.1098058,0.3046368,0.04358924
18.86,1.046621,9.365717,0.2032006,0.09232122,0.2280497,0.03311622
18.88,1.05518,9.550913,0.2009621,0.0693804,0.1573388,0.01174603
18.90,1.121557,9.718282,0.1950501,0.05711942,0.08355779,-0.002630539
18.92,1.17893,9.889647,0.1448284,0.05180817,0.01275573,-0.005932652
18.94,1.169788,9.967508,0.04503364,0.03865368,-0.04110117,0.007395359
18.96,1.154053,9.986237,-0.03491613,0.0200805,-0.07582878,0.02087571
18.98,1.194196,9.89171,-0.08893479,-0.005934104,-0.09805153,0.03862634
19.00,1.231433,9.79929,-0.1112079,-0.0273419,-0.1204926,0.04465039
19.02,1.25503,9.791311,-0.1169877,-0.02843442,-0.1302458,0.03567882
19.04,1.236081,9.750081,-0.1415363,-0.02479396,-0.1340307,0.02386727
19.06,1.245067,9.735164,-0.1787241,-0.01379554,-0.1313256,0.007375276
19.08,1.229353,9.746909,-0.2231255,-0.001928861,-0.1261942,-0.009160492
19.10,1.233125,9.734065,-0.2175758,0.01753405,-0.1146908,-0.02393955
19.12,1.229244,9.781338,-0.1977609,0.0433009,-0.09829836,-0.03759113
19.14,1.23254,9.788182,-0.1543613,0.05788682,-0.09061588,-0.05170376
19.16,1.264319,9.77035,-0.1420744,0.0575745,-0.08994765,-0.06387773
19.18,1.248105,9.78168,-0.1235595,0.03883453,-0.1064916,-0.07568265
19.20,1.232564,9.817812,-0.1387139,0.01303833,-0.1213661,-0.07467824
19.22,1.189496,9.922505,-0.1562849,-0.0003901116,-0.1301123,-0.06000121
19.24,1.161301,9.994967,-0.150047,-0.003927907,-0.1360434,-0.04178046
19.26,1.14257,10.03335,-0.1664287,0.002002598,-0.1311842,-0.02253566
19.28,1.131122,9.946113,-0.1868506,-0.0006464067,-0.123237,-0.005609568
19.30,1.139967,9.862414,-0.2050847,-0.004809884,-0.1061939,0.005833054
19.32,1.110304,9.801773,-0.2204795,-0.01518992,-0.09202506,0.004998886
19.34,1.086363,9.778586,-0.2294192,-0.02010023,-0.07488146,-0.0005716242
19.36,1.059362,9.803396,-0.2201133,-0.01592769,-0.06147214,-0.007250388
19.38,1.054353,9.84259,-0.2058822,-0.006323678,-0.05198697,-0.01312917
19.40,1.058953,9.873971,-0.2014712,-0.00378775,-0.04461145,-0.008852524
19.42,1.041379,9.833106,-0.1779865,-0.006368516,-0.04738939,-0.002420193
19.44,0.9992543,9.832593,-0.2174881,-0.0179954,-0.04649653,0.011179
19.46,0.9261475,9.79828,-0.2419798,-0.03863489,-0.03473239,0.02484071
19.48,0.9132613,9.816806,-0.2413769,-0.04725309,-0.0303141,0.03461729
19.50,0.9289365,9.783616,-0.2192784,-0.05459133,-0.03443042,0.03229615
19.52,0.9231216,9.75562,-0.193929,-0.04819255,-0.04784772,0.02638418
19.54,0.9035075,9.762234,-0.1939,-0.03041095,-0.05814857,0.01411057
19.56,0.8981994,9.804892,-0.1969916,-0.003736709,-0.06477267,0.002446617
19.58,0.8981366,9.80537,-0.2018016,0.01286932,-0.06715931,-0.001712421
19.60,0.8883048,9.764244,-0.2770079,0.006493056,-0.06959444,0.003990748
19.62,0.8594555,9.741856,-0.3218594,-0.005321963,-0.06788669,0.008364043
19.64,0.8921418,9.69805,-0.3057009,-0.007583994,-0.05697254,0.004619022
19.66,0.9408855,9.688759,-0.2874492,0.005012902,-0.05167328,-0.002641025
19.68,0.9309489,9.710894,-0.2742462,0.02819855,-0.04124388,-0.02093969
19.70,0.9231387,9.715512,-0.2876672,0.04380893,-0.02175921,-0.03851953
19.72,0.9335946,9.709623,-0.3040065,0.0379251,-0.006899216,-0.04542638
19.74,0.933511,9.737952,-0.341614,0.02087341,0.001275787,-0.04656945
19.76,0.9507095,9.76745,-0.3488086,0.01035231,0.01182998,-0.04424725
19.78,0.9801582,9.755736,-0.334686,0.01678156,0.02376121,-0.03619178
19.80,0.9680064,9.744259,-0.3163877,0.03449448,0.04294081,-0.03111423
19.82,0.9827969,9.737129,-0.3042873,0.05559792,0.06356213,-0.03022325
19.84,1.010986,9.741212,-0.2803324,0.0672879,0.0775702,-0.03492329
19.86,1.020268,9.803784,-0.2672921,0.06335176,0.08226378,-0.04068933
19.88,1.003026,9.835033,-0.2676715,0.04919581,0.07975683,-0.04408517
19.90,0.9769679,9.831577,-0.2508549,0.03197895,0.08011361,-0.04277273
19.92,0.975498,9.847101,-0.2276182,0.02014952,0.07908008,-0.04120839
19.94,0.978951,9.822643,-0.1976494,0.01566973,0.07058832,-0.04095225
19.96,1.013928,9.773701,-0.1635256,0.008798932,0.04484574,-0.04258351
19.98,1.03004,9.758559,-0.1499328,0.0100531,0.01229919,-0.04626088
20.00,1.026199,9.777843,-0.1337635,0.02419617,-0.02209767,-0.04580603
20.02,1.031526,9.765881,-0.1244233,0.04813968,-0.04920973,-0.04518165
20.04,1.04547,9.781446,-0.1134623,0.06770366,-0.07052311,-0.04276464
20.06,1.060241,9.795895,-0.1466305,0.072912,-0.0901788,-0.03955121
20.08,1.08381,9.839515,-0.2016487,0.06347314,-0.1052534,-0.02611249
20.10,1.096634,9.879436,-0.2568358,0.04624077,-0.107629,-0.003516984
20.12,1.059255,9.88193,-0.3061042,0.03004337,-0.08511313,0.01742387
20.14,1.035169,9.86525,-0.3296957,0.0163307,-0.04987461,0.03478343
20.16,1.039511,9.829804,-0.3489173,0.004036947,-0.01562342,0.03915
20.18,1.05466,9.791211,-0.3347316,-0.006829907,0.009786082,0.03208645
20.20,1.059207,9.767081,-0.2966557,-0.01433402,0.02792754,0.01923939
20.22,1.048573,9.785834,-0.2465189,-0.01445047,0.03644803,0.0124762
20.24,0.9893556,9.811491,-0.2380099,-0.01904595,0.03847701,0.01923907
20.26,0.9194588,9.766313,-0.2612099,-0.0349268,0.03327302,0.03307113
20.28,0.8668455,9.694244,-0.2745637,-0.05249709,0.02579076,0.04657204
20.30,0.8671179,9.597941,-0.2075756,-0.06129568,0.008771941,0.04884567
20.32,0.9028693,9.518056,-0.1439562,-0.04698274,-0.01729228,0.04055848
20.34,0.8908813,9.490083,-0.09585449,-0.01237379,-0.04070731,0.02006519
20.36,0.873862,9.57119,-0.06162592,0.02428433,-0.0595737,-0.002272593
20.38,0.8802689,9.695819,-0.06723148,0.04577476,-0.08598904,-0.02212219
20.40,0.9099123,9.846994,-0.1401252,0.04286833,-0.1183387,-0.02827003
20.42,0.9108707,9.934847,-0.2293768,0.01868038,-0.1379278,-0.01787247
20.44,0.8761458,9.96509,-0.3063721,-0.01688784,-0.1347976,-0.004115713
20.46,0.8582659,9.884998,-0.3595051,-0.05657215,-0.1115054,-0.001480023
20.48,0.9324061,9.902727,-0.366625,-0.07947058,-0.08935083,-0.02247521
20.50,0.9860101,9.831893,-0.3143246,-0.0933874,-0.06723547,-0.05004802
20.52,1.000427,9.76154,-0.3203706,-0.09176193,-0.05327739,-0.0775084
20.54,0.9612746,9.807823,-0.3518163,-0.08545915,-0.0314992,-0.0819641
20.56,0.8866326,9.845918,-0.4115547,-0.07533729,0.002266995,-0.06060671
20.58,0.85065,9.844927,-0.427192,-0.06978058,0.02983926,-0.03213235
20.60,0.882956,9.790668,-0.3761808,-0.06611391,0.0394415,-0.01051948
20.62,0.9195914,9.704134,-0.338955,-0.05665064,0.04086825,-0.006834358
20.64,0.9175075,9.642321,-0.2961026,-0.03244416,0.03478314,-0.01685787
20.66,0.9249529,9.66361,-0.2389886,0.001897379,0.03400007,-0.03847624
20.68,0.9362928,9.705065,-0.1916458,0.03648484,0.0204401,-0.06278331
20.70,0.9169065,9.782425,-0.2027883,0.04753935,0.003970613,-0.07975182
20.72,0.8797365,9.877608,-0.2281071,0.03447368,-0.01567098,-0.08235087
20.74,0.8534378,9.876842,-0.2328691,0.01136313,-0.03937096,-0.07576591
20.76,0.8452996,9.95425,-0.2390389,0.001181534,-0.05160249,-0.05751127
20.78,0.8333792,9.96983,-0.2134425,0.003360887,-0.05584758,-0.0375942
20.80,0.8248856,9.91082,-0.2295533,0.009407249,-0.06081657,-0.02597607
20.82,0.8503867,9.86262,-0.2476548,0.01227841,-0.0653098,-0.0150805
20.84,0.833811,9.836744,-0.2879142,0.01399513,-0.0603561,-0.006522399
20.86,0.8223468,9.849341,-0.2991692,0.0193694,-0.04380793,-0.004081568
20.88,0.8558275,9.833794,-0.2801583,0.02838335,-0.02849469,-0.00526531
20.90,0.872619,9.796041,-0.2629859,0.02901439,-0.01779992,-0.01528903
20.92,0.8658531,9.789331,-0.2774213,0.01957852,-0.00461877,-0.02573331
20.94,0.8445722,9.753036,-0.2944922,0.002701057,0.006683649,-0.03170173
20.96,0.8511988,9.774078,-0.2755442,-0.005355908,0.01745082,-0.0323076
20.98,0.8530056,9.860696,-0.2428891,0.001018929,0.02602896,-0.02923898
21.00,0.8259619,9.903885,-0.2228186,0.007869328,0.03532555,-0.02611563
21.02,0.8239647,9.884946,-0.1996275,0.005241105,0.02616443,-0.01532709
21.04,0.8107392,9.880472,-0.232827,-0.007769324,0.01343084,-0.007733791
21.06,0.7954304,9.864673,-0.2324293,-0.02247096,-0.007680552,0.004216053
21.08,0.7906792,9.795211,-0.2276754,-0.02827597,-0.02530612,0.01231571
21.10,0.7921226,9.745536,-0.2080906,-0.01483412,-0.03165755,0.01270522
21.12,0.7941474,9.707451,-0.1972828,0.00452639,-0.03560944,0.01016287
21.14,0.8014807,9.709352,-0.2156367,0.01973928,-0.04358269,0.004097763
21.16,0.7832822,9.750975,-0.2414755,0.02386388,-0.0478981,-0.004070031
21.18,0.756138,9.805781,-0.2440056,0.01763719,-0.05476318,-0.01214073
21.20,0.7442473,9.830134,-0.2540949,0.008316707,-0.06161702,-0.01655658
21.22,0.7374558,9.85478,-0.2633515,-0.001179222,-0.06285708,-0.0131821
21.24,0.7173046,9.860655,-0.2824626,-0.007935021,-0.05957761,-0.004233601
21.26,0.7512225,9.845487,-0.2680317,-0.004102904,-0.06429932,0.001848135
21.28,0.7622554,9.850258,-0.2555838,0.001875261,-0.06688493,0.007615995
21.30,0.7609573,9.804262,-0.2667188,0.005702419,-0.06769906,0.01081998
21.32,0.7569011,9.795332,-0.2898925,0.009672278,-0.05968897,0.01229271
21.34,0.7554232,9.774458,-0.3058689,0.009074196,-0.04422927,0.01497222
21.36,0.7460133,9.759222,-0.3142374,0.005291726,-0.02800003,0.01561428
21.38,0.7430014,9.767104,-0.2911641,0.002145104,-0.01430191,0.01218992
21.40,0.7406423,9.776325,-0.2803411,0.001872066,-0.00925903,0.005145479
21.42,0.7393477,9.81878,-0.2735224,0.006361796,-0.009030495,-0.003751244
21.44,0.7103322,9.853001,-0.2454669,0.009327121,-0.006790469,-0.006264395
21.46,0.695819,9.860924,-0.2319174,0.01181533,-0.01555306,-0.006147696
21.48,0.6817891,9.854953,-0.2209969,0.01214557,-0.02992547,-0.004724185
21.50,0.6892584,9.846909,-0.2074956,0.007458124,-0.04911267,7.080363e-05
21.52,0.6793998,9.818798,-0.2177718,0.0009798495,-0.06676252,0.00683048
21.54,0.6640601,9.7994,-0.236258,-0.005794576,-0.08066218,0.01439608
21.56,0.661418,9.776229,-0.2516281,-0.004825343,-0.08966321,0.0130205
21.58,0.7004841,9.738717,-0.2415642,-0.0008290413,-0.09598082,0.00573554
21.60,0.7149255,9.733744,-0.2673325,0.01473787,-0.0953242,-0.01041533
21.62,0.6929495,9.745761,-0.282533,0.02546685,-0.07791929,-0.03156395
21.64,0.7051567,9.699512,-0.2826421,0.02258463,-0.06472457,-0.04943023
21.66,0.6953816,9.702689,-0.2996158,0.003159114,-0.05664164,-0.05506181
21.68,0.6817553,9.73542,-0.325943,-0.01416646,-0.06125003,-0.05164731
21.70,0.6859175,9.778221,-0.3169207,-0.01514464,-0.05820398,-0.04478486
21.72,0.6650974,9.773237,-0.2971321,5.212783e-05,-0.0522681,-0.03686021
21.74,0.6732683,9.775574,-0.2555475,0.02812722,-0.05141857,-0.03124754
21.76,0.7044597,9.805385,-0.22729,0.06257408,-0.05340228,-0.02695793
21.78,0.711878,9.887351,-0.2266126,0.08668684,-0.06003278,-0.02194325
21.80,0.681658,9.997205,-0.2971215,0.08271755,-0.05688605,-0.01016845
21.82,0.6348366,10.10127,-0.3727069,0.06003139,-0.03444066,0.003651927
21.84,0.6076539,10.12279,-0.4417236,0.02550433,-0.0007897091,0.01560356
21.86,0.6475406,10.02537,-0.4639665,-0.01788625,0.03084103,0.02228147
21.88,0.6980294,9.870671,-0.45177,-0.05297458,0.05072121,0.01722866
21.90,0.7370937,9.769044,-0.4110176,-0.07601745,0.06076294,-0.0007242197
21.92,0.7439603,9.692534,-0.3692791,-0.07855433,0.06054341,-0.02455142
21.94,0.7433915,9.603106,-0.3379682,-0.06887404,0.05043952,-0.0383856
21.96,0.7205263,9.550889,-0.3253477,-0.04565246,0.03903689,-0.04245771
21.98,0.707939,9.535687,-0.2928154,-0.01670592,0.02105257,-0.03805301
22.00,0.7189767,9.560927,-0.2675665,0.01915767,-0.004503576,-0.02993763
22.02,0.7254851,9.612067,-0.2489017,0.04979648,-0.03313047,-0.03157224
22.04,0.7195733,9.619885,-0.2426974,0.06568993,-0.05673764,-0.04005686
22.06,0.7065301,9.612873,-0.2547949,0.06195263,-0.07137371,-0.0545247
22.08,0.6821601,9.657549,-0.2792687,0.04427733,-0.0802764,-0.07315873
22.10,0.6535806,9.730309,-0.3009076,0.02936438,-0.08802824,-0.08654616
22.12,0.6444617,9.826608,-0.2996968,0.01924714,-0.09055596,-0.08986399
22.14,0.6269855,9.883224,-0.2973688,0.01695698,-0.09194852,-0.0792658
22.16,0.5866649,9.894274,-0.3073121,0.01181241,-0.08346037,-0.06172324
22.18,0.5736744,9.812546,-0.311029,-0.002978016,-0.07535527,-0.04607832
22.20,0.570043,9.692818,-0.3340764,-0.02172056,-0.06925131,-0.03642474
22.22,0.5402943,9.670819,-0.3341069,-0.03259037,-0.05851204,-0.03691278
22.24,0.5295645,9.571082,-0.2949452,-0.03480098,-0.0353521,-0.05096985
22.26,0.5715542,9.39467,-0.2816703,-0.03466067,-0.02419185,-0.06411492
22.28,0.5697426,9.280625,-0.247923,-0.03055189,-0.01532282,-0.07779071
22.30,0.5809569,9.205989,-0.2084357,-0.02649979,-0.01395804,-0.07968883
22.32,0.5279268,9.184571,-0.2127764,-0.02811944,-0.01204202,-0.06794751
22.34,0.4454529,9.291776,-0.2381814,-0.03030231,-0.01688587,-0.05337597
22.36,0.4103475,9.483355,-0.2356073,-0.01814592,-0.03755666,-0.04814554
22.38,0.4404111,9.560721,-0.1871541,0.01139696,-0.06571083,-0.04724696
22.40,0.4829813,9.482476,-0.1485952,0.03789189,-0.09126721,-0.03806346
22.42,0.4296795,9.499975,-0.2018238,0.05304916,-0.0984024,-0.01885623
22.44,0.3531856,9.635201,-0.3056675,0.05977324,-0.09579817,0.006667104
22.46,0.383275,9.847922,-0.3685697,0.06461382,-0.09173521,0.02594661
22.48,0.4875031,9.74507,-0.3969925,0.04577562,-0.09419701,0.04469009
22.50,0.5260651,9.403397,-0.4535157,-0.01023352,-0.08050749,0.08116215
22.52,0.4054867,9.150784,-0.5656999,-0.08537977,-0.02966527,0.1162494
22.54,0.2828679,9.021048,-0.6479216,-0.1588887,0.04989142,0.119769
22.56,0.3201681,8.89884,-0.5542219,-0.2046353,0.1050027,0.06808079
22.58,0.5026783,8.485608,-0.3288863,-0.2422325,0.09056511,-0.001840834
22.60,0.6089439,8.007711,-0.166175,-0.2656341,0.0423581,-0.04791486
22.62,0.4869681,7.820628,-0.1426482,-0.2603219,0.01112531,-0.05972056
22.64,0.2438734,8.03059,-0.2310496,-0.2193681,0.0147182,-0.05276736
22.66,0.1399454,8.236851,-0.2991633,-0.1441195,0.02807056,-0.04910608
22.68,0.2608975,8.222645,-0.1824903,-0.05811461,-0.002579071,-0.05535766
22.70,0.450518,8.061285,-0.01567236,0.01304667,-0.08611872,-0.04264216
22.72,0.4326976,8.074151,-0.06238196,0.05330862,-0.1575913,0.01440975
22.74,0.1266132,8.19913,-0.3164068,0.04727741,-0.1475566,0.09469459
22.76,-0.1370309,8.263986,-0.5712094,-0.001794214,-0.07276919,0.1677198
22.78,-0.166422,8.166391,-0.6711197,-0.07933996,0.01393263,0.2033124
22.80,-0.09870683,8.164741,-0.641783,-0.1314484,0.08380674,0.1800325
22.82,-0.05531849,8.457159,-0.5171641,-0.1172888,0.151284,0.09359808
22.84,-0.04247055,8.973959,-0.4353997,-0.03485068,0.2180598,-0.0340068
22.86,-0.02482692,9.499491,-0.366493,0.06438683,0.2487115,-0.1632723
22.88,-0.04919254,9.847772,-0.3304019,0.1277723,0.2302457,-0.2559851
22.90,-0.107313,10.08844,-0.3336717,0.14833,0.1823941,-0.2956493
22.92,-0.2660434,10.37342,-0.3508704,0.1528794,0.1402487,-0.2946074
22.94,-0.3782799,10.60233,-0.404509,0.158926,0.1286622,-0.2656814
22.96,-0.2755109,10.48201,-0.4105547,0.1373181,0.1479532,-0.2130008
22.98,-0.07269683,10.47309,-0.2767393,0.1222624,0.1218675,-0.2027088
23.00,-0.2060593,10.59693,-0.409863,0.09654535,0.1291182,-0.218484
23.02,-0.0426001,10.70602,-0.2486904,0.07494692,0.130573,-0.1992291
23.04,-0.1164943,10.87073,-0.2191148,0.07924124,0.1522518,-0.1613094
23.06,-0.1418505,10.86492,-0.1503753,0.09355453,0.1915083,-0.1070024
23.08,-0.09492881,10.8035,-0.05510284,0.1076766,0.226256,-0.031525
23.10,-0.02651947,10.85174,-0.0173689,0.1039261,0.239049,0.05680793
23.12,0.006315597,11.07829,-0.002403019,0.1040101,0.2391424,0.1540808
23.14,-0.06161708,11.31602,0.02461885,0.1177994,0.2423788,0.2343963
23.16,-0.05027953,11.64525,0.09296156,0.1398812,0.2606015,0.3063419
23.18,-0.000131795,11.77989,0.1177947,0.131075,0.2738383,0.3662117
23.20,0.08108246,11.7541,0.09132116,0.03746818,0.2695332,0.4300245
23.22,0.1261259,11.87624,-0.1267722,-0.09647974,0.2705585,0.4724824
23.24,0.1909808,12.19061,-0.2114085,-0.194681,0.2842352,0.4596953
23.26,-0.2297992,13.06815,-0.2789975,-0.1569192,0.3540055,0.3226186
23.28,-0.4060247,13.93057,-0.1356757,-0.04962537,0.4883366,0.143489
23.30,0.1853915,12.76973,0.1572452,-0.05211876,0.5615051,0.05360094
23.32,1.06115,11.61586,0.1720179,-0.1654233,0.4882901,0.1028974
23.34,1.531074,10.59945,0.05948167,-0.3134809,0.3865966,0.2634852
23.36,1.527047,9.773367,-0.1203349,-0.3973228,0.3635729,0.4629375
23.38,1.58536,9.22437,-0.08887982,-0.3699253,0.3550166,0.588102
23.40,1.958062,8.730582,0.1374129,-0.2436242,0.2997398,0.532025
23.42,2.555139,8.803618,0.2252413,-0.04957575,0.2544113,0.3667315
23.44,3.067235,9.296313,-0.05791431,0.112198,0.2477964,0.1770873
23.46,3.243953,9.759469,-0.3051454,0.1685277,0.2599368,0.01460563
23.48,2.998192,10.12272,-0.5482705,0.1338919,0.3236463,-0.04928095
23.50,2.628095,10.18096,-0.5439264,0.0751544,0.4071195,0.009755256
23.52,2.468452,9.985504,-0.3035612,0.02092755,0.4469649,0.128627
23.54,2.42451,9.756588,0.02395188,-0.008287161,0.4243987,0.2458915
23.56,2.261364,9.765076,0.2930413,0.01253805,0.3559712,0.3226151
23.58,2.085335,9.841837,0.6376784,0.04773416,0.22037,0.3668454
23.60,1.778856,9.730698,0.8682976,0.08420873,0.05787361,0.3732789
23.62,1.511099,9.577081,1.04448,0.106675,-0.136136,0.3341515
23.64,1.366515,9.552311,1.263637,0.111825,-0.385991,0.2776326
23.66,1.402884,9.542205,1.281267,0.1154202,-0.6420759,0.2246782
23.68,1.401231,9.63022,1.088939,0.1184213,-0.8704023,0.175953
23.70,1.246191,9.69865,0.8092998,0.1216292,-1.012097,0.1266183
23.72,1.101142,9.719859,0.6060356,0.1364121,-1.071026,0.08341218
23.74,1.094677,9.631653,0.3768572,0.1370005,-1.065339,0.04703125
23.76,1.173764,9.405193,0.07760829,0.09542178,-0.9969745,0.0224683
23.78,1.407587,9.404833,-0.3088256,0.04028828,-0.8829325,0.01716155
23.80,1.682102,9.478354,-0.9332116,-0.01331464,-0.6464437,0.0356501
23.82,1.803069,9.478263,-1.493938,-0.05634071,-0.2786951,0.04320756
23.84,1.895684,9.384226,-1.754966,-0.09497556,0.1474551,0.0259833
23.86,2.062443,9.323918,-1.692234,-0.1316149,0.5032023,-0.02087109
23.88,2.189837,9.273925,-1.30149,-0.144031,0.6934676,-0.06594826
23.90,2.153248,9.324192,-0.7380312,-0.1091046,0.7226371,-0.08715373
23.92,1.987045,9.432858,-0.2672707,-0.01686496,0.6539341,-0.07225761
23.94,1.799755,9.629092,0.03776334,0.09707765,0.5432087,-0.03923945
23.96,1.63569,9.831057,0.2143223,0.1808918,0.406831,-0.02093613
23.98,1.581826,9.915821,0.2816808,0.1953959,0.2259212,-0.03317777
24.00,1.601762,9.868059,0.3015718,0.14508,0.03887736,-0.06796329
24.02,1.635817,9.808477,0.2122257,0.09954114,-0.1088352,-0.08712838
24.04,1.657949,9.803569,0.1048264,0.07841459,-0.1976379,-0.07748517
24.06,1.617695,9.785635,-0.03250784,0.08134769,-0.2383813,-0.05566884
24.08,1.57613,9.763826,-0.1857536,0.07909484,-0.2351028,-0.03596935
24.10,1.54857,9.696142,-0.3816146,0.05572563,-0.1869382,-0.02477027
24.12,1.556325,9.631013,-0.5156645,0.01664293,-0.111153,-0.03412079
24.14,1.64376,9.640266,-0.5830713,-0.01472787,-0.02211752,-0.05259664
24.16,1.680445,9.659441,-0.6194683,-0.03172489,0.07153589,-0.07774622
24.18,1.661752,9.64712,-0.5941805,-0.05096465,0.1494686,-0.09420951
24.20,1.610145,9.668343,-0.5543635,-0.07751052,0.1924008,-0.103044
24.22,1.537173,9.66412,-0.4841407,-0.1060207,0.2019724,-0.09599469
24.24,1.516191,9.634039,-0.3717689,-0.09754032,0.1915748,-0.09345728
24.26,1.587207,9.628149,-0.2188172,-0.06309132,0.1562115,-0.09628881
24.28,1.622839,9.657393,-0.134997,-0.0163133,0.09677172,-0.09784434
24.30,1.637582,9.693686,-0.1276316,0.01421587,0.01670298,-0.09880634
24.32,1.658705,9.733961,-0.1698729,0.02263401,-0.06469958,-0.08496814
24.34,1.621966,9.840205,-0.2466125,0.03421342,-0.1174893,-0.06127502
24.36,1.595446,9.914738,-0.3408447,0.04911883,-0.1281851,-0.03194546
24.38,1.603073,9.933552,-0.3858423,0.05786767,-0.124505,-0.006809246
24.40,1.627678,9.928329,-0.4059722,0.05615216,-0.1150045,0.01662309
24.42,1.59443,9.877896,-0.3954312,0.04708905,-0.1044604,0.03349462
24.44,1.50212,9.818,-0.3868933,0.03962366,-0.08841333,0.04513004
24.46,1.428363,9.802222,-0.3611289,0.03716683,-0.08044375,0.05473822
24.48,1.390486,9.761538,-0.3244565,0.03716226,-0.07977837,0.05459708
24.50,1.405953,9.700688,-0.3321355,0.03938396,-0.0883359,0.04858217
24.52,1.393907,9.633278,-0.3447673,0.04778599,-0.08568696,0.03693035
24.54,1.368186,9.626499,-0.3635117,0.05910447,-0.07722977,0.02732502
24.56,1.351848,9.628402,-0.4025767,0.06630086,-0.06647445,0.02286644
24.58,1.35529,9.609384,-0.42978,0.07157465,-0.04808067,0.01213125
24.60,1.396146,9.574618,-0.4044961,0.07595633,-0.03444061,-0.0006414096
24.62,1.470408,9.573688,-0.3826163,0.08460308,-0.02958509,-0.00854615
24.64,1.484336,9.59055,-0.3677073,0.08928862,-0.03401027,-0.008244996
24.66,1.489918,9.739848,-0.3677553,0.08594393,-0.05600886,-0.009020662
24.68,1.50109,9.832412,-0.449003,0.05053231,-0.07374243,-0.01633001
24.70,1.525177,9.832526,-0.5914702,0.004766988,-0.06363308,-0.02450703
24.72,1.549973,9.831547,-0.6511168,-0.02918033,-0.0322,-0.02732186
24.74,1.537299,9.851782,-0.6492498,-0.03820722,-0.005041983,-0.02362318
24.76,1.524977,9.873808,-0.6088127,-0.03329497,0.001167422,-0.009164913
24.78,1.48865,9.89185,-0.5812316,-0.02425686,-0.000906636,0.01424746
24.80,1.46795,9.82775,-0.571005,-0.01617768,-0.008860541,0.02520055
24.82,1.466478,9.72946,-0.5297377,-0.00385758,-0.01991263,0.02439944
24.84,1.441872,9.629532,-0.5212711,9.304576e-05,-0.03013279,0.01783706
24.86,1.448109,9.61509,-0.5377799,0.005390191,-0.03434961,0.008206173
24.88,1.464523,9.607295,-0.5475769,0.01725709,-0.03395953,-0.005064596
24.90,1.453089,9.652461,-0.5369196,0.02542372,-0.0277308,-0.01426952
24.92,1.416872,9.646139,-0.5385303,0.02229301,-0.01501288,-0.02254913
24.94,1.427704,9.660875,-0.5168943,0.01284299,-7.005504e-05,-0.03069814
24.96,1.458139,9.681091,-0.4826733,-0.001149284,0.01358461,-0.03520684
24.98,1.496336,9.724429,-0.4521534,-0.01167427,0.01631392,-0.03555373
25.00,1.499335,9.747108,-0.4480777,-0.01739874,0.0134825,-0.02516514
25.02,1.483282,9.786736,-0.4733032,-0.02431242,0.009360103,-0.01046987
25.04,1.46985,9.772325,-0.5076516,-0.03035508,0.009116895,0.003920543
25.06,1.466641,9.753964,-0.506461,-0.03000278,0.0068415,0.01226584
25.08,1.444937,9.701203,-0.4994802,-0.02702062,0.00418888,0.01348475
25.10,1.455931,9.687573,-0.4703128,-0.02298229,-0.005528629,0.008206586
25.12,1.467927,9.708702,-0.4851952,-0.01562921,-0.01565959,0.006264757
25.14,1.443008,9.84868,-0.4973144,0.005048245,-0.01551288,-0.002710782
25.16,1.39595,9.821722,-0.4758922,0.01418714,-0.01850579,-0.02890664
25.18,1.526041,9.681939,-0.4260105,-0.0003599388,-0.05382957,-0.05712695
25.20,1.602781,9.594753,-0.4555816,-0.0182203,-0.09401879,-0.07370199
25.22,1.563288,9.629379,-0.5103216,-0.01861642,-0.1089914,-0.08161429
25.24,1.553745,9.744102,-0.5590464,-0.003700507,-0.1046825,-0.07000422
25.26,1.509393,9.833243,-0.5953637,0.005977263,-0.09194408,-0.04288397
25.28,1.45775,9.787792,-0.6160548,0.005367653,-0.0824979,-0.01201493
25.30,1.403671,9.67807,-0.562848,-0.003542707,-0.07504414,0.007425415
25.32,1.409915,9.582248,-0.4922341,-0.002840897,-0.07145823,0.004745494
25.34,1.410246,9.520468,-0.4283427,0.0110648,-0.07161779,-0.01986533
25.36,1.464968,9.529867,-0.3587656,0.03921099,-0.0647295,-0.0490087
25.38,1.488095,9.557237,-0.3077637,0.06753547,-0.05501496,-0.07338914
25.40,1.461908,9.585636,-0.2422202,0.08073226,-0.04780589,-0.08845969
25.42,1.39213,9.543964,-0.2274748,0.06706757,-0.05625686,-0.09226198
25.44,1.322775,9.550209,-0.2397434,0.02832736,-0.06754749,-0.08577231
25.46,1.333689,9.595578,-0.242141,-0.01317316,-0.08492748,-0.08210653
25.48,1.342863,9.641255,-0.2897524,-0.04411799,-0.09412589,-0.08536416
25.50,1.338272,9.683951,-0.336871,-0.05968922,-0.1027836,-0.08828376
25.52,1.3451,9.715506,-0.3737219,-0.06637608,-0.104989,-0.09096996
25.54,1.344665,9.743333,-0.4125966,-0.07319035,-0.106849,-0.1008602
25.56,1.366221,9.694299,-0.4709561,-0.09205858,-0.1118565,-0.1092941
25.58,1.377091,9.587799,-0.5021338,-0.110368,-0.1222499,-0.1129876
25.60,1.425807,9.520164,-0.5214934,-0.1172425,-0.1328203,-0.1265447
25.62,1.479262,9.461707,-0.5651203,-0.1030647,-0.1355699,-0.1379074
25.64,1.526314,9.508056,-0.6682749,-0.06763867,-0.1024231,-0.1300752
25.66,1.488052,9.403132,-0.7076042,-0.04477288,-0.04275512,-0.1208116
25.68,1.534455,10.00755,-0.9074252,-0.02914677,0.01698141,-0.07900467
25.70,1.431146,9.85379,-0.9648764,-0.0683076,0.06536243,-0.02627022
25.72,1.400241,9.913527,-0.8550293,-0.09505855,0.1228669,0.004827437
25.74,1.472159,9.776813,-0.6901025,-0.09594169,0.180381,0.005574513
25.76,1.527243,9.68284,-0.5467163,-0.1105417,0.1993343,-0.002317119
25.78,1.546315,9.794698,-0.5073808,-0.1404435,0.1887385,-0.01211455
25.80,1.584726,9.843784,-0.5395168,-0.1283315,0.2325542,-0.03179098
25.82,1.593828,9.9145,-0.5494668,-0.09968172,0.3002444,-0.04762405
25.84,1.622113,9.928436,-0.4830821,-0.0867277,0.3515399,-0.06604967
25.86,1.646987,9.948425,-0.4309569,-0.05855559,0.3961228,-0.08826602
25.88,1.661605,9.989287,-0.3583056,-0.002726473,0.4366882,-0.1231843
25.90,1.728686,10.19024,-0.1890351,0.06628973,0.4458077,-0.1673014
25.92,1.713647,10.33667,-0.1263108,0.1164099,0.4503106,-0.2034701
25.94,1.594765,10.3107,-0.1335721,0.131005,0.4351885,-0.2374449
25.96,1.530687,10.53644,-0.05431197,0.1445439,0.4024569,-0.278845
25.98,1.454128,11.01546,0.1513713,0.2019994,0.3522283,-0.3302751
26.00,1.234161,11.7306,0.274268,0.2698767,0.3113861,-0.3709829
26.02,0.8952225,12.1751,0.2022024,0.2900604,0.2895549,-0.3809847
26.04,0.658137,12.45302,0.1494994,0.2303621,0.2561233,-0.3604674
26.06,0.530557,12.72531,0.1383256,0.1093762,0.1843457,-0.3088367
26.08,0.5301025,12.70391,0.1402146,-0.05418439,0.06773941,-0.2180787
26.10,0.6095531,12.58672,0.2131049,-0.2069795,-0.09792641,-0.1042353
26.12,0.5318794,12.54693,0.2391098,-0.3042348,-0.2430579,0.003237766
26.14,0.357264,12.58807,0.2129387,-0.3211829,-0.3196917,0.09870873
26.16,0.188573,12.61259,0.1072018,-0.2797866,-0.3278258,0.1952393
26.18,0.1554771,12.43922,0.01221641,-0.2250396,-0.3056577,0.267523
26.20,0.3269333,12.25255,0.05928266,-0.1902959,-0.3180963,0.3087871
26.22,0.4827513,11.9018,0.0180183,-0.2009387,-0.3530225,0.3328421
26.24,0.5238872,11.46687,-0.07922333,-0.2433942,-0.3715234,0.3431095
26.26,0.487188,11.06903,-0.1912792,-0.293265,-0.3588234,0.350515
26.28,0.4437634,10.65856,-0.3131219,-0.3239154,-0.3063868,0.3521206
26.30,0.4247924,10.30379,-0.3625985,-0.3295708,-0.2172691,0.3566766
26.32,0.4385436,9.842814,-0.3845049,-0.3157307,-0.1251498,0.3594729
26.34,0.5248877,9.463086,-0.3192176,-0.2882474,-0.05763774,0.3530843
26.36,0.5547162,9.16982,-0.2005589,-0.2507645,-0.03131137,0.3201459
26.38,0.5761965,9.041765,-0.09963451,-0.1831255,-0.03976481,0.2713036
26.40,0.5468023,9.016593,-0.0841407,-0.09574898,-0.03793467,0.2176379
26.42,0.4572246,8.881732,-0.1439126,-0.02843173,-0.01442357,0.1871262
26.44,0.4504488,8.628331,-0.1990307,-0.001377502,0.01128548,0.1772256
26.46,0.5335166,8.389193,-0.1564783,-0.008564999,0.009331537,0.1769698
26.48,0.6429842,8.108934,-0.09650625,-0.02811124,-0.01126123,0.1733951
26.50,0.6931054,7.852723,-0.0592455,-0.03591555,-0.02942952,0.157421
26.52,0.7092153,7.741763,-0.01309483,-0.003947509,-0.0184054,0.1312982
26.54,0.7580281,7.761588,0.04411303,0.07174566,0.001749201,0.09463966
26.56,0.8487762,7.885605,0.1268677,0.1601498,0.002957288,0.05696233
26.58,0.9391631,8.12464,0.1954707,0.2400138,-0.01975317,0.01833243
26.60,1.017207,8.321722,0.2286315,0.2952797,-0.06561617,-0.01731217
26.62,1.087757,8.472772,0.1975693,0.3292856,-0.09979186,-0.04441795
26.64,1.076992,8.657038,0.1305454,0.3456124,-0.1094491,-0.0588319
26.66,1.092838,8.814787,0.1100223,0.3401012,-0.1055772,-0.05410975
26.68,1.204988,8.827641,0.05813301,0.2964594,-0.08567846,-0.03336033
26.70,1.214702,8.767025,0.002753069,0.2153996,-0.07060095,0.000457791
26.72,1.188539,8.738606,-0.04875116,0.1195471,-0.08006763,0.04736698
26.74,1.296821,8.86946,-0.09376078,0.05179246,-0.09529915,0.1021451
26.76,1.386503,8.744286,-0.1533595,0.01445555,-0.08260566,0.163592
26.78,1.377446,8.471276,-0.2198965,-0.004837641,-0.0407923,0.223164
26.80,1.326695,8.213263,-0.3133041,-0.0300287,0.02783493,0.2774651
26.82,1.320007,8.079856,-0.3853848,-0.06462315,0.09917522,0.2965331
26.84,1.369283,8.058761,-0.3543636,-0.0903519,0.1482036,0.2706792
26.86,1.442725,8.094439,-0.2603596,-0.08127788,0.1717433,0.2035796
26.88,1.496584,8.243809,-0.1174811,-0.02732348,0.1832257,0.1070938
26.90,1.526063,8.546036,0.003493412,0.05688475,0.1879033,0.01005954
26.92,1.464829,8.850965,0.003796161,0.11614,0.1852057,-0.05518479
26.94,1.394107,9.102997,-0.04752934,0.1256873,0.16326,-0.08992916
26.96,1.361298,9.415802,-0.1241711,0.1018484,0.139144,-0.1052216
26.98,1.403363,9.743134,-0.111317,0.0869619,0.1116557,-0.1074191
27.00,1.474025,9.953434,-0.1042849,0.0717762,0.1015892,-0.1000459
27.02,1.511923,9.954855,-0.1453484,0.04343051,0.09971164,-0.06989844
27.04,1.52654,9.979963,-0.1791169,0.001874565,0.09379354,-0.02282095
27.06,1.532001,10.16875,-0.2158228,-0.03621959,0.09299639,0.02480152
27.08,1.490518,10.37919,-0.3042526,-0.06607602,0.09649561,0.05285249
27.10,1.528482,10.43151,-0.3068488,-0.09447219,0.0755387,0.05314052
27.12,1.623429,10.22585,-0.2479623,-0.1241332,0.02988917,0.04893111
27.14,1.633967,9.901463,-0.2697332,-0.1490209,-0.0115616,0.05044471
27.16,1.55765,9.67331,-0.2929324,-0.1541435,-0.02477418,0.04690337
27.18,1.51255,9.437466,-0.3439976,-0.1356208,-0.008643211,0.02605891
27.20,1.570441,9.20421,-0.2959778,-0.1016648,-0.008354948,-0.01956878
27.22,1.683841,9.081069,-0.1776749,-0.0561151,-0.04708919,-0.08411592
27.24,1.734808,9.086698,-0.1128025,0.01041855,-0.1025897,-0.1401884
27.26,1.710533,9.229049,-0.1294101,0.08421537,-0.1425419,-0.1782305
27.28,1.600693,9.437407,-0.1642983,0.1537658,-0.1488599,-0.1870794
27.30,1.495846,9.573279,-0.2240922,0.1951749,-0.1384104,-0.1738791
27.32,1.484701,9.662126,-0.2422668,0.2078849,-0.1237322,-0.1567965
27.34,1.490603,9.756957,-0.1967242,0.2018045,-0.1231536,-0.1390889
27.36,1.484852,9.846489,-0.2144207,0.1814337,-0.1062869,-0.1225056
27.38,1.427114,9.912502,-0.2721731,0.1474001,-0.07322188,-0.1066914
27.40,1.400063,9.990175,-0.2796271,0.1094581,-0.03998632,-0.08773984
27.42,1.404996,9.983232,-0.2790538,0.07349266,-0.01272264,-0.0714735
27.44,1.397641,9.948978,-0.255316,0.04027675,0.01283862,-0.06430751
27.46,1.427467,9.8971,-0.2086897,0.01258858,0.02677605,-0.06438973
27.48,1.449542,9.799182,-0.1812384,-0.01007919,0.02398656,-0.06296153
27.50,1.439706,9.772569,-0.1823822,-0.03068782,0.01394693,-0.05698954
27.52,1.425694,9.770573,-0.2034937,-0.04380398,0.004494933,-0.0347582
27.54,1.420739,9.803207,-0.2496913,-0.04317117,0.006601018,0.003502567
27.56,1.402368,9.810273,-0.2569975,-0.02779037,0.01290366,0.04718464
27.58,1.430953,9.863654,-0.1964437,0.004272578,0.01191728,0.076227
27.60,1.437839,9.859404,-0.1961894,0.03786268,0.01701771,0.08556458
27.62,1.401947,9.756079,-0.2149538,0.06031381,0.03785188,0.05712377
27.64,1.512384,9.598088,-0.1513204,0.05563653,0.03296123,0.007215454
27.66,1.581874,9.478052,-0.07806456,0.02865826,-0.006847552,-0.04212892
27.68,1.649422,9.599719,-0.0281316,0.007469453,-0.07258275,-0.06713668
27.70,1.562653,9.787289,-0.1071833,0.0001269334,-0.1000201,-0.0554218
27.72,1.441386,9.873333,-0.1869368,-0.007616607,-0.1002471,-0.007356413
27.74,1.376277,9.835228,-0.2474275,-0.01519049,-0.09013578,0.0503202
27.76,1.286186,9.816554,-0.2999916,-0.02969093,-0.07293269,0.09279314
27.78,1.340626,9.770556,-0.2865885,-0.0402675,-0.06701044,0.1109285
27.80,1.380415,9.708968,-0.2782525,-0.04438131,-0.07052932,0.1043965
27.82,1.408414,9.673164,-0.3013246,-0.04131929,-0.06900129,0.08289389
27.84,1.364864,9.593933,-0.3513325,-0.03450986,-0.04736556,0.05840991
27.86,1.363833,9.582922,-0.3278551,-0.01948232,-0.02612648,0.03345859
27.88,1.393411,9.613594,-0.2850692,-0.002961991,-0.01253251,0.006181083
27.90,1.42222,9.628748,-0.2633189,0.007820157,-0.01677756,-0.01785832
27.92,1.423469,9.690912,-0.2465365,0.01067043,-0.02933254,-0.0322226
27.94,1.381175,9.792132,-0.2895278,0.01261121,-0.04742409,-0.03369873
27.96,1.356566,9.829796,-0.334287,0.006869684,-0.05222299,-0.02026983
27.98,1.353529,9.843675,-0.3376404,0.003237773,-0.04703073,0.003368277
28.00,1.391822,9.819099,-0.3222156,0.001361511,-0.03877376,0.02436025
28.02,1.452804,9.756256,-0.3161327,0.002269942,-0.03225755,0.03162411
28.04,1.506145,9.725954,-0.3250133,0.005445496,-0.02284811,0.02415551
28.06,1.502623,9.737993,-0.3394324,0.002782932,-0.008209223,0.01174274
28.08,1.490703,9.738811,-0.3692676,-0.01800013,0.005153254,0.008516989
28.10,1.499593,9.713683,-0.3882746,-0.04766212,0.01464515,0.01016065
28.12,1.51022,9.719717,-0.380405,-0.07061464,0.0226992,0.01126175
28.14,1.502268,9.703875,-0.3496946,-0.07469393,0.02802031,0.006849312
28.16,1.487566,9.699718,-0.3065853,-0.06457498,0.02927297,-0.001487005
28.18,1.475495,9.639829,-0.2602314,-0.04590248,0.0202316,-0.0172236
28.20,1.498038,9.61835,-0.2208064,-0.02998471,0.0004222757,-0.02771754
28.22,1.481276,9.616098,-0.2365018,-0.02021168,-0.02535779,-0.02842927
28.24,1.447002,9.676782,-0.2487662,-0.02135558,-0.04471668,-0.01996918
28.26,1.426045,9.694332,-0.2895352,-0.03008831,-0.05867554,-0.007892257
28.28,1.420631,9.765968,-0.3221422,-0.02644778,-0.05854015,0.008341583
28.30,1.428116,9.775019,-0.2980811,-0.01221364,-0.04508544,0.01012149
28.32,1.474424,9.663078,-0.2915953,-0.009071913,-0.02655558,0.002283903
28.34,1.469326,9.583559,-0.3331453,-0.02001919,-0.007996133,-0.008916672
28.36,1.454846,9.582178,-0.3566612,-0.0360072,0.002863102,-0.02666754
28.38,1.462004,9.644634,-0.3520254,-0.05078892,0.01318779,-0.04003648
28.40,1.426536,9.674021,-0.3652801,-0.04845665,0.03435104,-0.04167216
28.42,1.378484,9.697145,-0.3436331,-0.0344552,0.06359475,-0.0372028
28.44,1.395269,9.688373,-0.3106257,-0.01214362,0.0819473,-0.02715411
28.46,1.423973,9.727632,-0.2480642,0.01421531,0.08573594,-0.01346721
28.48,1.414376,9.77354,-0.2550903,0.03392278,0.09123718,0.004240565
28.50,1.359921,9.846414,-0.3030776,0.0422463,0.1065859,0.02277105
28.52,1.301114,9.856147,-0.3286747,0.03364345,0.1286612,0.03231576
28.54,1.259482,9.826486,-0.3392301,0.02213775,0.1504011,0.0392732
28.56,1.267338,9.74928,-0.2886324,0.009858153,0.1687489,0.0258913
28.58,1.295557,9.686072,-0.1867458,0.01830103,0.1700385,0.001021898
28.60,1.357114,9.697583,-0.06940967,0.04754461,0.1510688,-0.02649731
28.62,1.380993,9.746726,0.02457633,0.08490125,0.1067877,-0.04868958
28.64,1.337186,9.821218,0.0009964554,0.1051745,0.06791408,-0.05353302
28.66,1.287171,9.862253,-0.08037297,0.09691607,0.04449791,-0.03580499
28.68,1.260306,9.872093,-0.1344545,0.07053015,0.03631544,-0.01287322
28.70,1.302461,9.876266,-0.1326712,0.04318032,0.03067686,0.0179953
28.72,1.341648,9.859405,-0.1458291,0.02256524,0.03083071,0.03411905
28.74,1.368552,9.825754,-0.1382612,0.0103239,0.0364148,0.03340741
28.76,1.393975,9.780793,-0.16192,0.007625537,0.03715905,0.01596881
28.78,1.410338,9.726164,-0.1497397,0.006748452,0.03584808,-0.01796586
28.80,1.43685,9.708676,-0.1525763,0.01212335,0.03320051,-0.04529039
28.82,1.405804,9.763055,-0.1725799,0.01667417,0.03647996,-0.05886496
28.84,1.369611,9.838114,-0.1623972,0.01928367,0.03407162,-0.05979394
28.86,1.363581,9.895404,-0.1627478,0.01347467,0.02346626,-0.04687836
28.88,1.389969,9.881542,-0.1570845,0.007759053,-0.003383853,-0.0379173
28.90,1.440651,9.923588,-0.120593,0.01127007,-0.03404639,-0.02337443
28.92,1.427288,9.831922,-0.1563597,0.002137975,-0.04352783,-0.01552949
28.94,1.460799,9.75879,-0.1991652,-0.03103468,-0.04767289,-0.0001436926
28.96,1.443749,9.740741,-0.2298695,-0.06970645,-0.050028,0.00915233
28.98,1.425729,9.667502,-0.2402863,-0.107548,-0.04282707,0.008736836
29.00,1.444956,9.664425,-0.223268,-0.120058,-0.0365412,0.003023848
29.02,1.442877,9.617167,-0.1903211,-0.1081946,-0.03014449,-0.01267352
29.04,1.4113,9.555929,-0.1780424,-0.09043285,-0.02331617,-0.03215116
29.06,1.429134,9.628195,-0.1483985,-0.05771557,-0.02669064,-0.05744886
29.08,1.435818,9.59208,-0.1462334,-0.03673588,-0.03957027,-0.07376666
29.10,1.406508,9.637741,-0.1557258,-0.02066826,-0.05792058,-0.08334612
29.12,1.385512,9.675392,-0.1468689,-0.0133857,-0.07884641,-0.08319534
29.14,1.376623,9.709103,-0.1402089,-0.003723479,-0.09851377,-0.07551038
29.16,1.34828,9.702291,-0.1617941,0.004492004,-0.1024118,-0.06735664
29.18,1.336514,9.757246,-0.2025616,0.014195,-0.09924035,-0.05320262
29.20,1.321666,9.870117,-0.230478,0.02435044,-0.08608457,-0.03717917
29.22,1.320519,9.888297,-0.265247,0.02091124,-0.0610278,-0.02269515
29.24,1.292161,9.856133,-0.3048809,0.004840402,-0.02778011,-0.01204553
29.26,1.26927,9.822845,-0.3391891,-0.02096838,0.005968018,-0.01097254
29.28,1.288904,9.779269,-0.3229163,-0.03776428,0.03891902,-0.01969946
29.30,1.306072,9.683431,-0.2781562,-0.05031264,0.06743424,-0.03517332
29.32,1.284573,9.618035,-0.2236896,-0.05307309,0.07937134,-0.05454497
29.34,1.24944,9.630389,-0.1664713,-0.04711078,0.07887521,-0.06782704
29.36,1.249054,9.674569,-0.1354669,-0.03565726,0.06874312,-0.07501679
29.38,1.210954,9.744905,-0.1235852,-0.02575382,0.05198313,-0.0709616
29.40,1.149949,9.768929,-0.113978,-0.03408431,0.03656504,-0.06301178
29.42,1.128218,9.737861,-0.05891643,-0.05716674,0.004380366,-0.05638238
29.44,1.085282,9.697783,-0.001097866,-0.08110912,-0.03232339,-0.05507771
29.46,1.065385,9.723369,0.05906665,-0.08425396,-0.0685285,-0.062032
29.48,1.065307,9.723321,0.09781936,-0.07396271,-0.1045085,-0.07658396
29.50,1.111336,9.786209,0.09955883,-0.05135448,-0.1440825,-0.08893839
29.52,1.101049,9.887177,0.04212648,-0.03025559,-0.1669465,-0.0925145
29.54,1.060563,9.896314,-0.003938992,-0.01744539,-0.1717831,-0.08732335
29.56,1.093525,9.906799,-0.009697224,-0.01934128,-0.1700376,-0.0742109
29.58,1.102129,9.81207,0.001643421,-0.02387343,-0.1636456,-0.06805099
29.60,1.122175,9.763033,0.04046576,-0.03203337,-0.1646165,-0.06692505
29.62,1.123083,9.737625,0.04221773,-0.02904243,-0.1685019,-0.07464781
29.64,1.084496,9.78329,0.02090699,-0.01933925,-0.1638813,-0.07979703
29.66,1.058759,9.819089,-0.0003246416,-0.01108785,-0.1437782,-0.07157701
29.68,1.045635,9.859599,-0.02535637,-0.003848414,-0.1201585,-0.05059282
29.70,1.044208,9.892737,-0.02927049,-0.009119508,-0.0945478,-0.03137222
29.72,1.052323,9.885083,-0.0212841,-0.024375,-0.07743592,-0.02150496
29.74,1.052862,9.839488,-0.0188839,-0.04499693,-0.06407432,-0.02229507
29.76,1.051193,9.784869,0.01952478,-0.05388451,-0.05230813,-0.03757754
29.78,1.066749,9.750041,0.06030209,-0.05293489,-0.04744199,-0.05525472
29.80,1.095898,9.71051,0.07103068,-0.05769571,-0.05194858,-0.05844496
29.82,1.077285,9.778854,0.01379497,-0.06354085,-0.05532114,-0.03935429
29.84,1.039218,9.867139,-0.03227121,-0.07935692,-0.05000338,-0.003002343
29.86,1.044642,9.900673,-0.03881244,-0.08951104,-0.03919471,0.03658208
29.88,1.013837,9.88074,-0.08528694,-0.08992292,-0.01930934,0.06486626
29.90,1.009604,9.813945,-0.09129027,-0.08140306,0.01009388,0.06508172
29.92,1.032535,9.721906,-0.03448319,-0.06732674,0.02997062,0.03886
29.94,1.059694,9.681163,-0.00608225,-0.04965522,0.03726101,0.005001344
29.96,1.035985,9.665936,0.01182991,-0.04122587,0.03895847,-0.02035462
29.98,1.006221,9.707951,0.01899269,-0.03075257,0.0393266,-0.02931338
30.00,0.9482062,9.730181,0.04209205,-0.01090506,0.04302153,-0.02230407
30.02,0.9140588,9.758727,0.07071725,0.01638716,0.04865712,-0.01057181
30.04,0.8942488,9.784718,0.1298114,0.03163711,0.04735736,-0.004513842
30.06,0.9006889,9.816683,0.1645559,0.01654329,0.02590619,-0.008676765
30.08,0.9055701,9.832767,0.1508598,-0.01853775,-0.01174932,-0.0148341
30.10,0.8884743,9.826708,0.1472052,-0.05228102,-0.04629212,-0.01921191
30.12,0.901442,9.840784,0.1543149,-0.06377976,-0.07334482,-0.01862074
30.14,0.904104,9.864877,0.1650073,-0.04714674,-0.09146251,-0.01369585
30.16,0.9144477,9.811741,0.167966,-0.02418161,-0.1033888,-0.01532994
30.18,0.9616749,9.810848,0.1792094,-0.01692908,-0.1303841,-0.02116619
30.20,0.9857602,9.858695,0.1421259,-0.02266487,-0.1635987,-0.02982906
30.22,0.9740372,9.918411,0.1003837,-0.03205169,-0.1847778,-0.02573474
30.24,0.9659768,9.938883,0.0325567,-0.02277265,-0.1867171,-0.01502262
30.26,0.936557,9.96629,-0.001545591,0.005323288,-0.1636085,-0.0032793
30.28,0.9582942,10.01371,-0.02095183,0.03198286,-0.1228741,0.002136187
30.30,0.9910218,9.935882,-0.05572522,0.04007427,-0.08725155,0.0007220006
30.32,1.013639,9.896209,-0.04553956,0.02334857,-0.06521179,-0.01131821
30.34,0.9859071,9.790068,-0.05191198,-0.01399931,-0.04239674,-0.01914006
30.36,0.9378214,9.803049,-0.103528,-0.03687302,-0.01643962,-0.01447201
30.38,0.8908517,9.732897,-0.1085821,-0.03817059,0.02527491,0.003533764
30.40,0.9090174,9.706828,-0.01917029,-0.01927403,0.06174362,0.02006289
30.42,0.95157,9.622574,0.05727958,0.01001127,0.07534657,0.02623394
30.44,0.9768214,9.559445,0.1146525,0.03291415,0.06866995,0.02254493
30.46,0.9464369,9.565135,0.1432206,0.0497628,0.0552872,0.01233655
30.48,0.9183099,9.621058,0.185297,0.06566093,0.04624914,-0.00097976
30.50,0.895743,9.658005,0.2013141,0.08170257,0.03711211,-0.01180718
30.52,0.9107302,9.669085,0.2246256,0.08368511,0.02364839,-0.0161118
30.54,0.9115388,9.731562,0.2578174,0.08112251,0.007268042,-0.01319166
30.56,0.896196,9.79279,0.2584315,0.06903511,-0.007095101,-0.003781424
30.58,0.8969631,9.848036,0.2521718,0.05091348,-0.02528091,0.009819709
30.60,0.9047647,9.888926,0.2274143,0.02325739,-0.03863477,0.02523025
30.62,0.889172,9.900138,0.204998,-0.0009384918,-0.0398397,0.04199507
30.64,0.8993781,9.834769,0.2004108,-0.02370286,-0.03897168,0.05078856
30.66,0.9197331,9.809148,0.193612,-0.03965392,-0.03589165,0.0538458
30.68,0.9105542,9.834329,0.1419371,-0.05321879,-0.02806362,0.05965903
30.70,0.8745345,9.836859,0.07643083,-0.06283882,-0.007047137,0.07361812
30.72,0.8505901,9.849293,0.01601459,-0.07115454,0.02902704,0.08840606
30.74,0.8319556,9.821212,0.02405818,-0.07155818,0.06514256,0.07892204
30.76,0.8951291,9.674236,0.116467,-0.07032762,0.08154509,0.04507109
30.78,0.9786401,9.52679,0.1754824,-0.06991355,0.06808766,-0.003710662
30.80,0.954518,9.566121,0.1978395,-0.06561284,0.04460834,-0.04398907
30.82,0.8785164,9.72521,0.1395348,-0.04951601,0.03007035,-0.05897789
30.84,0.8368475,9.878462,0.09581202,-0.03388172,0.02149329,-0.03894008
30.86,0.8257495,9.963334,0.0820623,-0.01996589,0.01740021,-0.0003578564
30.88,0.8678278,9.924113,0.08972999,-0.01559462,0.008306546,0.03563049
30.90,0.9292531,9.83732,0.1055314,-0.01867507,-0.001322328,0.0489031
30.92,0.9653735,9.769542,0.1048479,-0.01766474,-0.01134123,0.03411623
30.94,0.9921224,9.717128,0.1185667,-0.0188564,-0.01896774,-0.002751058
30.96,1.021883,9.739861,0.1051197,-0.008377403,-0.02735765,-0.0411415
30.98,1.00249,9.790574,0.06240915,-0.003279348,-0.02270414,-0.04998102
31.00,0.9409422,9.839787,-0.01990489,-0.009238559,0.0007749015,-0.03412865
31.02,0.9027785,9.87204,-0.05924004,-0.01673085,0.03039363,-0.003148247
31.04,0.9281863,9.841818,-0.02048105,-0.01458228,0.05754034,0.01069468
31.06,0.9861255,9.764478,0.05246055,0.005487756,0.07303813,0.0006966974
31.08,1.029188,9.728411,0.1193457,0.02744655,0.07379965,-0.02754552
31.10,0.9935701,9.717254,0.1316697,0.03036738,0.07492647,-0.0628904
31.12,0.9619628,9.716233,0.120126,0.01777513,0.07050522,-0.07823984
31.14,0.9463345,9.730772,0.126094,0.002347153,0.06272652,-0.07752868
31.16,0.9569957,9.780993,0.1668757,0.0004898009,0.05193765,-0.05895752
31.18,0.9737462,9.808848,0.2297862,0.01919722,0.0371851,-0.0424104
31.20,0.9939373,9.809063,0.2626719,0.04704625,0.02367452,-0.02893573
31.22,0.9917677,9.805749,0.2572138,0.05850117,0.009282993,-0.02210022
31.24,0.9960566,9.800882,0.2299982,0.0472982,-0.002932233,-0.01784434
31.26,0.9749727,9.786468,0.1848879,0.02543541,-0.005370225,-0.02000281
31.28,0.9926473,9.777344,0.1951378,0.01151829,0.001375925,-0.01947761
31.30,1.015966,9.782721,0.2028548,0.009043561,0.01151902,-0.01748824
31.32,1.018293,9.816697,0.2159314,0.02233838,0.02568831,-0.01820856
31.34,1.016621,9.822401,0.2471317,0.02682751,0.03449224,-0.0180968
31.36,0.9981057,9.837814,0.2213203,0.01814777,0.039938,-0.01594671
31.38,0.9645454,9.87219,0.1784671,-0.01159675,0.04822904,-0.008299126
31.40,0.9356971,9.885614,0.1708171,-0.03375827,0.05363804,0.005447122
31.42,0.9413387,9.887129,0.1929903,-0.03906266,0.06328255,0.02112111
31.44,0.9555179,9.871113,0.2100574,-0.02988905,0.07085009,0.03424251
31.46,0.9149737,9.817871,0.1983916,-0.02595159,0.07800803,0.04130596
31.48,0.9016408,9.781587,0.184839,-0.0367722,0.07950259,0.03618682
31.50,0.9099383,9.756247,0.1881473,-0.04624202,0.07583761,0.02191745
31.52,0.9203039,9.743701,0.2344222,-0.04421207,0.06037714,0.004360241
31.54,0.9232034,9.738865,0.2666559,-0.03174688,0.04299748,-0.006511503
31.56,0.9152161,9.782005,0.2608235,-0.01927715,0.01998173,-0.0007359405
31.58,0.875204,9.795197,0.1980547,-0.02326067,0.009655896,0.01282209
31.60,0.866115,9.807009,0.1600185,-0.02928688,-0.002012097,0.02886491
31.62,0.8912374,9.819839,0.1806647,-0.02424903,-0.008923283,0.03323856
31.64,0.916122,9.756057,0.1904547,-0.01337628,-0.01301182,0.02409122
31.66,0.9401484,9.703938,0.2073115,-0.003764587,-0.01709705,0.007848948
31.68,0.9271165,9.697789,0.1817003,-0.001134847,-0.01749087,-0.01076503
31.70,0.9294888,9.768078,0.1638376,-0.005455151,-0.01831867,-0.0200411
31.72,0.9275422,9.801821,0.1350786,-0.01089768,-0.01860271,-0.01804302
31.74,0.9431967,9.832761,0.1442294,-0.008651815,-0.01405797,-0.002196781
31.76,0.9338939,9.839474,0.1484876,0.002518916,-0.0006342349,0.01311226
31.78,0.9352812,9.803911,0.1636635,0.0089235,0.01268735,0.01949943
31.80,0.9351977,9.738969,0.1766337,0.005266105,0.01348759,0.007523966
31.82,0.962659,9.71059,0.1984769,-0.002484625,0.006952059,-0.01107329
31.84,0.9475489,9.742208,0.2187848,-0.0002491726,-0.001920089,-0.02495911
31.86,0.9473507,9.779682,0.2529385,0.01064045,-0.014781,-0.03322726
31.88,0.9572019,9.821881,0.2473379,0.02973581,-0.02426147,-0.0243714
31.90,0.9197471,9.909317,0.2051665,0.037921,-0.02464805,-0.004890793
31.92,0.8858201,9.878498,0.1669264,0.02687675,-0.01166809,0.009998477
31.94,0.9300764,9.833289,0.175801,0.006615455,-0.01024757,0.01913807
31.96,0.9592004,9.817904,0.1855376,-0.008727246,-0.01414889,0.01315239
31.98,0.9625843,9.814978,0.2009199,-0.008625958,-0.01004432,0.004157635
32.00,0.9575743,9.813696,0.1930052,0.004366209,-0.004535741,-0.001217926
32.02,0.95814,9.798932,0.2002866,0.01738216,0.005030056,-0.003804268
32.04,0.9423596,9.795009,0.1876532,0.01369337,0.01184497,0.001363531
32.06,0.9246684,9.817851,0.1774416,-0.001889924,0.0182759,0.008227611
32.08,0.9140782,9.796407,0.1676969,-0.01710919,0.03314093,0.01234763
32.10,0.9033696,9.794565,0.1647271,-0.02926667,0.05378739,0.01135401
32.12,0.9140464,9.757846,0.1926149,-0.02555836,0.07989796,-0.002340673
32.14,0.9234285,9.667991,0.2418337,-0.02107375,0.09484757,-0.02268061
32.16,0.9192346,9.689022,0.248558,-0.02168177,0.09901553,-0.03928141
32.18,0.9070341,9.700604,0.2759297,-0.03048012,0.09527062,-0.05023007
32.20,0.9030414,9.763512,0.3012789,-0.03326784,0.08180652,-0.05091481
32.22,0.9004856,9.824779,0.3527969,-0.02543413,0.05788397,-0.04385418
32.24,0.9173171,9.869475,0.3836316,-0.01086839,0.03456794,-0.02802039
32.26,0.9221863,9.876343,0.3711316,4.636718e-05,0.001475391,-0.01121423
32.28,0.8956604,9.83258,0.3617544,-0.006295387,-0.02809837,0.0008578448
32.30,0.8755342,9.813127,0.3156375,-0.02296818,-0.0511151,0.01268755
32.32,0.8645035,9.787393,0.2488419,-0.03855071,-0.05801581,0.02047751
32.34,0.8958893,9.790011,0.2504348,-0.03794595,-0.05847107,0.02101943
32.36,0.9303178,9.791613,0.2674651,-0.01793852,-0.05498542,0.01270129
32.38,0.9452867,9.782048,0.2615086,-0.002535323,-0.04592824,-0.000219346
32.40,0.9396201,9.792823,0.2496045,0.002354578,-0.03208755,-0.007548012
32.42,0.9323625,9.833979,0.2228784,-0.009323335,-0.01543146,-0.01219379
32.44,0.9383455,9.851293,0.2218577,-0.02620379,-0.006202007,-0.0144972
32.46,0.9616274,9.871321,0.2378392,-0.03050166,-0.00160311,-0.005011872
32.48,0.9366767,9.942112,0.2260521,-0.01925071,0.007928747,0.0096536
32.50,0.8856246,9.92874,0.2421227,-0.01755802,0.02220812,0.02130247
32.52,0.9062326,9.817845,0.2276211,-0.02716609,0.02562337,0.02502006
32.54,0.9230763,9.775153,0.2438688,-0.04107779,0.01765399,0.02391853
32.56,0.9035875,9.758873,0.2522595,-0.04031987,0.00765576,0.01729352
32.58,0.909849,9.746574,0.2690777,-0.0185545,1.401434e-06,0.01091704
32.60,0.9055749,9.739805,0.2856929,0.009740255,-0.01128851,0.004342492
32.62,0.8833156,9.702219,0.2645688,0.0248489,-0.01763819,0.003324683
32.64,0.8875965,9.721828,0.2524786,0.02445106,-0.01973279,0.006778286
32.66,0.9220957,9.777826,0.2645013,0.01870121,-0.02523111,0.006622775
32.68,0.9369837,9.753286,0.2870496,0.00785253,-0.02659221,0.002116633
32.70,0.9206594,9.756475,0.2831509,0.001846032,-0.02538961,-0.002044026
32.72,0.9181758,9.776493,0.2799877,0.002049718,-0.01499951,-0.0009896748
32.74,0.9292551,9.811776,0.25808,-0.0003037927,-0.001902707,0.003145019
32.76,0.9260928,9.781951,0.2502906,-0.003095822,0.01104235,0.007740416
32.78,0.941156,9.756961,0.2759663,-0.005494546,0.01979201,0.005697811
32.80,0.9785544,9.757036,0.3118027,0.005081569,0.02121105,8.251689e-05
32.82,1.006679,9.782146,0.358158,0.01865262,0.01869971,-0.00804699
32.84,0.9830223,9.805787,0.3414248,0.0218666,0.01389015,-0.003200727
32.86,0.9503248,9.831667,0.3161283,0.01252915,0.01073785,0.01286939
32.88,0.9364748,9.83355,0.2958836,0.001192742,0.01283204,0.02961318
32.90,0.9286196,9.827399,0.3077439,-0.009114739,0.0203235,0.03540406
32.92,0.9367735,9.754981,0.3059427,-0.01934605,0.02351111,0.02771118
32.94,0.9518026,9.74543,0.3459279,-0.02036745,0.01785769,0.01126654
32.96,0.9375067,9.762815,0.3460262,-0.01252273,0.01538273,-0.001194185
32.98,0.9329803,9.774379,0.3705226,-0.003306899,0.01013726,-0.01177572
33.00,0.9411507,9.774484,0.358815,-0.002587541,0.0003841605,-0.007754967
33.02,0.9026824,9.782752,0.3348749,-0.01229848,-0.004395252,0.001146335
33.04,0.8906494,9.762425,0.3587769,-0.01292943,-0.009394379,0.004648086
33.06,0.9175371,9.76473,0.3883193,-0.001623838,-0.02180644,-0.0009066387
33.08,0.9366784,9.810987,0.3881552,0.01340506,-0.03879203,-0.005883841
33.10,0.8776634,9.786723,0.3405249,0.01244136,-0.03465173,-0.009192778
33.12,0.8928971,9.760887,0.3080812,-0.00501958,-0.03579586,-0.006272004
33.14,0.8996686,9.788167,0.2714645,-0.02742527,-0.03174466,-0.001669127
33.16,0.9291448,9.824405,0.3019428,-0.0259372,-0.03019232,-0.002155106
33.18,0.9627306,9.850458,0.3291137,-0.005878651,-0.0276562,-0.005864295
33.20,0.956898,9.859464,0.3129949,0.009941986,-0.02383788,-0.00295334
33.22,0.9286093,9.840673,0.276563,0.004238628,-0.008998751,0.002343199
33.24,0.9370829,9.819963,0.2458924,-0.01587869,0.004010704,0.007796078
33.26,0.9574528,9.834169,0.2469059,-0.03313288,0.01387076,0.0133482
33.28,0.9405414,9.788275,0.2478691,-0.03554336,0.02843571,0.01171159
33.30,0.9323986,9.769022,0.2752503,-0.02683423,0.03982394,0.008358592
33.32,0.9211513,9.710216,0.2846806,-0.01793376,0.03576889,0.001270651
33.34,0.9349769,9.704937,0.3071232,-0.009280073,0.02514488,-0.009012244
33.36,0.9442065,9.723732,0.3345757,0.002934714,0.008111527,-0.01454777
33.38,0.945471,9.740238,0.3330879,0.02008907,-0.005651512,-0.01431671
33.40,0.9335408,9.777375,0.3390344,0.02980565,-0.01747666,-0.01154562
33.42,0.9452735,9.790572,0.3324366,0.02286607,-0.02444638,-0.006939866
33.44,0.9379129,9.806499,0.3059714,0.008057629,-0.03177398,-0.002946233
33.46,0.9513215,9.808651,0.2990401,-0.000759248,-0.02640891,0.003136844
33.48,0.969703,9.812458,0.3233353,0.001231158,-0.02293919,0.0001595705
33.50,0.987924,9.820649,0.3393396,0.009257076,-0.01683428,-0.008084697
33.52,0.9783853,9.813589,0.3134478,0.01043628,-0.006211598,-0.008217448
33.54,0.9635478,9.798147,0.300896,-0.005294056,0.0006890342,-0.006244549
33.56,0.9704819,9.777134,0.281648,-0.01748133,0.006521955,0.0008814834
33.58,0.9670069,9.790332,0.3057138,-0.01968859,0.01484268,0.00558143
33.60,0.9555271,9.800206,0.3294764,-0.01626578,0.02215668,0.01047159
33.62,0.953773,9.808489,0.3530775,-0.01290855,0.01795347,0.01027793
33.64,0.9635689,9.785804,0.3069519,-0.007979989,0.02198232,0.001884452
33.66,0.9892048,9.750051,0.2798421,-0.009609513,0.02409988,-0.005336356
33.68,0.9814786,9.72311,0.3222375,-0.02078859,0.007679094,-0.008038176
33.70,0.9297371,9.812855,0.3908546,-0.02014695,-0.008683219,-0.01339546
