time_s,ax,ay,az,gx,gy,gz
0.00,1.140455,9.456944,2.599241,-0.1051795,0.1986788,0.1548656
0.02,1.11897,9.257132,2.493244,-0.07558558,0.1592139,0.1446886
0.04,1.056623,9.005136,2.350751,-0.07482321,0.1157561,0.1153599
0.06,1.01534,8.795161,2.328739,-0.0296333,0.09177768,0.06580049
0.08,1.002398,8.716063,2.338594,0.058483,0.07199762,0.008596637
0.10,1.018858,8.882408,2.433109,0.1340727,0.0272325,-0.03901241
0.12,0.958995,9.231831,2.509906,0.1682112,-0.04101346,-0.05544772
0.14,0.8564343,9.495147,2.463607,0.1710102,-0.07779837,-0.03844017
0.16,0.8104561,9.613425,2.368102,0.1792085,-0.07313386,-0.007637637
0.18,0.8735719,9.614448,2.326627,0.1874251,-0.03459553,0.01426956
0.20,0.9579292,9.602201,2.352489,0.1856131,-0.0002784437,0.00151205
0.22,1.052005,9.669226,2.481663,0.1423442,0.01419736,-0.01873344
0.24,1.031344,9.721049,2.473274,0.07062054,0.02376785,-0.05725072
0.26,1.047043,9.598226,2.385362,0.020561,0.03870869,-0.09446691
0.28,1.121002,9.461974,2.394729,0.02950245,0.06108844,-0.1153278
0.30,1.17948,9.374249,2.389086,0.07276932,0.0733084,-0.1222565
0.32,1.243053,9.311347,2.379339,0.1206041,0.05391507,-0.1151387
0.34,1.293019,9.310312,2.424955,0.1558055,0.01253856,-0.09945182
0.36,1.270825,9.340124,2.421173,0.1880628,-0.03285079,-0.07885019
0.38,1.243764,9.33107,2.401753,0.2197911,-0.07083784,-0.05807594
0.40,1.248323,9.346741,2.356932,0.2462059,-0.09718283,-0.04615361
0.42,1.241494,9.364795,2.281282,0.270701,-0.1097701,-0.03991184
0.44,1.238313,9.356499,2.205241,0.2968418,-0.1145184,-0.04660986
0.46,1.222142,9.373593,2.121821,0.3229082,-0.1121613,-0.06026822
0.48,1.148465,9.431813,2.005057,0.3369851,-0.09516633,-0.06973976
0.50,1.059121,9.480397,1.893175,0.3494927,-0.06026956,-0.0758092
0.52,0.9803058,9.558306,1.829952,0.3553245,-0.03465656,-0.07554599
0.54,0.8610568,9.6397,1.729416,0.3404142,0.003643088,-0.07632764
0.56,0.7453073,9.561613,1.559076,0.3108031,0.07039828,-0.08382622
0.58,0.6920986,9.484223,1.439969,0.2871017,0.1551859,-0.1031723
0.60,0.6100689,9.448299,1.377817,0.2710773,0.2442484,-0.1362707
0.62,0.5300071,9.470871,1.345918,0.255439,0.3277512,-0.1721401
0.64,0.4653307,9.509927,1.333096,0.2388812,0.3859737,-0.2007242
0.66,0.4248674,9.581695,1.375115,0.2240599,0.4175932,-0.2166343
0.68,0.3838614,9.696638,1.397229,0.2191244,0.4292244,-0.2092417
0.70,0.2992244,9.860339,1.412768,0.2231925,0.4222353,-0.1947325
0.72,0.2425884,9.943188,1.480054,0.2243822,0.388679,-0.184475
0.74,0.2287263,9.981665,1.536343,0.2033819,0.3298414,-0.1746142
0.76,0.1877493,9.954249,1.512772,0.1608521,0.2605011,-0.1594366
0.78,0.1987402,9.899537,1.432752,0.1051162,0.2024679,-0.1406303
0.80,0.2113707,9.832123,1.324345,0.06215455,0.1731953,-0.1224787
0.82,0.2021112,9.825495,1.243003,0.03948251,0.1707083,-0.1099541
0.84,0.2014862,9.846569,1.202973,0.01559086,0.1781698,-0.1116898
0.86,0.1847431,9.853801,1.131879,-0.01601707,0.1876126,-0.12557
0.88,0.1737125,9.794039,1.157431,-0.04002123,0.1921398,-0.1536827
0.90,0.2089085,9.724906,1.229534,-0.0495257,0.1801899,-0.1812884
0.92,0.2252686,9.682178,1.229847,-0.05558992,0.1437538,-0.2021708
0.94,0.216185,9.704472,1.223586,-0.05516512,0.1040907,-0.204465
0.96,0.2058772,9.790578,1.202807,-0.03822855,0.07083534,-0.1916464
0.98,0.1837023,9.835969,1.176914,-0.01662443,0.04696704,-0.1758203
1.00,0.2190651,9.809575,1.179346,-0.001607364,0.01382877,-0.1639475
1.02,0.246937,9.752578,1.177308,0.007943364,-0.01361687,-0.1622935
1.04,0.2732427,9.735818,1.149434,0.0131102,-0.02857733,-0.1696152
1.06,0.2826193,9.724516,1.113272,0.01689286,-0.03647154,-0.1792129
1.08,0.287942,9.71315,1.110067,0.01196145,-0.04592776,-0.1783783
1.10,0.2745269,9.876641,1.11467,0.01945933,-0.05793416,-0.1613744
1.12,0.2518329,9.985429,1.131289,0.02775826,-0.06933723,-0.1306048
1.14,0.258574,10.01023,1.119559,0.03212234,-0.08791128,-0.1012012
1.16,0.2974531,9.982777,1.135236,0.04558565,-0.10746,-0.07670211
1.18,0.3251806,10.04173,1.129825,0.07408558,-0.111829,-0.05214198
1.20,0.3287724,10.12251,1.100847,0.0951302,-0.1014853,-0.02877997
1.22,0.2519234,10.12553,1.02906,0.07931964,-0.07619848,-0.005741107
1.24,0.192105,10.03375,0.987164,0.04220472,-0.04271396,0.001083491
1.26,0.2175089,9.906483,1.066351,0.02299644,-0.02521942,-0.002628935
1.28,0.2324148,9.921212,1.171748,0.02641733,-0.02818784,-0.009805329
1.30,0.1780391,10.07185,1.226045,0.02538673,-0.06339969,-0.001091182
1.32,0.1210843,10.22879,1.204975,-0.001750762,-0.1201854,0.03655393
1.34,0.009381709,10.2011,1.092845,-0.04426704,-0.1631757,0.09823466
1.36,-0.003955194,10.06466,1.026537,-0.06225323,-0.1788369,0.164262
1.38,0.01706823,9.921906,1.014109,-0.05359849,-0.1713034,0.2138443
1.40,-0.0008751183,9.82213,0.9720231,-0.04301345,-0.162383,0.2349803
1.42,-0.06598208,9.737635,0.8882101,-0.04806237,-0.1399313,0.2340992
1.44,-0.1571984,9.662716,0.8222132,-0.05712252,-0.09835197,0.2111056
1.46,-0.1759195,9.527944,0.8374375,-0.05295005,-0.05065698,0.172053
1.48,-0.1512211,9.364202,0.903573,-0.03872566,-0.01676089,0.1129528
1.50,-0.1416094,9.325177,0.9820889,-0.01996844,-0.01340171,0.05524551
1.52,-0.1489771,9.333879,1.034837,0.001979598,-0.0256432,0.01255989
1.54,-0.2156979,9.476374,1.048527,0.0337705,-0.03502049,-0.01343166
1.56,-0.2454884,9.558069,1.107087,0.07889482,-0.04330524,-0.03190443
1.58,-0.2371946,9.494768,1.216918,0.1164671,-0.07721382,-0.04689605
1.60,-0.1920481,9.511662,1.258278,0.1366597,-0.1403829,-0.05754228
1.62,-0.2023994,9.616088,1.208801,0.1404629,-0.1903662,-0.05544107
1.64,-0.247173,9.704881,1.104764,0.1327931,-0.2047959,-0.04946664
1.66,-0.3068405,9.823574,1.021741,0.1301415,-0.179196,-0.05356213
1.68,-0.343787,9.995801,0.9843854,0.1320391,-0.1298522,-0.07934904
1.70,-0.3168603,10.08139,0.953613,0.1378606,-0.0701424,-0.1223096
1.72,-0.2828074,10.07399,0.9388679,0.1287507,-0.008862268,-0.1703813
1.74,-0.2599268,9.980601,0.9289961,0.09715738,0.04732512,-0.208027
1.76,-0.1924252,9.870462,0.9459836,0.05164329,0.08823252,-0.2255191
1.78,-0.1572629,9.8703,0.9866193,0.01757759,0.1104718,-0.2251016
1.80,-0.1763409,9.910108,1.015964,-0.002728912,0.1236061,-0.2129007
1.82,-0.1667027,9.863412,1.032152,-0.007717575,0.1253996,-0.2002234
1.84,-0.1277792,9.736863,1.050333,-0.000873317,0.1167836,-0.1918878
1.86,-0.09328798,9.63161,1.047654,0.02326447,0.1140638,-0.1785045
1.88,-0.09248298,9.655516,1.036518,0.0417145,0.1198076,-0.1462369
1.90,-0.1582399,9.761049,0.9954746,0.04724776,0.1344924,-0.1053165
1.92,-0.2395971,9.770167,0.9758615,0.03795655,0.1565743,-0.07314778
1.94,-0.2008113,9.731264,1.023916,0.02818686,0.1747267,-0.05737387
1.96,-0.1675147,9.732179,1.103016,0.02025924,0.1855877,-0.06293768
1.98,-0.1683951,9.742181,1.122016,0.007844152,0.1774123,-0.07795776
2.00,-0.1568948,9.750987,1.132174,-0.008355917,0.1581168,-0.09480634
2.02,-0.1400176,9.809837,1.151497,-0.02212291,0.1322286,-0.09663408
2.04,-0.1282937,9.872451,1.133253,-0.02902573,0.1068517,-0.07706302
2.06,-0.09574045,9.873327,1.12333,-0.03117387,0.07871941,-0.04108461
2.08,-0.1184038,9.85613,1.095792,-0.03470616,0.06069839,-0.00679995
2.10,-0.08343466,9.82444,1.076133,-0.03167788,0.04786151,0.0160128
2.12,-0.03309683,9.819298,1.06494,-0.0288142,0.03424012,0.02403083
2.14,-0.02205073,9.791005,1.022384,-0.02432534,0.02400706,0.02854565
2.16,-0.06494571,9.806787,0.9970192,-0.0221887,0.02681578,0.0369847
2.18,-0.1422311,9.85603,0.9560168,-0.03089195,0.03264844,0.06488082
2.20,-0.1737571,9.930056,0.9301606,-0.04046232,0.05002131,0.09417868
2.22,-0.142201,9.94517,0.9465565,-0.03978259,0.07873339,0.1073151
2.24,-0.1315946,9.866637,1.006948,-0.04736309,0.0966042,0.1036734
2.26,-0.1473908,9.795553,1.030807,-0.06768019,0.09068145,0.07868312
2.28,-0.2178261,9.787351,1.050801,-0.0977476,0.06289245,0.05863299
2.30,-0.2934703,9.731562,1.022954,-0.1150314,0.03442775,0.05381939
2.32,-0.2980525,9.707622,1.030216,-0.09978703,0.006521257,0.07087238
2.34,-0.2853228,9.704654,1.052742,-0.06263185,-0.02025208,0.08723689
2.36,-0.2441744,9.678462,1.068333,-0.02445776,-0.06346145,0.08847284
2.38,-0.1821828,9.644768,1.08413,0.005065734,-0.1191717,0.07725283
2.40,-0.1828818,9.687866,1.067176,0.02795006,-0.172401,0.0634244
2.42,-0.2071689,9.812869,1.041236,0.05251187,-0.2063911,0.06069881
2.44,-0.2035452,9.923293,0.9663516,0.06537937,-0.2185831,0.07804573
2.46,-0.1536056,9.914757,0.9140361,0.07224213,-0.2189831,0.1064749
2.48,-0.1040648,9.862494,0.8414977,0.07124843,-0.1866954,0.1303205
2.50,-0.04702001,9.738297,0.8234516,0.07005696,-0.1435032,0.1337571
2.52,-0.01975573,9.679008,0.8190345,0.07642145,-0.09235577,0.1079359
2.54,0.01665238,9.705259,0.8564306,0.08881874,-0.06040922,0.07436493
2.56,0.01448963,9.775058,0.8912998,0.09817597,-0.03794534,0.0558159
2.58,0.0691476,9.82476,0.9359303,0.09688685,-0.03793796,0.05624168
2.60,0.08236196,9.807036,0.9636341,0.08208946,-0.05211988,0.06077329
2.62,0.061615,9.774126,0.9940934,0.06783419,-0.07141933,0.06698021
2.64,0.05799073,9.763394,1.01232,0.05190819,-0.09768262,0.06057024
2.66,0.06795011,9.7055,1.004844,0.04063,-0.1266465,0.04908649
2.68,0.07809792,9.728562,0.9762068,0.03804317,-0.1443019,0.05742347
2.70,-0.003412897,9.894648,0.934451,0.03655309,-0.1510148,0.08215337
2.72,-0.04282783,10.02781,0.8848458,0.02364793,-0.1533401,0.1109967
2.74,-0.04422022,9.99941,0.8370742,-0.0005775215,-0.1480739,0.1270363
2.76,-0.05004121,9.866853,0.8341844,-0.02533607,-0.1446066,0.1300528
2.78,0.04543921,9.714929,0.863228,-0.02799937,-0.1429054,0.1102391
2.80,0.07518274,9.666333,0.8765519,-0.01341191,-0.1521467,0.07905785
2.82,0.0439618,9.663615,0.8636294,0.0002263313,-0.1659381,0.04148534
2.84,0.06678955,9.682927,0.8080028,0.006037427,-0.1667902,0.01653834
2.86,0.08734915,9.683184,0.7437497,0.02107399,-0.1511965,0.007378868
2.88,0.100109,9.747993,0.7890543,0.05026372,-0.1307694,-0.003488104
2.90,0.1301865,9.7586,0.8359414,0.07062149,-0.1194657,-0.02475537
2.92,0.09063586,9.769226,0.7624071,0.0558118,-0.11267,-0.04660767
2.94,0.07819694,9.802598,0.7319417,0.02997153,-0.1009251,-0.04987979
2.96,0.09308161,9.854874,0.7393407,0.0216938,-0.08276695,-0.05835038
2.98,0.1031577,9.920388,0.7326595,0.02674562,-0.05092391,-0.06127814
3.00,0.1012248,9.916293,0.7127659,0.02782146,-0.01722148,-0.06872402
3.02,0.1137308,9.867585,0.7184886,0.01669355,0.01101941,-0.07515211
3.04,0.1363954,9.817415,0.7161656,0.005505773,0.03267519,-0.08567743
3.06,0.1446469,9.820529,0.7520948,0.009131509,0.04700028,-0.09328985
3.08,0.1415628,9.838623,0.7880582,0.01797518,0.05532331,-0.08650054
3.10,0.1365023,9.885901,0.7905159,0.02306443,0.05547094,-0.06751898
3.12,0.131347,9.881302,0.7979434,0.02083586,0.04699785,-0.04316178
3.14,0.1260098,9.921865,0.8152011,0.01739314,0.03578542,-0.02081217
3.16,0.123543,9.909389,0.807516,0.01141305,0.0271106,-0.0116917
3.18,0.1463401,9.909424,0.8096247,0.003795217,0.01650655,-0.01595338
3.20,0.1581454,9.896811,0.8296463,0.003195929,-0.0002882324,-0.02559853
3.22,0.1454842,9.883401,0.8660035,0.00524954,-0.02198545,-0.03255421
3.24,0.1140857,9.818439,0.8428802,-0.002118371,-0.04942035,-0.02568431
3.26,0.09425687,9.756661,0.8200021,-0.009644293,-0.07178053,-0.00912139
3.28,0.07100521,9.768958,0.8051738,-0.003221286,-0.08183909,0.01193203
3.30,0.07408869,9.772012,0.776239,0.01018121,-0.08428602,0.02830373
3.32,0.09858151,9.77992,0.7669036,0.02169039,-0.08276075,0.03460614
3.34,0.08502586,9.776471,0.7361211,0.02519327,-0.0653611,0.03118736
3.36,0.04212804,9.772205,0.703842,0.02044984,-0.04037419,0.02945228
3.38,0.0203553,9.763922,0.7235014,0.01102961,-0.01092539,0.02528251
3.40,0.01431866,9.783921,0.7613295,0.00381732,0.008101808,0.01967048
3.42,-0.001734961,9.771767,0.7839465,-0.002899732,0.01400716,0.009262402
3.44,-0.006983357,9.764863,0.8209461,-0.006733336,0.009225351,-0.002573523
3.46,-0.03756267,9.77555,0.8415702,-0.008309758,-0.01018433,-0.002421549
3.48,-0.08118369,9.799581,0.8551291,-0.01269762,-0.03033139,-0.002551005
3.50,-0.08138018,9.818422,0.821345,-0.01870668,-0.04739314,0.0002483931
3.52,-0.02971646,9.831857,0.8043882,-0.009788617,-0.06021325,0.000294951
3.54,-0.01460967,9.835862,0.8349937,0.01249011,-0.06703985,-0.01168035
3.56,-0.00418339,9.817082,0.8331932,0.02171748,-0.06958797,-0.02032685
3.58,-0.02423652,9.833783,0.73917,0.002175361,-0.06175382,-0.01555768
3.60,-0.06059835,9.867661,0.6441877,-0.02871344,-0.03749934,-0.004785411
3.62,-0.02122657,9.839211,0.6240529,-0.04009996,-0.002944051,-0.0007539337
3.64,0.02695287,9.8055,0.6451681,-0.02438209,0.04041788,-0.008089761
3.66,0.02586634,9.80489,0.6559789,-0.009087376,0.07404479,-0.0189958
3.68,0.01771973,9.791949,0.6667144,-0.01167458,0.09156656,-0.02638914
3.70,0.02310229,9.820435,0.6978482,-0.01775459,0.09322544,-0.03004764
3.72,0.00161677,9.823214,0.7393229,-0.01606638,0.08788861,-0.03094075
3.74,0.01362566,9.785949,0.7679242,-0.008007626,0.0759908,-0.02934662
3.76,0.01346232,9.786986,0.7683442,0.002638821,0.06880008,-0.02234688
3.78,0.02695294,9.804266,0.7951612,0.01199867,0.05258226,-0.01996914
3.80,0.07913934,9.795566,0.8050183,0.01948068,0.0300764,-0.02026402
3.82,0.09959798,9.856615,0.8098821,0.02677563,0.01523378,-0.01555361
3.84,0.04313079,9.852553,0.7722493,0.02974507,0.01666316,-0.01013546
3.86,0.07067116,9.849052,0.7823455,0.02602614,0.0186707,-0.005541675
3.88,0.07572896,9.826173,0.7893485,0.01344995,0.01949272,-0.01020855
3.90,0.1205078,9.77248,0.7997146,0.004848312,0.01258363,-0.01132678
3.92,0.1088396,9.7983,0.8376042,0.007998408,0.001250758,-0.01156077
3.94,0.08616235,9.822855,0.8631939,0.01431488,-0.01135829,-0.005908376
3.96,0.06382359,9.845897,0.8222829,0.01069012,-0.02037314,0.01112612
3.98,0.05292337,9.843293,0.7935663,-0.0004420262,-0.0261119,0.03098277
4.00,0.07093354,9.780224,0.7880669,-0.008594791,-0.0222872,0.03369544
4.02,0.1048383,9.729074,0.8183863,-0.004605781,-0.02293672,0.01980594
4.04,0.109684,9.726748,0.8421554,0.006813496,-0.02737037,-0.001545104
4.06,0.06574861,9.753989,0.8382158,0.01122686,-0.03561911,-0.01876712
4.08,0.04012675,9.839047,0.8058802,0.006283886,-0.04725682,-0.01726909
4.10,0.004483785,9.932068,0.7776859,-0.003606742,-0.04297917,0.00469603
4.12,0.005047214,9.90978,0.7472374,-0.01896687,-0.03213664,0.03498055
4.14,0.05364564,9.83749,0.7621058,-0.02721292,-0.01914844,0.04990653
4.16,0.07026099,9.74681,0.7792013,-0.02457633,-0.00893397,0.03523923
4.18,0.06405474,9.702422,0.800871,-0.02043085,-0.007696305,0.01009284
4.20,0.07182667,9.742676,0.7947497,-0.0101074,-0.01876428,-0.006845965
4.22,0.03633688,9.802141,0.7993378,0.007821742,-0.02328507,-0.008148927
4.24,0.02220422,9.913098,0.8150452,0.02202323,-0.02446315,0.01246871
4.26,0.02877442,9.943075,0.780672,0.009020057,-0.02346385,0.04507522
4.28,0.02526696,9.913363,0.708498,-0.02214627,-0.01700389,0.07053988
4.30,0.0367894,9.837925,0.6994883,-0.04705735,-0.006660078,0.06721257
4.32,0.06609558,9.723429,0.7159716,-0.04294287,0.0108158,0.04092843
4.34,0.08354316,9.674939,0.7578834,-0.01197827,0.01938065,0.005435809
4.36,0.05235352,9.708528,0.7826667,0.01296364,0.02170036,-0.0148306
4.38,-0.004454294,9.756421,0.7715111,0.01492096,0.0145231,-0.01052321
4.40,-0.01758052,9.857607,0.7963642,0.008884069,-0.00278039,0.003647879
4.42,-0.02503598,9.884106,0.8254012,0.00935151,-0.0150154,0.01528958
4.44,0.003234416,9.848864,0.8435668,0.01147238,-0.02895349,0.0123976
4.46,0.02519811,9.835011,0.8330467,0.0126637,-0.04327692,-0.004992369
4.48,0.02832467,9.794833,0.8218338,0.006505911,-0.0568175,-0.02281658
4.50,0.02128565,9.831176,0.7544654,0.00387111,-0.05665246,-0.02096735
4.52,-0.003221057,9.835775,0.6852072,0.0008837366,-0.02846123,-0.008788784
4.54,0.01242911,9.812939,0.6897605,0.005820662,0.008255947,0.001910955
4.56,0.07280806,9.771813,0.7163892,0.01178276,0.03637226,-0.008583918
4.58,0.08530188,9.748644,0.7500529,0.01319464,0.04785664,-0.02874381
4.60,0.07106004,9.753034,0.7866574,0.00530035,0.0465495,-0.05051303
4.62,0.0683642,9.77608,0.7976976,5.214786e-05,0.03636121,-0.05686924
4.64,0.05303357,9.824623,0.8269803,0.00389381,0.02973215,-0.05099841
4.66,0.05390288,9.854214,0.83704,0.008271593,0.01561136,-0.03468761
4.68,0.08175289,9.858518,0.8258222,0.01401934,-0.001153607,-0.0181323
4.70,0.09994299,9.844782,0.8209347,0.0137946,-0.01094282,-0.003910006
4.72,0.1134154,9.799282,0.8071412,0.01788072,-0.0146965,0.00130774
4.74,0.1550826,9.80986,0.7833468,0.02294064,-0.01027568,0.004873462
4.76,0.1417331,9.8152,0.756224,0.02441428,0.005636945,0.002550878
4.78,0.1270984,9.826301,0.7466411,0.02050861,0.02756502,0.001790052
4.80,0.1286662,9.831571,0.773547,0.009172556,0.03836605,-0.006247138
4.82,0.1321494,9.816185,0.8090432,-0.00588269,0.03254254,-0.01212804
4.84,0.1203978,9.802375,0.8439355,-0.01416861,0.01367653,-0.01135553
4.86,0.09095424,9.808497,0.8355711,-0.01187973,-0.003383468,-0.003643555
4.88,0.05735134,9.825421,0.8399292,-0.001408545,-0.01692602,0.01073067
4.90,0.05149963,9.862547,0.8155439,0.004041381,-0.02969909,0.02521275
4.92,0.06931341,9.873195,0.7998105,0.01216801,-0.03806615,0.02650754
4.94,0.07527401,9.839061,0.8148916,0.0179044,-0.04335823,0.01626435
4.96,0.07957777,9.771832,0.8388136,0.00890711,-0.05557539,0.0007279712
4.98,0.07327958,9.803894,0.7917165,-0.008243552,-0.06665549,-0.004051381
5.00,0.0504021,9.835731,0.7280954,-0.02541179,-0.07066463,0.003258154
5.02,0.03786813,9.800626,0.7037495,-0.02304086,-0.06474438,0.02189324
5.04,0.04334113,9.77677,0.7082453,0.001167976,-0.05137148,0.03162865
5.06,0.05164775,9.77081,0.7071121,0.02790602,-0.03673065,0.03923905
5.08,0.04182379,9.789217,0.7173358,0.03195445,-0.02611987,0.02921045
5.10,0.04393228,9.817425,0.7100781,0.01893713,-0.02373359,0.01318884
5.12,0.02775781,9.850938,0.7279832,0.007221691,-0.01665163,0.003038104
5.14,0.008459494,9.836935,0.7291399,-0.004389022,-0.008221127,0.00251101
5.16,0.008733311,9.812413,0.7230479,-0.005969886,-0.004096541,0.006812614
5.18,0.01767044,9.77846,0.7440893,-0.0005250984,-0.004642144,0.008705473
5.20,0.05348342,9.773594,0.7500438,0.01261965,-0.008557724,0.009478733
5.22,0.04744718,9.806534,0.7466146,0.02176432,-0.01089096,0.008985471
5.24,0.03359672,9.816397,0.7396135,0.0299943,-0.004849197,0.004419691
5.26,0.05095361,9.810321,0.7462918,0.02941413,0.0003812416,-0.0009077276
5.28,0.04544497,9.80254,0.7612529,0.02212495,0.005688083,-0.00790293
5.30,0.0485853,9.821788,0.7654349,0.01190377,0.01005051,-0.009735529
5.32,0.03778557,9.824641,0.7608854,0.006461047,0.01210239,-0.01265942
5.34,0.05290978,9.827267,0.765065,0.007248792,0.01340391,-0.008015474
5.36,0.04236808,9.827128,0.741114,0.0129418,0.02388937,0.0004913972
5.38,0.03707674,9.787685,0.7374012,0.01888491,0.03932678,-0.003685555
5.40,0.04672999,9.776904,0.7476545,0.01577646,0.0476085,-0.0157269
5.42,0.07629678,9.768829,0.7566599,0.01095719,0.0550451,-0.02691526
5.44,0.07410704,9.765137,0.7726659,0.005620687,0.06527567,-0.03454431
5.46,0.06197898,9.751846,0.7789143,0.005088053,0.07480934,-0.03604588
5.48,0.07179523,9.709213,0.7792916,0.001293583,0.07625452,-0.032576
5.50,0.1060687,9.708652,0.8112507,0.002877589,0.07210323,-0.03345283
5.52,0.1389683,9.727809,0.8603513,0.0164156,0.05766466,-0.03190333
5.54,0.1505647,9.756481,0.862787,0.03222324,0.04598131,-0.03121033
5.56,0.1539982,9.750778,0.8932273,0.03997981,0.0320789,-0.03061448
5.58,0.1586991,9.789596,0.9311529,0.04371779,0.01509321,-0.03255138
5.60,0.1932991,9.907578,0.9289674,0.04104779,0.0003527414,-0.02315917
5.62,0.1527355,10.02781,0.9078032,0.0301436,0.008589955,-0.001542786
5.64,0.1658543,10.00256,0.894259,-0.0007865459,0.02889201,0.02317554
5.66,0.2010056,9.968364,0.8658584,-0.04274909,0.04930584,0.04088734
5.68,0.192819,9.895201,0.816579,-0.08402467,0.07409297,0.04640061
5.70,0.1700326,9.800947,0.7647528,-0.1120575,0.1074155,0.04431352
5.72,0.1390374,9.6999,0.7339027,-0.11271,0.1522314,0.03431378
5.74,0.1490909,9.573484,0.7538037,-0.09145725,0.1854157,0.01861623
5.76,0.1499546,9.50635,0.8071334,-0.05746091,0.2002303,-0.002164338
5.78,0.1451906,9.527692,0.8648328,-0.02365933,0.1868369,-0.01639672
5.80,0.1187829,9.601868,0.8715284,0.005272237,0.1597811,-0.0210952
5.82,0.09698435,9.659357,0.9149891,0.03381355,0.1298202,-0.02181458
5.84,0.1023028,9.740412,0.9444367,0.06445023,0.09622428,-0.02435595
5.86,0.1003182,9.771719,0.9453239,0.08344519,0.07047207,-0.02548152
5.88,0.1101317,9.794551,0.9065177,0.08689342,0.05753082,-0.03189266
5.90,0.1212841,9.79887,0.8781446,0.0768377,0.05117754,-0.04213618
5.92,0.123549,9.783014,0.8317931,0.06335275,0.05319715,-0.05348807
5.94,0.09035822,9.854212,0.7935702,0.05563858,0.06360611,-0.03728524
5.96,0.1482079,9.874487,0.8221502,0.06213538,0.07296781,-0.01253864
5.98,0.2474071,9.78567,0.8647276,0.06981681,0.06915052,0.00359384
6.00,0.1784171,9.708169,0.8352425,0.05959018,0.05632424,0.001216128
6.02,0.1552605,9.714621,0.8205324,0.03132668,0.05931661,-0.00582272
6.04,0.09746777,9.567714,0.7196726,-0.01198279,0.07463366,-0.01206287
6.06,0.09627037,9.520019,0.6966017,-0.03781532,0.09098441,-0.0221948
6.08,0.03287101,9.578379,0.7008801,-0.03215251,0.1133393,-0.0307625
6.10,-0.05294712,9.834609,0.6834447,0.002450079,0.1438572,-0.03802261
6.12,-0.1093511,10.11359,0.6709818,0.04387011,0.1717709,-0.0374117
6.14,-0.1209325,10.27623,0.7306734,0.05456721,0.1845815,-0.02112456
6.16,-0.1036712,10.23188,0.7087494,0.01709888,0.1927804,0.005582887
6.18,-0.1596655,10.03145,0.5614712,-0.05485028,0.222885,0.03870947
6.20,-0.2080539,9.797268,0.4187769,-0.1248543,0.2932241,0.05323964
6.22,-0.1708538,9.737116,0.3972702,-0.1500179,0.3862627,0.04015301
6.24,-0.1146498,9.624147,0.4009971,-0.1344451,0.4803496,-0.007241586
6.26,-0.04578263,9.721682,0.3651459,-0.09320109,0.5755337,-0.07661767
6.28,-0.00952049,9.790963,0.3378481,-0.0543848,0.6826653,-0.157962
6.30,0.1976706,9.7192,0.1850976,-0.0355995,0.8287953,-0.2403466
6.32,0.2216467,9.671613,0.1216612,-0.04986151,0.9990317,-0.3146122
6.34,0.2573463,9.661351,0.1225798,-0.1016186,1.166191,-0.3788182
6.36,0.3490646,9.606897,0.1570308,-0.1651599,1.306463,-0.4290357
6.38,0.4346814,9.539751,0.2557317,-0.2075825,1.40559,-0.4666477
6.40,0.4834081,9.535094,0.369945,-0.2073935,1.467165,-0.4699349
6.42,0.4259311,9.720815,0.436145,-0.1705443,1.517137,-0.4292712
6.44,0.3247094,9.939101,0.4915208,-0.1130567,1.562692,-0.3539201
6.46,0.2153489,10.09707,0.6839551,-0.06424854,1.576115,-0.2722834
6.48,0.1927879,10.14562,0.9067746,-0.041459,1.53165,-0.2171955
6.50,0.1766725,9.989856,1.024175,-0.04943691,1.457028,-0.2080078
6.52,0.1502263,9.817492,1.104118,-0.07463889,1.375967,-0.2307779
6.54,0.0924769,9.688303,1.250218,-0.07309231,1.272709,-0.2709978
6.56,0.08160299,9.629569,1.495205,-0.04082194,1.117856,-0.3052131
6.58,0.0895865,9.64887,1.77143,0.0124532,0.8792077,-0.3266754
6.60,0.1811628,9.740916,1.949667,0.07429972,0.5840187,-0.3382846
6.62,0.236473,9.860349,1.946497,0.1269903,0.2945023,-0.3361054
6.64,0.2008688,9.934596,1.886144,0.1808653,0.04314619,-0.3260339
6.66,0.2308122,9.961575,1.825598,0.2369615,-0.1755008,-0.3218665
6.68,0.292159,10.10242,1.737045,0.2869872,-0.355188,-0.3192107
6.70,0.2713099,10.59371,1.611017,0.3492351,-0.5050042,-0.319864
6.72,0.2970874,11.18701,1.594768,0.4265669,-0.6308142,-0.3216909
6.74,0.5022563,11.40749,1.615137,0.4926976,-0.7420827,-0.311903
6.76,0.801574,11.27369,1.598587,0.4980454,-0.8660849,-0.2557528
6.78,0.8571227,10.97596,1.393922,0.4177776,-0.938315,-0.1280306
6.80,0.9267359,10.90259,1.201159,0.2663357,-0.920604,0.08572201
6.82,0.6295625,9.904869,0.7811286,0.0949839,-0.7742801,0.2615618
6.84,0.5816942,9.327798,0.7759774,-0.05902638,-0.6499844,0.3716077
6.86,0.7268801,9.523302,0.8997429,-0.142326,-0.5733154,0.4638679
6.88,0.5367306,9.689161,0.6830195,-0.1870547,-0.44067,0.5265683
6.90,0.3767805,10.00723,0.6481161,-0.2281166,-0.3058644,0.5971411
6.92,0.1414846,10.03486,0.7497149,-0.2790247,-0.2118736,0.6573322
6.94,0.02162739,9.846482,1.038362,-0.3321316,-0.219541,0.6910529
6.96,-0.09349895,9.518813,1.408706,-0.348677,-0.3413046,0.6985783
6.98,-0.1005472,9.756969,1.766932,-0.2486208,-0.5625058,0.7301313
7.00,-0.1377507,10.87182,2.07547,0.01028882,-0.8318371,0.8437157
7.02,-0.4028714,11.3119,1.985901,0.2220281,-1.027884,1.030625
7.04,-0.8199172,10.69721,1.489531,0.2219129,-1.093857,1.212148
7.06,-0.8870016,9.9489,1.214035,0.09329548,-1.085563,1.333217
7.08,-0.7060724,9.536137,1.207402,-0.01679704,-1.058123,1.366243
7.10,-0.372817,9.759968,1.328352,-0.03674509,-1.064169,1.323316
7.12,-0.1775624,9.824119,1.249635,-0.03601984,-1.059598,1.226723
7.14,-0.2797326,9.790193,0.9028432,-0.0610414,-0.9636744,1.109249
7.16,-0.4637168,9.607076,0.6677243,-0.1075664,-0.7714419,0.9963631
7.18,-0.4386255,9.394001,0.6626405,-0.1545584,-0.5728788,0.8987238
7.20,-0.3059148,9.239435,0.7903523,-0.2086012,-0.4326313,0.8135231
7.22,-0.3094396,9.135219,0.755644,-0.2818773,-0.321064,0.7387585
7.24,-0.4054929,9.178073,0.6966985,-0.3516071,-0.2226212,0.6647773
7.26,-0.478916,9.375915,0.7212762,-0.3843243,-0.1400491,0.6060133
7.28,-0.5710899,9.601452,0.6996369,-0.3697521,-0.06178819,0.5279247
7.30,-0.6133927,9.798566,0.718348,-0.3245072,0.001441004,0.4181358
7.32,-0.5935081,9.859163,0.7101176,-0.2671518,0.06012022,0.2638167
7.34,-0.5429675,9.739196,0.6677425,-0.2137197,0.1054671,0.0777382
7.36,-0.432682,9.615123,0.642846,-0.1566033,0.1391567,-0.1116791
7.38,-0.3581083,9.939902,0.5773759,-0.05406025,0.1709127,-0.2848033
7.40,-0.3715325,10.97274,0.5165987,0.1397336,0.197796,-0.4398274
7.42,-0.2858484,11.7956,0.4872208,0.3913113,0.277835,-0.5996751
7.44,-0.2936523,12.04166,0.3828986,0.5631715,0.3870803,-0.7350278
7.46,-0.0915304,11.20528,0.3210449,0.5539193,0.4910531,-0.8137575
7.48,0.2322812,10.1028,0.2009885,0.3877231,0.5839298,-0.8040143
7.50,0.558268,9.072269,0.2781996,0.1216618,0.6201499,-0.7510256
7.52,0.7721328,8.511064,0.4116471,-0.1305901,0.6304741,-0.6687624
7.54,0.7481888,8.519952,0.4579687,-0.2826647,0.5999277,-0.5874369
7.56,0.6465858,9.023072,0.5632839,-0.2755357,0.5487913,-0.5092816
7.58,0.427312,9.857151,0.6494255,-0.09566114,0.5239121,-0.4378447
7.60,0.3731272,10.39808,0.5872726,0.1717205,0.5618398,-0.385281
7.62,0.3413981,10.32806,0.5557626,0.355886,0.6209543,-0.3744056
7.64,0.2256438,10.04743,0.5547531,0.3820563,0.661335,-0.3863916
7.66,0.2070386,9.580909,0.5601656,0.2910586,0.7017834,-0.4200703
7.68,0.2743184,8.967067,0.5923079,0.1451286,0.7483094,-0.4702942
7.70,0.4183331,8.691638,0.5963657,0.02349106,0.7913937,-0.5228833
7.72,0.4988746,8.786903,0.6402366,-0.03083796,0.8257868,-0.5633716
7.74,0.4787072,8.949478,0.7042699,-0.03126517,0.8444335,-0.582001
7.76,0.350291,9.025714,0.6900996,-0.01074341,0.8531207,-0.575795
7.78,0.3207197,9.134929,0.6102788,0.04044411,0.8844522,-0.5815153
7.80,0.3460431,9.246822,0.7128543,0.1305977,0.9031386,-0.6102256
7.82,0.4790015,9.237167,0.9925321,0.2318159,0.8458635,-0.657677
7.84,0.633491,9.163631,1.10151,0.2961171,0.7340286,-0.7015934
7.86,0.6863228,9.15076,1.078337,0.3009243,0.6110656,-0.7251751
7.88,0.6391615,9.207586,1.029331,0.2707067,0.5164947,-0.7182694
7.90,0.6193252,9.386636,0.9696454,0.235435,0.443647,-0.6939276
7.92,0.7428506,9.706004,1.00852,0.2183658,0.3471216,-0.6789603
7.94,0.9466172,10.1113,1.136738,0.2281537,0.1955895,-0.6732711
7.96,1.071397,10.66066,1.215295,0.2724589,0.004355068,-0.6441452
7.98,1.106049,11.16882,1.233762,0.322409,-0.1859402,-0.5642474
8.00,1.032561,11.40793,1.09904,0.3307474,-0.3155323,-0.4123534
8.02,0.8056638,11.63498,0.7635655,0.3083969,-0.3517527,-0.2291336
8.04,0.6039734,12.42526,0.4939797,0.3308797,-0.2985493,-0.09174564
8.06,0.7678326,13.05201,0.6253007,0.3811601,-0.2453526,-0.01880794
8.08,0.9688653,12.96366,0.7795585,0.3641279,-0.2768202,0.05921368
8.10,1.298262,12.3461,0.8519324,0.2185214,-0.376993,0.1733056
8.12,1.375229,11.20495,0.6844769,-0.04351964,-0.448902,0.3392934
8.14,1.20746,10.15146,0.4153094,-0.337645,-0.4380995,0.5397363
8.16,0.9536411,9.383783,0.2753988,-0.5559942,-0.3442789,0.7393694
8.18,0.6720444,9.380386,0.2149542,-0.6388611,-0.19561,0.8946522
8.20,0.4668866,9.79429,0.340047,-0.6043073,-0.07365844,0.9640907
8.22,0.3593803,10.05371,0.5351474,-0.5225419,-0.04943119,0.9435347
8.24,0.3268864,9.975789,0.8571134,-0.4181901,-0.1351601,0.8636398
8.26,0.3501077,9.569141,1.223601,-0.2685236,-0.2966536,0.7869925
8.28,0.3420387,9.385242,1.59417,-0.04219938,-0.4961329,0.758168
8.30,0.2398934,10.17991,1.948415,0.2074489,-0.7562605,0.8148125
8.32,-0.09465627,10.6716,1.905731,0.293541,-1.036049,0.9504937
8.34,-0.5817803,10.61342,1.378276,0.1848952,-1.220284,1.136591
8.36,-0.9672522,10.23849,0.8794657,0.01033552,-1.270533,1.319474
8.38,-0.9107174,9.780615,0.75664,-0.0702514,-1.211361,1.441956
8.40,-0.4677083,9.392419,0.9055092,0.007524989,-1.098107,1.449339
8.42,-0.01344272,9.066065,0.9407196,0.1204309,-0.9783027,1.340509
8.44,0.1949981,8.808981,0.868566,0.1467564,-0.8810605,1.161558
8.46,0.1332297,8.632905,0.7374964,0.06918219,-0.7807109,0.9786224
8.48,-0.05092768,8.48174,0.6201643,-0.04509918,-0.6379078,0.841205
8.50,-0.1723757,8.519811,0.5646424,-0.1111387,-0.4475329,0.7616961
8.52,-0.206627,8.838357,0.571781,-0.09999812,-0.2694186,0.7085417
8.54,-0.1782511,9.324121,0.6840983,-0.05606437,-0.1485268,0.6603385
8.56,-0.2918355,9.793651,0.7439308,-0.03570982,-0.07253391,0.5952318
8.58,-0.4585092,10.1103,0.7046664,-0.07424929,-0.01760485,0.4926808
8.60,-0.555412,10.05102,0.6433741,-0.1648228,0.03584367,0.3424613
8.62,-0.5039512,10.14811,0.5647338,-0.2482748,0.06596188,0.1661109
8.64,-0.3728664,10.45685,0.4823997,-0.262192,0.07304669,-0.01253644
8.66,-0.4908178,11.65243,0.4176062,-0.1298769,0.07355782,-0.1889539
8.68,-0.699035,12.98088,0.4552232,0.1270001,0.1035978,-0.3815904
8.70,-0.6315439,13.02096,0.6522264,0.3227971,0.1231373,-0.5955356
8.72,-0.320281,11.66293,0.6266776,0.2571609,0.1051973,-0.793295
8.74,-0.003337656,9.478914,0.3524118,-0.07463206,0.06950083,-0.9169459
8.76,0.07067028,7.787042,-0.1870565,-0.4929075,0.07565713,-0.9607658
8.78,0.1181109,7.658162,-0.5473521,-0.7406905,0.09974983,-0.9673851
8.80,0.2015326,8.297475,-0.2717596,-0.6860369,0.110961,-0.9535585
8.82,0.2705835,9.51517,0.1239253,-0.3147589,0.1039006,-0.9171596
8.84,0.3124923,10.75907,0.2214654,0.1835344,0.06263241,-0.850393
8.86,0.376009,11.44389,0.1156352,0.5439932,0.02113043,-0.7357869
8.88,0.3624877,11.09577,-0.3179671,0.650376,0.1404883,-0.6086205
8.90,0.275086,9.913468,-0.7845026,0.5183992,0.450135,-0.5335801
8.92,0.1914942,8.80988,-0.9957075,0.2467709,0.8595589,-0.5256635
8.94,0.3645815,8.378365,-1.010841,-0.05558042,1.262461,-0.5835103
8.96,0.6579925,8.271475,-0.7858936,-0.2726566,1.580851,-0.7092426
8.98,0.9754885,8.485245,-0.2010617,-0.330608,1.7792,-0.8562787
9.00,0.921654,8.772569,0.2543363,-0.2450578,1.878012,-0.968621
9.02,0.7621874,9.170483,0.4720315,-0.1019727,1.889206,-1.02718
9.04,0.6660456,9.29836,0.6991752,0.007188663,1.826046,-1.027042
9.06,0.5430181,9.308551,0.9502984,0.05783119,1.689452,-0.9691685
9.08,0.5156457,9.195955,1.217526,0.07042285,1.47222,-0.8738471
9.10,0.5400209,9.299294,1.48062,0.1060173,1.186679,-0.7686889
9.12,0.5433202,9.798167,1.765249,0.1648033,0.8357571,-0.6750333
9.14,0.6823119,10.20811,1.844631,0.2112305,0.4464184,-0.5851043
9.16,0.828424,10.45275,1.730143,0.2167693,0.07155954,-0.5170479
9.18,0.9890652,10.75587,1.661082,0.2190579,-0.2759596,-0.4638361
9.20,1.156498,11.10519,1.53826,0.2378342,-0.5751823,-0.4134748
9.22,1.205848,11.23408,1.320896,0.2464056,-0.7978545,-0.3501683
9.24,1.11562,11.17434,0.958656,0.2161538,-0.9322891,-0.2725898
9.26,0.988028,11.23645,0.59889,0.1706666,-0.9679589,-0.1782856
9.28,0.845742,11.84273,0.2574142,0.1809027,-0.8996676,-0.1008029
9.30,0.9466184,12.40984,0.2247885,0.2457326,-0.7861179,-0.04740415
9.32,1.243005,12.10353,0.276797,0.2849796,-0.6746982,0.002532491
9.34,1.364516,11.37954,0.258967,0.2448224,-0.6009207,0.07060113
9.36,1.235955,10.46539,0.3858426,0.1226945,-0.5566683,0.1652798
9.38,1.065533,9.501867,0.4347614,-0.04000872,-0.5110273,0.3031418
9.40,0.6438653,9.046287,0.3394471,-0.1563266,-0.4427084,0.438412
9.42,0.3898427,9.416205,0.5661557,-0.1200309,-0.421104,0.530849
9.44,0.5185528,9.858038,1.176426,0.08702201,-0.5151792,0.5938706
9.46,0.6641856,10.3625,1.687477,0.4067325,-0.7419665,0.665108
9.48,0.40082,10.50158,1.876488,0.6874008,-1.022022,0.7923934
9.50,-0.1664212,10.32345,2.080632,0.8312118,-1.305261,0.9888213
9.52,-0.5749977,10.0999,1.983388,0.8345616,-1.549216,1.209801
9.54,-0.1830652,9.709399,1.59912,0.7389302,-1.650341,1.351576
9.56,0.147955,9.733092,1.304062,0.6228904,-1.664779,1.408253
9.58,-0.2362213,10.14717,1.014061,0.4434783,-1.664888,1.499222
9.60,-0.3715121,10.53117,0.9452167,0.2817506,-1.634388,1.552177
9.62,-0.1728005,10.83093,0.9852517,0.192617,-1.57379,1.533284
9.64,0.06542034,10.62795,0.9039972,0.146668,-1.458527,1.459165
9.66,0.2044918,10.26312,0.740638,0.09298894,-1.29803,1.373871
9.68,0.1996279,10.13786,0.5398729,-0.01994589,-1.116864,1.324722
9.70,0.1589773,9.931166,0.1899195,-0.1873704,-0.8887688,1.319087
9.72,0.06502675,9.599873,-0.07002843,-0.3622046,-0.6203023,1.294901
9.74,0.08132064,9.456882,-0.0679499,-0.4533823,-0.360834,1.22624
9.76,0.229498,9.274327,0.115267,-0.4594775,-0.1476104,1.116936
9.78,0.3316547,9.248184,0.1621524,-0.433461,0.02136645,0.9817791
9.80,0.2758761,9.267144,0.06939737,-0.438172,0.1574604,0.8359448
9.82,0.1994752,9.140531,-0.06721188,-0.4866108,0.2862947,0.6871136
9.84,0.1600132,9.038406,-0.1169793,-0.5264604,0.4119985,0.5316761
9.86,0.1975318,9.166738,-0.01413238,-0.5258021,0.5032857,0.3589751
9.88,0.2306536,9.244984,0.005236047,-0.487159,0.5499393,0.1677245
9.90,0.2792939,9.486325,0.001707871,-0.3989285,0.5461593,-0.03283053
9.92,0.1229429,10.76908,-0.02654462,-0.1976535,0.5253229,-0.2495778
9.94,-0.06034153,12.26557,0.1360276,0.09103912,0.5037786,-0.4887053
9.96,-0.01511341,12.58697,0.1853558,0.32002,0.4804552,-0.7694766
9.98,0.08442657,11.66563,0.2152219,0.341798,0.4212908,-1.02514
10.00,0.4729924,9.704292,0.1827415,0.1309523,0.3178888,-1.197551
10.02,0.8181468,8.167576,0.1412082,-0.1919074,0.1747243,-1.284154
10.04,0.8962054,7.713131,0.08467106,-0.461208,0.001953277,-1.304585
10.06,0.8070378,8.088297,0.09001027,-0.5457122,-0.14026,-1.264566
10.08,0.6300607,9.112515,0.2548508,-0.3994423,-0.2195021,-1.163157
10.10,0.3998583,10.35711,0.3227009,-0.09425473,-0.2536336,-1.00976
10.12,0.1864126,11.18099,0.2507099,0.2165882,-0.2818138,-0.8187284
10.14,0.1973693,11.18817,0.1748442,0.4050779,-0.2663263,-0.6263915
10.16,0.3408096,10.53171,0.03199547,0.43374,-0.1650647,-0.4828065
10.18,0.4263584,9.681312,-0.06418524,0.3229372,-0.009862803,-0.4245958
10.20,0.5469613,8.982233,-0.09033048,0.1416753,0.1816995,-0.465091
10.22,0.8414832,8.762778,-0.03932112,-0.008715997,0.3691518,-0.5712607
10.24,1.198107,8.796182,-0.02172681,-0.06394699,0.5512896,-0.7141742
10.26,1.560771,9.004645,0.04044235,-0.05487933,0.7371112,-0.8606371
10.28,1.507191,9.171711,-0.09676395,-0.0565617,0.9411763,-0.9680749
10.30,1.265072,9.270751,-0.2666527,-0.09656127,1.148556,-1.00802
10.32,1.071891,9.34821,-0.1220153,-0.1378713,1.307083,-0.9772076
10.34,0.9751439,9.265036,0.3146724,-0.1344561,1.351074,-0.9051493
10.36,1.017395,9.123894,0.6912428,-0.1005636,1.268623,-0.8120849
10.38,1.132452,9.125465,0.8678062,-0.0645477,1.097198,-0.7083217
10.40,1.189829,9.418951,0.9378464,-0.02391655,0.8841419,-0.597927
10.42,1.215921,9.701475,1.001389,0.03063747,0.6640911,-0.5017012
10.44,1.373824,9.928065,1.100929,0.08375505,0.4444987,-0.4189814
10.46,1.475901,10.10048,1.062475,0.1241787,0.2339766,-0.3593728
10.48,1.493436,10.41606,1.089246,0.1460527,0.02002404,-0.3134398
10.50,1.497547,10.62063,1.108887,0.1370072,-0.1842073,-0.2604168
10.52,1.390082,10.6764,0.9482846,0.09121896,-0.3457482,-0.1872926
10.54,1.151018,11.36268,0.7670506,0.09059864,-0.4646749,-0.1126814
10.56,1.016258,12.16878,0.8597167,0.1685933,-0.5566505,-0.0622764
10.58,1.246946,12.43766,1.079703,0.2711857,-0.6597856,-0.01753393
10.60,1.485182,12.18248,1.154661,0.3114881,-0.8122192,0.05994626
10.62,1.394327,11.73903,1.150691,0.261955,-0.9774278,0.1971579
10.64,1.16673,10.93851,1.078778,0.1414199,-1.084961,0.4092506
10.66,0.8372217,10.06201,0.7256302,-0.00667871,-1.060542,0.677262
10.68,0.3174992,9.637542,0.3694535,-0.1316436,-0.8965844,0.9023991
10.70,0.1623157,9.881524,0.4123333,-0.1493351,-0.7139172,1.010459
10.72,0.5303187,10.12967,0.9652503,-0.04563069,-0.6609659,1.00454
10.74,0.8378472,10.26103,1.33015,0.09973323,-0.742985,0.9452977
10.76,0.8032208,10.37502,1.635388,0.2241874,-0.9212575,0.9166778
10.78,0.7137898,10.28592,1.843759,0.3061951,-1.088009,0.9336201
10.80,0.3366449,10.42717,1.575653,0.2691611,-1.175167,1.024391
10.82,0.06779096,10.61343,1.269317,0.09946366,-1.211781,1.186078
10.84,-0.06520741,10.722,0.9840256,-0.1184848,-1.19008,1.379987
10.86,-0.1281535,10.67274,0.7282292,-0.2802292,-1.129868,1.544828
10.88,0.05582472,10.55258,0.7381229,-0.3213313,-1.048449,1.640175
10.90,0.2971361,10.24008,0.6513243,-0.2848769,-0.8993051,1.637211
10.92,0.3351488,9.963658,0.4292737,-0.2780736,-0.7214786,1.56127
10.94,0.3197869,9.633841,0.3031233,-0.3255063,-0.5453372,1.438613
10.96,0.3439369,9.256786,0.3179815,-0.3824835,-0.3865704,1.306546
10.98,0.3316238,8.87812,0.3557411,-0.4025442,-0.2417844,1.184007
11.00,0.2799437,8.819614,0.3228026,-0.387902,-0.1020902,1.082105
11.02,0.2072559,8.826187,0.2648339,-0.3565713,0.02613408,0.9745397
11.04,0.2057924,8.851465,0.2968642,-0.3127585,0.1255597,0.8480009
11.06,0.2219205,8.978458,0.3620449,-0.2579957,0.1987096,0.6974595
11.08,0.1773988,9.037183,0.3558435,-0.2044897,0.2601785,0.5136318
11.10,0.1459257,8.947936,0.351504,-0.1803863,0.3167042,0.2939033
11.12,0.142487,8.68124,0.3673116,-0.1872503,0.3432573,0.04529139
11.14,0.2899415,8.548429,0.4016691,-0.1840445,0.32374,-0.2106911
11.16,0.4927799,8.613046,0.5084399,-0.1077672,0.2458834,-0.4419795
11.18,0.5798641,9.376934,0.6067278,0.1015992,0.1487902,-0.6294207
11.20,0.466255,10.55797,0.7043565,0.4204606,0.06685753,-0.7925283
11.22,0.5414674,11.04121,0.7940246,0.6645606,-0.009123208,-0.9307181
11.24,0.685538,11.09464,0.3913867,0.7487085,-0.05174054,-1.047432
11.26,0.7339779,10.89654,0.1353071,0.6807145,-0.03750224,-1.129781
11.28,0.8075577,10.06402,0.09487446,0.4923711,0.01625568,-1.164046
11.30,0.9963471,9.524051,0.006807749,0.244877,0.08068153,-1.154455
11.32,1.167974,9.624679,-0.1077222,0.02284437,0.1441413,-1.099369
11.34,1.248726,10.18499,-0.1990667,-0.09837409,0.2107266,-1.013346
11.36,1.123754,10.95152,-0.1020595,-0.1073258,0.2715722,-0.9163774
11.38,0.8903413,11.49884,-0.01035056,-0.02992961,0.3633457,-0.8050526
11.40,0.7207629,11.50578,0.03047527,0.064744,0.4518127,-0.7000339
11.42,0.8566607,10.67055,0.02952322,0.07238941,0.5731322,-0.6213622
11.44,0.9450408,9.686762,-0.126827,-0.006781877,0.7302051,-0.5924801
11.46,0.9190882,9.000731,-0.1491386,-0.1044163,0.9112453,-0.6124384
11.48,1.067207,8.646152,-0.05584434,-0.1397004,1.094424,-0.6974859
11.50,1.33215,8.566407,0.12309,-0.09999104,1.230244,-0.8055034
11.52,1.519081,8.544868,0.2196324,-0.02158105,1.326668,-0.9110087
11.54,1.520008,8.59551,0.2718064,0.04794045,1.385955,-0.9753498
11.56,1.407357,8.890841,0.4178638,0.1023402,1.398483,-0.9612624
11.58,1.235346,9.157087,0.5687028,0.1500101,1.38686,-0.8879331
11.60,1.236429,9.353823,0.7380959,0.1698478,1.328205,-0.7810274
11.62,1.310652,9.40567,0.9151682,0.1507301,1.201482,-0.6681573
11.64,1.352633,9.415995,1.038044,0.1204569,1.013651,-0.5883796
11.66,1.434932,9.611134,1.281552,0.1247787,0.7739133,-0.5317503
11.68,1.586265,10.07216,1.399036,0.1506207,0.503274,-0.4866129
11.70,1.641219,10.66362,1.284539,0.1398076,0.2306783,-0.4311782
11.72,1.618168,11.12531,1.079457,0.08704333,-0.0179422,-0.3671952
11.74,1.603883,11.27195,0.9618487,0.009832201,-0.2357086,-0.273858
11.76,1.596021,11.13794,0.8183778,-0.06050684,-0.3945235,-0.1380529
11.78,1.393123,11.07743,0.6026664,-0.0893268,-0.4634502,0.008301302
11.80,1.098293,11.77552,0.3739404,-0.03574855,-0.464803,0.1177071
11.82,1.203996,12.35082,0.4659119,0.04759948,-0.4708219,0.1729632
11.84,1.459706,12.17401,0.4886784,0.05913343,-0.5039728,0.1890195
11.86,1.452282,11.65482,0.2603125,-0.009776437,-0.5118127,0.2016918
11.88,1.184654,11.18787,0.2591559,-0.104565,-0.4883505,0.214641
11.90,1.143576,10.49799,0.5177611,-0.2065443,-0.4826462,0.264735
11.92,1.032382,9.720747,0.5527347,-0.3369528,-0.5126188,0.3616373
11.94,0.6731223,9.165869,0.5110032,-0.4774368,-0.5409623,0.4842667
11.96,0.2954606,9.273335,0.6263569,-0.5528933,-0.5413792,0.5904501
11.98,-0.06956466,9.627281,0.9252214,-0.5020492,-0.5488222,0.6515954
12.00,-0.170564,9.705795,1.235093,-0.3613845,-0.6389896,0.6545618
12.02,-0.0763402,9.676033,1.75326,-0.1616235,-0.8908305,0.6524769
12.04,-0.04796552,9.664546,2.132667,0.07931031,-1.246512,0.6843706
12.06,-0.3180929,9.569224,2.240545,0.2477289,-1.56469,0.7596065
12.08,-0.5740515,9.743417,1.782416,0.2392241,-1.732668,0.8444496
12.10,-0.4845514,9.692348,1.66254,0.1466634,-1.806052,0.8900969
12.12,-0.4587792,9.844114,1.442368,0.02700048,-1.847971,0.9374864
12.14,-0.3022527,10.14403,1.250923,-0.05616262,-1.84012,1.014101
12.16,-0.2184324,10.13239,0.9935138,-0.0665194,-1.749491,1.073099
12.18,-0.0600021,9.964605,0.7305023,-0.008056179,-1.576441,1.091282
12.20,0.1572386,9.615885,0.4560273,0.06468643,-1.312862,1.049289
12.22,0.4299756,9.282861,0.3019931,0.1084609,-1.012361,0.9660857
12.24,0.6483416,8.997825,0.2061764,0.07928659,-0.7182473,0.8668226
12.26,0.6411063,8.902322,0.08090833,-0.008429486,-0.4351082,0.7858936
12.28,0.4801654,9.091785,-0.1002022,-0.07842746,-0.135093,0.7277599
12.30,0.3376992,9.3009,-0.150221,-0.07084661,0.197407,0.6810402
12.32,0.3359913,9.382124,-0.05648744,0.02275154,0.5099866,0.6009787
12.34,0.4157242,9.50871,0.1361421,0.1331045,0.7468627,0.4802136
12.36,0.3757197,9.380098,0.2436708,0.1714436,0.9151036,0.3255447
12.38,0.2078518,9.007046,0.2977204,0.1113049,1.03018,0.1497034
12.40,0.09250469,8.736023,0.332937,0.02473996,1.091632,-0.02768643
12.42,0.1347159,8.673301,0.5134525,-0.007167625,1.067284,-0.2191367
12.44,0.3229609,8.902494,0.7948087,0.06616085,0.9561683,-0.409617
12.46,0.571557,9.272073,0.933805,0.2152819,0.8051521,-0.5756001
12.48,0.7187166,10.02324,0.7984117,0.38371,0.6333683,-0.6978829
12.50,0.6946295,11.18985,0.6309803,0.574397,0.4841339,-0.7850271
12.52,0.6795681,12.0884,0.5359328,0.7553122,0.4046136,-0.8579839
12.54,0.6444453,12.82221,0.4457697,0.8633062,0.3515673,-0.9280262
12.56,0.9414787,12.51675,0.3934075,0.7943828,0.2922957,-0.9955401
12.58,1.203816,11.34914,0.2256774,0.5039585,0.2228825,-0.9925579
12.60,1.478711,9.809989,-0.02478898,0.06468749,0.1731998,-0.9186547
12.62,1.61432,8.715353,-0.2141236,-0.3795533,0.1414399,-0.7884975
12.64,1.590135,8.495007,-0.1667319,-0.6473883,0.07836432,-0.6419271
12.66,1.623506,8.959029,0.2291286,-0.6536547,-0.01132967,-0.4892422
12.68,1.502494,9.66173,0.3799253,-0.4182115,-0.07806247,-0.3515545
12.70,1.352163,10.10234,0.2608687,-0.07723282,-0.1159715,-0.2533641
12.72,1.294369,10.24924,0.08369778,0.201364,-0.1352413,-0.1910023
12.74,1.180031,10.27242,-0.02124922,0.353493,-0.1193244,-0.1580664
12.76,1.082287,10.08661,-0.1156227,0.3844296,-0.06687368,-0.1621502
12.78,1.109081,9.671269,-0.1487984,0.3213336,0.01182561,-0.2148513
12.80,1.302698,9.241834,-0.1610624,0.2014286,0.09683795,-0.3135778
12.82,1.619624,9.032936,-0.1146248,0.07248599,0.1552488,-0.4219756
12.84,1.826475,9.129534,-0.0244221,-0.01992283,0.1613047,-0.5047879
12.86,1.868936,9.46132,0.0381506,-0.06786208,0.1247961,-0.5341566
12.88,1.799681,9.596752,0.1140956,-0.09364816,0.05720412,-0.5018004
12.90,1.685714,9.65024,0.1720483,-0.1116438,-0.03733235,-0.4298921
12.92,1.56855,9.669796,0.2658757,-0.1152559,-0.1657818,-0.3584749
12.94,1.550616,9.739031,0.4690743,-0.0887675,-0.3517596,-0.3067998
12.96,1.61601,9.698287,0.7277538,-0.03385639,-0.5980443,-0.2830879
12.98,1.688729,9.613043,0.9201511,0.03307143,-0.9002379,-0.2707023
13.00,1.633379,9.634939,0.9583821,0.08370005,-1.221026,-0.2540014
13.02,1.434387,9.497715,0.838158,0.07852717,-1.515962,-0.2194551
13.04,1.337058,9.384494,0.5572006,0.02567375,-1.761911,-0.1521108
13.06,1.342548,9.309921,0.3321407,-0.01540007,-1.964949,-0.0644229
13.08,1.361581,9.320724,0.2928224,0.003938136,-2.123926,0.01355413
13.10,1.344211,9.403877,0.2651137,0.08679778,-2.231618,0.06691439
13.12,1.199427,9.360517,0.2203694,0.1772232,-2.274615,0.09483747
13.14,1.020721,9.358341,0.05911824,0.2348153,-2.273179,0.1140006
13.16,0.8320072,9.805912,-0.06483566,0.2841517,-2.224445,0.1422981
13.18,0.5331376,11.07296,-0.006452119,0.4216706,-2.151824,0.1450249
13.20,0.202108,12.77361,0.4255771,0.6561972,-2.08655,0.06878092
13.22,0.3651077,12.66404,0.9568872,0.7895378,-2.05533,-0.04097931
13.24,0.7778774,10.88824,0.9151193,0.6498289,-2.06099,-0.07131186
13.26,0.3557545,9.569789,0.7463064,0.3621859,-2.027483,-0.03084568
13.28,-0.4045929,9.41739,0.9616628,0.1431664,-1.935563,0.05436883
13.30,-0.7818741,9.9495,1.305806,0.08971369,-1.846857,0.1718761
13.32,-0.6820607,10.22463,1.385984,0.1212228,-1.799788,0.3145427
13.34,-0.5214288,9.970681,1.276086,0.1099609,-1.758869,0.4340308
13.36,-0.5752232,9.62637,1.405144,0.05649212,-1.716009,0.4907255
13.38,-0.6746563,9.285262,1.603479,-0.008837509,-1.670507,0.4692585
13.40,-0.7071298,9.072792,1.74802,-0.08407035,-1.643235,0.3873396
13.42,-0.7203742,8.999797,1.805703,-0.1643299,-1.656775,0.2800355
13.44,-0.7613899,9.262692,1.882574,-0.2151527,-1.686767,0.1916918
13.46,-0.8711258,9.664085,1.952626,-0.2009126,-1.693566,0.1388105
13.48,-0.9622012,9.964696,2.009712,-0.1310347,-1.686462,0.1193725
13.50,-0.9501176,10.03811,2.04029,-0.05797078,-1.695114,0.1121986
13.52,-0.9313629,10.04621,2.133394,-0.01165104,-1.743986,0.09991809
13.54,-0.9140216,10.09064,2.234638,-0.01219524,-1.817494,0.07802808
13.56,-0.8320987,9.987225,2.259226,-0.05566933,-1.923282,0.05364575
13.58,-0.6891644,9.782067,2.220414,-0.1229408,-2.039744,0.04564336
13.60,-0.6585726,9.852624,2.098035,-0.1506725,-2.148181,0.05718174
13.62,-0.7243236,10.26909,2.036321,-0.1145469,-2.23133,0.09270734
13.64,-0.7682145,10.49513,1.960447,-0.06087204,-2.291078,0.1392152
13.66,-0.6677392,10.52957,1.813876,-0.0338937,-2.337196,0.1862142
13.68,-0.5111344,10.48361,1.674961,-0.03161198,-2.373894,0.219737
13.70,-0.3913597,10.45608,1.59222,-0.02476819,-2.38641,0.2374962
13.72,-0.3462486,10.44961,1.540013,-0.02117817,-2.364089,0.2537047
13.74,-0.3894616,10.35687,1.419702,-0.04470646,-2.297832,0.2826685
13.76,-0.4209358,10.16907,1.216278,-0.1044866,-2.190877,0.3279898
13.78,-0.3892165,10.07485,1.084169,-0.1689747,-2.066441,0.3778264
13.80,-0.3067305,10.03059,0.9835546,-0.2013208,-1.92863,0.425338
13.82,-0.2460274,10.14225,0.9902795,-0.1759402,-1.801134,0.4466102
13.84,-0.2037262,10.16384,1.109976,-0.1280216,-1.690565,0.4265943
13.86,-0.09333882,9.869758,1.133953,-0.1113923,-1.583906,0.3785756
13.88,0.003358915,9.490012,1.115688,-0.1365217,-1.493204,0.3179055
13.90,0.110773,9.339225,1.135129,-0.1647591,-1.418714,0.2592864
13.92,0.08459661,9.677986,1.166628,-0.1319646,-1.353486,0.1970366
13.94,-0.02175415,10.42312,1.364318,-0.02518969,-1.324376,0.1088366
13.96,0.1165832,10.50094,1.557949,0.03845536,-1.357164,0.005465747
13.98,0.4467684,10.00451,1.585414,0.004316975,-1.473879,-0.06792107
14.00,0.6797621,9.752481,1.557163,-0.0833525,-1.635109,-0.06862232
14.02,0.6560133,9.606704,1.490644,-0.1718256,-1.769589,0.01094787
14.04,0.5143107,9.584668,1.38063,-0.249235,-1.877999,0.1513858
14.06,0.4241593,9.637926,1.163991,-0.3089576,-1.974941,0.328585
14.08,0.355528,9.826814,0.9531658,-0.3329435,-2.053027,0.4968314
14.10,0.2992899,10.11448,0.8443754,-0.3063928,-2.091305,0.6184537
14.12,0.2848977,10.24477,0.6880453,-0.2772891,-2.085216,0.6583275
14.14,0.3074024,10.06269,0.4157515,-0.2991251,-2.016063,0.6297753
14.16,0.3630988,9.672961,0.1804455,-0.3816044,-1.886623,0.5430241
14.18,0.5036985,9.52549,0.06229769,-0.4640928,-1.7454,0.4343765
14.20,0.6157533,9.607529,0.02882529,-0.5128487,-1.623826,0.3287071
14.22,0.6891493,9.777439,0.04315582,-0.5122726,-1.530922,0.2319879
14.24,0.7404572,9.876252,0.03529526,-0.499256,-1.461697,0.1862935
14.26,0.7117715,10.01524,-0.05274616,-0.5015878,-1.387034,0.1957691
14.28,0.5335128,10.14245,-0.2225175,-0.5220525,-1.293485,0.237151
14.30,0.326933,10.19863,-0.4586894,-0.542236,-1.164995,0.2626958
14.32,0.2863649,10.22558,-0.5741491,-0.5140472,-1.036444,0.2318526
14.34,0.4828459,10.09914,-0.4837516,-0.4443903,-0.9431201,0.149255
14.36,0.7195462,9.633415,-0.4252222,-0.3829357,-0.8775304,0.05497491
14.38,0.7713256,9.096553,-0.5614879,-0.3858787,-0.7871345,-0.005568266
14.40,0.5507117,8.847778,-0.7671078,-0.4431337,-0.6342246,-0.03275136
14.42,0.3653085,8.922865,-0.8570355,-0.4924923,-0.469419,-0.05990326
14.44,0.4075811,9.320967,-0.6660139,-0.4792617,-0.3560247,-0.1175356
14.46,0.5739768,9.572178,-0.3769805,-0.3952327,-0.3189005,-0.2225722
14.48,0.800788,9.50841,-0.1914213,-0.2868724,-0.3349997,-0.3437436
14.50,0.9482992,9.266152,-0.09907073,-0.1923372,-0.3802793,-0.4433083
14.52,0.9097794,9.105745,-0.1358543,-0.1293613,-0.4010228,-0.5007575
14.54,0.848026,9.197034,-0.2263021,-0.09459462,-0.3873053,-0.5179002
14.56,0.7859089,9.374144,-0.299872,-0.0716095,-0.3542408,-0.5245005
14.58,0.8473095,9.485325,-0.3212319,-0.04150384,-0.3096767,-0.5360743
14.60,0.9741123,9.43467,-0.3058577,-0.002737314,-0.2494345,-0.5573044
14.62,1.100834,9.40344,-0.2518292,0.06112107,-0.1805402,-0.5795121
14.64,1.131947,9.407413,-0.1878336,0.1209572,-0.1065008,-0.5999652
14.66,1.13418,9.454832,-0.1435555,0.1698276,-0.03619559,-0.6125493
14.68,1.026642,9.597211,0.01650773,0.1948843,-0.0004502817,-0.6058728
14.70,0.9623584,9.856618,0.1696673,0.1958534,-0.01083984,-0.5803189
14.72,0.8449183,10.02753,0.2980191,0.1764554,-0.06569979,-0.5446008
14.74,0.782927,10.24144,0.5015975,0.1703112,-0.1881926,-0.5052912
14.76,0.8223685,10.50399,0.6604286,0.1902954,-0.3417632,-0.4755894
14.78,0.9054459,10.65791,0.7018282,0.2180944,-0.4675833,-0.454663
14.80,0.959493,10.54309,0.5556311,0.2294118,-0.5241582,-0.4583706
14.82,0.9036803,10.88117,0.4345807,0.2604252,-0.5457042,-0.4864393
14.84,0.9327012,11.52163,0.5718167,0.3334039,-0.5978565,-0.5556274
14.86,1.204711,11.88075,0.7343607,0.4177468,-0.6911706,-0.6363464
14.88,1.544755,11.56914,0.8226879,0.4421781,-0.8162745,-0.6791816
14.90,1.654582,10.9967,0.7770761,0.375546,-0.9267198,-0.6403549
14.92,1.500205,10.55633,0.7078428,0.254917,-0.9855611,-0.5215525
14.94,1.299966,10.17287,0.6065685,0.113838,-0.9665743,-0.3504087
14.96,1.133507,9.643848,0.4394357,-0.05685447,-0.8766052,-0.1639317
14.98,1.031131,9.096961,0.2201227,-0.2429324,-0.7483382,-0.01093473
15.00,1.048153,8.95163,0.2172404,-0.3614476,-0.6475734,0.06849446
15.02,1.1733,9.051098,0.5764055,-0.3404649,-0.6266334,0.0590037
15.04,1.36788,9.106724,1.082156,-0.1762533,-0.6941291,-0.001369291
15.06,1.481424,9.246526,1.52543,0.05875961,-0.8637162,-0.05057684
15.08,1.391572,9.518481,1.801162,0.2846867,-1.099706,-0.02822141
15.10,1.066226,9.884628,1.819626,0.4309724,-1.321429,0.08873702
15.12,0.7389879,10.13764,1.863538,0.4816606,-1.504975,0.2897682
15.14,0.5895801,10.38095,1.777629,0.4327825,-1.644153,0.5495109
15.16,0.4961777,10.56902,1.547353,0.3010383,-1.740156,0.8354186
15.18,0.4845957,10.70012,1.27955,0.15987,-1.757224,1.104249
15.20,0.5301512,10.6441,1.067064,0.05783868,-1.675696,1.300344
15.22,0.5661442,10.49541,0.8538088,-0.00227573,-1.520546,1.403107
15.24,0.67676,10.29376,0.680692,-0.04434777,-1.341804,1.414713
15.26,0.7920789,10.16051,0.570788,-0.07974901,-1.14988,1.346056
15.28,0.8556807,9.97534,0.3904821,-0.1252234,-0.9221536,1.237253
15.30,0.8838068,9.753963,0.1699332,-0.1909525,-0.6328083,1.124267
15.32,0.8449503,9.768975,-0.002732362,-0.2568729,-0.3245057,1.02518
15.34,0.7886445,9.897005,-0.03740847,-0.3067398,-0.03672864,0.9387882
15.36,0.6408707,9.912604,0.02986857,-0.3330702,0.2068949,0.8478131
15.38,0.5872117,9.927808,0.170443,-0.3575623,0.3801094,0.7579311
15.40,0.4704885,9.836386,0.231096,-0.4204063,0.4957808,0.6772317
15.42,0.3025021,9.665133,0.2934088,-0.5186402,0.5561778,0.5942797
15.44,0.1514538,9.425089,0.4243103,-0.6259084,0.5458284,0.4893522
15.46,0.08142334,9.269398,0.5150399,-0.6759377,0.4751145,0.3573649
15.48,0.2286299,9.323016,0.7429877,-0.6111971,0.3396758,0.2057199
15.50,0.4242456,9.568842,1.018709,-0.4555062,0.1291614,0.06619196
15.52,0.506057,9.713571,1.020706,-0.2985097,-0.1260737,-0.03962371
15.54,0.4512943,9.470483,0.8394898,-0.2048916,-0.3586833,-0.1011388
15.56,0.3636706,9.676749,0.5340202,-0.1128937,-0.5152571,-0.1307109
15.58,0.282565,10.68914,0.3041478,0.08010483,-0.5858335,-0.1511517
15.60,0.2304358,11.57926,0.1653094,0.3627215,-0.5303206,-0.2077525
15.62,0.1480525,12.14087,-0.09014421,0.6470201,-0.383998,-0.3316076
15.64,0.3566338,11.12511,-0.0322979,0.73598,-0.2028579,-0.500887
15.66,0.7647576,9.340611,-0.1062889,0.5612984,-0.06002913,-0.6538675
15.68,1.125206,8.021672,-0.1969451,0.2181438,0.02248817,-0.7698768
15.70,1.141561,8.069454,-0.2263844,-0.07781554,0.05300631,-0.8120756
15.72,1.034964,8.939619,-0.002395978,-0.1642124,0.05959954,-0.7649352
15.74,0.8857835,9.827675,0.326916,-0.01337731,0.08881094,-0.6507751
15.76,0.6491629,10.64416,0.3894974,0.267213,0.1329109,-0.4938562
15.78,0.5295208,10.74819,0.2337845,0.4818947,0.2119561,-0.3264758
15.80,0.513683,10.12365,0.07925177,0.5205845,0.3647033,-0.2114409
15.82,0.5896941,9.611088,-0.09802653,0.4104859,0.5588863,-0.1817073
15.84,0.6023297,8.958209,-0.09352183,0.2217676,0.7562628,-0.2293241
15.86,0.7502808,8.632018,0.02508698,0.07117616,0.9184971,-0.3472883
15.88,1.023902,8.525509,0.3272647,0.01994978,0.9957219,-0.5043755
15.90,1.204436,8.425233,0.5977054,0.03980524,1.002547,-0.6508472
15.92,1.10306,8.509787,0.634959,0.05907214,0.9648175,-0.7575142
15.94,0.9206751,8.673243,0.5455301,0.04712899,0.93444,-0.8145601
15.96,0.7730346,8.891457,0.5041971,0.02625816,0.9058437,-0.8348535
15.98,0.7555895,9.079232,0.6049569,0.04463436,0.8596386,-0.8331643
16.00,0.8533401,9.159949,0.9056264,0.1129137,0.7523349,-0.8155908
16.02,0.9924778,9.118531,1.131879,0.1948847,0.5628841,-0.7973189
16.04,1.14157,9.04389,1.139819,0.2495588,0.3400939,-0.788903
16.06,1.236712,9.076908,1.164626,0.2847571,0.1242726,-0.774551
16.08,1.289528,9.439662,1.091837,0.3496518,-0.06813354,-0.7438369
16.10,1.379614,10.0181,1.117481,0.4495917,-0.251655,-0.7027625
16.12,1.590583,10.66487,1.135661,0.5441263,-0.444379,-0.6510112
16.14,1.809094,11.24635,1.082847,0.5837535,-0.630741,-0.572959
16.16,1.913573,11.51229,0.9182441,0.5345209,-0.7757996,-0.449739
16.18,1.83109,11.80792,0.5320237,0.4179299,-0.8074152,-0.2696475
16.20,1.69227,12.85366,0.1210721,0.3156644,-0.7159247,-0.07808494
16.22,1.686357,13.90865,0.02148935,0.2371155,-0.5691846,0.06913763
16.24,1.915785,14.40767,-0.03973653,0.1439435,-0.4387751,0.1720033
16.26,2.018202,13.9988,-0.05222145,-0.0162921,-0.3602811,0.2855884
16.28,1.878211,12.48347,-0.1468648,-0.2299395,-0.2671237,0.3746899
16.30,2.250699,11.44557,0.2205685,-0.5234108,-0.1787942,0.5780046
16.32,1.809871,9.591195,0.1434448,-0.8235602,-0.09417497,0.760457
16.34,1.221605,8.545177,-0.2794414,-1.086282,0.01287637,0.9101154
16.36,0.9698725,8.385353,-0.06023569,-1.240483,0.0357522,1.021319
16.38,0.8134193,8.539809,0.3528619,-1.230718,-0.04644739,1.05187
16.40,0.6875558,8.68302,0.6982312,-1.056268,-0.2356357,1.021412
16.42,0.5719397,8.907029,1.288912,-0.7404456,-0.6174911,0.9661192
16.44,0.6782396,9.203236,1.570162,-0.3280242,-1.077349,0.9101551
16.46,1.0242,9.502656,1.70832,0.09664658,-1.519067,0.8524518
16.48,0.7288589,9.693597,1.567171,0.3904976,-1.891772,0.8380238
16.50,0.1188503,9.852931,1.263284,0.5247201,-2.181076,0.9208335
16.52,0.05423284,9.775176,0.9893041,0.5991344,-2.307513,1.044425
16.54,0.03215526,9.661937,0.6764563,0.6576455,-2.278143,1.158808
16.56,0.220787,9.526207,0.3090569,0.6614802,-2.085052,1.21895
16.58,0.396438,9.449956,-0.01695233,0.5751935,-1.752619,1.206349
16.60,0.4652567,9.387201,-0.3130499,0.3851857,-1.34821,1.12617
16.62,0.5310076,9.27022,-0.4446214,0.1200112,-0.9333431,1.013448
16.64,0.5688282,9.035146,-0.4832381,-0.1190137,-0.5331673,0.907648
16.66,0.5373502,9.083613,-0.4369293,-0.2727858,-0.143919,0.8293971
16.68,0.3179998,9.172353,-0.363645,-0.3544085,0.2285559,0.7584428
16.70,0.09632093,9.465956,-0.3099365,-0.3988301,0.5456261,0.6774705
16.72,-0.09490632,9.965256,-0.2051242,-0.4197504,0.782379,0.5580664
16.74,-0.3002672,10.22853,-0.09980994,-0.404881,0.9618838,0.3769751
16.76,-0.3766585,10.14028,0.05757771,-0.3611788,1.087177,0.1419623
16.78,-0.2969596,10.41415,0.105281,-0.2677962,1.147952,-0.1063908
16.80,-0.3543789,11.51117,0.01529758,-0.07768839,1.157654,-0.3513751
16.82,-0.5794504,12.16545,0.09726132,0.1658192,1.168164,-0.6236045
16.84,-0.6623522,12.29059,0.2399465,0.3747461,1.160708,-0.9140569
16.86,-0.267336,11.27129,0.346926,0.3931826,1.102333,-1.168731
16.88,0.209489,9.792114,0.004878419,0.2353628,1.01447,-1.345056
16.90,0.4354788,9.032189,-0.1503864,0.02971679,0.8619033,-1.398465
16.92,0.6451124,8.986515,0.01357811,-0.1219812,0.6362354,-1.327715
16.94,0.5114338,9.24938,0.1223035,-0.1655451,0.4197597,-1.158028
16.96,0.1838914,9.692881,0.05171087,-0.07049677,0.2980959,-0.917053
16.98,-0.0208882,10.25118,-0.1013202,0.1315019,0.2743439,-0.6466167
17.00,0.1079532,10.49709,-0.2243035,0.3467658,0.3403008,-0.4061619
17.02,0.4239287,10.07628,-0.3873044,0.460129,0.5312329,-0.261408
17.04,0.360988,9.311043,-0.4618924,0.441202,0.7941632,-0.2120482
17.06,0.4333448,8.423621,-0.43958,0.3388492,1.114397,-0.2697075
17.08,0.6992458,7.844802,-0.285402,0.2380221,1.439613,-0.4460525
17.10,0.9938716,7.85187,7.972631e-05,0.1980517,1.685019,-0.6916735
17.12,1.172351,8.081593,0.2882591,0.2196721,1.831025,-0.9307621
17.14,1.146201,8.606157,0.4939013,0.2801469,1.893278,-1.112333
17.16,0.9138365,9.0322,0.6484749,0.3209783,1.900812,-1.193627
17.18,0.747239,9.189936,0.7401778,0.299915,1.881111,-1.186849
17.20,0.7061421,9.263244,0.7998801,0.2309822,1.827881,-1.103641
17.22,0.7855216,9.408866,0.9255333,0.1565019,1.751028,-0.9784737
17.24,0.9248154,9.666327,1.106596,0.1074837,1.628964,-0.8268433
17.26,1.016246,9.946655,1.328255,0.07670358,1.440765,-0.6650562
17.28,1.200585,10.08404,1.378994,0.05004842,1.22055,-0.5356625
17.30,1.378167,10.37467,1.468145,0.0253143,0.9700402,-0.4339597
17.32,1.55968,10.97913,1.482954,0.01853049,0.6980943,-0.3477633
17.34,1.725325,11.77054,1.342079,-0.001136501,0.4341704,-0.272772
17.36,1.781354,12.155,1.067499,-0.06056241,0.2211622,-0.20336
17.38,1.70885,11.99062,0.7869867,-0.1673397,0.07496079,-0.1251689
17.40,1.604324,12.36139,0.4970009,-0.2263144,-0.01273836,-0.04136931
17.42,1.506889,13.24564,0.4747863,-0.157233,-0.06810005,-0.003469621
17.44,1.673469,13.47565,0.6164982,-0.02939087,-0.1293591,-0.003269234
17.46,2.209098,12.83094,0.7832454,0.03104837,-0.2676501,0.04598417
17.48,2.533433,11.94815,0.7798812,-0.04606178,-0.4676573,0.1912353
17.50,2.356342,11.12606,0.5966729,-0.2221385,-0.6303267,0.4303364
17.52,1.74339,10.68973,0.2655518,-0.4142949,-0.7012687,0.7208831
17.54,0.924341,10.59637,0.1007651,-0.5356495,-0.7156643,1.008128
17.56,0.4812351,10.54287,0.2345549,-0.5539934,-0.7953941,1.229061
17.58,0.3395911,10.1424,0.4003341,-0.5228628,-1.02589,1.366693
17.60,0.2003104,9.384517,0.4931328,-0.4445109,-1.366403,1.406698
17.62,0.04969469,8.888833,0.8774298,-0.2353641,-1.746055,1.348956
17.64,0.01495974,8.754745,1.244788,0.06089165,-2.161676,1.224406
17.66,-0.02301237,8.593128,1.203751,0.2914875,-2.539462,1.08571
17.68,0.4626106,8.250631,0.589202,0.408381,-2.678237,0.9331384
17.70,0.4355452,8.081689,0.2987495,0.4621401,-2.641278,0.8083737
17.72,0.2450251,8.528863,0.120863,0.4904566,-2.477817,0.7660482
17.74,0.4061397,9.163774,-0.02931627,0.5287254,-2.220703,0.7974061
17.76,0.5654169,9.665611,-0.1228821,0.5527979,-1.918158,0.8662478
17.78,0.6083085,9.724021,-0.2462151,0.5289425,-1.565328,0.9443225
17.80,0.681292,9.646865,-0.4309841,0.4448673,-1.136013,1.017909
17.82,0.668802,9.474386,-0.6327867,0.2728556,-0.6629171,1.064106
17.84,0.5917943,9.256713,-0.6911317,0.04130355,-0.2108613,1.068664
17.86,0.5499011,9.169103,-0.686465,-0.1742673,0.1897467,1.036352
17.88,0.4577815,9.165812,-0.5885527,-0.3293563,0.5239523,0.9655291
17.90,0.2983963,9.262641,-0.5295325,-0.409621,0.8328454,0.8548582
17.92,0.1001229,9.490059,-0.4952471,-0.4396992,1.101531,0.7012568
17.94,-0.1377384,9.722827,-0.3976617,-0.4582986,1.306419,0.4989075
17.96,-0.2641535,9.539764,-0.3038337,-0.4720956,1.427824,0.2467776
17.98,-0.1162669,9.343587,-0.0961167,-0.4461761,1.441529,-0.01741257
18.00,0.04996334,9.930488,0.1663841,-0.3065997,1.342326,-0.2688309
18.02,-0.2810904,11.71087,0.3321421,0.00648559,1.177871,-0.5317039
18.04,-0.7611633,13.44618,0.7246973,0.384104,0.9723267,-0.8194065
18.06,-0.8092061,13.22962,0.9311947,0.5813729,0.7454441,-1.096094
18.08,-0.169074,11.73629,0.7379014,0.5180217,0.4898228,-1.267788
18.10,0.2970826,9.931423,0.4911054,0.2785874,0.2339438,-1.316235
18.12,0.503465,9.012197,0.004945654,-0.01752138,0.04088236,-1.277808
18.14,0.3744272,9.319989,-0.4067631,-0.265426,-0.1095226,-1.18829
18.16,0.1015602,9.947992,-0.6332867,-0.4161687,-0.2155536,-1.063047
18.18,-0.06473446,10.49846,-0.4978071,-0.4064574,-0.238514,-0.8816711
18.20,-0.01327541,10.73837,0.1469516,-0.01094592,-0.05233455,-0.6455645
18.22,0.1587328,10.18785,0.1549828,0.5233402,0.3556571,-0.4201237
18.24,0.3236791,9.031647,-0.6268294,0.7585979,0.8005068,-0.2748173
18.26,0.4804329,8.3224,-0.9230977,0.6371672,1.199155,-0.2401036
18.28,0.5345756,7.973505,-0.8887854,0.3719215,1.590839,-0.3411542
18.30,0.5873346,8.007555,-0.6907256,0.2138191,1.999792,-0.5453098
18.32,0.9139745,8.100507,-0.2139657,0.2533933,2.359733,-0.8066151
18.34,1.159744,8.141549,0.2051269,0.401089,2.630047,-1.079562
18.36,1.087775,8.509384,0.3602327,0.4755335,2.785979,-1.309529
18.38,0.9075326,9.19697,0.4862782,0.4208092,2.806577,-1.443442
18.40,0.8317044,9.968333,0.7152599,0.2723458,2.696091,-1.447938
18.42,0.7742236,10.27605,1.023841,0.09518442,2.462227,-1.329264
18.44,0.8139056,10.21126,1.104297,-0.06246272,2.190146,-1.133599
18.46,0.7839766,10.38237,1.308223,-0.1484363,1.911487,-0.9095255
18.48,0.9927191,10.75276,1.562084,-0.1290371,1.597361,-0.6908473
18.50,1.443456,11.40504,1.696112,-0.06827997,1.217889,-0.4961762
18.52,1.780354,11.65135,1.62059,-0.05317029,0.8000218,-0.3454394
18.54,2.000722,11.36942,1.490727,-0.09181485,0.3974812,-0.2245481
18.56,2.077412,10.9197,1.35503,-0.1193338,0.05815865,-0.1170843
18.58,2.005965,10.67976,1.188356,-0.0698785,-0.1638633,-0.02920261
18.60,1.881035,11.14184,1.046222,0.1072187,-0.306415,0.02140763
18.62,1.881009,12.29133,1.160498,0.3439861,-0.4594219,0.02611315
18.64,2.155113,12.83099,1.258281,0.4833376,-0.6490946,0.03392128
18.66,2.458712,11.90585,1.225887,0.4072616,-0.8672351,0.1236749
18.68,2.448334,10.56007,1.01699,0.1735152,-1.041237,0.30961
18.70,2.097294,9.320533,0.8702469,-0.09733628,-1.084722,0.5464187
18.72,1.688101,8.778719,0.6354065,-0.3016393,-0.9780514,0.7741016
18.74,1.421506,9.117354,0.468249,-0.3675493,-0.8320168,0.9406783
18.76,1.420615,9.713826,0.732274,-0.3354226,-0.7871335,1.017268
18.78,1.55608,10.20118,1.200093,-0.238679,-0.8954665,1.035302
18.80,1.618854,10.77881,1.699043,-0.07736335,-1.14163,1.062053
18.82,1.408962,11.29561,2.029789,0.08464795,-1.44775,1.137904
18.84,0.8954566,11.52348,1.961942,0.1465213,-1.708255,1.26662
18.86,0.3614967,11.60971,1.682126,0.09363883,-1.890228,1.450861
18.88,0.1002623,11.58076,1.323989,-0.01842716,-1.949099,1.658743
18.90,-0.07671063,11.56149,1.006941,-0.1648006,-1.914016,1.854739
18.92,-0.1971008,11.27798,0.7059957,-0.3323389,-1.830611,1.98917
18.94,-0.09189047,10.75788,0.4719366,-0.450168,-1.704379,2.01129
18.96,0.0790204,10.21679,0.2814184,-0.5276561,-1.495123,1.948286
18.98,0.142383,9.754651,0.1131512,-0.5954139,-1.239378,1.818024
19.00,0.159415,9.48315,0.145345,-0.6619555,-1.021432,1.669941
19.02,0.15502,9.229445,0.2202583,-0.7236162,-0.8404908,1.542887
19.04,0.0952133,8.991858,0.0677126,-0.7392052,-0.642567,1.439704
19.06,0.0007832081,8.847959,0.07697584,-0.693962,-0.4387408,1.340292
19.08,0.02715464,8.892756,0.1615883,-0.5935344,-0.2602827,1.237764
19.10,0.03897659,8.957217,0.225964,-0.4920873,-0.1361807,1.114736
19.12,-0.0525458,8.991421,0.2109344,-0.4236813,-0.04021057,0.9572929
19.14,-0.113464,8.835238,0.1019151,-0.3889068,0.0659029,0.7418503
19.16,0.007380835,8.641755,0.1016717,-0.3547626,0.1391909,0.4846485
19.18,0.2003434,8.530421,0.1312955,-0.3162527,0.1671286,0.2034072
19.20,0.306085,8.547862,0.0600056,-0.2637533,0.1538007,-0.06340601
19.22,0.282635,9.118134,-0.09893407,-0.1313697,0.1385928,-0.3067711
19.24,0.3433554,10.38752,-0.06378702,0.1509405,0.1249427,-0.5568259
19.26,0.4056329,11.3472,0.1886593,0.4913398,0.1155317,-0.8248693
19.28,0.4141031,11.43591,0.1520912,0.7185647,0.1058251,-1.083751
19.30,0.5859653,10.97041,-0.01768724,0.7324799,0.09552172,-1.280425
19.32,0.9351875,10.21175,-0.2450964,0.5564818,0.1096088,-1.406063
19.34,1.216835,9.488587,-0.3658548,0.2787782,0.1002507,-1.480197
19.36,1.543318,9.218436,-0.4884628,0.03265023,0.09744594,-1.538946
19.38,1.539126,9.39268,-0.346213,-0.09254275,0.08084326,-1.588775
19.40,1.315713,9.848748,-0.02017489,-0.03782046,0.05066263,-1.57563
19.42,1.147827,10.35238,0.2256492,0.1893698,0.03830033,-1.499629
19.44,1.111726,10.72997,0.2001979,0.4709327,0.06680124,-1.400949
19.46,1.112746,10.64422,0.03569379,0.6395055,0.1386882,-1.312283
19.48,1.168726,10.16064,-0.1895175,0.6400554,0.2511759,-1.268115
19.50,1.256874,9.710835,-0.3474419,0.5549113,0.4087421,-1.255826
19.52,1.344941,9.431746,-0.4312769,0.4769442,0.6476276,-1.279123
19.54,1.445683,9.344462,-0.2971953,0.4475503,0.9012313,-1.32967
19.56,1.738732,9.437691,-0.114834,0.4563718,1.099182,-1.398627
19.58,2.22475,9.752341,-0.3012889,0.4190757,1.32134,-1.453742
19.60,2.508479,10.11573,-0.5784531,0.3085668,1.604201,-1.44744
19.62,2.347415,10.17335,-0.3501885,0.1903006,1.838718,-1.386748
19.64,2.046986,10.20911,0.08233664,0.07129546,1.934584,-1.247456
19.66,1.771425,10.10975,0.3647345,-0.06798173,1.906517,-1.0548
19.68,1.651923,10.04269,0.6530566,-0.1789152,1.752447,-0.8530703
19.70,1.752141,10.00454,1.048623,-0.2257812,1.48272,-0.6582662
19.72,2.02617,10.10583,1.301985,-0.1871925,1.141548,-0.4591034
19.74,2.162333,10.35929,1.414952,-0.07392891,0.7562016,-0.2682152
19.76,2.144702,10.70244,1.594703,0.03242283,0.2937617,-0.08228815
19.78,2.056515,10.77593,1.415843,0.04985506,-0.148506,0.1126138
19.80,1.845983,10.58567,0.7229851,-0.03167293,-0.432454,0.3125311
19.82,1.648964,10.54348,0.327793,-0.1258214,-0.5850881,0.4968447
19.84,1.547662,10.74059,0.1943296,-0.1372902,-0.6485547,0.6173033
19.86,1.541607,11.62666,0.09485593,-0.02517313,-0.6678032,0.663972
19.88,1.641759,12.4051,0.1111622,0.1179833,-0.6805862,0.6449764
19.90,1.842318,12.59552,0.1467987,0.1998388,-0.7483619,0.6145265
19.92,2.089956,12.11224,0.1436086,0.1692039,-0.8701679,0.6212873
19.94,2.215723,10.94868,0.03090549,0.02743794,-0.9766124,0.6839135
19.96,2.138944,9.801539,-0.08712437,-0.1870608,-1.027089,0.8007645
19.98,1.834958,8.961973,-0.135848,-0.3790458,-1.008784,0.949169
20.00,1.396334,8.603875,-0.3740218,-0.5022112,-0.9019662,1.096798
20.02,0.9237698,8.674466,-0.5849537,-0.5426278,-0.7330707,1.212235
20.04,0.5401528,9.1138,-0.281172,-0.4615088,-0.6701042,1.245365
20.06,0.7725499,9.809357,0.06910735,-0.2698699,-0.7579266,1.164402
20.08,0.9570068,10.55123,0.8562259,0.003024757,-1.061428,1.008722
20.10,1.071101,10.99085,1.555946,0.3104455,-1.581352,0.8479787
20.12,0.9766259,11.16366,1.955906,0.5436357,-2.205144,0.7718773
20.14,0.889214,11.03518,1.497507,0.6169508,-2.668622,0.7843068
20.16,1.185153,10.31297,1.036773,0.6414916,-2.861816,0.8317894
20.18,0.6855479,10.50259,0.3273954,0.5626625,-2.821895,0.9893945
20.20,0.5118535,10.51815,-0.1856431,0.40424,-2.621235,1.203731
20.22,0.4715576,10.35208,-0.7464998,0.2339874,-2.271142,1.369871
20.24,0.6031139,10.12613,-0.9724468,0.1356671,-1.8468,1.450429
20.26,0.8118782,9.725701,-0.8592494,0.08704764,-1.430775,1.449921
20.28,0.9726042,9.31687,-0.8276463,0.03301526,-1.027205,1.411958
20.30,0.9536861,8.876174,-1.001975,-0.02113839,-0.5819995,1.346673
20.32,0.9168006,8.451528,-0.8794861,-0.07686926,-0.1552261,1.242977
20.34,0.9669762,8.375476,-0.7493159,-0.1126671,0.2118659,1.1087
20.36,0.8915343,8.46867,-0.6221111,-0.1318025,0.4960772,0.9375455
20.38,0.8721793,8.673664,-0.5103669,-0.123637,0.7080773,0.7561627
20.40,0.7761158,9.195463,-0.4409732,-0.08520171,0.87903,0.5699701
20.42,0.6636641,9.671455,-0.3169524,-0.04046879,1.015948,0.3816229
20.44,0.5762078,9.534606,-0.2576542,-0.04534323,1.132684,0.1808189
20.46,0.5485917,9.188445,-0.3096013,-0.09981351,1.226575,-0.03674822
20.48,0.6013304,9.179919,-0.3133363,-0.1569538,1.253014,-0.252913
20.50,0.7307091,9.706263,-0.3280518,-0.1484888,1.218376,-0.4708488
20.52,0.8824461,10.62528,-0.3109443,-0.02303481,1.135171,-0.6972013
20.54,1.093975,11.87692,-0.1258678,0.2360048,0.9971802,-0.9350024
20.56,1.336978,12.90168,0.08345298,0.5319,0.8441679,-1.194184
20.58,1.6133,11.48942,0.2747585,0.6187915,0.6912112,-1.402605
20.60,1.807563,9.613889,-0.04775803,0.4504505,0.5491143,-1.456011
20.62,1.886388,8.127957,-0.4313191,0.09213804,0.4955972,-1.376379
20.64,1.729934,7.358601,-0.8749001,-0.3204528,0.5422401,-1.22992
20.66,1.570891,7.604331,-1.191626,-0.6511103,0.6254097,-1.057095
20.68,1.525226,8.549294,-1.132713,-0.8042129,0.667481,-0.8802781
20.70,1.46591,9.921106,-0.7407613,-0.6774812,0.6917578,-0.7175891
20.72,1.446883,11.17012,-0.2504925,-0.2016573,0.752883,-0.6036378
20.74,1.574534,11.59801,0.01012899,0.4288633,0.8571575,-0.5646826
20.76,1.839827,10.90916,-0.1355427,0.8449869,0.9533234,-0.6011428
20.78,2.006754,10.12621,-0.5087024,0.9233969,1.033286,-0.6693651
20.80,1.968748,9.683172,-0.7999945,0.7582489,1.147102,-0.7507577
20.82,1.963529,9.667588,-1.127776,0.4956442,1.346119,-0.8099081
20.84,2.298734,9.85546,-1.480003,0.2139158,1.646358,-0.8360906
20.86,2.61743,9.754692,-1.470596,-0.04242165,1.984753,-0.8379281
20.88,2.832597,9.53029,-1.268768,-0.2059208,2.290354,-0.8201157
20.90,2.829559,9.122065,-0.7897374,-0.2546681,2.499905,-0.7759686
20.92,2.624114,8.655574,-0.3444847,-0.2135815,2.582267,-0.700047
20.94,2.212843,8.450959,0.007810591,-0.1504023,2.518594,-0.5848629
20.96,1.864653,8.696654,0.2645446,-0.1136334,2.328032,-0.4173322
20.98,1.772632,9.015105,0.4253389,-0.07959132,2.065022,-0.2428068
21.00,1.892805,9.554267,0.5851761,-0.01532079,1.754822,-0.1059314
21.02,2.0367,9.937962,0.8013247,0.07743212,1.410703,-0.02732941
21.04,2.276155,10.26351,1.043157,0.1706818,1.019891,0.01778134
21.06,2.513462,10.60282,1.125652,0.211942,0.6083848,0.06709929
21.08,2.521729,10.63753,0.8998665,0.1490665,0.2480916,0.1618656
21.10,2.4843,10.52237,0.4860975,0.02483923,-0.03747647,0.2739934
21.12,2.454827,11.19432,0.2434224,-0.06844825,-0.2791446,0.3659312
21.14,2.506932,12.5349,0.2029355,-0.07726213,-0.5110514,0.4104656
21.16,2.693168,12.62294,0.06823045,-0.1088025,-0.6903223,0.4203387
21.18,2.844245,10.91214,-0.114823,-0.2323245,-0.7993282,0.5036445
21.20,1.993812,8.977637,-0.6433132,-0.3788498,-0.7405743,0.6522332
21.22,1.891486,8.214429,-0.7340962,-0.490125,-0.5609869,0.9446108
21.24,1.668604,8.591216,-0.492578,-0.4422623,-0.4462054,1.225896
21.26,1.171184,10.22087,-0.7716978,-0.2255234,-0.3388027,1.367509
21.28,0.9809365,12.40285,-0.7065397,0.06827103,-0.2959085,1.431434
21.30,1.168982,13.28578,-0.2974131,0.3018651,-0.3277595,1.427184
21.32,1.271786,12.3096,-0.3373839,0.3691381,-0.3596887,1.409899
21.34,1.104394,11.34723,-0.5891867,0.3133568,-0.2844672,1.405698
21.36,0.9431933,10.22867,-0.7231939,0.1801542,-0.03202406,1.365413
21.38,0.378453,9.803728,-0.9410248,0.0008410235,0.3121535,1.345836
21.40,0.2281436,10.03818,-1.258731,-0.1599595,0.6699581,1.3602
21.42,0.2602752,9.993505,-1.158344,-0.2502876,0.9490106,1.351116
21.44,0.2755125,9.285587,-0.7691572,-0.2337144,1.146338,1.283758
21.46,0.3585568,8.90608,-0.4771636,-0.04044709,1.286841,1.161126
21.48,0.4701785,9.208646,-0.2172899,0.3254667,1.400567,1.015679
21.50,0.5070907,9.472503,-0.09409487,0.7199973,1.507638,0.860432
21.52,0.3987127,9.352591,-0.2183428,0.9981014,1.62437,0.690466
21.54,0.1648595,8.999592,-0.3167084,1.133202,1.736418,0.5053569
21.56,0.1142863,8.596549,-0.2729388,1.225078,1.840636,0.2901185
21.58,0.2404361,8.447468,-0.04186703,1.365992,1.926439,0.04140394
21.60,0.467247,8.37706,0.1269825,1.540422,1.987249,-0.2380438
21.62,0.6040368,8.385597,0.09739488,1.686062,2.02726,-0.5086355
21.64,0.6328109,8.642576,-0.06983141,1.772466,2.090918,-0.7325419
21.66,0.5459782,8.919858,-0.2539099,1.8094,2.214646,-0.9311836
21.68,0.4917527,9.374022,-0.2378155,1.837815,2.34599,-1.103962
21.70,0.5218423,10.0076,-0.1057165,1.885102,2.438373,-1.265508
21.72,0.5334109,10.78582,0.05824476,1.966971,2.494395,-1.420142
21.74,0.5069402,11.47859,0.281208,2.018591,2.515409,-1.567027
21.76,0.4848879,11.46684,0.3594626,1.935258,2.53971,-1.680759
21.78,0.4622184,11.14965,0.2449741,1.700085,2.575125,-1.741311
21.80,0.4332614,10.97777,0.1873822,1.380769,2.609909,-1.756314
21.82,0.6351707,11.1245,0.1643447,1.059273,2.613456,-1.734989
21.84,0.8925546,11.46635,0.2190588,0.8104051,2.550226,-1.689576
21.86,1.044591,11.67646,0.360982,0.6446221,2.422638,-1.609135
21.88,1.091824,11.69676,0.4480188,0.5605686,2.278546,-1.484704
21.90,0.9884101,11.49833,0.4679852,0.5451496,2.167367,-1.332202
21.92,0.8996305,11.4196,0.4553854,0.5723583,2.114138,-1.196975
21.94,0.9204002,11.15224,0.3508407,0.5725209,2.116562,-1.119205
21.96,1.1156,10.73233,0.1571299,0.5192211,2.134371,-1.111163
21.98,1.305037,10.16868,0.01127666,0.4296429,2.158914,-1.168922
22.00,1.519608,9.527919,-0.04781962,0.3496014,2.203264,-1.261894
22.02,1.664806,9.081277,-0.09103253,0.3090234,2.254253,-1.368095
22.04,1.851691,9.03968,-0.07019208,0.3120858,2.259405,-1.46316
22.06,2.088682,9.224993,-0.03646547,0.3315355,2.188251,-1.514922
22.08,2.297177,9.525136,-0.1178011,0.3355492,2.06069,-1.504675
22.10,2.425576,9.792647,-0.2323726,0.332794,1.917682,-1.441576
22.12,2.515525,9.93103,-0.2105847,0.331006,1.767086,-1.337162
22.14,2.57562,10.02132,-0.1366965,0.3254208,1.644542,-1.185558
22.16,2.551168,10.16201,-0.2166242,0.275396,1.574328,-1.00035
22.18,2.486948,10.33612,-0.4401992,0.1461014,1.56013,-0.8100619
22.20,2.46646,10.36697,-0.6943978,-0.05268507,1.584119,-0.6420371
22.22,2.314613,10.37828,-0.8913414,-0.2739883,1.651909,-0.5224177
22.24,2.500522,10.11795,-0.8824587,-0.4708585,1.730347,-0.438947
22.26,2.520829,10.14798,-0.939348,-0.5931445,1.800143,-0.3685964
22.28,2.408255,10.02088,-0.9331241,-0.6967077,1.853105,-0.3095878
22.30,2.158595,9.781365,-1.238467,-0.7884545,1.922167,-0.2465969
22.32,1.78289,9.419357,-1.638024,-0.8664085,2.03421,-0.1986821
22.34,1.541533,9.248139,-1.782437,-0.9110903,2.12903,-0.1627651
22.36,1.524159,9.14826,-1.60408,-0.9414718,2.140539,-0.1208623
22.38,1.676702,9.077835,-1.174746,-0.9698704,2.026645,-0.03893722
22.40,1.592719,9.630001,-0.8910374,-0.9661781,1.830405,0.08473494
22.42,1.337509,10.34419,-0.7769305,-0.9245313,1.608498,0.2328389
22.44,1.148284,10.76303,-0.7213377,-0.8566507,1.395619,0.3945444
22.46,0.9971406,10.8482,-0.6756597,-0.775028,1.210898,0.559015
22.48,0.9150853,10.78945,-0.5817394,-0.6823282,1.052937,0.7281974
22.50,0.9253023,10.55236,-0.4224689,-0.5993142,0.9185444,0.8766075
22.52,0.9762293,10.04599,-0.3348714,-0.5693351,0.8104271,0.9923217
22.54,1.006816,9.342781,-0.3572291,-0.6030692,0.7130765,1.052824
22.56,0.9784245,8.608378,-0.4546822,-0.6622962,0.6212339,1.047471
22.58,0.8987419,8.007215,-0.4605904,-0.6606627,0.5164058,0.9781839
22.60,1.012844,8.01979,-0.1358291,-0.5267103,0.3725007,0.8641403
22.62,1.04573,8.913514,0.2075295,-0.2570643,0.1840981,0.7649565
22.64,1.013306,10.07445,0.4097433,0.08172484,-0.0104214,0.6895183
22.66,0.8964515,10.96741,0.5319117,0.3836843,-0.2221573,0.6089225
22.68,0.9695706,10.90464,0.6100842,0.6127278,-0.4307821,0.5046222
22.70,1.021698,11.25541,0.4665596,0.7937645,-0.6197984,0.4196373
22.72,1.274965,12.19415,0.5088573,0.9325376,-0.7713457,0.3883336
22.74,1.126572,12.42096,0.2200709,0.9163479,-0.7872206,0.4468479
22.76,0.5926456,11.83412,-0.2707621,0.6767825,-0.6490626,0.5801911
22.78,0.2114437,10.7562,-0.7469293,0.2706247,-0.3730822,0.7030975
22.80,0.07552411,9.979119,-1.101017,-0.1565362,-0.04463404,0.7798584
22.82,0.4444329,9.826652,-1.030819,-0.4642442,0.1949901,0.7855911
22.84,0.8915156,9.977927,-0.605939,-0.5962512,0.3435895,0.7193386
22.86,0.9852448,9.704123,-0.3445414,-0.5334073,0.5005434,0.598239
22.88,0.8375196,9.077613,-0.07261316,-0.3375433,0.6804631,0.4516173
22.90,0.7437801,8.732284,-0.05180933,-0.1157157,0.8520531,0.3075451
22.92,0.7885602,8.581182,-0.1073453,0.03722714,0.9499763,0.1967833
22.94,0.7679792,8.709042,-0.01861775,0.107828,0.9686261,0.1342521
22.96,0.6135896,9.005618,0.008799106,0.1452689,0.9470295,0.1256249
22.98,0.4502388,9.544228,0.04326211,0.2070028,0.9005228,0.1637407
23.00,0.3325356,10.08037,0.1537437,0.3179391,0.8738279,0.1959035
23.02,0.4068349,10.06737,0.2251938,0.4353391,0.8836361,0.1732423
23.04,0.5883307,9.965117,0.2296931,0.5060055,0.8917646,0.07237447
23.06,0.85521,10.11947,0.1910861,0.5031803,0.8676723,-0.0896485
23.08,1.145162,10.01501,0.1015505,0.4231789,0.8274479,-0.2896016
23.10,1.476186,9.661808,-0.01080538,0.2825618,0.7857809,-0.4736024
23.12,1.751017,9.088486,-0.254946,0.1031429,0.790247,-0.5943699
23.14,1.91937,8.693455,-0.3740777,-0.0742241,0.8072084,-0.6392041
23.16,1.920128,8.618169,-0.3564893,-0.1877425,0.7942807,-0.6391078
23.18,1.849557,8.921865,-0.2397389,-0.2037517,0.7218801,-0.6432509
23.20,1.833483,9.362929,0.01682395,-0.121347,0.5828964,-0.6554842
23.22,1.786055,9.717583,0.2046547,0.02549908,0.4281751,-0.6599958
23.24,1.794653,9.855042,0.2299659,0.1612006,0.2854151,-0.6610532
23.26,2.010057,10.02299,0.2973584,0.193702,0.1102815,-0.6220665
23.28,1.979647,9.922343,0.0507734,0.1009844,-0.02673499,-0.5651829
23.30,1.717262,9.918001,-0.2215432,-0.02008521,-0.1176463,-0.4977127
23.32,1.668489,10.10728,-0.3244401,-0.09316853,-0.1450239,-0.4251319
23.34,1.802122,10.27127,-0.3278364,-0.09034859,-0.1067277,-0.358252
23.36,1.957313,10.36959,-0.4651751,-0.05753547,-0.02261099,-0.3012739
23.38,2.094228,10.17277,-0.6732115,-0.06895249,0.06081691,-0.2638784
23.40,2.111135,9.847523,-0.8589498,-0.1283747,0.1453384,-0.2402541
23.42,2.062131,9.634587,-0.8890671,-0.1599392,0.2382373,-0.2484781
23.44,2.029055,9.620186,-0.7625823,-0.1197955,0.3287361,-0.2702393
23.46,2.219032,9.426671,-0.4471059,-0.01983354,0.3626996,-0.2924676
23.48,2.285812,9.405391,-0.3567142,0.07238655,0.3648065,-0.2999823
23.50,2.032295,9.532312,-0.4951476,0.1139345,0.3776148,-0.2931667
23.52,1.831012,9.699106,-0.5068725,0.119574,0.3907998,-0.2582968
23.54,1.759704,9.774294,-0.3861248,0.1249035,0.3858188,-0.2128213
23.56,1.8289,9.791188,-0.16339,0.1574405,0.3367146,-0.1721655
23.58,1.85286,9.739368,0.04185465,0.2052791,0.2540361,-0.1402404
23.60,1.758016,9.889454,0.103647,0.2338088,0.1679889,-0.09148739
23.62,1.546311,10.15506,0.07893991,0.2331947,0.09099746,-0.03732483
23.64,1.41192,10.30657,0.0548688,0.196123,0.009636116,0.02055038
23.66,1.393191,10.32337,0.04330883,0.1377101,-0.07441851,0.07196896
23.68,1.38042,10.1041,0.01891123,0.07604823,-0.1449687,0.1102343
23.70,1.349634,9.914807,0.05258,0.04260632,-0.2099342,0.1358147
23.72,1.288564,9.751595,0.1211451,0.03800042,-0.2786865,0.1359903
23.74,1.235689,9.68476,0.2005284,0.06639985,-0.3778465,0.1234227
23.76,1.23806,9.746392,0.2348037,0.09867387,-0.5154837,0.1198811
23.78,1.255479,9.816888,-0.00825605,0.1052058,-0.602645,0.1454063
23.80,1.205972,9.85623,-0.2167498,0.08326276,-0.6345155,0.1837958
23.82,1.167613,9.90252,-0.3933237,0.04881649,-0.5965118,0.2268049
23.84,1.169241,9.959393,-0.5476777,0.0209811,-0.5035818,0.2475316
23.86,1.23681,9.975738,-0.5855991,0.0105221,-0.39764,0.2388246
23.88,1.350057,9.859032,-0.6333872,-0.001771639,-0.2923799,0.214789
23.90,1.340273,9.754339,-0.7418689,-0.02270743,-0.1645661,0.1905247
23.92,1.230948,9.753389,-0.7971089,-0.05134796,-0.0091263,0.1755656
23.94,1.145786,9.721572,-0.7957799,-0.06553617,0.1289934,0.1643465
23.96,1.163572,9.645082,-0.6915509,-0.06361048,0.222539,0.1501669
23.98,1.183011,9.552709,-0.6175523,-0.04346371,0.2737394,0.1352005
24.00,1.13309,9.546107,-0.5771257,-0.02051755,0.3075885,0.1338543
24.02,1.044355,9.556149,-0.5378342,0.000932889,0.3338049,0.1387626
24.04,0.9940023,9.566433,-0.4616193,0.03467068,0.3429572,0.1445928
24.06,1.01051,9.598429,-0.4059547,0.06680617,0.3261943,0.1384961
24.08,1.067268,9.560318,-0.3425228,0.08972757,0.2915012,0.1202604
24.10,1.123567,9.625684,-0.3216266,0.09562456,0.2412301,0.09368512
24.12,1.144572,9.653513,-0.3016489,0.08863605,0.1797734,0.05363824
24.14,1.177904,9.623963,-0.2614564,0.05874274,0.09943599,0.004423329
24.16,1.204373,9.563522,-0.2802797,0.03243811,0.01922793,-0.03550185
24.18,1.209692,9.736633,-0.3208363,0.02773271,-0.0420665,-0.06183413
24.20,1.124031,9.82547,-0.3126448,0.03612548,-0.06653445,-0.07120154
24.22,1.122161,9.771435,-0.3845392,0.03685956,-0.06208468,-0.06178332
24.24,1.136137,9.699092,-0.473992,0.02389349,-0.04281581,-0.04913878
24.26,1.190965,9.705946,-0.5093759,0.01181609,-0.02504912,-0.04811852
24.28,1.28843,9.764793,-0.449154,0.0133189,-0.01950656,-0.0654298
24.30,1.367095,9.870617,-0.4620684,0.03139272,-0.01441879,-0.08878464
24.32,1.351482,9.888638,-0.5115902,0.04275748,0.02102588,-0.1143149
24.34,1.35445,9.821657,-0.5244527,0.03969953,0.06217418,-0.1262516
24.36,1.366753,9.742881,-0.5044997,0.02798115,0.09355319,-0.1257842
24.38,1.361842,9.714781,-0.4737697,0.01756248,0.1154805,-0.11415
24.40,1.333671,9.727586,-0.4273201,0.01960741,0.1266696,-0.09667306
24.42,1.307742,9.787418,-0.3535568,0.03059292,0.1190926,-0.07856143
24.44,1.29932,9.755064,-0.2962604,0.04450222,0.08743572,-0.06421077
24.46,1.281899,9.716398,-0.2620218,0.05604277,0.039805,-0.06038352
24.48,1.289459,9.74159,-0.2077141,0.06649185,-0.02845792,-0.05810743
24.50,1.312237,9.73845,-0.2089926,0.07321841,-0.1021557,-0.04788056
24.52,1.346725,9.772481,-0.222337,0.07026378,-0.1744731,-0.02579233
24.54,1.328943,9.755503,-0.3117466,0.05546695,-0.2202584,0.002881035
24.56,1.30294,9.778231,-0.3730256,0.03233898,-0.2371386,0.02504644
24.58,1.312002,9.797695,-0.4293118,0.006031618,-0.2269544,0.03782711
24.60,1.337827,9.732269,-0.4989004,-0.02173336,-0.1959201,0.04660173
24.62,1.32463,9.733112,-0.5655589,-0.04736015,-0.1471147,0.03942834
24.64,1.345646,9.671961,-0.5708553,-0.06586685,-0.09962334,0.0160191
24.66,1.379456,9.658889,-0.5466638,-0.07053294,-0.06559404,-0.01584951
24.68,1.374788,9.681906,-0.5255891,-0.07190733,-0.0429238,-0.04116966
24.70,1.345673,9.737244,-0.5406844,-0.07511297,-0.02278832,-0.04898543
24.72,1.284504,9.763788,-0.5624647,-0.08611691,-0.006714641,-0.0388907
24.74,1.207496,9.765288,-0.5970665,-0.1011584,0.002330702,-0.02277755
24.76,1.182099,9.7849,-0.5757116,-0.1050112,0.0004301303,-0.006375068
24.78,1.179573,9.809816,-0.5407586,-0.09684325,-0.01781918,0.002596342
24.80,1.189315,9.746369,-0.4994586,-0.08082476,-0.04983592,0.0006063739
24.82,1.196533,9.768876,-0.5252948,-0.05845204,-0.08269721,-0.0006135445
24.84,1.155765,9.866293,-0.5364117,-0.03776686,-0.1079685,0.003324522
24.86,1.102712,9.870905,-0.585609,-0.03466303,-0.1189617,0.01158534
24.88,1.102506,9.743032,-0.6585574,-0.04953653,-0.1214591,0.01516421
24.90,1.122408,9.668107,-0.651461,-0.06084673,-0.131606,0.01144383
24.92,1.14735,9.647364,-0.6463979,-0.05101191,-0.1443162,0.002860307
24.94,1.206583,9.667556,-0.6165158,-0.01855547,-0.1541524,-0.01058828
24.96,1.23414,9.659072,-0.5835202,0.02508817,-0.1608186,-0.03146296
24.98,1.228217,9.69475,-0.5625012,0.06395759,-0.1595113,-0.04416845
25.00,1.220291,9.733119,-0.5981964,0.07878425,-0.142756,-0.04360934
25.02,1.215765,9.755849,-0.6390443,0.06727598,-0.1134112,-0.02839025
25.04,1.205305,9.786922,-0.6469514,0.04632827,-0.07622179,-0.002555975
25.06,1.240389,9.839832,-0.6054109,0.0400098,-0.05213651,0.0142135
25.08,1.254303,9.876773,-0.4915824,0.05367,-0.03931594,0.01507362
25.10,1.273409,9.86081,-0.4232948,0.07552067,-0.0391104,0.004365887
25.12,1.267589,9.825797,-0.4286107,0.0803747,-0.04266908,-0.006154415
25.14,1.225739,9.828289,-0.444472,0.07250743,-0.03858964,-0.01046592
25.16,1.186984,9.823435,-0.4585973,0.04544047,-0.03434744,-0.00785376
25.18,1.193163,9.786654,-0.4614252,0.01576665,-0.03797383,-0.004562095
25.20,1.21354,9.767241,-0.4067545,-0.001056019,-0.05858798,-0.0008423025
25.22,1.250707,9.731301,-0.3562175,-0.001154796,-0.09352064,-0.00022744
25.24,1.266193,9.763201,-0.3274779,0.01713654,-0.1331886,0.004620187
25.26,1.259573,9.823301,-0.3678611,0.03523801,-0.1619257,0.02036874
25.28,1.207915,9.912749,-0.4410551,0.04287354,-0.174493,0.04421503
25.30,1.176865,9.897066,-0.5490496,0.0345049,-0.1643052,0.07285675
25.32,1.183892,9.892797,-0.6061542,0.0168237,-0.1411177,0.09877452
25.34,1.16952,9.871932,-0.6427293,-0.002375501,-0.106048,0.1204563
25.36,1.174518,9.871393,-0.6525221,-0.01029744,-0.07118765,0.1330767
25.38,1.195501,9.821865,-0.6410251,-0.008616675,-0.03145747,0.1274284
25.40,1.183513,9.732883,-0.6262816,-0.004182945,0.00783751,0.1095364
25.42,1.187368,9.604706,-0.6450558,-0.004570776,0.04032595,0.08260796
25.44,1.200275,9.557341,-0.638932,-0.00651494,0.06713916,0.05658977
25.46,1.174196,9.578511,-0.6170136,-0.005145642,0.08368056,0.03793845
25.48,1.162836,9.631887,-0.565675,0.007644622,0.08559937,0.0240517
25.50,1.156039,9.737126,-0.5349079,0.02542644,0.07585125,0.02185542
25.52,1.124149,9.78563,-0.5147002,0.04315608,0.06088758,0.02709382
25.54,1.105733,9.823499,-0.4708484,0.0491028,0.04461263,0.03467701
25.56,1.106181,9.769152,-0.4768778,0.03954536,0.02461172,0.04050321
25.58,1.115658,9.806584,-0.5155566,0.01617854,0.003146607,0.04553694
25.60,1.122081,9.768449,-0.5568147,-0.002838514,-0.01787499,0.04060477
25.62,1.150472,9.751976,-0.5793651,-0.008827344,-0.03232661,0.03338572
25.64,1.151888,9.707,-0.6110731,0.001364655,-0.03209154,0.02250141
25.66,1.147008,9.696751,-0.6394439,0.02117706,-0.01361758,0.01467542
25.68,1.204456,9.677026,-0.6755385,0.03884898,0.01657718,-0.0008845
25.70,1.259668,9.726222,-0.719407,0.052635,0.05502476,-0.01754358
25.72,1.295453,9.757405,-0.7557398,0.05467019,0.1096463,-0.03252383
25.74,1.311585,9.778473,-0.7789143,0.04586247,0.1652197,-0.0482572
25.76,1.313576,9.771887,-0.7726157,0.03144645,0.2268073,-0.05983215
25.78,1.344518,9.779965,-0.706448,0.0176455,0.2691803,-0.06965184
25.80,1.367073,9.762687,-0.6737988,0.002662173,0.2925049,-0.07684333
25.82,1.34974,9.710964,-0.6628715,-0.01490784,0.298938,-0.08406422
25.84,1.335783,9.651949,-0.6192189,-0.02367458,0.2869863,-0.0899993
25.86,1.365746,9.588102,-0.5460271,-0.02890699,0.2568943,-0.0971839
25.88,1.407015,9.605132,-0.4579892,-0.01575018,0.2015524,-0.0989548
25.90,1.431025,9.644608,-0.4013071,0.006287902,0.1395939,-0.0848721
25.92,1.431343,9.657392,-0.4068068,0.02168339,0.08234747,-0.0646271
25.94,1.437681,9.707567,-0.4143087,0.02930856,0.02225191,-0.03733089
25.96,1.47065,9.766244,-0.4277796,0.02801228,-0.035477,-0.003231564
25.98,1.4812,9.791163,-0.4614722,0.01425372,-0.08924221,0.02228392
26.00,1.476367,9.734118,-0.5364628,-0.01033087,-0.1206956,0.04408972
26.02,1.487691,9.736917,-0.580771,-0.02493509,-0.1410475,0.05855241
26.04,1.53253,9.742056,-0.5817613,-0.01668355,-0.1489871,0.06498278
26.06,1.564406,9.790979,-0.5672899,0.007706556,-0.1505299,0.06991278
26.08,1.528489,9.787256,-0.6088746,0.02028094,-0.1446394,0.06936651
26.10,1.483746,9.760898,-0.6819279,0.02263784,-0.1296659,0.08213305
26.12,1.45146,9.731076,-0.7231365,0.002372602,-0.1072051,0.09255964
26.14,1.424351,9.679688,-0.714978,-0.01554731,-0.09005637,0.1046007
26.16,1.388334,9.684636,-0.6610888,-0.02012988,-0.07788506,0.1076114
26.18,1.355207,9.674705,-0.6126654,-0.01283809,-0.08100126,0.1027109
26.20,1.360612,9.655932,-0.6030112,-0.0002693208,-0.09724008,0.09086594
26.22,1.351745,9.705474,-0.5819741,0.01345706,-0.1283681,0.07872713
26.24,1.339769,9.759415,-0.5698791,0.0194178,-0.1653539,0.0744874
26.26,1.30764,9.797194,-0.6046026,0.006013785,-0.195645,0.08683342
26.28,1.285119,9.793043,-0.647786,-0.01217152,-0.2216073,0.1018115
26.30,1.298471,9.758997,-0.6759589,-0.02298868,-0.2424335,0.1128302
26.32,1.325156,9.734426,-0.7133265,-0.02504433,-0.2524064,0.1203952
26.34,1.375406,9.795147,-0.7581472,-0.01611405,-0.2530104,0.1289401
26.36,1.360408,9.70585,-0.7640974,-0.01180306,-0.2338111,0.1313048
26.38,1.386658,9.748759,-0.7819815,-0.007169125,-0.2078356,0.1225516
26.40,1.404566,9.68823,-0.8317834,-0.008961854,-0.1736757,0.1015273
26.42,1.448651,9.686084,-0.8110827,-0.01388669,-0.1425123,0.074322
26.44,1.533034,9.64422,-0.7796538,-0.01042197,-0.1172469,0.04167967
26.46,1.582486,9.63836,-0.7521958,-0.004831181,-0.1021485,0.004877654
26.48,1.562146,9.635752,-0.7281726,4.929772e-05,-0.08215919,-0.021442
26.50,1.515474,9.654034,-0.7208588,0.001791846,-0.05388284,-0.03018293
26.52,1.476717,9.70729,-0.7304474,0.0019961,-0.02780671,-0.02698437
26.54,1.471975,9.745894,-0.7063993,-0.002811826,-0.01729387,-0.01677332
26.56,1.493856,9.73737,-0.6811057,-0.002981774,-0.02134068,-0.01378385
26.58,1.531203,9.685987,-0.6300071,-0.001821764,-0.0422879,-0.02035492
26.60,1.542404,9.655933,-0.5866453,0.002046093,-0.06459501,-0.02830684
26.62,1.542901,9.68752,-0.5877963,0.005845376,-0.08869465,-0.03276738
26.64,1.552514,9.710062,-0.6621627,-0.003091438,-0.09378207,-0.03070905
26.66,1.547921,9.691319,-0.7302392,-0.01514783,-0.08414666,-0.02622701
26.68,1.56986,9.700515,-0.7458937,-0.02382026,-0.06265683,-0.01996067
26.70,1.575591,9.682656,-0.7478999,-0.02230873,-0.03235529,-0.01730563
26.72,1.595102,9.664096,-0.735355,-0.01781016,-0.006387022,-0.02376811
26.74,1.602386,9.645588,-0.7230698,-0.01319364,0.009576621,-0.02987843
26.76,1.596285,9.635651,-0.7209417,-0.01193502,0.01598872,-0.03749564
26.78,1.57594,9.638532,-0.7082834,-0.01219444,0.02108819,-0.03943351
26.80,1.567002,9.657618,-0.6872952,-0.008780608,0.01912117,-0.03666782
26.82,1.590578,9.684505,-0.6590454,-0.004338417,0.01235644,-0.02733945
26.84,1.606212,9.685206,-0.6348639,0.002189232,0.001968933,-0.01577541
26.86,1.599131,9.693139,-0.6414163,0.001857949,-0.01234202,-0.00682656
26.88,1.591077,9.712278,-0.6362092,-0.001468006,-0.03006218,-0.0005282629
26.90,1.593563,9.72275,-0.6488091,-0.01151626,-0.04543287,0.001469688
26.92,1.603131,9.758001,-0.6559041,-0.01570075,-0.06442749,0.003737721
26.94,1.586606,9.762595,-0.6335993,-0.0128623,-0.07978357,0.005234763
26.96,1.59422,9.723852,-0.5971677,-0.005652003,-0.0976161,0.006995891
26.98,1.577022,9.719959,-0.639694,-0.008549205,-0.1065434,0.01432237
27.00,1.542183,9.714044,-0.7125908,-0.01916588,-0.1020063,0.02596376
27.02,1.515334,9.692858,-0.7655404,-0.02606168,-0.08431966,0.0412464
27.04,1.517164,9.663506,-0.758226,-0.02115044,-0.06401867,0.0467082
27.06,1.521123,9.653506,-0.7167254,-0.006589526,-0.04417894,0.03915873
27.08,1.533053,9.629889,-0.6814854,0.01049207,-0.02630014,0.02411501
27.10,1.535141,9.654248,-0.6583654,0.0160822,-0.01932494,0.005951525
27.12,1.529075,9.726635,-0.654336,0.0142709,-0.01814741,-0.006661527
27.14,1.498059,9.770467,-0.6785769,-0.003113929,-0.01387906,-0.00699819
27.16,1.473116,9.777336,-0.6927816,-0.02003004,-0.008507823,0.000678876
27.18,1.445337,9.773136,-0.6820401,-0.03494301,-0.004139147,0.009705965
27.20,1.459022,9.718736,-0.6601726,-0.03549943,-0.002642897,0.01366902
27.22,1.484322,9.676846,-0.6521638,-0.02517294,-0.005486989,0.01008693
27.24,1.460112,9.677499,-0.6472217,-0.00941018,-0.00629738,0.003973801
27.26,1.456422,9.655927,-0.6838011,0.001660881,-0.002379328,-0.004483286
27.28,1.459616,9.667223,-0.6849544,0.003213285,0.005770869,-0.009350813
27.30,1.460881,9.646188,-0.7144902,-0.004999712,0.01461224,-0.01261774
27.32,1.47499,9.661481,-0.6885517,-0.01143811,0.02050075,-0.01459624
27.34,1.494367,9.682774,-0.6543775,-0.008980075,0.01860146,-0.02103082
27.36,1.511557,9.729992,-0.619756,-0.003922297,0.009948192,-0.0226232
27.38,1.494567,9.720405,-0.6350973,0.003333004,0.003515077,-0.02648946
27.40,1.485846,9.713553,-0.6498572,0.0009509013,0.002536223,-0.0264524
27.42,1.488646,9.710943,-0.6625737,-0.002489325,0.002940588,-0.02538538
27.44,1.495159,9.717954,-0.6574285,-0.00579211,0.003765331,-0.01848304
27.46,1.505474,9.721682,-0.6569309,-0.007456079,0.006899827,-0.01256182
27.48,1.499893,9.720416,-0.6313394,-0.001498033,0.006916075,-0.009814172
27.50,1.511367,9.705041,-0.6388795,-0.001018083,0.009400096,-0.007967715
27.52,1.501582,9.695205,-0.6693475,-0.004000942,0.01513432,-0.008332031
27.54,1.472829,9.709591,-0.6833241,-0.009458198,0.02820064,-0.005417236
27.56,1.491295,9.693878,-0.6754045,-0.01206857,0.03532675,-0.01001765
27.58,1.518665,9.734509,-0.6580285,-0.007984534,0.03701635,-0.01209234
27.60,1.520273,9.764565,-0.6515439,-0.001799397,0.03510642,-0.01880052
27.62,1.512607,9.764083,-0.6238332,0.0006861529,0.02956349,-0.02268507
27.64,1.493749,9.697371,-0.6584204,-0.008316504,0.02688109,-0.0234369
27.66,1.477152,9.687465,-0.6859716,-0.0221207,0.02712708,-0.01573545
27.68,1.46652,9.693302,-0.7140949,-0.02814213,0.0301799,-0.003211842
27.70,1.463615,9.641909,-0.6926507,-0.0216919,0.028449,0.00439035
27.72,1.479988,9.628427,-0.6473765,-0.001248776,0.01978978,0.002367658
27.74,1.503623,9.635855,-0.611514,0.02424972,0.008691528,-0.005541563
27.76,1.511164,9.672113,-0.6133034,0.04241103,-0.00981729,-0.01526348
27.78,1.497632,9.72607,-0.6076654,0.04100007,-0.02129778,-0.02183188
27.80,1.471582,9.767097,-0.6449142,0.02507273,-0.02435589,-0.01611601
27.82,1.479718,9.745003,-0.6734829,0.001583144,-0.01848054,-0.008748421
27.84,1.470154,9.769543,-0.6671001,-0.0103829,-0.01450336,0.004171763
27.86,1.481017,9.771649,-0.6180912,-0.01001397,-0.01405829,0.01093804
27.88,1.488963,9.725573,-0.6253012,-0.0001534727,-0.01163221,0.01085139
27.90,1.472717,9.705125,-0.638326,0.007823755,-0.009396255,0.004183087
27.92,1.47796,9.713593,-0.6365708,0.008285462,-0.004643597,-0.006226303
27.94,1.463385,9.676594,-0.6716866,0.005206772,-0.001118086,-0.01405068
27.96,1.473653,9.67188,-0.6781548,-0.004957814,0.007900574,-0.01746841
27.98,1.465742,9.683922,-0.6514718,-0.009387977,0.01155334,-0.01681766
28.00,1.463567,9.692932,-0.6164393,-0.006580255,0.01170835,-0.01957766
28.02,1.477175,9.689877,-0.5945151,-0.001764324,0.0006826184,-0.02036064
28.04,1.474935,9.704742,-0.587782,0.005209977,-0.01014614,-0.02009259
28.06,1.469014,9.717295,-0.6039841,0.007404223,-0.02359678,-0.01534558
28.08,1.452901,9.73266,-0.6276646,0.009035408,-0.03215296,-0.00834818
28.10,1.469711,9.730908,-0.6095062,0.006809441,-0.03422705,-0.002458721
28.12,1.449111,9.7287,-0.5981529,-0.0003665949,-0.03657755,0.003577326
28.14,1.442467,9.709157,-0.6053467,-0.006593839,-0.0294896,0.006323609
28.16,1.472728,9.665431,-0.6220397,-0.01727177,-0.02495983,0.005981155
28.18,1.498417,9.667933,-0.6014122,-0.02091397,-0.03015546,-0.002942145
28.20,1.483132,9.686022,-0.5879207,-0.02016298,-0.03604353,-0.005127313
28.22,1.47275,9.675946,-0.595122,-0.02027693,-0.04095309,-0.002389427
28.24,1.463748,9.738892,-0.6076597,-0.01227282,-0.04001499,0.009058157
28.26,1.440754,9.792635,-0.5988152,-0.003498555,-0.03281117,0.02420788
28.28,1.459701,9.798331,-0.5793141,-0.006611799,-0.0345343,0.03421352
28.30,1.488602,9.749248,-0.5897641,-0.01539821,-0.03559092,0.03461002
28.32,1.477652,9.778149,-0.6116685,-0.03048915,-0.03658501,0.03488245
28.34,1.450418,9.766557,-0.6565208,-0.04016018,-0.02777029,0.03540789
28.36,1.420208,9.725368,-0.6609033,-0.04665204,-0.008976356,0.0356689
28.38,1.399316,9.695138,-0.6422338,-0.04420546,0.01000665,0.02992468
28.40,1.417516,9.667665,-0.6334269,-0.03745082,0.01799262,0.02452791
28.42,1.445198,9.646193,-0.6192001,-0.02490321,0.02474125,0.01801497
28.44,1.448314,9.704529,-0.5865266,-0.00589091,0.0151796,0.01259553
28.46,1.44254,9.741272,-0.5706834,0.007405785,0.00612332,0.009271903
28.48,1.408962,9.733451,-0.6099802,0.007154461,0.006713938,0.01096014
28.50,1.380711,9.75605,-0.6391205,-0.00421658,0.01283132,0.01934546
28.52,1.380527,9.764504,-0.6220433,-0.01415244,0.01658206,0.02532599
28.54,1.392264,9.71024,-0.6259766,-0.01969804,0.01695307,0.02519291
28.56,1.416863,9.688105,-0.6133868,-0.01508708,0.01332812,0.01636264
28.58,1.435469,9.675579,-0.6034543,-2.822358e-06,0.01675611,0.000458465
28.60,1.437279,9.679198,-0.5916728,0.010543,0.01723101,-0.0111205
28.62,1.451668,9.66742,-0.5966786,0.01688032,0.02023608,-0.02033526
28.64,1.460108,9.688305,-0.6179386,0.0118579,0.01792881,-0.02112734
28.66,1.459897,9.707787,-0.625232,0.005724857,0.02035233,-0.01775265
28.68,1.458114,9.729194,-0.6116691,0.003682368,0.03029004,-0.0131143
28.70,1.469176,9.734179,-0.5937424,0.007427695,0.03280323,-0.00928246
28.72,1.486447,9.743243,-0.5908398,0.01255573,0.03764787,-0.00522431
28.74,1.4872,9.743038,-0.6043311,0.00987254,0.0468299,-0.007446412
28.76,1.478195,9.72167,-0.5973401,0.001767742,0.05581556,-0.01132345
28.78,1.49625,9.714015,-0.5923982,-0.002468006,0.05664333,-0.01900959
28.80,1.500005,9.73336,-0.5744968,-0.004519124,0.05558655,-0.025608
28.82,1.501965,9.731382,-0.587865,-0.004200256,0.05338158,-0.0273113
28.84,1.501769,9.708577,-0.620212,-0.00383724,0.06225513,-0.02115099
28.86,1.467666,9.713828,-0.6357595,-0.002530667,0.08019546,-0.01823581
28.88,1.452887,9.686362,-0.6160297,-0.00767641,0.09425372,-0.01992552
28.90,1.475176,9.659066,-0.611483,-0.01339312,0.09963013,-0.02839427
28.92,1.498716,9.703062,-0.5877184,-0.01150886,0.09042103,-0.04045478
28.94,1.494032,9.746481,-0.5626743,-0.008794667,0.08306732,-0.04859767
28.96,1.49601,9.741387,-0.543076,-0.01084756,0.07606868,-0.05268252
28.98,1.482063,9.716023,-0.5630904,-0.02279553,0.06765135,-0.0529451
29.00,1.453934,9.719352,-0.5878518,-0.04117557,0.06401485,-0.05454897
29.02,1.45387,9.681906,-0.5926727,-0.05325928,0.05427841,-0.05942792
29.04,1.450598,9.649307,-0.589682,-0.0510336,0.04798443,-0.06569722
29.06,1.447139,9.668633,-0.5601894,-0.03298744,0.040991,-0.07114939
29.08,1.44413,9.705854,-0.5527306,-0.01471047,0.03176959,-0.06850646
29.10,1.435094,9.695225,-0.5822076,-0.005498411,0.02915737,-0.06024313
29.12,1.413697,9.735938,-0.6025653,-0.003832277,0.02892512,-0.04616195
29.14,1.406079,9.771195,-0.5994845,-0.008119321,0.03584433,-0.03245743
29.16,1.393846,9.788759,-0.5849907,-0.0103249,0.0427733,-0.0305037
29.18,1.409666,9.758265,-0.5696545,-0.01286475,0.04726692,-0.03616502
29.20,1.429598,9.725188,-0.5638984,-0.01951164,0.0508618,-0.04836366
29.22,1.41269,9.732605,-0.5715206,-0.02231891,0.05489021,-0.05290829
29.24,1.403007,9.709078,-0.5733871,-0.01449954,0.06475881,-0.05204118
29.26,1.387436,9.721443,-0.5513103,-0.002075835,0.08114106,-0.0439483
29.28,1.364788,9.697332,-0.5073513,0.01691763,0.09269347,-0.03524885
29.30,1.341064,9.706984,-0.4922646,0.02974223,0.1089012,-0.02921171
29.32,1.305943,9.744437,-0.4601486,0.03456381,0.1248378,-0.02991206
29.34,1.290924,9.787489,-0.4405709,0.0244505,0.1433423,-0.03409419
29.36,1.264768,9.818805,-0.4369447,0.0008047327,0.1702351,-0.03734446
29.38,1.234872,9.798688,-0.4391145,-0.03208569,0.1978505,-0.04115212
29.40,1.301707,9.851943,-0.4058439,-0.07869573,0.2269766,-0.04238515
29.42,1.380622,10.04976,-0.3968983,-0.1375991,0.258175,-0.03075732
29.44,1.457833,10.20624,-0.4578056,-0.2198463,0.302376,-0.01873399
29.46,1.595483,10.22264,-0.5182129,-0.3116475,0.3510504,-0.015661
29.48,1.705831,10.13558,-0.5374118,-0.3847491,0.4069463,-0.01692163
29.50,1.941329,10.08362,-0.4163602,-0.4277122,0.4497748,0.01568026
29.52,2.283858,10.30945,-0.2830612,-0.439119,0.4682872,0.116094
29.54,2.435434,10.64995,-0.3654968,-0.4493984,0.494554,0.2500475
29.56,2.532122,10.66973,-0.327442,-0.4573648,0.5261009,0.3689078
29.58,2.748429,10.65199,-0.06137481,-0.4657073,0.532338,0.4995831
29.60,2.978417,10.82086,0.1946431,-0.4663682,0.5372882,0.6919165
29.62,2.941134,11.04674,0.3006773,-0.4851365,0.6026295,0.9081492
29.64,2.906008,11.08465,0.4803928,-0.55483,0.7044696,1.095145
29.66,2.980721,11.21885,0.5824249,-0.6600559,0.8112006,1.241017
29.68,3.320741,10.9905,0.7966473,-0.7776558,0.8909053,1.358586
29.70,3.556296,10.62945,1.048655,-0.8731282,0.9615692,1.415943
29.72,3.671892,10.11958,1.374627,-0.9042473,1.040701,1.414494
29.74,3.747286,9.724165,1.717525,-0.8734401,1.137779,1.400402
29.76,3.61081,9.532186,1.91467,-0.859215,1.243842,1.361035
29.78,3.610614,9.534928,2.18591,-0.9088551,1.277354,1.325689
29.80,3.592143,9.524157,2.489106,-1.019085,1.251068,1.317558
29.82,3.439872,9.355364,2.783037,-1.122978,1.206343,1.335528
29.84,3.397447,9.180114,3.3783,-1.166729,1.114947,1.364015
29.86,3.414764,8.922936,3.880404,-1.187243,0.9888008,1.358565
29.88,3.497716,8.85673,4.256751,-1.250758,0.8469042,1.292897
29.90,3.533525,8.703371,4.511827,-1.350533,0.688316,1.182655
29.92,3.432927,8.105633,4.449097,-1.403433,0.5589775,1.075892
29.94,3.200237,7.660781,4.245544,-1.358125,0.5499564,1.037421
29.96,3.834818,7.310595,4.790568,-1.279049,0.5578129,1.112004
29.98,3.756584,7.525737,4.836445,-1.231909,0.5682424,1.16345
30.00,3.592499,7.406594,4.983559,-1.331823,0.5555606,1.076577
30.02,4.004333,6.529534,4.862834,-1.490738,0.5516907,0.8783452
30.04,4.162368,6.12785,5.067395,-1.526712,0.604982,0.6811622
30.06,4.184162,5.856129,5.499626,-1.427453,0.7010301,0.5402075
30.08,4.283843,5.699996,5.511625,-1.326406,0.7689844,0.461685
30.10,4.073874,5.514232,5.410347,-1.3126,0.8163781,0.3979449
30.12,4.220232,5.285099,5.753817,-1.326583,0.7941767,0.3325867
30.14,4.370854,5.278393,6.380582,-1.315578,0.731605,0.2449204
30.16,4.284267,5.131206,6.694275,-1.281821,0.6928244,0.14326
30.18,4.040723,4.860686,6.409876,-1.261337,0.6930843,0.04244679
30.20,3.825786,4.521185,6.079228,-1.205701,0.729671,-0.05127094
30.22,3.442436,4.749978,6.242156,-1.087714,0.7667842,-0.0633363
30.24,4.057278,3.99796,6.772825,-1.001455,0.6789559,-0.06626663
30.26,3.810372,4.100009,6.969018,-0.9559399,0.5656856,-0.1949046
30.28,3.746698,3.834507,6.999164,-0.8772835,0.4572268,-0.3281637
30.30,3.511776,3.715801,6.767472,-0.7639136,0.4228092,-0.3671429
30.32,3.32586,3.703816,6.77916,-0.6522746,0.4202648,-0.3514062
30.34,3.393983,3.726504,6.830244,-0.5791894,0.4084321,-0.3377366
30.36,3.298992,3.666331,7.081532,-0.5073474,0.3593597,-0.3568164
30.38,3.330569,3.574292,7.378923,-0.4213214,0.2152842,-0.4050655
30.40,3.602866,3.657965,7.908542,-0.3125677,-0.08087993,-0.4493023
30.42,4.101482,3.961615,8.129551,-0.1868248,-0.4211285,-0.4293739
30.44,4.652906,4.16642,7.900257,-0.1018622,-0.616103,-0.3619228
30.46,5.183734,4.260342,7.524396,-0.08081847,-0.5975541,-0.3048935
30.48,5.468473,4.291157,7.387701,-0.07365606,-0.4724631,-0.2433483
30.50,5.403443,4.392982,7.409872,-0.06663302,-0.3351392,-0.1423642
30.52,4.945326,4.335761,7.470238,-0.05470012,-0.2055104,-0.02199058
30.54,4.406764,4.325698,7.722942,-0.03459897,-0.1257274,0.08197014
30.56,4.015183,4.28943,7.942564,-0.03983688,-0.1155447,0.1327401
30.58,3.756917,4.193039,8.118118,-0.05200598,-0.1730794,0.1368003
30.60,3.678934,4.019147,8.138531,-0.03550972,-0.2559173,0.1177126
30.62,3.65947,3.788462,7.987522,-0.003342684,-0.2947109,0.07326029
30.64,3.768241,3.637819,7.854675,0.0197934,-0.2764822,0.02292278
30.66,3.876107,3.594501,7.762903,0.01681466,-0.2163826,-0.02429065
30.68,4.041703,3.64306,7.792645,0.003237506,-0.1571473,-0.04629559
30.70,4.197539,3.680565,7.824238,-0.01085467,-0.1202362,-0.0531438
30.72,4.383651,3.708449,7.832496,-0.02077622,-0.1132209,-0.04225102
30.74,4.518074,3.68712,7.897419,-0.008228026,-0.1253046,-0.03349261
30.76,4.625592,3.730247,7.922953,0.002579691,-0.124115,-0.0286422
30.78,4.654365,3.785995,7.928428,-0.001444441,-0.1149529,-0.018543
30.80,4.609624,3.851978,7.958712,-0.01961136,-0.1245544,-0.01089109
30.82,4.564147,3.8859,7.973966,-0.04023604,-0.1446871,0.002635402
30.84,4.522964,3.867811,8.025003,-0.04833349,-0.1726952,0.009960098
30.86,4.52667,3.801979,7.997903,-0.05078875,-0.2052874,0.007025289
30.88,4.5714,3.707942,7.947278,-0.04970898,-0.2244525,-0.001711412
30.90,4.575936,3.663554,7.88308,-0.05316489,-0.2305233,-0.01285644
30.92,4.561042,3.62805,7.719939,-0.06561062,-0.2075089,-0.01576495
30.94,4.577479,3.595446,7.578,-0.06423084,-0.1490227,-0.01479684
30.96,4.789675,3.580984,6.69248,0.02738436,0.05273866,-0.01141187
30.98,4.799568,3.505868,6.575587,0.04990868,0.1663177,-0.0384398
31.00,4.50442,3.658945,7.414886,0.01752045,0.1339105,-0.0788288
31.02,4.379594,3.731884,7.981363,0.0502795,0.09669989,-0.08503006
31.04,4.43748,3.915576,8.202364,0.05845916,0.04844337,-0.06674577
