time_s,ax,ay,az,gx,gy,gz
0.00,3.080295,9.414372,0.3802094,-0.01017005,-0.03067324,-0.04715892
0.02,3.111611,9.34744,0.3580067,-0.02060495,-0.0758533,-0.03046307
0.04,3.122339,9.302047,0.2945674,-0.03102173,-0.1152899,-0.0275068
0.06,3.101833,9.299507,0.2774271,-0.02969434,-0.1285356,-0.03271898
0.08,3.13733,9.269535,0.2482412,-0.02505214,-0.1252389,-0.03869392
0.10,3.182666,9.262368,0.215149,-0.0208651,-0.1071893,-0.04945334
0.12,3.238408,9.289606,0.1914312,-0.02635093,-0.0818919,-0.05806678
0.14,3.266163,9.298093,0.1706538,-0.0305367,-0.05705181,-0.06794798
0.16,3.28593,9.339981,0.1775992,-0.02355358,-0.02893646,-0.07376858
0.18,3.24785,9.386506,0.175553,-0.01419057,0.005446681,-0.07002923
0.20,3.225147,9.415823,0.1711532,-0.01061518,0.03721885,-0.05711729
0.22,3.179127,9.402555,0.159417,-0.0179202,0.06462989,-0.03601497
0.24,3.164599,9.379368,0.1567941,-0.02379585,0.08450328,-0.01376007
0.26,3.182099,9.350114,0.1956776,-0.01643901,0.09787199,-0.003238403
0.28,3.199812,9.358584,0.25508,0.0007787355,0.1099481,-0.00237856
0.30,3.176525,9.35662,0.2363206,0.01097429,0.1040044,-0.01125892
0.32,3.156166,9.325996,0.2427824,0.01139246,0.08318128,-0.01891895
0.34,3.110783,9.281807,0.2400548,0.02087218,0.0648721,-0.02258275
0.36,3.056582,9.254747,0.2257188,0.04255205,0.05312806,-0.02397434
0.38,3.036256,9.278453,0.1849153,0.06666168,0.04790613,-0.02541335
0.40,3.015643,9.262613,0.1444677,0.08961011,0.04226234,-0.02893641
0.42,2.984238,9.19251,0.1024447,0.1122961,0.04313369,-0.03970471
0.44,2.984222,9.187226,0.07120058,0.1507107,0.04456933,-0.06268252
0.46,3.013737,9.233957,0.07890918,0.199077,0.03685496,-0.1057196
0.48,3.050107,9.285029,0.03619668,0.250513,0.0161127,-0.1497527
0.50,3.044793,9.357178,-0.07009137,0.2967587,0.0183434,-0.1688759
0.52,2.91554,9.35736,-0.2003862,0.3325486,0.05922379,-0.1750668
0.54,2.821014,9.351008,-0.2423044,0.3348256,0.1247096,-0.1750904
0.56,2.781349,9.339579,-0.2853734,0.3047498,0.1798986,-0.1706536
0.58,2.795125,9.349163,-0.3149175,0.2720518,0.2214757,-0.1754901
0.60,2.807234,9.371176,-0.2823609,0.2508829,0.27094,-0.1850526
0.62,2.801232,9.399234,-0.2581878,0.2374266,0.3148044,-0.1973684
0.64,2.814609,9.471972,-0.2384288,0.2200818,0.3383511,-0.2067734
0.66,2.80066,9.507548,-0.2200346,0.1914246,0.3371557,-0.2086757
0.68,2.728974,9.508444,-0.1920399,0.1577747,0.3274695,-0.2007903
0.70,2.689895,9.496255,-0.1702813,0.1322504,0.3141788,-0.1813399
0.72,2.733811,9.549197,-0.1208373,0.1227381,0.2972038,-0.1615562
0.74,2.739954,9.593512,-0.1186272,0.1178208,0.2653039,-0.1467576
0.76,2.722367,9.619217,-0.09215617,0.1079826,0.2173246,-0.1340188
0.78,2.735198,9.649265,-0.09383949,0.09808384,0.1619747,-0.1169034
0.80,2.711524,9.636986,-0.136365,0.08644602,0.1218563,-0.1007155
0.82,2.700821,9.604126,-0.1736539,0.07612798,0.09060737,-0.08842911
0.84,2.716668,9.546567,-0.201606,0.05874863,0.0717044,-0.07217462
0.86,2.699127,9.444448,-0.2274715,0.03419106,0.05689393,-0.05682177
0.88,2.663396,9.400348,-0.2322856,0.0135036,0.04758632,-0.03973216
0.90,2.617357,9.421453,-0.2536775,-0.002639268,0.04775999,-0.03198072
0.92,2.576225,9.408368,-0.2898391,-0.01271017,0.05511993,-0.04325772
0.94,2.609305,9.415146,-0.3108451,-0.01210984,0.07014021,-0.06916606
0.96,2.63876,9.43821,-0.2851073,0.001674257,0.08066872,-0.115255
0.98,2.667613,9.429129,-0.1930053,0.02376831,0.07435906,-0.1656999
1.00,2.684065,9.435888,-0.1360529,0.04798382,0.05065109,-0.2039734
1.02,2.654006,9.545411,-0.1581088,0.06928857,0.02620516,-0.2163158
1.04,2.573866,9.633671,-0.1982912,0.09218693,0.02221678,-0.2060789
1.06,2.478438,9.727378,-0.2444775,0.1148264,0.04398469,-0.1900816
1.08,2.373026,9.766921,-0.2586621,0.1202549,0.07114815,-0.1790086
1.10,2.35143,9.794878,-0.2539667,0.09893327,0.08573236,-0.1575059
1.12,2.319087,9.791975,-0.246904,0.05022351,0.08100028,-0.126142
1.14,2.294419,9.692585,-0.2234801,0.002917321,0.06319857,-0.08936159
1.16,2.247449,9.654861,-0.2246162,-0.02311764,0.04251533,-0.05134262
1.18,2.214541,9.687536,-0.1780042,-0.02477252,0.006565913,-0.02595279
1.20,2.229612,9.663658,-0.1521365,-0.02105876,-0.04367428,-0.001810957
1.22,2.221364,9.58902,-0.1922885,-0.0230968,-0.1006896,0.01700057
1.24,2.21341,9.528728,-0.2137026,-0.02524581,-0.167962,0.03786529
1.26,2.204952,9.416075,-0.2125064,-0.01708597,-0.2375155,0.05314317
1.28,2.206748,9.381763,-0.2174556,0.01134888,-0.3048185,0.0660788
1.30,2.247929,9.460751,-0.2958739,0.06353919,-0.3530456,0.07264249
1.32,2.266206,9.610628,-0.4400699,0.1212725,-0.3607064,0.07721394
1.34,2.230999,9.708796,-0.5891204,0.1568859,-0.3306427,0.09397613
1.36,2.182904,9.821086,-0.7127641,0.155672,-0.2808892,0.1292583
1.38,2.094463,9.878336,-0.7979596,0.121286,-0.22493,0.1775595
1.40,2.013886,9.830657,-0.8594596,0.06846606,-0.1538011,0.2202723
1.42,1.950945,9.715948,-0.9538553,0.02022838,-0.06356172,0.2531489
1.44,1.958303,9.52533,-0.9796294,-0.02023809,0.02742146,0.2590633
1.46,2.051873,9.424897,-0.9067474,-0.03374381,0.07935686,0.2365462
1.48,2.145904,9.315883,-0.792821,-0.02285058,0.07834216,0.1909258
1.50,2.200486,9.256764,-0.7112671,0.009627136,0.0592822,0.1407208
1.52,2.130362,9.219608,-0.6923192,0.05134709,0.04913598,0.09354205
1.54,2.067317,9.218093,-0.6682844,0.07671617,0.03781341,0.04271141
1.56,2.071092,9.182006,-0.6557764,0.07597371,0.0122044,-0.001666688
1.58,2.087044,9.154677,-0.6435869,0.05175279,-0.01765727,-0.04397475
1.60,2.129709,9.206828,-0.6208389,0.04085834,-0.04039989,-0.08251162
1.62,2.162346,9.291494,-0.5782772,0.04692806,-0.05581717,-0.1166016
1.64,2.247362,9.385916,-0.5638043,0.06284895,-0.07869679,-0.1454482
1.66,2.370904,9.475428,-0.5639726,0.08694879,-0.0934993,-0.1541791
1.68,2.416041,9.548639,-0.6494821,0.09987617,-0.07577548,-0.150013
1.70,2.402875,9.606303,-0.7184193,0.1024047,-0.01967548,-0.1341189
1.72,2.423906,9.697077,-0.7998231,0.08710528,0.06127006,-0.1136221
1.74,2.451319,9.849788,-0.844786,0.06171508,0.1606704,-0.09971071
1.76,2.475575,9.867704,-0.8243969,0.01941883,0.2541643,-0.09068125
1.78,2.552288,9.72804,-0.8163227,-0.04267797,0.3325514,-0.08789194
1.80,2.623905,9.600769,-0.8070476,-0.1013411,0.3901747,-0.07897326
1.82,2.638795,9.506439,-0.7246742,-0.1333127,0.4226301,-0.07920898
1.84,2.638486,9.383753,-0.5794626,-0.1276887,0.4213321,-0.08532205
1.86,2.668835,9.322754,-0.4299762,-0.09480198,0.3826847,-0.09017885
1.88,2.676972,9.347026,-0.377033,-0.05561261,0.3128148,-0.08142009
1.90,2.628652,9.405869,-0.3835911,-0.02456903,0.2373015,-0.0520897
1.92,2.623486,9.530063,-0.3595704,0.006300503,0.1622147,-0.01512972
1.94,2.61135,9.6245,-0.3525209,0.02006391,0.08330707,0.02633435
1.96,2.553083,9.630484,-0.3664388,0.01717791,0.003725464,0.06316008
1.98,2.507244,9.614698,-0.3639301,0.01000083,-0.06953186,0.08496302
2.00,2.488194,9.622443,-0.4028164,0.002596417,-0.1254527,0.09652774
2.02,2.475478,9.633782,-0.5002157,-0.002409494,-0.1518833,0.101274
2.04,2.45635,9.558846,-0.5659351,-0.01400894,-0.1652727,0.1070159
2.06,2.447174,9.428498,-0.5766163,-0.03054078,-0.1757257,0.1007023
2.08,2.430641,9.325374,-0.6004719,-0.03707683,-0.174851,0.08494511
2.10,2.403253,9.277404,-0.6150671,-0.03295996,-0.1671838,0.05678072
2.12,2.422616,9.282725,-0.5774868,-0.0199004,-0.1664722,0.01646705
2.14,2.453108,9.429099,-0.5785352,0.000306881,-0.1648341,-0.02657135
2.16,2.448214,9.53627,-0.5545393,0.0121836,-0.1679526,-0.04850605
2.18,2.419991,9.612772,-0.5504448,0.008405325,-0.178438,-0.05316206
2.20,2.322469,9.654071,-0.5790592,0.0003077766,-0.1843522,-0.04157375
2.22,2.265585,9.72926,-0.6214787,-0.01198304,-0.1821618,-0.01932128
2.24,2.245178,9.793479,-0.689016,-0.01618588,-0.1711815,0.0002495847
2.26,2.238022,9.828438,-0.7233086,-0.01616423,-0.1516719,0.02561419
2.28,2.241496,9.779875,-0.7569549,-0.01406632,-0.120894,0.04808631
2.30,2.237134,9.662129,-0.7776937,-0.007351817,-0.08729204,0.04661249
2.32,2.266273,9.575644,-0.7321858,-0.004184507,-0.05727122,0.02170693
2.34,2.302165,9.424931,-0.7234886,-0.002329975,-0.03353122,-0.01163233
2.36,2.347719,9.419955,-0.7241475,-0.009937011,-0.02354815,-0.04564804
2.38,2.340989,9.586911,-0.7717047,-0.0150507,-0.02477218,-0.05616189
2.40,2.263273,9.684875,-0.8218859,-0.0007801617,-0.005221269,-0.0446342
2.42,2.258828,9.792841,-0.7806771,0.03195837,0.0239781,-0.01982894
2.44,2.286757,9.710666,-0.7498419,0.05489613,0.04756897,0.001766522
2.46,2.328638,9.653846,-0.722778,0.05243578,0.05314963,0.01746114
2.48,2.309502,9.568576,-0.7049593,0.0280884,0.0477571,0.02459815
2.50,2.271667,9.580206,-0.6938855,0.009148689,0.04397866,0.03176085
2.52,2.255535,9.608178,-0.6830459,0.004392614,0.04767213,0.03689658
2.54,2.229755,9.588249,-0.6777171,0.009555718,0.05772553,0.03822124
2.56,2.239402,9.532268,-0.6717895,0.01967441,0.06500129,0.03496549
2.58,2.258418,9.465974,-0.6416004,0.01574302,0.06354115,0.02743441
2.60,2.258406,9.410063,-0.629548,0.01031858,0.05944094,0.01199325
2.62,2.26218,9.363715,-0.6066828,0.004562619,0.06152628,-0.003895882
2.64,2.242912,9.108399,-0.6398934,-0.001820695,0.07396436,-5.546993e-05
2.66,2.206767,8.892518,-0.6836298,0.01133677,0.1085142,0.007649068
2.68,2.221532,9.086526,-0.6574939,0.08503336,0.1520045,-0.001746545
2.70,2.32301,9.719146,-0.5089511,0.2241336,0.1770858,-0.04286854
2.72,2.489917,10.13367,-0.3577738,0.3608712,0.1602857,-0.09956079
2.74,2.661636,9.986042,-0.2781217,0.4452629,0.1125855,-0.1106655
2.76,2.644299,9.746673,-0.3365029,0.4834093,0.1258413,-0.05205369
2.78,2.433075,9.760329,-0.5456344,0.5058644,0.2751183,0.03986446
2.80,2.349669,9.916038,-0.9114335,0.4720498,0.5291306,0.1184967
2.82,2.488126,10.06947,-1.185378,0.3551039,0.7783343,0.1478908
2.84,2.779847,10.14795,-1.143096,0.1649621,0.9428104,0.1494762
2.86,2.71787,9.670711,-0.9607479,-0.04450674,1.015984,0.1424767
2.88,2.531721,9.278094,-0.7592929,-0.1930875,1.040632,0.1469938
2.90,2.442827,9.00098,-0.6237843,-0.2645847,1.031926,0.1630699
2.92,2.375051,8.855962,-0.6845542,-0.2729266,0.9735527,0.159659
2.94,2.40711,9.018706,-0.6454707,-0.2402884,0.8387108,0.1291802
2.96,2.550408,9.235598,-0.5090743,-0.1946232,0.6358395,0.09652539
2.98,2.517678,9.171508,-0.4281128,-0.1256113,0.4225743,0.06834631
3.00,2.470011,9.102728,-0.351394,-0.04185083,0.2237399,0.03708829
3.02,2.535289,9.21762,-0.2689309,0.02849208,0.03044132,0.004090058
3.04,2.664086,9.379752,-0.3564993,0.0407528,-0.1507685,-0.0274221
3.06,2.734523,9.488663,-0.5742941,-0.003715299,-0.2797548,-0.05618798
3.08,2.749899,9.414953,-0.7951401,-0.06637036,-0.3190855,-0.0754746
3.10,2.722456,9.298082,-0.8837903,-0.1013108,-0.2880404,-0.09422392
3.12,2.783657,9.271283,-0.801223,-0.0919893,-0.2399935,-0.1219097
3.14,2.886144,9.344302,-0.6881364,-0.0600707,-0.2194211,-0.1599089
3.16,2.926025,9.452601,-0.604901,-0.03122865,-0.2275532,-0.1991522
3.18,2.916643,9.561141,-0.5873948,-0.01705473,-0.2399387,-0.2118911
3.20,2.857934,9.593647,-0.620598,-0.01102876,-0.2247614,-0.1903763
3.22,2.803514,9.567975,-0.6087115,-0.003015651,-0.1956631,-0.1379596
3.24,2.786445,9.528134,-0.5969653,0.006572198,-0.1619838,-0.0723219
3.26,2.762109,9.556989,-0.6094787,0.01496777,-0.1337005,-0.01235369
3.28,2.731353,9.621006,-0.6405891,0.01971243,-0.09970322,0.03584762
3.30,2.691633,9.584366,-0.6784994,0.01974713,-0.0668791,0.06963529
3.32,2.703605,9.533075,-0.6614502,0.01590718,-0.03953965,0.09886746
3.34,2.673395,9.417347,-0.6752357,-0.00058662,-0.01695077,0.1198672
3.36,2.605102,9.387565,-0.679605,-0.01519653,-0.001275621,0.132811
3.38,2.554874,9.409251,-0.6736258,-0.01782065,0.01037326,0.1276815
3.40,2.545491,9.357292,-0.6413682,-0.00453675,0.004660442,0.1077677
3.42,2.55302,9.332206,-0.589045,0.01794334,-0.009964517,0.08011458
3.44,2.518888,9.390075,-0.6236572,0.03165336,-0.02790462,0.06011281
3.46,2.432377,9.480688,-0.6799244,0.03366156,-0.02073161,0.05339235
3.48,2.428764,9.427818,-0.7151849,0.0227246,-0.008868368,0.0557675
3.50,2.502407,9.413793,-0.7132573,0.01615969,0.009413227,0.05671193
3.52,2.548585,9.403762,-0.7026586,0.01116552,0.02942762,0.04556758
3.54,2.582364,9.328937,-0.7164282,0.007026272,0.0493723,0.02439601
3.56,2.599961,9.322258,-0.6707418,0.01021303,0.06565528,-0.009635909
3.58,2.646202,9.367788,-0.6174623,0.02057468,0.07608344,-0.04193453
3.60,2.676531,9.435266,-0.5883765,0.02504929,0.0759569,-0.05891478
3.62,2.654725,9.514014,-0.5872332,0.01600769,0.07543229,-0.05066412
3.64,2.601525,9.589261,-0.5631332,0.0007615491,0.06809953,-0.02812314
3.66,2.600033,9.591871,-0.4996538,-0.002310972,0.05952735,-0.007857794
3.68,2.638714,9.532853,-0.4280248,0.001925264,0.04098065,0.005094097
3.70,2.658743,9.480603,-0.423555,0.0005611771,0.01368358,0.00758281
3.72,2.644358,9.448704,-0.4321425,-0.01382739,-0.01169893,0.007976471
3.74,2.637879,9.456248,-0.4599142,-0.02414226,-0.03230603,0.008379101
3.76,2.643414,9.505608,-0.5201961,-0.02753246,-0.03870434,0.0165681
3.78,2.651935,9.510441,-0.5509927,-0.02368909,-0.03025475,0.02371467
3.80,2.683182,9.478615,-0.5730252,-0.02345829,-0.02518841,0.02650193
3.82,2.708032,9.458037,-0.5821499,-0.02505193,-0.0286632,0.0191808
3.84,2.69826,9.444313,-0.6001919,-0.02670929,-0.02906694,0.008104174
3.86,2.67872,9.464503,-0.6263953,-0.02921089,-0.02436227,-2.124175e-05
3.88,2.639935,9.455153,-0.640592,-0.03080271,-0.01539737,0.00216335
3.90,2.613023,9.446498,-0.6354921,-0.03489776,-0.01528056,0.004923772
3.92,2.61422,9.436736,-0.5767083,-0.03900437,-0.02640363,0.0019286
3.94,2.610816,9.376526,-0.5623149,-0.03851262,-0.05212095,-0.007353061
3.96,2.613905,9.349241,-0.5057502,-0.02944046,-0.08232661,-0.02718507
3.98,2.634624,9.334722,-0.4712913,-0.01470666,-0.1119225,-0.0444668
4.00,2.635185,9.397302,-0.4856489,-0.004976999,-0.1359539,-0.05226161
4.02,2.604222,9.508807,-0.5035277,-0.007579493,-0.1396447,-0.04342444
4.04,2.559233,9.523821,-0.5317469,-0.031282,-0.1269605,-0.02182811
4.06,2.549165,9.484756,-0.5601169,-0.06210224,-0.1153021,0.003281283
4.08,2.551118,9.53455,-0.5431615,-0.07309508,-0.1043804,0.01196574
4.10,2.599143,9.559932,-0.5090138,-0.05906067,-0.09682737,-0.0001353725
4.12,2.658736,9.521588,-0.5253651,-0.0380784,-0.0983177,-0.0153417
4.14,2.670236,9.447999,-0.5832143,-0.03046124,-0.08334787,-0.02330703
4.16,2.630495,9.38418,-0.6537011,-0.0329882,-0.05049908,-0.01571053
4.18,2.625405,9.357409,-0.6837298,-0.03802822,-0.009737515,-0.00403817
4.20,2.647905,9.393426,-0.6319965,-0.02574305,0.01925881,0.004137742
4.22,2.687464,9.401972,-0.5585602,-0.002730241,0.03410909,0.001376751
4.24,2.688182,9.464633,-0.5115986,0.01429665,0.03401493,-0.008320189
4.26,2.664448,9.546839,-0.5279513,0.008128582,0.03355306,-0.01555429
4.28,2.639632,9.570906,-0.5504997,-0.008306894,0.03266472,-0.005300949
4.30,2.615013,9.559632,-0.5377859,-0.0228109,0.03503895,0.01251433
4.32,2.615007,9.523317,-0.5063947,-0.0250646,0.03450656,0.02641428
4.34,2.642317,9.465079,-0.4838518,-0.01902712,0.02720946,0.03156762
4.36,2.65574,9.446216,-0.4798572,-0.01478993,0.008228905,0.02486483
4.38,2.637102,9.461228,-0.4832802,-0.01574166,-0.01025272,0.01587718
4.40,2.618421,9.472297,-0.4929996,-0.0172431,-0.02602809,0.003627231
4.42,2.621922,9.416627,-0.5011988,-0.01628718,-0.03544379,-0.002519429
4.44,2.640738,9.37673,-0.4682761,-0.006684346,-0.04819439,-0.01377915
4.46,2.655843,9.383791,-0.432535,0.004868542,-0.06481257,-0.02580727
4.48,2.640376,9.413853,-0.4339631,0.008548873,-0.08420825,-0.03707324
4.50,2.62164,9.431274,-0.4189154,0.009300936,-0.1065502,-0.04601334
4.52,2.630812,9.494535,-0.4392905,0.003481446,-0.1236199,-0.04495551
4.54,2.60482,9.535796,-0.5110603,-0.00910656,-0.1200802,-0.03488475
4.56,2.611474,9.637487,-0.5576666,-0.01885491,-0.1070227,-0.02422529
4.58,2.587962,9.602934,-0.5616981,-0.02685859,-0.08319694,-0.01898165
4.60,2.600082,9.510568,-0.5555394,-0.03800891,-0.06770071,-0.01745759
4.62,2.625569,9.46414,-0.5630189,-0.0483053,-0.07015171,-0.02721513
4.64,2.63172,9.451267,-0.540224,-0.0433438,-0.07853928,-0.03729199
4.66,2.602624,9.455465,-0.5902628,-0.0365457,-0.07837778,-0.03058077
4.68,2.554559,9.51018,-0.6479763,-0.0214106,-0.06619421,-0.01051687
4.70,2.527705,9.5189,-0.6860328,-0.01327742,-0.04349121,0.01123428
4.72,2.550502,9.478647,-0.6528453,-0.007120684,-0.02944819,0.01257995
4.74,2.582949,9.444364,-0.579129,-0.001225503,-0.0322113,-0.00532299
4.76,2.560799,9.408875,-0.5283231,0.003037076,-0.04794535,-0.03207608
4.78,2.51789,9.442561,-0.5112179,0.001218867,-0.07373285,-0.05020287
4.80,2.470127,9.539271,-0.5352669,-0.001800303,-0.09252699,-0.05109604
4.82,2.439934,9.567525,-0.5977315,-0.003047803,-0.08957274,-0.03248231
4.84,2.467099,9.58459,-0.6039447,0.005467966,-0.07625396,-0.01170756
4.86,2.508209,9.537329,-0.5851682,0.01781685,-0.05652545,-0.002388193
4.88,2.536265,9.464817,-0.5683589,0.025487,-0.04101313,-0.01193291
4.90,2.529898,9.457667,-0.564518,0.01911798,-0.02812294,-0.02554318
4.92,2.488536,9.444912,-0.5628251,0.009467456,-0.01669834,-0.03820674
4.94,2.452924,9.530035,-0.5323504,0.001326589,-0.009274418,-0.04275306
4.96,2.423209,9.534254,-0.5253608,-0.00112286,-0.00569499,-0.03869745
4.98,2.438894,9.584044,-0.4854484,0.002367824,-0.01474987,-0.02522853
5.00,2.419575,9.533212,-0.5093666,0.001602567,-0.01823927,-0.0179861
5.02,2.442451,9.469089,-0.5152159,0.001073686,-0.02304484,-0.02302067
5.04,2.482071,9.472769,-0.4960246,0.006176757,-0.02080249,-0.04172645
5.06,2.479822,9.419907,-0.500925,0.004696574,-0.02960073,-0.06915113
5.08,2.494373,9.411269,-0.4957752,-0.004777529,-0.04914727,-0.08530493
5.10,2.470235,9.522717,-0.5409822,-0.005136007,-0.05829519,-0.08121485
5.12,2.442614,9.620878,-0.5762207,0.00964571,-0.05037762,-0.06353763
5.14,2.407582,9.621657,-0.5778952,0.009216859,-0.0371046,-0.02953109
5.16,2.440047,9.581893,-0.5908036,-0.007077758,-0.03616026,-0.001024595
5.18,2.485429,9.566121,-0.5795221,-0.02348431,-0.04739983,0.01296271
5.20,2.474052,9.496194,-0.5791417,-0.01699879,-0.05061292,0.01288492
5.22,2.472549,9.485804,-0.5668563,0.005908362,-0.04660367,0.00438809
5.24,2.457346,9.507183,-0.5955322,0.0256331,-0.03685199,-0.001270656
5.26,2.427578,9.528479,-0.6384565,0.02566666,-0.0275991,0.002301062
5.28,2.398704,9.56413,-0.6439837,0.01412875,-0.01655056,0.01011499
5.30,2.383853,9.533396,-0.6280129,0.008336374,-0.002874567,0.01841415
5.32,2.38411,9.488213,-0.5686681,0.007568338,-0.0005229457,0.01396506
5.34,2.388258,9.449447,-0.5267435,0.008507299,-0.0122989,-0.004269738
5.36,2.373201,9.432304,-0.5102268,0.005929058,-0.03763804,-0.02529278
5.38,2.37175,9.444889,-0.5060709,0.006573078,-0.06269439,-0.04040212
5.40,2.38055,9.461598,-0.5436921,0.0128347,-0.07624015,-0.04872018
5.42,2.395805,9.491952,-0.5866043,0.01831845,-0.07471967,-0.04960595
5.44,2.399555,9.50516,-0.6184028,0.01712495,-0.06162589,-0.04429191
5.46,2.416577,9.525139,-0.6145852,0.01393841,-0.05202321,-0.03875683
5.48,2.41999,9.554163,-0.5939568,0.005498599,-0.04870334,-0.03770787
5.50,2.423187,9.58987,-0.6034539,-0.0009577483,-0.04737042,-0.03121648
5.52,2.404963,9.63346,-0.6169462,-0.006034399,-0.04339004,-0.01412115
5.54,2.371268,9.641401,-0.6621581,-0.01014841,-0.02690492,0.009053584
5.56,2.355144,9.610352,-0.6680135,-0.01527297,-0.009411153,0.03408758
5.58,2.36357,9.566139,-0.6613506,-0.01732919,0.003401062,0.04578771
5.60,2.352228,9.536528,-0.5810191,-0.01142721,0.0006569367,0.03980151
5.62,2.359542,9.484572,-0.5519003,-0.009050675,-0.01958357,0.02485389
5.64,2.347739,9.526552,-0.5572848,-0.008991794,-0.04562985,0.0170612
5.66,2.26955,9.567909,-0.5754899,-0.005336831,-0.05997358,0.01130089
5.68,2.25015,9.531376,-0.5650024,-0.002028994,-0.06924629,0.008933771
5.70,2.282774,9.490604,-0.5961528,-0.006917529,-0.08557528,0.00920997
5.72,2.294389,9.537888,-0.6695838,-0.01222902,-0.08574729,0.008422357
5.74,2.258918,9.543298,-0.7256328,-0.007312686,-0.06727786,0.002988901
5.76,2.272266,9.564821,-0.7338554,0.002768934,-0.03944751,-0.001069664
5.78,2.300238,9.579538,-0.7314112,0.01070774,-0.01557511,-0.001739012
5.80,2.301361,9.562164,-0.7650484,0.008584348,0.01074296,-0.006857315
5.82,2.299156,9.576285,-0.7679393,-3.08905e-05,0.03739529,-0.01182453
5.84,2.283229,9.561472,-0.743726,-0.003228109,0.06060707,-0.01275605
5.86,2.274868,9.576251,-0.6955383,-0.006255459,0.07004657,-0.0122082
5.88,2.261556,9.554751,-0.6620729,-0.003607811,0.06921416,-0.008208737
5.90,2.274916,9.523025,-0.6318961,0.001313507,0.06337228,-0.01180598
5.92,2.297915,9.492754,-0.624726,0.009406979,0.05584084,-0.01690312
5.94,2.303889,9.478459,-0.6136938,0.0189665,0.05269083,-0.02719883
5.96,2.289833,9.468501,-0.6001816,0.02886917,0.04444931,-0.03868915
5.98,2.291921,9.468461,-0.5775033,0.02993974,0.03173921,-0.05026481
6.00,2.295832,9.483625,-0.5543709,0.02208053,0.01081366,-0.05874903
6.02,2.27587,9.536289,-0.5739048,0.01178674,-0.002854037,-0.05814613
6.04,2.230546,9.575071,-0.588686,0.0007016187,-0.01181409,-0.05097524
6.06,2.234439,9.619453,-0.5734915,-0.0074187,-0.03011148,-0.03983245
6.08,2.247682,9.652992,-0.5227654,-0.01207736,-0.06552421,-0.03133783
6.10,2.247058,9.621221,-0.4963282,-0.01429763,-0.1076185,-0.02820261
6.12,2.212613,9.530084,-0.5336327,-0.02277209,-0.1431068,-0.03032761
6.14,2.15951,9.497797,-0.5721967,-0.03042324,-0.157793,-0.03339653
6.16,2.117525,9.469741,-0.5933918,-0.03979227,-0.1587441,-0.03797133
6.18,2.106173,9.451742,-0.6320239,-0.04819932,-0.1596845,-0.04318807
6.20,2.097513,9.515298,-0.6322839,-0.04384441,-0.1550317,-0.05700807
6.22,2.104762,9.55462,-0.6331336,-0.02482367,-0.1453511,-0.07714738
6.24,2.144232,9.568769,-0.6219589,-0.004224132,-0.1376923,-0.08750609
6.26,2.045951,9.561399,-0.6358954,-0.008622869,-0.1310418,-0.07771689
6.28,1.886883,9.485096,-0.6838,-0.04123127,-0.1048547,-0.05826767
6.30,1.815851,9.339073,-0.7411677,-0.07881638,-0.06870408,-0.048836
6.32,1.808422,9.168504,-0.6911464,-0.1013969,-0.03776248,-0.05789848
6.34,1.848571,9.046101,-0.5827736,-0.08793881,-0.02098478,-0.0848207
6.36,1.893901,8.995292,-0.5002502,-0.05201053,-0.01628655,-0.1227242
6.38,1.872006,8.94136,-0.4840997,-0.03017881,-0.02891317,-0.1535875
6.40,1.793995,8.844137,-0.5021476,-0.03719475,-0.0358542,-0.1624775
6.42,1.724082,8.717357,-0.5182269,-0.06031265,-0.03248161,-0.1494239
6.44,1.68527,8.562688,-0.4930992,-0.08540874,-0.01425617,-0.1197772
6.46,1.60286,8.429781,-0.5058062,-0.1079926,0.01280443,-0.08431708
6.48,1.487236,8.370428,-0.5057087,-0.1293377,0.04510878,-0.04189319
6.50,1.434207,8.28147,-0.4931439,-0.1379485,0.07287256,-0.006106461
6.52,1.460346,8.325805,-0.4254043,-0.1169874,0.08577564,0.008583791
6.54,1.465816,8.419897,-0.412225,-0.09749229,0.0881116,-0.003643207
6.56,1.43186,8.211335,-0.4396053,-0.1116498,0.1007471,-0.01853371
6.58,1.35872,7.701087,-0.4377404,-0.1615502,0.1418874,-0.006117146
6.60,1.245589,7.360055,-0.4590478,-0.2163302,0.2223707,0.03405403
6.62,1.098124,7.434797,-0.5079852,-0.2341584,0.3338433,0.05452331
6.64,1.066933,7.823232,-0.5004802,-0.2058767,0.4117332,0.01459085
6.66,1.269465,8.207679,-0.4488543,-0.1429619,0.4323657,-0.09653515
6.68,1.599629,8.318718,-0.3152692,-0.06865117,0.3793143,-0.2316108
6.70,1.826677,8.273495,-0.2318506,-0.02196561,0.3112206,-0.3137757
6.72,1.620265,8.396463,-0.3394408,0.02216491,0.288645,-0.3475308
6.74,1.396444,8.777637,-0.4429953,0.06764188,0.2979745,-0.3609579
6.76,1.561608,9.29631,-0.3654961,0.1171766,0.2514147,-0.3847775
6.78,1.904629,9.92461,-0.2394016,0.1742171,0.1252846,-0.3998511
6.80,2.016276,10.36557,-0.2829895,0.2048036,-0.01997943,-0.390233
6.82,1.886029,10.61337,-0.4908263,0.2126061,-0.09186703,-0.3440595
6.84,1.621466,10.58931,-0.7473267,0.1895873,-0.06972775,-0.2595498
6.86,1.46533,10.69073,-0.9153791,0.1674479,0.001892569,-0.1621078
6.88,1.465901,10.95167,-0.8906487,0.1271001,0.05482233,-0.08371276
6.90,1.552657,10.9696,-0.8071625,0.03434978,0.07636808,-0.03893139
6.92,1.561103,10.67574,-0.7609675,-0.07381979,0.08240486,0.005247818
6.94,1.455826,10.48139,-0.6930405,-0.1352816,0.1093055,0.06894892
6.96,1.323757,10.47787,-0.5520166,-0.08936486,0.1416532,0.1316876
6.98,1.385361,10.59462,-0.2821286,0.03373014,0.1386884,0.1775689
7.00,1.554217,10.65608,-0.02824988,0.1334929,0.06848765,0.2221875
7.02,1.531765,10.41297,0.09113964,0.1426917,-0.02295339,0.2821086
7.04,1.442322,10.08651,0.0830008,0.09181536,-0.1147657,0.3436358
7.06,1.381814,9.878073,0.1010959,0.05187714,-0.1700779,0.4214015
7.08,1.335322,9.965199,0.06538592,0.07900209,-0.1891004,0.4971677
7.10,1.413425,10.16927,0.02229238,0.1540648,-0.2013031,0.5404186
7.12,1.625702,10.27886,0.04545828,0.2281082,-0.2347745,0.5571422
7.14,1.812968,10.52887,0.04534643,0.2644658,-0.2732849,0.5567346
7.16,1.714437,10.78656,-0.06371342,0.2676204,-0.2818874,0.5569019
7.18,1.778321,11.02518,-0.2714805,0.2045372,-0.2411367,0.5757476
7.20,2.243373,11.43439,-0.7045545,0.01319823,-0.2099883,0.6063359
7.22,2.508345,12.00109,-1.158659,-0.169807,-0.196947,0.5813732
7.24,2.494442,13.02951,-1.419669,-0.1327463,-0.1275916,0.4373115
7.26,2.622782,13.59783,-1.092095,0.1243541,0.06655617,0.2086111
7.28,2.832361,12.66077,-0.6938871,0.3447912,0.2583991,0.006919227
7.30,2.856392,11.38639,-0.9094205,0.3021399,0.3528237,-0.03617737
7.32,3.167521,10.21559,-1.126492,0.06209159,0.3930094,0.1171168
7.34,3.132939,8.920983,-1.092876,-0.1859283,0.448749,0.3434277
7.36,3.003108,8.029627,-1.060089,-0.2665663,0.5390514,0.528276
7.38,2.940428,7.687945,-0.8821619,-0.1747169,0.6177478,0.592929
7.40,3.117894,7.7164,-0.4616973,-0.03198322,0.658375,0.5507954
7.42,3.349015,8.315006,-0.07446583,0.0717866,0.6388352,0.4103305
7.44,3.391745,8.808205,-0.0299211,0.09777398,0.5800046,0.1762094
7.46,3.416204,8.549806,-0.1971898,0.06527626,0.537095,-0.0595319
7.48,3.510407,8.01722,-0.1383342,0.0168626,0.5006849,-0.2075991
7.50,3.711076,8.150617,0.07897266,0.01463213,0.4221663,-0.2658412
7.52,3.726983,8.84387,0.1696365,0.0455056,0.3015944,-0.2622744
7.54,3.556194,9.618484,0.06767128,0.08104748,0.1978938,-0.2242752
7.56,3.375381,10.14833,-0.07094125,0.096421,0.144021,-0.1641691
7.58,3.291547,10.13027,-0.2415285,0.07192067,0.1509455,-0.100517
7.60,3.331092,9.790731,-0.3301459,0.03721814,0.1745974,-0.05671189
7.62,3.472332,9.609213,-0.2162553,0.04747792,0.1716002,-0.05606154
7.64,3.535598,9.570335,0.001606306,0.1051471,0.1401281,-0.1071311
7.66,3.516444,9.512662,0.2136612,0.1437641,0.06681575,-0.1737667
7.68,3.487591,9.493223,0.1188525,0.1050886,-0.02520572,-0.1938458
7.70,3.261655,9.369548,-0.09546468,0.01586903,-0.08399696,-0.1588861
7.72,3.045155,9.262901,-0.1502829,-0.05326001,-0.1131999,-0.09261078
7.74,2.904474,9.258132,-0.05653877,-0.0469278,-0.1492871,-0.03924752
7.76,2.978962,9.572419,0.01233393,0.03441425,-0.2164261,-0.01326978
7.78,3.137055,9.858363,-0.01002684,0.1318979,-0.2958879,-0.005823278
7.80,3.145396,9.874715,-0.2232998,0.1747261,-0.3108067,0.005141719
7.82,2.867966,9.645948,-0.5197834,0.1451378,-0.2326944,0.0190571
7.84,2.709393,9.407048,-0.7672912,0.05915701,-0.1133636,0.01824354
7.86,2.808717,9.212729,-0.7733462,-0.03676204,-0.03627684,-0.01354223
7.88,3.013801,9.101661,-0.6040244,-0.08264644,-0.01850811,-0.05671899
7.90,3.100423,9.110984,-0.6303334,-0.061822,0.02130782,-0.0877398
7.92,3.138904,9.276687,-0.836185,-0.01494175,0.09631416,-0.07951763
7.94,3.087712,9.253711,-1.017806,-0.005190483,0.1861189,-0.04538669
7.96,2.983349,9.037387,-1.075296,-0.03408155,0.258221,-0.0205945
7.98,2.944215,8.940991,-0.9034327,-0.06180556,0.2809407,-0.02502395
8.00,2.928144,8.977929,-0.6868473,-0.05045481,0.2682527,-0.0552052
8.02,2.926859,8.97031,-0.6245036,-0.01217971,0.2372497,-0.08147341
8.04,2.914951,9.059096,-0.6471564,0.03498698,0.1980031,-0.07959583
8.06,2.755909,9.187199,-0.6577165,0.08469615,0.176634,-0.06895343
8.08,2.663293,9.404422,-0.5538763,0.1327706,0.1383014,-0.0537882
8.10,2.699318,9.518164,-0.4008897,0.1702023,0.06403927,-0.04382387
8.12,2.764855,9.698994,-0.2948602,0.1843386,-0.04009696,-0.03523175
8.14,2.763364,9.801786,-0.3487845,0.1727484,-0.1273527,-0.02929883
8.16,2.7476,9.800334,-0.4597032,0.138947,-0.1791441,-0.008297773
8.18,2.695754,9.83538,-0.5432529,0.1135992,-0.1913556,0.01626873
8.20,2.633107,9.943254,-0.5688809,0.1039934,-0.1788245,0.04405214
8.22,2.600659,9.99798,-0.5854765,0.09649879,-0.1502564,0.07196582
8.24,2.563936,9.96908,-0.629899,0.06925081,-0.1156226,0.09867062
8.26,2.506217,9.891981,-0.6820219,0.02283683,-0.07321708,0.1120073
8.28,2.456085,9.798919,-0.6960024,-0.02840734,-0.02594326,0.1096414
8.30,2.472769,9.682428,-0.6711469,-0.06544195,0.01809181,0.09513102
8.32,2.484421,9.476363,-0.6452698,-0.09219415,0.04938054,0.07401356
8.34,2.535295,9.301931,-0.6343066,-0.1050979,0.07452086,0.05568352
8.36,2.532726,9.16078,-0.6349081,-0.115068,0.08794712,0.04118622
8.38,2.514508,9.117207,-0.6425458,-0.1062714,0.08410317,0.02754279
8.40,2.528166,9.15081,-0.6130021,-0.08070227,0.07002088,0.005558138
8.42,2.519876,9.119018,-0.5648068,-0.05637304,0.05061781,-0.02184265
8.44,2.535486,9.020608,-0.5592837,-0.04373144,0.01432763,-0.05080638
8.46,2.628969,9.05463,-0.5476617,-0.02353542,-0.03014161,-0.07545123
8.48,2.683647,9.113766,-0.5319112,0.01522435,-0.07049838,-0.1062911
8.50,2.725472,9.185045,-0.5234935,0.06376312,-0.1002696,-0.1422118
8.52,2.753996,9.325766,-0.5759115,0.08757924,-0.1294937,-0.1728037
8.54,2.735571,9.495253,-0.6335522,0.08217773,-0.162427,-0.1908576
8.56,2.715207,9.6372,-0.6727132,0.06886476,-0.1796276,-0.1931155
8.58,2.688472,9.675683,-0.6971241,0.05670644,-0.1735791,-0.1870851
8.60,2.648501,9.61969,-0.723405,0.04847642,-0.1540678,-0.1845373
8.62,2.639862,9.551176,-0.6893041,0.04758957,-0.1335397,-0.1809426
8.64,2.624099,9.511739,-0.6258957,0.04586957,-0.1275427,-0.1777722
8.66,2.584676,9.496605,-0.5983924,0.04075072,-0.1250579,-0.166294
8.68,2.535248,9.485784,-0.6422855,0.02979023,-0.1138095,-0.1412255
8.70,2.547452,9.611155,-0.6299778,0.02451497,-0.1024349,-0.1161138
8.72,2.465104,9.744259,-0.6768286,0.008494506,-0.0853487,-0.09223615
8.74,2.407906,9.767533,-0.7249754,-0.0164558,-0.05681864,-0.06177992
8.76,2.323711,9.804019,-0.7868274,-0.03877291,-0.00849654,-0.04152564
8.78,2.254958,9.800732,-0.787375,-0.05214451,0.05357645,-0.02290818
8.80,2.20484,9.751884,-0.7957858,-0.05936597,0.1203823,-0.01239275
8.82,2.180123,9.685744,-0.7743845,-0.06411504,0.1733583,-0.009657411
8.84,2.165884,9.550668,-0.7835786,-0.07051229,0.2304562,-0.01107634
8.86,2.161618,9.433509,-0.772503,-0.07591555,0.2748136,-0.01727217
8.88,2.184167,9.360928,-0.7187449,-0.06665719,0.3067704,-0.0379115
8.90,2.203248,9.233284,-0.6660902,-0.0461559,0.3180743,-0.06474132
8.92,2.19697,9.213272,-0.5964343,-0.02300216,0.3146706,-0.09443064
8.94,2.177289,9.218034,-0.5431727,0.0009150281,0.2966961,-0.121458
8.96,2.232123,9.215066,-0.4900152,0.0286102,0.265007,-0.1292509
8.98,2.266129,9.324347,-0.4523151,0.07521502,0.2386698,-0.1263143
9.00,2.302719,9.3229,-0.4102843,0.1166873,0.2095899,-0.1336246
9.02,2.478297,9.32065,-0.3176085,0.1468762,0.1482569,-0.1404816
9.04,2.643419,9.476336,-0.2546695,0.1541617,0.05611314,-0.1439154
9.06,2.702647,9.636493,-0.2798885,0.1337539,-0.04881217,-0.1333684
9.08,2.6764,9.879968,-0.3354221,0.1057614,-0.1368248,-0.0956616
9.10,2.553692,10.05303,-0.4559428,0.0612761,-0.1896759,-0.03823746
9.12,2.490951,10.18377,-0.6420389,0.006906845,-0.2023736,0.03953659
9.14,2.418558,10.21117,-0.819222,-0.04227254,-0.1752132,0.1154961
9.16,2.357063,10.04562,-0.941344,-0.0781037,-0.1166985,0.1795328
9.18,2.347197,9.923131,-0.957269,-0.09364179,-0.06293158,0.2141154
9.20,2.338531,9.785138,-0.8999888,-0.08961678,-0.01976885,0.2108887
9.22,2.30045,9.663713,-0.8992864,-0.08886752,0.009502513,0.1863084
9.24,2.233507,9.580894,-0.9075548,-0.09516476,0.02898253,0.1513118
9.26,2.183246,9.505306,-0.8861929,-0.1047849,0.03111621,0.1082075
9.28,2.164303,9.43717,-0.8612921,-0.09384314,0.03596277,0.06193384
9.30,2.152201,9.35994,-0.7792505,-0.05934671,0.04816765,0.01317925
9.32,2.125105,9.210237,-0.7572404,-0.01620951,0.06545767,-0.03232587
9.34,2.107927,9.165678,-0.7258328,0.03048739,0.09096166,-0.06627926
9.36,2.065443,9.183627,-0.7159393,0.06493856,0.1305202,-0.08790118
9.38,2.041692,9.280869,-0.6777146,0.0776517,0.1612296,-0.105868
9.40,1.996321,9.353102,-0.6254473,0.06708796,0.1826712,-0.1225154
9.42,1.999713,9.442249,-0.5727356,0.05770076,0.1839543,-0.1332207
9.44,2.026758,9.478729,-0.5108297,0.05324499,0.1799907,-0.1464254
9.46,2.041544,9.451961,-0.4394923,0.06418741,0.164841,-0.153623
9.48,2.066621,9.523582,-0.3656507,0.07465076,0.1411008,-0.1604448
9.50,2.100649,9.571738,-0.3703697,0.06796156,0.1051318,-0.160903
9.52,2.138367,9.601636,-0.4307709,0.04578267,0.06766856,-0.1424359
9.54,2.153061,9.689499,-0.5031581,0.02142224,0.05130921,-0.1115758
9.56,2.136081,9.741226,-0.552981,0.02172543,0.05280655,-0.07503592
9.58,2.200358,9.779617,-0.5194128,0.02977795,0.05443573,-0.05517628
9.60,2.266226,9.701438,-0.5251343,0.02660783,0.04584934,-0.05232365
9.62,2.314841,9.717139,-0.5793438,0.009012884,0.04027429,-0.0527566
9.64,2.298559,9.70153,-0.6717529,-0.01653862,0.05639752,-0.04914068
9.66,2.301872,9.696092,-0.7014712,-0.03514433,0.07736814,-0.03551783
9.68,2.298274,9.712991,-0.7172149,-0.04681212,0.1018509,-0.02462074
9.70,2.317179,9.677404,-0.7145686,-0.04814323,0.113259,-0.01276218
9.72,2.308203,9.700781,-0.7084754,-0.04125757,0.1198631,0.001330481
9.74,2.266513,9.656902,-0.7006409,-0.0345972,0.1172628,0.01812837
9.76,2.221753,9.648672,-0.6682028,-0.02602306,0.0988866,0.03661625
9.78,2.196795,9.679858,-0.6303967,-0.01417811,0.06190769,0.05269914
9.80,2.161029,9.727379,-0.623759,-0.01151429,0.01921318,0.06775755
9.82,2.130047,9.627368,-0.6704085,-0.01696059,-0.02002318,0.08271905
9.84,2.106758,9.609831,-0.6546655,-0.01718307,-0.05102335,0.08848713
9.86,2.082656,9.532488,-0.6729684,-0.002149943,-0.06703411,0.07805863
9.88,2.16989,9.465349,-0.6064878,0.0262901,-0.08548809,0.05501871
9.90,2.218778,9.462702,-0.5603732,0.05246624,-0.1140784,0.02921816
9.92,2.179322,9.536164,-0.6040722,0.06725728,-0.1304744,0.01025387
9.94,2.104318,9.581857,-0.6636383,0.06329725,-0.1260286,0.008686601
9.96,2.053188,9.616535,-0.6916062,0.05336933,-0.1025638,0.02112467
9.98,2.030788,9.595796,-0.6770535,0.0498673,-0.07579683,0.03642511
10.00,2.069559,9.562233,-0.6345351,0.05665549,-0.05195156,0.04595812
10.02,2.132146,9.518856,-0.5350831,0.07354301,-0.04160483,0.03971083
10.04,2.117036,9.527958,-0.5097002,0.07787289,-0.03832873,0.02781875
10.06,2.089893,9.558007,-0.5258788,0.06160716,-0.03426002,0.01369462
10.08,2.031853,9.618705,-0.5386946,0.02393184,-0.02739812,0.007470991
10.10,1.988105,9.66396,-0.5637313,-0.01879221,-0.0162424,0.009330126
10.12,1.987283,9.63426,-0.5342326,-0.04794852,-0.009100597,0.01398497
10.14,2.060433,9.608793,-0.4840677,-0.05838345,-0.01374512,0.01397334
10.16,2.113203,9.594657,-0.4928057,-0.05158122,-0.02557726,0.004839398
10.18,2.140211,9.576498,-0.5347995,-0.04020471,-0.03048682,-0.003055981
10.20,2.120364,9.567926,-0.6041837,-0.03468819,-0.02750521,-0.003064932
10.22,2.119158,9.635354,-0.6465909,-0.04068482,-0.01517889,-0.001848142
10.24,2.13616,9.635566,-0.7012821,-0.06199212,0.004154995,-0.001013415
10.26,2.197892,9.591668,-0.7357157,-0.07776552,0.01715718,0.004363349
10.28,2.204131,9.596934,-0.7520697,-0.07568049,0.04339953,0.01572317
10.30,2.186566,9.595311,-0.7998888,-0.05312183,0.087646,0.02853284
10.32,2.193396,9.580794,-0.7926961,-0.03400579,0.128133,0.04098174
10.34,2.220971,9.51758,-0.7587095,-0.02578783,0.1489189,0.04003945
10.36,2.230375,9.460554,-0.672934,-0.02578948,0.1471127,0.02378096
10.38,2.22397,9.437027,-0.582414,-0.01705705,0.1272423,0.001609301
10.40,2.201088,9.497457,-0.5155813,-0.0123242,0.09246951,-0.01893014
10.42,2.181771,9.537223,-0.5020604,-0.01319885,0.05239563,-0.02746928
10.44,2.177781,9.595758,-0.4881378,-0.01678687,0.0129271,-0.02865474
10.46,2.188615,9.610612,-0.5009809,-0.01624295,-0.01847094,-0.02321854
10.48,2.205623,9.616943,-0.4843894,-0.005506428,-0.04329817,-0.01661396
10.50,2.236255,9.58264,-0.4819435,0.005713298,-0.06596143,-0.01350916
10.52,2.243349,9.574503,-0.498208,0.0119091,-0.0779309,-0.01500417
10.54,2.204072,9.52312,-0.5244516,0.01292286,-0.07951244,-0.01784986
10.56,2.194126,9.533914,-0.5226067,0.008756689,-0.07539593,-0.02621333
10.58,2.185251,9.520141,-0.5400769,-0.0003185289,-0.07454396,-0.03147804
10.60,2.194646,9.551032,-0.5177208,0.0001773366,-0.07133774,-0.03407121
10.62,2.204173,9.547152,-0.5359715,0.004871538,-0.06244177,-0.03253903
10.64,2.18768,9.594609,-0.552089,0.01001417,-0.04670133,-0.031363
10.66,2.109922,9.655489,-0.5680216,0.01005037,-0.01911042,-0.0354019
10.68,2.078861,9.684033,-0.5652191,-0.0004265032,0.007214621,-0.04793708
10.70,2.10178,9.697449,-0.5452483,-0.02135168,0.01708677,-0.06509237
10.72,2.104338,9.66213,-0.5193039,-0.04396842,0.01669808,-0.06848388
10.74,2.106996,9.597126,-0.5124296,-0.05419685,0.01006792,-0.06198364
10.76,2.106969,9.566339,-0.514464,-0.0512523,0.002964209,-0.03991204
10.78,2.094551,9.555348,-0.5456496,-0.04064718,0.001393567,-0.009375723
10.80,2.113176,9.569668,-0.5913858,-0.02331976,0.002793093,0.0114458
10.82,2.131994,9.601715,-0.5993939,-0.008465275,0.004722807,0.01727894
10.84,2.148544,9.66655,-0.567916,0.009622726,0.001674761,0.01113601
10.86,2.126006,9.706276,-0.5615135,0.01251802,0.003253648,0.003601531
10.88,2.106464,9.70353,-0.5931787,-0.001716305,0.006575802,-0.003534303
10.90,2.067391,9.685467,-0.6066458,-0.02154018,0.0146823,-0.0063613
10.92,2.05658,9.601808,-0.5891063,-0.03666671,0.01209208,-0.01152288
10.94,2.0542,9.534783,-0.5806462,-0.03219034,0.01458983,-0.01906814
10.96,2.075871,9.501548,-0.5845176,-0.01433346,0.02046517,-0.03327511
10.98,2.102436,9.4891,-0.5872065,0.01139893,0.01957671,-0.05579926
11.00,2.138628,9.514184,-0.5667051,0.03405651,0.01777412,-0.0824839
11.02,2.171038,9.555585,-0.53707,0.04880283,0.01227703,-0.1013564
11.04,2.28694,9.711318,-0.5097123,0.04971541,0.01018449,-0.09756844
11.06,2.369117,9.987048,-0.5801473,0.03698119,0.03035718,-0.05350123
11.08,2.221783,10.00617,-0.7499346,0.0105258,0.1091756,0.01122732
11.10,2.157264,9.837257,-0.7868252,-0.02258891,0.2135681,0.05462538
11.12,2.222587,9.56722,-0.6821616,-0.06048459,0.2935758,0.05341879
11.14,2.380969,9.378803,-0.4765091,-0.08516464,0.321989,0.007271791
11.16,2.685084,9.507964,-0.27038,-0.08318574,0.3065128,-0.05649167
11.18,2.754873,9.534593,-0.2820093,-0.06010185,0.2836509,-0.1099988
11.20,2.588475,9.479749,-0.3142464,-0.03117642,0.2856642,-0.1480477
11.22,2.481244,9.407077,-0.2887438,-0.01640408,0.2872289,-0.1796947
11.24,2.468974,9.366486,-0.1943682,-0.009668493,0.2445643,-0.2228464
11.26,2.530792,9.442173,0.004138228,0.00479528,0.1392736,-0.2900734
11.28,2.66563,9.632954,0.3158133,0.03372569,-0.05024977,-0.3682015
11.30,2.767753,9.780725,0.4439751,0.0630537,-0.2576032,-0.3992986
11.32,2.598972,9.839736,0.2657888,0.05766673,-0.4130504,-0.3597245
11.34,2.372222,9.981033,0.07399818,0.01770882,-0.5138406,-0.2769759
11.36,2.325076,10.07376,-0.1696356,-0.037116,-0.5837173,-0.1850031
11.38,2.393185,9.93314,-0.3427682,-0.08248284,-0.635336,-0.1181918
11.40,2.437926,9.667419,-0.4674926,-0.08389805,-0.6593328,-0.08840694
11.42,2.466197,9.486879,-0.5346655,-0.03717063,-0.6535323,-0.08918397
11.44,2.441578,9.395085,-0.6924333,0.03172662,-0.5795935,-0.1099777
11.46,2.42453,9.465398,-0.8174374,0.07791402,-0.4695975,-0.1428608
11.48,2.295524,9.604168,-0.8197497,0.0932536,-0.366931,-0.1757217
11.50,2.129765,9.957289,-0.7485353,0.08595251,-0.2887456,-0.2179208
11.52,2.061721,10.7322,-0.6877531,0.09931595,-0.2341352,-0.2753021
11.54,1.884279,11.35069,-0.6536319,0.1118337,-0.2017685,-0.3518149
11.56,1.764629,11.68305,-0.4160849,0.09781901,-0.2382973,-0.4047069
11.58,1.683528,11.6043,-0.08607627,0.049506,-0.3718358,-0.3945675
11.60,1.654122,11.68383,0.1960151,-0.02532122,-0.5721477,-0.3006689
11.62,1.586924,11.88787,0.2068534,-0.07953154,-0.7548077,-0.114262
11.64,1.127486,12.10878,-0.03571131,-0.08927857,-0.7986407,0.1074101
11.66,0.8801505,12.2206,-0.2566002,-0.06502617,-0.7623378,0.3143162
11.68,1.007625,12.20498,-0.2999215,-0.05562778,-0.7582381,0.4754094
11.70,1.254134,11.98939,-0.2798475,-0.08411231,-0.8200643,0.5994551
11.72,1.273168,11.81479,-0.5325332,-0.1374652,-0.8426509,0.6768426
11.74,1.144302,11.66651,-0.74591,-0.1870944,-0.7744287,0.7195175
11.76,1.23966,11.53167,-0.8184447,-0.2205462,-0.6726704,0.7163514
11.78,1.461584,11.3925,-0.7450703,-0.2456499,-0.5967937,0.6703953
11.80,1.606201,11.16488,-0.7170089,-0.279834,-0.5536745,0.5935712
11.82,1.606682,11.0126,-0.8257874,-0.3167323,-0.4805745,0.517174
11.84,1.440992,10.8504,-0.9324821,-0.3355717,-0.3513378,0.4362469
11.86,1.337262,10.63723,-0.895148,-0.3380697,-0.1934554,0.3655243
11.88,1.26516,10.24999,-0.7978567,-0.3310884,-0.05159157,0.3040579
11.90,1.269174,9.84745,-0.6140258,-0.3059651,0.04698728,0.243766
11.92,1.276788,9.611104,-0.4610334,-0.2531421,0.1153688,0.1755267
11.94,1.247048,9.389233,-0.3281495,-0.1873829,0.1559438,0.1188494
11.96,1.159101,9.217724,-0.2609183,-0.1316978,0.1755666,0.0890164
11.98,1.099164,8.939647,-0.2188494,-0.10162,0.1752416,0.0890373
12.00,1.078407,8.709952,-0.2012485,-0.07610939,0.1751343,0.1192531
12.02,1.0118,8.385377,-0.2174339,-0.04449361,0.1846871,0.1510269
12.04,1.036681,8.060961,-0.165815,-0.002598122,0.1868575,0.1660037
12.06,1.139854,7.87334,-0.1288064,0.06009612,0.1853465,0.1473968
12.08,1.214379,7.9244,-0.1637309,0.1315183,0.1919311,0.1003595
12.10,1.250187,7.961311,-0.2375043,0.1918021,0.2078959,0.02828767
12.12,1.316337,8.010347,-0.2713169,0.2259504,0.2146308,-0.05244715
12.14,1.363775,8.077225,-0.3077613,0.2554201,0.2217561,-0.133228
12.16,1.400778,8.219513,-0.3150653,0.2855162,0.2368152,-0.2150119
12.18,1.485568,8.371672,-0.3699049,0.3080499,0.2564451,-0.2869118
12.20,1.588373,8.366036,-0.4010807,0.2995413,0.2680951,-0.3360092
12.22,1.643286,8.353169,-0.4420619,0.2652011,0.2766995,-0.3541781
12.24,1.705793,8.466085,-0.4850613,0.2337972,0.2581889,-0.3484667
12.26,1.842059,8.601213,-0.5657185,0.2325646,0.2272345,-0.3405429
12.28,1.988117,8.823038,-0.5374167,0.2729972,0.1618257,-0.3444393
12.30,2.221204,9.346087,-0.3928927,0.3069068,0.08413576,-0.310452
12.32,2.108675,9.395503,-0.6149852,0.2876662,0.06813835,-0.1911032
12.34,1.846805,9.297355,-0.8264499,0.2374923,0.1367696,-0.00296119
12.36,1.639884,9.103404,-0.8893814,0.1699958,0.2461604,0.1863026
12.38,1.671139,9.145273,-0.8514528,0.1250417,0.3199702,0.3029606
12.40,1.932672,9.235767,-0.7075943,0.1217779,0.3243188,0.3199007
12.42,2.221198,9.135574,-0.5867254,0.1395708,0.2801459,0.2854604
12.44,2.359365,8.7522,-0.5776086,0.143138,0.2368653,0.2506454
12.46,2.246271,8.251124,-0.6570253,0.1278131,0.2463284,0.2499924
12.48,2.051132,8.058008,-0.7549323,0.1050617,0.3070014,0.2723817
12.50,1.94289,8.207355,-0.822607,0.08571659,0.3654005,0.2816115
12.52,2.021252,8.510815,-0.7705424,0.07972372,0.3620705,0.25909
12.54,2.132802,8.759961,-0.6846421,0.09692153,0.3100476,0.2082215
12.56,2.15374,8.975756,-0.6097066,0.1353992,0.2382524,0.1513154
12.58,2.109617,9.068772,-0.5731319,0.1721372,0.1646835,0.1102823
12.60,2.076384,9.031406,-0.5867383,0.1950249,0.100547,0.08738003
12.62,2.086894,9.158906,-0.5703767,0.1956231,0.02996281,0.07302546
12.64,2.102609,9.29024,-0.5923306,0.166912,-0.0544433,0.05559364
12.66,2.105036,9.378882,-0.6818036,0.1150966,-0.1365225,0.04736568
12.68,2.05619,9.451448,-0.7975749,0.05667652,-0.1893234,0.05906298
12.70,1.986358,9.52166,-0.8868315,0.02086804,-0.1942271,0.07655464
12.72,2.005121,9.51073,-0.8959308,0.01279988,-0.1800465,0.07595129
12.74,2.13594,9.411802,-0.8715893,0.0168919,-0.1778315,0.05187133
12.76,2.244621,9.323036,-0.8859392,0.009846005,-0.1804291,-0.003017937
12.78,2.276134,9.276037,-0.9272487,-0.008705664,-0.1890296,-0.07601847
12.80,2.292783,9.253327,-0.9528876,-0.01938485,-0.1942641,-0.1440553
12.82,2.285451,9.320479,-0.9471717,-0.01854713,-0.1930218,-0.188539
12.84,2.273375,9.391211,-0.9586532,-0.006487707,-0.1840084,-0.2118201
12.86,2.309777,9.445331,-0.9501891,-0.004219595,-0.180077,-0.2124604
12.88,2.311027,9.455946,-0.9754856,-0.02221686,-0.1875729,-0.1951928
12.90,2.293306,9.538462,-1.033411,-0.03890334,-0.1866098,-0.1670095
12.92,2.267438,9.65682,-1.061852,-0.04131482,-0.1749108,-0.1357711
12.94,2.296475,9.742791,-1.070062,-0.02669391,-0.158786,-0.1029753
12.96,2.337746,9.778398,-1.070683,-0.01555049,-0.1413739,-0.07618273
12.98,2.344467,9.742066,-1.088065,-0.02276627,-0.118858,-0.05403595
13.00,2.357895,9.673028,-1.13152,-0.04978782,-0.08689545,-0.03018123
13.02,2.343526,9.664289,-1.163905,-0.07902315,-0.04921285,-0.01139937
13.04,2.324419,9.685062,-1.165493,-0.09734122,-0.01572034,-0.0005236148
13.06,2.321354,9.728194,-1.121942,-0.09854428,0.009765686,0.01469966
13.08,2.287564,9.75005,-1.092709,-0.0895256,0.02449038,0.02639755
13.10,2.277375,9.724845,-1.066275,-0.07376711,0.01529198,0.05198364
13.12,2.23652,9.681467,-1.067865,-0.05316009,0.01076675,0.08113646
13.14,2.217582,9.660239,-1.083449,-0.02751865,0.01236596,0.1081012
13.16,2.213894,9.620307,-1.070709,-0.006034894,0.02265782,0.1208164
13.18,2.202464,9.513375,-1.069208,0.002498252,0.03362717,0.1152917
13.20,2.211864,9.497938,-1.057279,0.002208618,0.04092861,0.0908829
13.22,2.209912,9.541152,-1.045325,0.006407357,0.04352864,0.05191606
13.24,2.244661,9.492034,-1.028205,0.01346946,0.04549198,0.02025164
13.26,2.215997,9.474901,-1.026168,0.02101087,0.05294066,0.007645551
13.28,2.119446,9.52805,-1.043482,0.02339266,0.07462268,0.01561403
13.30,2.068222,9.509715,-1.014666,0.02058656,0.08538596,0.02359247
13.32,2.10767,9.454145,-0.9048017,0.0204025,0.0745194,0.009002243
13.34,2.153637,9.402678,-0.7671315,0.02879326,0.04083514,-0.0244478
13.36,2.158263,9.387093,-0.6949366,0.04168192,-0.004212271,-0.06493291
13.38,2.126601,9.395645,-0.6909649,0.03144061,-0.04911831,-0.09507044
13.40,2.056832,9.452308,-0.7438154,0.006139083,-0.0809036,-0.0997616
13.42,2.02942,9.523382,-0.7907442,-0.02692401,-0.0985795,-0.08318824
13.44,2.073803,9.553378,-0.7842037,-0.04193845,-0.1061588,-0.0638532
13.46,2.120392,9.508002,-0.7549819,-0.04050612,-0.1100062,-0.05461391
13.48,2.167355,9.385731,-0.7114959,-0.03414334,-0.1068263,-0.06304652
13.50,2.182136,9.404885,-0.7281302,-0.02889127,-0.09860063,-0.0731873
13.52,2.195284,9.578033,-0.8011693,-0.03292429,-0.08342356,-0.07539856
13.54,2.264389,9.895893,-0.8859743,-0.05007,-0.080006,-0.07432884
13.56,2.32601,9.941257,-0.9496272,-0.06963611,-0.07854411,-0.05721339
13.58,2.327603,9.83709,-0.9896773,-0.07809614,-0.05416195,-0.02453795
13.60,2.292814,9.754243,-1.008988,-0.0676102,-0.007076062,0.01610802
13.62,2.251389,9.690015,-1.067604,-0.05941075,0.05049584,0.05717025
13.64,2.249372,9.66584,-1.138145,-0.0675649,0.09850842,0.09228845
13.66,2.263766,9.606174,-1.117326,-0.07870977,0.1233835,0.1025121
13.68,2.270683,9.517679,-1.03956,-0.07610277,0.1332945,0.09144574
13.70,2.261842,9.429393,-0.9542609,-0.05148834,0.1383952,0.06786051
13.72,2.243291,9.380669,-0.8883783,-0.01083615,0.1209208,0.03838403
13.74,2.202461,9.423138,-0.8019472,0.02432769,0.08444084,-0.001972874
13.76,2.186974,9.456254,-0.7432266,0.04869581,0.03194542,-0.03708732
13.78,2.186713,9.515462,-0.7518327,0.04926815,-0.02551626,-0.0467708
13.80,2.117261,9.590207,-0.7970192,0.03499806,-0.05847356,-0.03329784
13.82,2.112567,9.609106,-0.8556072,0.0163683,-0.06868197,-0.01370066
13.84,2.146097,9.614849,-0.8992211,0.001825126,-0.05493354,3.649739e-06
13.86,2.21166,9.60433,-0.8906401,0.0002322188,-0.04628501,-0.006996389
13.88,2.272727,9.558632,-0.8321587,0.009900277,-0.04715917,-0.02717314
13.90,2.315502,9.490524,-0.7968175,0.02498956,-0.04895877,-0.0430492
13.92,2.292793,9.498769,-0.7928694,0.0311371,-0.04998761,-0.04645561
13.94,2.220373,9.602962,-0.823038,0.02578637,-0.03984966,-0.03446216
13.96,2.182819,9.631277,-0.8681663,0.006578126,-0.03018655,-0.01685913
13.98,2.189916,9.678651,-0.828429,-0.009309987,-0.03367983,0.001161286
14.00,2.219215,9.618489,-0.7786217,-0.01775259,-0.04539097,0.007977379
14.02,2.243707,9.560732,-0.7735273,-0.02057112,-0.06426398,0.01330071
14.04,2.2224,9.501067,-0.7932789,-0.01767931,-0.08136653,0.01464541
14.06,2.206447,9.532853,-0.7971609,-0.008277926,-0.09500793,0.01606705
14.08,2.204775,9.523855,-0.8467872,0.001849746,-0.09695469,0.01884527
14.10,2.200872,9.551154,-0.8514087,0.01589418,-0.09932283,0.01767278
14.12,2.203469,9.565549,-0.8483571,0.01424523,-0.1076953,0.01851788
14.14,2.193556,9.530228,-0.8527391,0.004717568,-0.1138764,0.02330534
14.16,2.181359,9.521868,-0.8635977,-0.001588332,-0.1169353,0.02843209
14.18,2.157234,9.550354,-0.8606979,-0.004268344,-0.1189691,0.03561478
14.20,2.133078,9.541818,-0.872806,-0.008967565,-0.1218882,0.04158073
14.22,2.114944,9.577812,-0.8850926,-0.01426276,-0.1229713,0.04425952
14.24,2.12437,9.598042,-0.9196508,-0.01853668,-0.1267565,0.04360539
14.26,2.141399,9.605338,-0.9345896,-0.02449546,-0.1238398,0.04192244
14.28,2.146885,9.557125,-0.9639364,-0.02197291,-0.1105505,0.04208423
14.30,2.131688,9.507522,-0.9749428,-0.01739351,-0.08908648,0.04503946
14.32,2.129839,9.474697,-0.9890233,-0.01480566,-0.06029554,0.04269208
14.34,2.137393,9.486523,-0.9982742,-0.008713932,-0.03335361,0.03699283
14.36,2.14721,9.514435,-0.9767746,-0.00307946,-0.01247583,0.02683153
14.38,2.14041,9.532764,-0.9778076,0.003695949,0.007632171,0.01125183
14.40,2.135664,9.556148,-0.9647447,0.007512304,0.02562114,0.007538049
14.42,2.115876,9.579856,-0.9617588,0.008200803,0.04278588,0.01027917
14.44,2.093996,9.605375,-0.958756,0.004498465,0.05333324,0.01358391
14.46,2.115662,9.576651,-0.9394228,-0.00259436,0.05479425,0.01333969
14.48,2.125196,9.597233,-0.9186455,-0.002529996,0.04584566,0.004081083
14.50,2.101595,9.574131,-0.8621891,0.009536249,0.03974319,-0.0157491
14.52,2.13648,9.480373,-0.8179843,0.01476511,0.01850463,-0.03892516
14.54,2.15058,9.464531,-0.8478091,0.004921368,-0.009539844,-0.05055854
14.56,2.127681,9.550704,-0.8774872,0.0002166499,-0.0357146,-0.05336262
14.58,2.138768,9.57655,-0.9037288,0.006594984,-0.05598454,-0.04354524
14.60,2.152324,9.563464,-0.928028,0.01925619,-0.06046579,-0.02426772
14.62,2.167979,9.540617,-0.9369087,0.03332324,-0.05702444,-0.01530535
14.64,2.206616,9.504487,-0.9495267,0.03568953,-0.05539266,-0.01888245
14.66,2.254222,9.496445,-0.9336172,0.03049642,-0.05306783,-0.03422332
14.68,2.269255,9.52427,-0.9352842,0.0248801,-0.05022085,-0.0545872
14.70,2.244838,9.567718,-0.9623762,0.01668717,-0.04316961,-0.06196763
14.72,2.223332,9.603138,-0.9886545,0.0112012,-0.02343863,-0.05271598
14.74,2.204916,9.637909,-1.009112,0.004467901,-0.008928812,-0.02797612
14.76,2.202895,9.632792,-0.9963194,-0.00451686,0.00610175,-0.00502399
14.78,2.237453,9.580051,-0.978694,-0.01149241,0.01120977,0.005362291
14.80,2.246655,9.538001,-0.9599093,-0.007532749,0.01053859,0.004265591
14.82,2.248475,9.493605,-0.9319296,-0.0007360562,0.006181905,-0.00446272
14.84,2.26167,9.503455,-0.9240748,0.007096525,-0.004675566,-0.01417491
14.86,2.268831,9.553095,-0.9325801,0.0101612,-0.0162257,-0.02119573
14.88,2.24837,9.60769,-0.9564793,0.00819749,-0.0280253,-0.01352057
14.90,2.235373,9.635147,-0.9827774,0.005697023,-0.03213938,0.00329446
14.92,2.241739,9.622954,-1.00004,-0.002249861,-0.03599837,0.02408114
14.94,2.237528,9.584127,-1.013766,-0.01156414,-0.03837593,0.03588147
14.96,2.242382,9.553458,-1.015266,-0.01597589,-0.03990679,0.03949744
14.98,2.243436,9.526437,-1.01668,-0.01070174,-0.0420748,0.03468392
15.00,2.243799,9.489889,-1.007596,0.001010392,-0.04623168,0.02491637
15.02,2.238232,9.484497,-1.011321,0.009163987,-0.05018952,0.02140822
15.04,2.222025,9.491537,-1.036548,0.009345121,-0.04874922,0.02152001
15.06,2.190225,9.493192,-1.05188,0.008097336,-0.0471089,0.02471245
15.08,2.1855,9.529476,-1.044983,0.009920419,-0.03697727,0.03251372
15.10,2.187088,9.515959,-1.049861,0.009535366,-0.02634704,0.03583383
15.12,2.171175,9.51063,-1.042365,0.01280518,-0.01532408,0.03772384
15.14,2.154128,9.512175,-1.026332,0.01627028,-0.001880118,0.03174033
15.16,2.153546,9.497814,-0.9880468,0.01185429,0.004088514,0.01991044
15.18,2.143577,9.496679,-1.001832,0.00449352,0.008986898,0.01295473
15.20,2.121825,9.54613,-0.9926796,0.004897818,0.01240442,0.00407011
15.22,2.120212,9.561204,-0.9277498,0.005967805,0.01560864,-0.002477758
15.24,2.149618,9.48413,-0.913048,-0.003129846,0.005082392,-0.007335075
15.26,2.153716,9.515191,-0.9016738,-0.01012386,-0.01646619,-0.007686308
15.28,2.133347,9.530432,-0.9087417,-0.01191302,-0.03152227,-0.005245798
15.30,2.139423,9.497822,-0.9318975,-0.002956064,-0.04205185,0.0005439059
15.32,2.148601,9.502507,-0.9444385,0.005252714,-0.05218532,0.004190328
15.34,2.154293,9.511827,-0.9589339,0.01429851,-0.05011195,0.004683644
15.36,2.181481,9.553269,-0.9717153,0.01608224,-0.04465531,0.002622673
15.38,2.191292,9.592078,-0.994408,0.0117119,-0.03124014,0.0004540169
15.40,2.191446,9.614615,-1.01709,-0.002811347,-0.01413592,0.001478184
15.42,2.185207,9.600354,-1.045421,-0.02710482,0.004988695,0.001152122
15.44,2.199307,9.548244,-1.036632,-0.03915793,0.01642515,-0.001796515
15.46,2.198841,9.541018,-0.9885268,-0.03589967,0.02363076,-0.004784857
15.48,2.204631,9.508664,-0.9934197,-0.01984714,0.02456428,-0.001317907
15.50,2.189468,9.52168,-0.9905983,-0.005728372,0.01976672,0.002899849
15.52,2.164231,9.526642,-0.9879632,-0.001625447,0.01660522,0.002998271
15.54,2.180016,9.507599,-0.9934586,-0.005770317,0.00956913,-0.004670036
15.56,2.19621,9.515931,-0.9601614,-0.005701873,0.001597232,-0.0106772
15.58,2.190838,9.541001,-0.9528993,-0.002341815,-0.004731639,-0.01320795
15.60,2.181751,9.580503,-0.9557698,0.0007300364,-0.009786556,-0.01090556
15.62,2.155097,9.596305,-0.9879018,-0.006484812,-0.01074815,-0.005637804
15.64,2.131965,9.610991,-0.9894229,-0.0146486,-0.009884242,0.004114007
15.66,2.093266,9.578836,-1.028457,-0.01804169,0.004554328,0.008545671
15.68,2.099471,9.561047,-1.021611,-0.01611815,0.02373701,0.007414684
15.70,2.121526,9.519314,-1.019879,-0.01296239,0.03882506,-0.003539942
15.72,2.133586,9.467374,-1.008225,-0.008925051,0.05086901,-0.01354285
15.74,2.143963,9.454591,-0.990465,-0.004458798,0.05499274,-0.02776969
15.76,2.151071,9.48324,-0.9665905,0.001688416,0.0560011,-0.03969378
15.78,2.153922,9.526857,-0.9592259,-0.0003469141,0.05520918,-0.04622345
15.80,2.134398,9.561666,-0.960604,-0.005225332,0.0486341,-0.04326084
15.82,2.120158,9.596548,-0.9504518,-0.01228341,0.04020362,-0.03238402
15.84,2.118833,9.591369,-0.9204928,-0.009410945,0.03492921,-0.02421535
15.86,2.147698,9.569451,-0.9099954,-0.002236716,0.01799052,-0.01848981
15.88,2.155834,9.605949,-0.8999861,0.008235143,-0.00246471,-0.02364913
15.90,2.126275,9.651111,-0.8838743,0.02073885,-0.009479546,-0.03151264
15.92,2.135518,9.588327,-0.9010238,0.007566943,-0.01417749,-0.03392379
15.94,2.131677,9.576078,-0.9394155,-0.01545012,-0.01683537,-0.02815824
15.96,2.101815,9.604855,-0.9822891,-0.02772433,-0.01124789,-0.01562596
15.98,2.082885,9.55885,-0.9754943,-0.01702575,0.003288041,-0.001571122
16.00,2.097925,9.51876,-0.938594,0.003349586,0.01433761,-0.002216619
16.02,2.090083,9.499546,-0.9160649,0.01877296,0.01720466,-0.01450049
16.04,2.091253,9.46622,-0.9019435,0.01755067,0.01789843,-0.03537111
16.06,2.087493,9.526254,-0.8780607,0.01243183,0.006812999,-0.05165789
16.08,2.062298,9.609243,-0.8655262,0.006357265,-0.004438302,-0.05626714
16.10,2.020376,9.667693,-0.8825777,0.001375607,-0.01132625,-0.04418577
16.12,1.993943,9.67752,-0.9032148,-0.011462,-0.02046095,-0.02346629
16.14,1.981641,9.640836,-0.9122942,-0.01767359,-0.02699555,-0.01159956
16.16,2.014417,9.575094,-0.9024549,-0.01438496,-0.03748915,-0.01096659
16.18,2.027632,9.54592,-0.8828696,-0.0003434349,-0.04877549,-0.01916482
16.20,2.015009,9.536374,-0.8801095,0.01129611,-0.05638691,-0.03420085
16.22,1.988147,9.547153,-0.9154078,0.01361562,-0.05781367,-0.04240233
16.24,1.972759,9.557981,-0.9605157,0.005518576,-0.04984417,-0.04263034
16.26,1.979432,9.607128,-0.9599164,-0.002409752,-0.04641601,-0.04010154
16.28,1.978975,9.611707,-0.9390098,-0.006528335,-0.049129,-0.03577551
16.30,1.96898,9.601829,-0.9471797,-0.008018954,-0.04869214,-0.03526423
16.32,1.945879,9.640137,-0.9522353,-0.004151408,-0.04736521,-0.02607715
16.34,1.928436,9.601598,-0.971172,-0.003756679,-0.04822521,-0.01544002
16.36,1.930853,9.541372,-0.9746912,-0.01284058,-0.04308191,-0.006204713
16.38,1.913579,9.467774,-0.9682592,-0.02362808,-0.04365014,-0.007738315
16.40,1.92056,9.448842,-0.948103,-0.02609949,-0.04814947,-0.01320978
16.42,1.925631,9.423292,-0.9364086,-0.01808323,-0.05792917,-0.0190355
16.44,1.893893,9.409876,-0.9418043,-0.0120346,-0.06526993,-0.01856563
16.46,1.834738,9.444391,-0.9483341,-0.00847341,-0.06984901,-0.0156778
16.48,1.793793,9.48277,-0.9265598,-0.005953531,-0.0804814,-0.01525617
16.50,1.773815,9.497322,-0.9056244,-0.0002783125,-0.0995006,-0.02213394
16.52,1.787895,9.512943,-0.8843157,0.01924959,-0.1198304,-0.0328522
16.54,1.825086,9.504312,-0.8738615,0.04436363,-0.1378551,-0.04208869
16.56,1.826195,9.533508,-0.9289264,0.06582949,-0.1327047,-0.03769314
16.58,1.745083,9.691933,-1.025871,0.07359653,-0.09845304,-0.03414405
16.60,1.689725,9.693803,-1.115878,0.05136888,-0.04449786,-0.02904867
16.62,1.713848,9.515855,-1.165693,-0.007753605,0.004214138,-0.01457334
16.64,1.706698,9.430176,-1.170496,-0.05468876,0.05945807,-0.005485616
16.66,1.687327,9.40336,-1.147979,-0.06989007,0.1143151,-0.01061155
16.68,1.719313,9.340618,-1.094794,-0.05798133,0.1518468,-0.04022175
16.70,1.749686,9.132154,-1.027511,-0.06264371,0.1679334,-0.06929118
16.72,1.719913,8.653666,-1.024806,-0.1043895,0.1798956,-0.07274559
16.74,1.650536,8.52947,-1.017361,-0.1403601,0.1878295,-0.06185822
16.76,1.596914,8.661163,-0.9697942,-0.1283856,0.1789377,-0.05968039
16.78,1.666345,8.660908,-0.8839275,-0.08425215,0.1414511,-0.06762549
16.80,1.746302,8.236412,-0.8139246,-0.06820419,0.08960209,-0.06213798
16.82,1.69826,7.767111,-0.8619725,-0.1038659,0.05443684,-0.024976
16.84,1.552546,7.759878,-0.9658749,-0.1269595,0.05586015,0.01069225
16.86,1.499076,8.081508,-0.9912952,-0.09530411,0.06262127,0.006601107
16.88,1.652505,7.977386,-0.9216115,-0.0341006,0.05466389,-0.04003966
16.90,1.872846,7.526528,-0.8950513,-0.00322999,0.03445085,-0.07937828
16.92,1.874287,7.28137,-0.9740846,0.01264231,0.03905184,-0.08508202
16.94,1.640622,7.506486,-1.054709,0.0402416,0.09767254,-0.09618481
16.96,1.495188,7.774384,-1.094692,0.06170569,0.1845632,-0.1338144
16.98,1.708129,7.656929,-1.004243,0.04744241,0.2343272,-0.1947881
17.00,1.938122,7.602598,-0.8943012,0.0003647339,0.2312763,-0.2346219
17.02,1.917749,7.758953,-0.881138,-0.04108451,0.2434908,-0.2294716
17.04,1.672694,8.272564,-0.9661081,-0.04944339,0.2975898,-0.1850042
17.06,1.499062,8.834737,-1.02683,-0.03793286,0.366748,-0.128011
17.08,1.583886,9.303102,-1.009886,-0.01555762,0.4007873,-0.07801782
17.10,1.818089,9.471138,-0.8516394,0.007701972,0.3691211,-0.0309101
17.12,1.886623,9.430899,-0.7482318,0.01661332,0.3251908,0.03965679
17.14,1.591059,9.492967,-0.780191,0.001416573,0.3279266,0.1156627
17.16,1.234462,9.875646,-0.8297711,-0.01401796,0.3669956,0.1606973
17.18,1.178613,10.09404,-0.6800435,-0.02139769,0.3804471,0.1734427
17.20,1.379871,10.21501,-0.4947811,-0.01767072,0.332984,0.1664642
17.22,1.541761,10.36521,-0.4330933,-0.005341157,0.2493095,0.1667659
17.24,1.487744,10.57755,-0.4361368,-0.006016385,0.1785341,0.1794897
17.26,1.332149,10.80782,-0.5396134,-0.01172871,0.1472836,0.1785641
17.28,1.338796,10.87935,-0.5456182,-0.006765696,0.1354292,0.1592083
17.30,1.618175,10.78163,-0.485138,0.01601738,0.09668277,0.1405268
17.32,1.856719,10.94149,-0.4035289,0.06411644,0.03914724,0.1512906
17.34,1.85858,11.4097,-0.5136922,0.1182077,0.01407426,0.2049693
17.36,1.84311,11.91335,-0.694483,0.1422594,0.03597703,0.2883861
17.38,1.778874,11.98152,-0.8380541,0.09775108,0.09943045,0.3580444
17.40,1.884588,11.88058,-0.8413622,0.003404459,0.1669888,0.3972549
17.42,2.475323,12.18828,-0.5509107,-0.1015295,0.1903868,0.4406962
17.44,3.396474,13.02269,-0.07768301,-0.183156,0.2337086,0.5565275
17.46,3.556965,13.72359,-0.0796002,-0.2513845,0.348541,0.7262029
17.48,3.015333,14.026,-0.4202244,-0.3285819,0.5042883,0.8738965
17.50,2.794897,13.72292,-0.4809457,-0.3353731,0.6790655,0.935479
17.52,3.100047,12.7513,-0.2320931,-0.2296983,0.8162466,0.8600684
17.54,3.380951,11.13652,-0.05870808,-0.1182713,0.8919184,0.7106684
17.56,3.552004,9.480621,0.02286696,-0.1071503,0.8901512,0.5961763
17.58,3.682756,8.315751,-0.06139315,-0.1664103,0.8556554,0.5677459
17.60,3.820062,7.282046,0.07960841,-0.2450331,0.7758974,0.5578769
17.62,3.938668,6.849256,0.2838494,-0.2511041,0.6081635,0.5030599
17.64,4.103004,7.045566,0.4854411,-0.1532346,0.3952386,0.3915745
17.66,4.090594,7.509646,0.6788192,0.02801122,0.2271165,0.2414734
17.68,3.905831,8.116442,0.6261191,0.1864498,0.1332689,0.09457247
17.70,3.927936,8.714848,0.5316647,0.230306,0.03408019,-0.02002557
17.72,4.031354,8.979542,0.49635,0.1869597,-0.09608021,-0.1083916
17.74,4.115262,8.877766,0.5208933,0.1661723,-0.2357982,-0.1646936
17.76,4.166002,8.76296,0.5584847,0.206765,-0.3576386,-0.1869941
17.78,4.202974,8.88885,0.5937861,0.2771489,-0.4946146,-0.1914985
17.80,4.159528,9.358077,0.5263169,0.3111317,-0.6147825,-0.1843066
17.82,3.939792,9.618813,0.332294,0.2664567,-0.6769199,-0.1659708
17.84,3.72525,9.590232,0.08404457,0.1672563,-0.6756548,-0.1286885
17.86,3.559097,9.406144,-0.09283119,0.06727047,-0.6111618,-0.07607353
17.88,3.527983,9.371958,-0.2578515,0.01065723,-0.5017996,-0.01588599
17.90,3.472688,9.294386,-0.3737954,-0.01155932,-0.3656523,0.02244277
17.92,3.417657,9.203383,-0.4434848,-0.0429435,-0.2191108,0.0354644
17.94,3.395647,9.000905,-0.5650619,-0.1012376,-0.08118811,0.03536926
17.96,3.512419,8.87181,-0.6858309,-0.1408937,0.0471159,0.03543262
17.98,3.560624,8.74429,-0.715507,-0.1298623,0.163388,0.02346021
18.00,3.524549,8.640473,-0.6807463,-0.07085087,0.2661429,0.001331836
18.02,3.494586,8.676541,-0.5429889,-0.005541031,0.3152857,-0.02617436
18.04,3.490665,8.833103,-0.4293218,0.03987316,0.3109806,-0.0486776
18.06,3.500049,9.055735,-0.4761608,0.06710808,0.2807517,-0.08179919
18.08,3.544949,9.266725,-0.5504985,0.09172587,0.258086,-0.111675
18.10,3.599721,9.347988,-0.6398154,0.1162594,0.2565567,-0.1144206
18.12,3.645368,9.25682,-0.6824547,0.1385029,0.2647087,-0.09701065
18.14,3.636418,9.127294,-0.7424797,0.1535274,0.2796209,-0.07913979
18.16,3.590759,9.159028,-0.7335533,0.1618977,0.2905268,-0.07987471
18.18,3.547626,9.170632,-0.7061287,0.1707257,0.3063756,-0.0996747
18.20,3.580401,9.168295,-0.6712195,0.1754479,0.3157187,-0.1274984
18.22,3.574667,9.160548,-0.6290719,0.1709863,0.3078031,-0.1487806
18.24,3.513516,9.138013,-0.4928161,0.1741359,0.2799732,-0.1574278
18.26,3.400303,9.208894,-0.3290008,0.1939788,0.231732,-0.1598081
18.28,3.351396,9.365924,-0.1657251,0.2130736,0.1462048,-0.1607618
18.30,3.295367,9.513162,-0.09423488,0.2103612,0.03952747,-0.1532174
18.32,3.147106,9.583128,-0.1136326,0.1758354,-0.06384204,-0.1366582
18.34,2.996512,9.588399,-0.1682142,0.1284679,-0.1416717,-0.109358
18.36,2.960214,9.511143,-0.2118225,0.0921362,-0.2012738,-0.07688085
18.38,3.019563,9.376996,-0.2912537,0.0822963,-0.2294194,-0.04450512
18.40,3.046658,9.256014,-0.3865061,0.09151603,-0.2351881,-0.03917784
18.42,3.045788,9.219508,-0.4404839,0.1069827,-0.2287642,-0.06921241
18.44,3.043533,9.158466,-0.4359379,0.1076736,-0.2167634,-0.1227325
18.46,3.101894,9.160626,-0.4832231,0.08949003,-0.20846,-0.1793628
18.48,3.181,9.13809,-0.5501619,0.06714834,-0.1966465,-0.2079355
18.50,3.188268,9.145678,-0.5921243,0.05197632,-0.1652459,-0.192677
18.52,3.111174,9.175981,-0.671083,0.03831411,-0.1108976,-0.1471185
18.54,3.071166,9.334459,-0.7169482,0.02961333,-0.05879932,-0.1018036
18.56,2.999656,9.35157,-0.7164135,0.01212662,-0.01286867,-0.0798361
18.58,3.027955,9.346589,-0.6046975,0.004070289,-0.001927197,-0.08290616
18.60,3.092416,9.391271,-0.519147,0.004026732,-0.02537929,-0.1005908
18.62,3.123969,9.476555,-0.4815533,0.005421426,-0.05952654,-0.108851
18.64,3.098951,9.526279,-0.6049331,-0.0130037,-0.0708352,-0.08554588
18.66,3.019706,9.550594,-0.7283236,-0.04222069,-0.05930715,-0.04424584
18.68,2.97678,9.630235,-0.7455238,-0.06357206,-0.04247169,-0.009956922
18.70,2.974611,9.546767,-0.7291871,-0.08674976,-0.03257981,0.008280049
18.72,3.00058,9.401169,-0.7576555,-0.1000683,-0.03198849,0.02113552
18.74,2.984765,9.354381,-0.7841173,-0.09619862,-0.02647765,0.02217082
18.76,2.961225,9.364975,-0.8087062,-0.07947417,-0.02076355,0.01571907
18.78,2.968381,9.368727,-0.7956125,-0.05287889,-0.02372071,0.00205917
18.80,2.991803,9.32765,-0.8070324,-0.03635764,-0.03820948,-0.01363326
18.82,2.988752,9.300818,-0.8490221,-0.03236535,-0.03677164,-0.01235901
18.84,2.927787,9.27774,-0.9231631,-0.02475845,-0.02686598,-0.005564228
18.86,2.901111,9.279195,-0.893716,-0.006716768,-0.003203164,-0.004656148
18.88,2.919791,9.306108,-0.8437314,0.01366198,0.00867987,-0.004790725
18.90,2.903227,9.377674,-0.7962756,0.02570459,0.01600095,-0.007466235
18.92,2.867197,9.431753,-0.7437671,0.02755545,0.008198996,-0.01698379
18.94,2.844636,9.448913,-0.6981797,0.01301186,-0.006556414,-0.01890598
18.96,2.819506,9.429093,-0.6474283,0.004664444,-0.0256088,-0.02002334
18.98,2.796853,9.442595,-0.6419644,0.009784709,-0.03983965,-0.01200836
19.00,2.763062,9.481909,-0.6313516,0.02436471,-0.03863807,-0.001775697
19.02,2.763227,9.427979,-0.638028,0.02440939,-0.03835679,0.0007456724
19.04,2.822577,9.369115,-0.634244,0.007184405,-0.05135842,-0.001274334
19.06,2.802287,9.36864,-0.6286523,-0.009330966,-0.06532314,-0.00637057
19.08,2.768826,9.397259,-0.6319723,-0.01011536,-0.07320093,-0.01224937
19.10,2.72997,9.400866,-0.6761342,-0.004345417,-0.06519792,-0.009033317
19.12,2.724477,9.415838,-0.7005808,0.00396758,-0.05254038,-0.008284424
19.14,2.743111,9.378628,-0.7183377,0.01282772,-0.03665947,-0.01345224
19.16,2.775871,9.377294,-0.6826755,0.01464212,-0.02811632,-0.02832581
19.18,2.801466,9.377492,-0.6946952,0.01497115,-0.01978796,-0.04098014
19.20,2.8297,9.426326,-0.737059,0.005704192,-0.007557286,-0.04541418
19.22,2.826707,9.461465,-0.7966185,-0.009226441,0.01823062,-0.03384183
19.24,2.797451,9.456339,-0.8498606,-0.02428062,0.05193716,-0.01646628
19.26,2.778494,9.37906,-0.8649634,-0.0322147,0.08905852,-0.008108345
19.28,2.76723,9.346552,-0.8325987,-0.02393617,0.113256,-0.008625562
19.30,2.801136,9.340101,-0.7549118,-0.00426586,0.1268706,-0.01977366
19.32,2.839318,9.304836,-0.7038648,0.01365071,0.1166908,-0.04044962
19.34,2.831969,9.331906,-0.6693968,0.01720956,0.09138072,-0.05776032
19.36,2.782079,9.346326,-0.6785255,0.01052312,0.06878351,-0.07239744
19.38,2.749966,9.400376,-0.6985625,-0.0006037741,0.05381831,-0.07023649
19.40,2.725281,9.469142,-0.7024228,-0.003211616,0.04383571,-0.05652241
19.42,2.700693,9.449252,-0.6806959,0.0008647994,0.03573048,-0.04976719
19.44,2.72475,9.464903,-0.6617174,0.01233091,0.0205955,-0.04767916
19.46,2.751337,9.411981,-0.6441291,0.01297208,0.003710001,-0.05449467
19.48,2.768222,9.391702,-0.6678683,0.002763717,-0.01433882,-0.05773428
19.50,2.757093,9.415536,-0.6895292,-0.003824966,-0.02126545,-0.05376653
19.52,2.736965,9.448178,-0.6816624,0.0002399129,-0.01492477,-0.04077114
19.54,2.778387,9.505303,-0.7100824,0.00542436,-0.007903537,-0.02831863
19.56,2.756946,9.505544,-0.7285528,0.01003683,0.004396645,-0.02111564
19.58,2.747321,9.480531,-0.6970407,0.004509408,0.02076764,-0.02909673
19.60,2.792245,9.417571,-0.6915164,-0.01517482,0.03215213,-0.03230371
19.62,2.792171,9.452278,-0.7282751,-0.04182725,0.05156861,-0.0313185
19.64,2.741579,9.507337,-0.7373466,-0.06084216,0.0785483,-0.02237653
19.66,2.695955,9.494722,-0.6559604,-0.05672481,0.094712,-0.007783927
19.68,2.660178,9.462061,-0.5992567,-0.04593495,0.08835652,0.004885759
19.70,2.674139,9.411283,-0.5667105,-0.03182894,0.06210876,0.009820171
19.72,2.680235,9.401002,-0.5377775,-0.01588599,0.03411324,0.008034464
19.74,2.672156,9.434072,-0.5342174,-0.002019309,0.01109485,-0.002375117
19.76,2.647417,9.431315,-0.5817704,-0.005959317,-1.360896e-05,-0.01470413
19.78,2.66162,9.43903,-0.6385182,-0.0183672,0.001596438,-0.01764518
19.80,2.655554,9.456805,-0.6773729,-0.03312131,0.01932388,-0.0153192
19.82,2.663135,9.435472,-0.6842265,-0.03738298,0.0360002,-0.008306446
19.84,2.673296,9.443499,-0.6620936,-0.02708928,0.04724633,-0.007944276
19.86,2.674323,9.437981,-0.62126,-0.01436863,0.0523835,-0.01350909
19.88,2.65347,9.399817,-0.597388,-0.004481684,0.04657075,-0.02531685
19.90,2.652959,9.359243,-0.5716624,-0.004184283,0.03887995,-0.0414868
19.92,2.64363,9.366688,-0.5335335,-0.009011669,0.0277735,-0.05488519
19.94,2.635102,9.387321,-0.5195221,-0.01794281,0.01353779,-0.061157
19.96,2.624573,9.417458,-0.521334,-0.02521252,0.001907792,-0.05865979
19.98,2.598902,9.459327,-0.5181178,-0.02389937,-0.003207265,-0.05526377
20.00,2.572273,9.516479,-0.494177,-0.02320784,-0.005338392,-0.05021043
20.02,2.534751,9.502748,-0.4994378,-0.0351178,-0.01213537,-0.04827344
20.04,2.526739,9.481255,-0.5001872,-0.0516912,-0.01667487,-0.05410777
20.06,2.530695,9.433676,-0.4771526,-0.05715398,-0.0187669,-0.07083217
20.08,2.538429,9.37789,-0.4728148,-0.05506958,-0.02147257,-0.09582093
20.10,2.552173,9.349408,-0.4821183,-0.05279985,-0.02670685,-0.1221149
20.12,2.541851,9.350228,-0.5199117,-0.05655805,-0.02801011,-0.1383625
20.14,2.516723,9.309877,-0.5621428,-0.05679538,-0.02038523,-0.1410449
20.16,2.469474,9.342606,-0.5769956,-0.04481748,-0.005515952,-0.1429086
20.18,2.43994,9.366754,-0.5358286,-0.0263033,-2.133438e-05,-0.1655895
20.20,2.471663,9.269681,-0.4756529,-0.01728264,-0.02248072,-0.2005002
20.22,2.49525,9.197927,-0.4121414,-0.01629632,-0.06887809,-0.2402934
20.24,2.438354,9.246701,-0.3580434,-0.01041519,-0.1262003,-0.2725645
20.26,2.34733,9.33094,-0.4253885,-0.009282648,-0.1640948,-0.2815402
20.28,2.288666,9.418973,-0.4498531,-0.007959671,-0.1919208,-0.2736681
20.30,2.289255,9.517788,-0.4514579,0.002125955,-0.2231054,-0.263566
20.32,2.313597,9.489685,-0.414986,0.01347417,-0.2602948,-0.2667009
20.34,2.327047,9.510766,-0.3823629,0.0328923,-0.3052944,-0.2769806
20.36,2.31998,9.569755,-0.4136826,0.03829784,-0.3345004,-0.2854487
20.38,2.246844,9.664271,-0.496582,0.02546178,-0.3404064,-0.2797776
20.40,2.126225,9.778679,-0.6247516,-0.003691978,-0.3121797,-0.2571761
20.42,2.046434,9.796495,-0.670786,-0.03660015,-0.2631767,-0.2281321
20.44,1.988989,9.73886,-0.6445385,-0.06301686,-0.2045729,-0.2062326
20.46,1.936775,9.615127,-0.5736622,-0.08387014,-0.154316,-0.2096821
20.48,1.883542,9.474542,-0.4945547,-0.1081164,-0.1196665,-0.2359395
20.50,1.834172,9.356733,-0.4362914,-0.128459,-0.09992331,-0.2802515
20.52,1.801759,9.344376,-0.3760566,-0.130909,-0.09081558,-0.3259804
20.54,1.733338,9.404132,-0.3320116,-0.1195278,-0.08908508,-0.3586976
20.56,1.720201,9.544702,-0.3402867,-0.09289752,-0.09810089,-0.374219
20.58,1.67624,9.645919,-0.3300168,-0.06063072,-0.1073832,-0.3714791
20.60,1.560205,9.658253,-0.4022874,-0.02707653,-0.09478334,-0.3625361
20.62,1.48915,9.644247,-0.4434847,0.005561787,-0.06599761,-0.3564644
20.64,1.497254,9.789248,-0.4285886,0.02980478,-0.04195027,-0.3693569
20.66,1.516781,10.10807,-0.4667082,0.03929362,-0.03113147,-0.3993349
20.68,1.525289,10.49017,-0.5175557,0.03583959,-0.0394672,-0.440294
20.70,1.539207,10.5445,-0.5603526,0.0217765,-0.05141822,-0.4708747
20.72,1.562755,10.53923,-0.6297655,0.006221033,-0.05048666,-0.4807318
20.74,1.565109,10.72998,-0.578844,0.02706566,-0.04410044,-0.4890015
20.76,1.483792,11.14036,-0.4275258,0.07997783,-0.05125384,-0.5076291
20.78,1.361003,11.36424,-0.4092531,0.1177527,-0.06525143,-0.5211741
20.80,1.280372,11.36573,-0.4455036,0.1171701,-0.08446909,-0.5098552
20.82,1.303819,11.62684,-0.4520859,0.1278563,-0.1142795,-0.4726856
20.84,1.363217,12.38951,-0.3228303,0.1825845,-0.1549167,-0.4286669
20.86,1.230261,12.89077,-0.3506389,0.2152491,-0.194197,-0.3574429
20.88,0.9482099,12.69429,-0.5335449,0.1699321,-0.1873614,-0.2555675
20.90,0.6763486,12.21135,-0.7417778,0.03510779,-0.1349898,-0.1330088
20.92,0.4259522,11.71834,-0.9012942,-0.154448,-0.07354503,0.003765411
20.94,0.3489613,11.38903,-0.984047,-0.3527598,-0.009403749,0.1397682
20.96,0.2048106,11.52295,-1.019162,-0.4801472,0.1009703,0.272866
20.98,0.3737664,11.30811,-0.8056769,-0.4968645,0.2465197,0.4194467
21.00,0.5608769,11.21722,-0.4929873,-0.378981,0.4033132,0.539847
21.02,0.6837603,11.16502,-0.2554989,-0.2102944,0.5135695,0.6311402
21.04,0.7052012,10.93626,-0.08222196,-0.08082613,0.5542019,0.6728441
21.06,0.8091763,10.81148,0.08128697,-0.02511968,0.5120406,0.6708178
21.08,0.8520665,10.74353,0.101848,-0.02939595,0.4288524,0.6313104
21.10,0.837251,10.62093,0.03788804,-0.07047147,0.3362505,0.5907612
21.12,0.866652,10.34174,-0.005594473,-0.1443268,0.238064,0.5636522
21.14,0.9304095,10.14894,0.0345864,-0.2096794,0.1244654,0.5391976
21.16,1.005795,10.20414,0.1316632,-0.2322138,-0.01058445,0.5116228
21.18,1.07993,10.26882,0.1584457,-0.2171359,-0.1556194,0.4845198
21.20,1.082013,10.33588,0.1052083,-0.1910832,-0.282487,0.4770141
21.22,0.986491,10.04462,-0.09545109,-0.2051545,-0.3648343,0.5188247
21.24,0.8746098,9.705856,-0.2980914,-0.2338585,-0.3930828,0.5827852
21.26,0.8456441,9.530119,-0.386325,-0.2332684,-0.3857907,0.6299551
21.28,0.8729652,9.300255,-0.3371889,-0.1806744,-0.3550007,0.6367921
21.30,1.030069,9.099416,-0.2347233,-0.09524108,-0.3232505,0.5822803
21.32,1.17827,8.886125,-0.192494,-0.02756369,-0.2995036,0.5012047
21.34,1.224164,8.628221,-0.2493514,-0.0008971203,-0.2632536,0.4241499
21.36,1.162316,8.549276,-0.3426927,-0.003610483,-0.2032882,0.3679643
21.38,1.050995,8.392595,-0.4299099,-0.0187735,-0.0897503,0.320376
21.40,1.093801,8.24555,-0.4313561,-0.008506606,0.04108426,0.276814
21.42,1.172525,8.11933,-0.2872728,0.02963741,0.1532371,0.2253071
21.44,1.240282,8.076556,-0.1782383,0.07876542,0.233357,0.1613969
21.46,1.290923,8.225695,-0.1491729,0.111578,0.2669547,0.09665134
21.48,1.314888,8.504907,-0.1380448,0.1359984,0.282106,0.03288898
21.50,1.373666,8.541809,-0.1030699,0.1477399,0.29202,-0.02832371
21.52,1.460472,8.391254,-0.02322624,0.1342529,0.2749877,-0.07224051
21.54,1.541475,8.178364,0.003999535,0.104603,0.2430045,-0.09409889
21.56,1.616449,7.932398,0.03653121,0.06841529,0.1933276,-0.09605543
21.58,1.719586,7.903947,0.02319386,0.05065482,0.1266763,-0.08996612
21.60,1.768974,8.004988,0.05473587,0.06145767,0.05020846,-0.08288135
21.62,1.884793,7.975223,0.1417584,0.08316146,-0.05151223,-0.06516314
21.64,2.074158,7.808347,0.1294636,0.07580394,-0.1661238,-0.01750987
21.66,2.059936,7.702867,0.04730188,0.04712306,-0.2692984,0.0560332
21.68,1.949278,7.780997,-0.07679448,0.03282822,-0.3265146,0.1220848
21.70,1.870733,8.067459,-0.1759829,0.06508056,-0.3441649,0.144406
21.72,1.95883,8.46403,-0.2180033,0.1478308,-0.3541423,0.1083938
21.74,2.161039,8.882892,-0.2330478,0.2536039,-0.3663537,0.02298636
21.76,2.281142,9.240801,-0.3740578,0.3465852,-0.3572691,-0.07572584
21.78,2.303373,9.517501,-0.4815731,0.4036089,-0.3103009,-0.1569187
21.80,2.272151,9.663063,-0.5542258,0.3939491,-0.252149,-0.2001355
21.82,2.326763,9.722062,-0.6847412,0.3260203,-0.1857904,-0.201897
21.84,2.339453,9.872497,-0.7923582,0.2253435,-0.1123259,-0.1735201
21.86,2.305197,9.97453,-0.8474663,0.1118367,-0.03577715,-0.1251849
21.88,2.298982,10.05582,-0.8138061,0.01050126,0.02864985,-0.07315049
21.90,2.34835,10.08722,-0.7142376,-0.04897622,0.07889203,-0.02311713
21.92,2.385961,9.985457,-0.6701804,-0.07495211,0.1113854,0.02318343
21.94,2.38034,9.795089,-0.6593332,-0.0838896,0.1257176,0.06547228
21.96,2.366903,9.663358,-0.6151398,-0.08624123,0.1184523,0.09490238
21.98,2.348637,9.556025,-0.5821949,-0.08579517,0.1006256,0.1078033
22.00,2.35774,9.535035,-0.5693693,-0.0768555,0.07021692,0.1123755
22.02,2.321486,9.504842,-0.5625541,-0.07206109,0.0400812,0.117194
22.04,2.238146,9.477076,-0.6371903,-0.07469818,0.01679121,0.1261629
22.06,2.13258,9.477931,-0.666516,-0.06765959,0.01156741,0.1248294
22.08,2.120762,9.395555,-0.6133724,-0.04659605,0.006445809,0.1105814
22.10,2.128209,9.267067,-0.5529082,-0.01745203,0.002799763,0.08375803
22.12,2.121994,9.092454,-0.5199197,0.001989765,-0.01072435,0.04506062
22.14,2.110662,9.006326,-0.4937665,0.01528326,-0.03282432,-0.005561774
22.16,2.11973,9.097573,-0.4437691,0.0357086,-0.05957085,-0.06521982
22.18,2.182759,9.299487,-0.3959492,0.06647302,-0.09942568,-0.1195092
22.20,2.224678,9.485564,-0.3913947,0.08220249,-0.1352813,-0.1486499
22.22,2.17238,9.576854,-0.4906,0.08156499,-0.1471669,-0.1496404
22.24,2.127209,9.59492,-0.5284801,0.05797002,-0.1418607,-0.1251777
22.26,2.112853,9.569154,-0.5340772,0.03110039,-0.1240534,-0.09360581
22.28,2.127677,9.626752,-0.5129759,0.007564893,-0.1169052,-0.07547565
22.30,2.200056,9.607651,-0.4924271,-0.01307313,-0.1243813,-0.06464209
22.32,2.250446,9.6023,-0.4424391,-0.01542938,-0.1367397,-0.06012905
22.34,2.266464,9.619615,-0.4360016,-0.007293039,-0.1379366,-0.05240273
22.36,2.230018,9.643032,-0.4890772,-0.004657608,-0.1285371,-0.0393149
22.38,2.216215,9.656073,-0.5449634,-0.01618771,-0.1174719,-0.03010135
22.40,2.235156,9.621811,-0.5574821,-0.03333475,-0.1095184,-0.02410073
22.42,2.262185,9.573816,-0.5708256,-0.04227286,-0.09358832,-0.01415141
22.44,2.261559,9.597276,-0.5920655,-0.03762596,-0.07136346,0.005509521
22.46,2.252672,9.604719,-0.6237997,-0.03179424,-0.04431324,0.02240184
22.48,2.256366,9.58134,-0.6430194,-0.02227723,-0.01410044,0.02954926
22.50,2.277675,9.567745,-0.6301617,-0.01435027,0.01464974,0.02141734
22.52,2.308678,9.55621,-0.6007952,-0.004440014,0.0412353,0.00419966
22.54,2.298949,9.609793,-0.5832593,0.001955519,0.06967647,-0.01273924
22.56,2.240678,9.615941,-0.5754862,-0.009131032,0.09357251,-0.02316346
22.58,2.196877,9.617989,-0.5519483,-0.03087128,0.1026682,-0.02897809
22.60,2.174076,9.590294,-0.5133225,-0.0585979,0.0847101,-0.028454
22.62,2.174195,9.612891,-0.4712714,-0.07259702,0.04423693,-0.01914851
22.64,2.169616,9.64226,-0.4720948,-0.06414281,-0.001054633,-0.01045202
22.66,2.164443,9.628242,-0.499604,-0.04731419,-0.039598,0.002117327
22.68,2.167172,9.578068,-0.5480534,-0.03388378,-0.07032382,0.01030997
22.70,2.163169,9.527381,-0.5839104,-0.02357986,-0.09295322,0.004330044
22.72,2.19639,9.502365,-0.6103732,-0.01632106,-0.1011612,-0.007428753
22.74,2.20504,9.467369,-0.6520964,-0.01023217,-0.09891006,-0.02329694
22.76,2.213342,9.495529,-0.6685082,0.000671573,-0.08779953,-0.0356177
22.78,2.192946,9.537314,-0.6989214,0.01009172,-0.06693453,-0.04579553
22.80,2.158725,9.571259,-0.6959655,0.02192508,-0.04182404,-0.05438186
22.82,2.164229,9.609588,-0.7012269,0.02826449,-0.01877714,-0.05467271
22.84,2.140993,9.677925,-0.6995157,0.03585394,0.01295778,-0.05499136
22.86,2.133249,9.648617,-0.6735229,0.03681916,0.04121773,-0.05584176
22.88,2.151186,9.617472,-0.6208743,0.024135,0.06116232,-0.05408582
22.90,2.142201,9.596417,-0.5915557,0.008062561,0.06930708,-0.05595032
22.92,2.147092,9.570231,-0.5387957,0.001987897,0.06981199,-0.05806776
22.94,2.131742,9.540676,-0.5124404,0.008842437,0.06572023,-0.05585648
22.96,2.103103,9.569812,-0.4751705,0.01435602,0.05858784,-0.05131874
22.98,2.090539,9.613804,-0.4721673,0.01805774,0.04540846,-0.04368845
23.00,2.102279,9.655558,-0.4510024,0.01599016,0.03254408,-0.03451877
23.02,2.107682,9.672484,-0.4472489,0.01070685,0.01849491,-0.02605572
23.04,2.111676,9.653746,-0.444796,0.002318459,0.01175029,-0.01836934
23.06,2.111957,9.598507,-0.4283,-0.008960813,0.004285037,-0.02127459
23.08,2.093819,9.576983,-0.4398524,-0.02433662,-0.005151954,-0.02426995
23.10,2.055391,9.56276,-0.4394368,-0.03175008,-0.01645399,-0.02345967
23.12,2.037873,9.542126,-0.4440195,-0.0318769,-0.0213256,-0.01933665
23.14,2.045087,9.538189,-0.4352647,-0.01326354,-0.02394914,-0.02196273
23.16,2.06746,9.538532,-0.4137155,0.007622434,-0.03763924,-0.02790369
23.18,2.074336,9.558064,-0.4301973,0.01653687,-0.04269441,-0.04077702
23.20,2.070432,9.597705,-0.4674079,0.007216092,-0.04444186,-0.04711704
23.22,2.069447,9.632112,-0.4961702,-0.01374197,-0.03894593,-0.0456923
23.24,2.075771,9.655214,-0.5105759,-0.03249015,-0.03549445,-0.03884633
23.26,2.109407,9.665494,-0.5253625,-0.04223727,-0.02767882,-0.02496028
23.28,2.096274,9.664691,-0.5256272,-0.04555897,-0.0254835,-0.007838846
23.30,2.092546,9.662427,-0.5220985,-0.03640018,-0.03190445,0.004270559
23.32,2.100118,9.672096,-0.5260825,-0.02789998,-0.04019435,0.01331728
23.34,2.09429,9.658193,-0.5530993,-0.02152064,-0.04311662,0.01599239
23.36,2.073813,9.637124,-0.5620263,-0.01654193,-0.04515458,0.01081811
23.38,2.055371,9.623668,-0.5703912,-0.01471027,-0.04771164,0.01086173
23.40,2.04985,9.63797,-0.5794858,-0.00772512,-0.04358621,0.01491434
23.42,2.037205,9.640593,-0.6166793,-0.009213491,-0.04027938,0.02166845
23.44,2.006324,9.640857,-0.6322043,-0.009704825,-0.02523094,0.0311828
23.46,1.974161,9.631505,-0.6141923,-0.00808266,-0.004450927,0.03028642
23.48,2.000588,9.571585,-0.5876641,-0.003110692,-0.0007456435,0.02143943
23.50,2.032877,9.586714,-0.5647477,0.00142266,-0.00284319,0.007393006
23.52,1.976733,9.624839,-0.5628259,0.01378985,0.002787726,-0.0128745
23.54,1.986807,9.625829,-0.5612131,0.01559727,0.009151564,-0.02533492
23.56,1.99656,9.646111,-0.559908,0.01329886,0.005665887,-0.02839201
23.58,1.979125,9.682077,-0.5674255,0.007201736,0.005508648,-0.02492303
23.60,1.991231,9.660407,-0.6013538,0.0004128965,0.0090897,-0.008752314
23.62,1.979403,9.651611,-0.6124042,0.003007648,0.02393224,0.003676703
23.64,1.993714,9.618436,-0.579549,0.01063846,0.03845938,0.005916526
23.66,2.022683,9.576525,-0.5116143,0.0183683,0.03866375,-0.005663935
23.68,2.05309,9.572511,-0.4721943,0.02305048,0.01928118,-0.02822502
23.70,2.032571,9.630145,-0.4433105,0.02345907,-0.002138842,-0.0410175
23.72,2.006529,9.641105,-0.4509686,0.02228376,-0.01839727,-0.04255028
23.74,1.999912,9.692479,-0.4534479,0.01682126,-0.03799121,-0.02520624
23.76,1.981328,9.738707,-0.4800091,0.008340434,-0.05235302,-0.002442033
23.78,1.980675,9.706725,-0.5093553,0.002728061,-0.05936039,0.02051767
23.80,1.998242,9.693667,-0.5262901,-0.0008035659,-0.05840695,0.02884321
23.82,2.002908,9.624668,-0.5212019,-0.002156126,-0.05914354,0.02039862
23.84,2.021539,9.585338,-0.5312293,-0.001089348,-0.05995428,0.001352551
23.86,2.023564,9.554226,-0.5579903,-0.002417956,-0.05446446,-0.01762137
23.88,2.01754,9.553847,-0.585129,-0.0001597005,-0.04756463,-0.0177399
23.90,1.981798,9.575623,-0.5918454,0.008211426,-0.03151493,-0.01060962
23.92,1.985844,9.609522,-0.5849819,0.01518793,-0.01720631,-0.002446106
23.94,2.001169,9.609691,-0.5790829,0.01559297,-0.01095953,0.004548499
23.96,2.005419,9.612692,-0.5707394,0.005199015,-0.007356213,0.0005249298
23.98,2.004862,9.580177,-0.546372,0.0006469588,-0.009214697,-0.01218828
24.00,2.018686,9.605675,-0.5194191,0.001812531,-0.01263126,-0.01915301
24.02,2.012272,9.624763,-0.5005091,0.008792367,-0.02034976,-0.02056379
24.04,2.004016,9.646476,-0.532287,0.00840558,-0.03092929,-0.00954149
24.06,1.977041,9.646417,-0.5740945,0.0007392012,-0.0331073,0.009271482
24.08,1.967384,9.650241,-0.5880638,-0.007432862,-0.02954404,0.02028175
24.10,1.967881,9.571541,-0.5773534,-0.01193746,-0.02260765,0.02395946
24.12,1.999177,9.530343,-0.5665987,-0.007493771,-0.02077527,0.01128992
24.14,2.014312,9.492362,-0.5252472,-0.001979909,-0.02632675,-0.01103535
24.16,2.02835,9.541558,-0.5373691,0.009031482,-0.03478557,-0.02347832
24.18,1.982293,9.628743,-0.5538889,0.01921367,-0.03412935,-0.03193468
24.20,1.963931,9.633894,-0.5536139,0.01818315,-0.03059839,-0.03179486
24.22,1.994681,9.627553,-0.5466356,-0.000625884,-0.03637532,-0.02248945
24.24,2.007441,9.63451,-0.558924,-0.01673523,-0.04331548,-0.01468023
24.26,2.010218,9.642995,-0.5504313,-0.01713636,-0.04953121,-0.001278481
24.28,2.016439,9.589844,-0.5481286,-0.002834063,-0.0488541,0.003703543
24.30,2.032335,9.542109,-0.5291432,0.0140545,-0.04937282,-0.0006457402
24.32,2.044101,9.557612,-0.5373158,0.02978057,-0.04986513,-0.01154721
24.34,2.054331,9.619479,-0.5411313,0.03325782,-0.04680593,-0.02229716
24.36,2.041608,9.714478,-0.5528996,0.02598532,-0.03683076,-0.02092186
24.38,2.017764,9.772093,-0.5812617,0.01695705,-0.01707614,-0.01059696
24.40,2.003643,9.789637,-0.585236,-0.005701357,0.009091059,0.007745534
24.42,1.984193,9.7459,-0.5860808,-0.02357112,0.0321321,0.02647473
24.44,1.982106,9.70959,-0.5747377,-0.03224435,0.0462256,0.03980266
24.46,1.978667,9.664054,-0.5346465,-0.02588335,0.05079413,0.03898312
24.48,1.957193,9.673599,-0.5117188,-0.01032665,0.04566093,0.03214025
24.50,1.925735,9.642011,-0.5309415,-0.007423397,0.04156099,0.03043512
24.52,1.873808,9.634563,-0.5795391,-0.02003161,0.03890789,0.02900274
24.54,1.843538,9.611949,-0.5758567,-0.03464027,0.03882413,0.03246259
24.56,1.847114,9.566382,-0.5522432,-0.03822921,0.03235682,0.02535678
24.58,1.871004,9.55147,-0.5063909,-0.02879154,0.01191452,0.01064406
24.60,1.87806,9.533283,-0.5114211,-0.02011253,-0.01256396,-0.001686144
24.62,1.857613,9.54498,-0.5355085,-0.01435331,-0.03176967,-0.00583966
24.64,1.836363,9.562932,-0.5748475,-0.006064164,-0.04149451,-0.006917122
24.66,1.830496,9.584661,-0.5965998,0.0002108722,-0.04283182,-0.008990431
24.68,1.865766,9.617012,-0.6009617,0.007011896,-0.03946568,-0.01498798
24.70,1.882037,9.615295,-0.6126019,0.008905609,-0.0332239,-0.02654491
24.72,1.895033,9.580919,-0.6166165,0.002229181,-0.0245265,-0.03533553
24.74,1.904596,9.546847,-0.6373112,-0.006403088,-0.01300941,-0.04209833
24.76,1.886675,9.55663,-0.6312477,-0.01097487,0.0001560709,-0.04817138
24.78,1.88725,9.57624,-0.621996,-0.001713175,0.009458267,-0.04713936
24.80,1.889971,9.610406,-0.61255,0.01242924,0.01636143,-0.04424378
24.82,1.872213,9.652227,-0.5877303,0.02641848,0.02360674,-0.04588583
24.84,1.893821,9.622503,-0.5550479,0.02743052,0.0236555,-0.051209
24.86,1.903193,9.626059,-0.5407283,0.009213331,0.01398459,-0.0518731
24.88,1.871982,9.666606,-0.5590163,-0.01058361,0.007845707,-0.05148375
24.90,1.850457,9.653189,-0.559418,-0.02304969,0.00624646,-0.04600591
24.92,1.819347,9.608712,-0.5456349,-0.02129458,0.004785123,-0.03916455
24.94,1.832848,9.608504,-0.5006595,-0.001106817,-0.007922115,-0.0443676
24.96,1.879255,9.699737,-0.4751719,0.02899275,-0.04109984,-0.05019541
24.98,1.934482,9.796795,-0.4780199,0.05044473,-0.08072854,-0.05146493
25.00,1.910003,9.888762,-0.5507097,0.04947981,-0.0975172,-0.034439
25.02,1.831531,9.934946,-0.6792328,0.0300292,-0.08424662,0.004262971
25.04,1.787114,9.901172,-0.7428354,0.001554889,-0.0492292,0.04240114
25.06,1.776186,9.762584,-0.7660245,-0.02662179,-0.004531797,0.06397695
25.08,1.822786,9.630138,-0.7220014,-0.03164815,0.03298587,0.05649113
25.10,1.841613,9.529362,-0.6801714,-0.02376623,0.06044743,0.02952608
25.12,1.827357,9.484365,-0.643649,-0.01263309,0.08386271,-0.005738955
25.14,1.748463,9.482274,-0.6251887,-0.01038094,0.0994344,-0.03206768
25.16,1.697551,9.512992,-0.5959204,-0.01575591,0.09767409,-0.05252511
25.18,1.688942,9.540119,-0.5316359,-0.01865446,0.07801118,-0.06209707
25.20,1.695156,9.532663,-0.4551645,-0.0091687,0.04219798,-0.06631616
25.22,1.669574,9.508791,-0.4089364,-0.001199021,-0.002837551,-0.06418826
25.24,1.629928,9.51054,-0.3878946,-0.001740244,-0.04927631,-0.06428993
25.26,1.599723,9.521755,-0.3998967,-0.002894148,-0.09496094,-0.0638058
25.28,1.613642,9.573611,-0.3932691,-0.002809754,-0.1399823,-0.06859833
25.30,1.631646,9.569747,-0.4158127,0.004444974,-0.1711013,-0.07228735
25.32,1.613685,9.521564,-0.482424,-0.001932457,-0.1817428,-0.06610557
25.34,1.572731,9.416461,-0.5480434,-0.01822955,-0.1709524,-0.0541885
25.36,1.564815,9.319033,-0.5878406,-0.04225111,-0.1467853,-0.05002506
25.38,1.593196,9.372341,-0.5877671,-0.04850956,-0.1304728,-0.05680671
25.40,1.634702,9.456907,-0.5617623,-0.02238998,-0.1278538,-0.08094237
25.42,1.711394,9.615527,-0.5744473,0.02603779,-0.1303615,-0.09597179
25.44,1.713311,9.784502,-0.6628416,0.07790127,-0.1094721,-0.09568226
25.46,1.67985,9.849225,-0.7353695,0.107544,-0.06279078,-0.0873723
25.48,1.698902,9.774582,-0.7709665,0.0951479,-0.005085406,-0.07888746
25.50,1.714566,9.59309,-0.7784695,0.03793043,0.0410671,-0.07355146
25.52,1.677775,9.328168,-0.7811947,-0.03223504,0.08747336,-0.06436788
25.54,1.611171,9.106755,-0.7443737,-0.08382634,0.1311285,-0.05720634
25.56,1.557556,9.054147,-0.63965,-0.0885937,0.1648145,-0.05373885
25.58,1.56381,9.070705,-0.5764941,-0.06657161,0.1600055,-0.06189788
25.60,1.596344,9.022638,-0.5308702,-0.04406984,0.1266274,-0.06966841
25.62,1.577513,8.892319,-0.4895114,-0.03222655,0.08496512,-0.0749326
25.64,1.489645,8.881061,-0.4607771,-0.01476834,0.04728385,-0.07468405
25.66,1.426215,8.877219,-0.4454937,0.00603083,0.01716642,-0.08129787
25.68,1.447604,8.670316,-0.440572,0.006242935,-0.00785849,-0.08718492
25.70,1.463669,8.352805,-0.4919571,-0.03772372,-0.01207786,-0.08370388
25.72,1.370319,8.296651,-0.5803619,-0.09480066,0.004177995,-0.0710993
25.74,1.333506,8.486291,-0.5964525,-0.1294442,0.01462143,-0.07642472
25.76,1.41843,8.609803,-0.5142112,-0.1152516,-0.00967016,-0.1042245
25.78,1.545838,8.570584,-0.4217847,-0.08467169,-0.05186786,-0.12426
25.80,1.480148,8.404272,-0.4580891,-0.07327648,-0.06788186,-0.1093232
25.82,1.318776,8.267421,-0.5847006,-0.1044838,-0.03101231,-0.05917583
25.84,1.214243,8.143783,-0.668927,-0.1545547,0.02063744,-0.005234402
25.86,1.235094,8.142751,-0.6324241,-0.1866476,0.04792955,0.02435536
25.88,1.340863,8.293213,-0.4826024,-0.1650189,0.02124038,0.01887616
25.90,1.469856,8.348407,-0.3433103,-0.1051659,-0.03335551,0.01281145
25.92,1.436879,8.362878,-0.3608353,-0.06859775,-0.07653286,0.03814192
25.94,1.149618,8.49719,-0.5953194,-0.071582,-0.06112324,0.08843207
25.96,0.9435208,8.67979,-0.7319535,-0.1023555,-0.009975175,0.1234193
25.98,0.9892743,8.898276,-0.7000285,-0.07679684,0.0229169,0.1163267
26.00,1.221838,9.622155,-0.5330541,0.0596808,0.03177584,0.06759843
26.02,1.192,9.832312,-0.5861702,0.1961377,0.1127425,0.03262952
26.04,0.8564217,9.756958,-0.811985,0.231553,0.271212,0.02273086
26.06,0.5056449,9.824793,-0.9343503,0.1456261,0.4655425,-0.006370778
26.08,0.3305233,9.71127,-0.906733,0.005303503,0.6249701,-0.09023963
26.10,0.5944209,9.660988,-0.5202808,-0.09065127,0.6872777,-0.211526
26.12,0.8219506,9.537156,-0.1178099,-0.09512334,0.6810588,-0.3113427
26.14,0.7900349,9.661703,0.07538181,-0.04647946,0.6508605,-0.3674653
26.16,0.8272821,9.965692,0.1787701,0.002615086,0.5774291,-0.3804926
26.18,0.6134783,10.25667,0.2804601,0.03467955,0.4418109,-0.4150255
26.20,0.5144104,10.53104,0.3211532,0.05295045,0.3081331,-0.4223065
26.22,0.9422405,10.49438,0.5131197,0.05933265,0.132754,-0.3478863
26.24,1.085274,10.64819,0.4609571,0.06580479,-0.05252901,-0.2262051
26.26,0.9760365,11.08754,0.3139746,0.08065139,-0.212782,-0.09892522
26.28,1.004866,11.29367,0.271877,0.07852735,-0.3428621,0.01961431
26.30,1.161442,11.47135,0.1127491,0.06386997,-0.4577856,0.1152234
26.32,1.360572,11.60193,-0.04280178,0.01152174,-0.5418224,0.2033628
26.34,1.448704,11.67643,-0.3634703,-0.05294075,-0.5407194,0.2864568
26.36,1.558187,11.74148,-0.6561226,-0.09946547,-0.4642556,0.3495796
26.38,1.653392,12.00592,-0.7782049,-0.08049041,-0.3588595,0.3654532
26.40,1.659633,12.59818,-0.8895811,0.005854533,-0.225872,0.3274796
26.42,1.768444,13.3306,-0.8548115,0.08320371,-0.1099938,0.2521407
26.44,1.814177,13.7184,-0.7218791,0.07674509,-0.03767375,0.177351
26.46,1.789491,13.31181,-0.662141,-0.01287278,0.03062014,0.1588901
26.48,1.782969,12.16569,-0.7617566,-0.1197317,0.1421333,0.2114124
26.50,1.869327,10.87831,-0.7397793,-0.1867187,0.2733243,0.319267
26.52,2.140518,9.878732,-0.5536313,-0.2034508,0.3715016,0.4737171
26.54,2.390845,9.247866,-0.3155887,-0.1894116,0.3974583,0.6423134
26.56,2.536056,8.787143,-0.09063277,-0.1363009,0.3697506,0.7753556
26.58,2.47925,8.705187,-0.01685838,-0.02658381,0.3433666,0.818756
26.60,2.407447,8.980792,0.05532028,0.1339655,0.3437373,0.7648873
26.62,2.461026,9.290181,0.03375434,0.2884041,0.377039,0.63787
26.64,2.550247,9.658642,0.01439343,0.3815296,0.4245966,0.4870861
26.66,2.506151,9.32529,-0.06186661,0.3814097,0.505059,0.3698336
26.68,2.650399,8.717896,0.00992597,0.2953269,0.57556,0.3143772
26.70,2.831164,8.43279,0.1275501,0.1656632,0.6015428,0.2972988
26.72,2.975157,8.636038,0.1797538,0.08065316,0.5984744,0.282253
26.74,2.879472,9.033587,0.3253044,0.0458742,0.5785782,0.2466833
26.76,2.722808,9.380709,0.4214193,0.03534731,0.5626021,0.2022067
26.78,2.61155,9.449898,0.466946,0.04877206,0.5267552,0.1683389
26.80,2.625391,9.534604,0.6115997,0.04700501,0.4423116,0.1449681
26.82,2.680518,9.592198,0.7500791,0.0120924,0.3062633,0.1325658
26.84,2.687467,9.542168,0.7795961,-0.03207377,0.1452342,0.1247357
26.86,2.716645,9.430285,0.7688369,-0.05758863,-0.02138286,0.118446
26.88,2.757637,9.336498,0.8029705,-0.07484066,-0.2082402,0.1126472
26.90,2.726814,9.347319,0.9048724,-0.0790174,-0.4575562,0.07476522
26.92,2.72894,9.4749,0.9941556,-0.08031344,-0.7674814,0.03315362
26.94,2.929024,9.50044,0.4471211,-0.101314,-0.9581066,0.03816969
26.96,3.062983,9.472451,-0.16381,-0.1187966,-1.018215,0.0670793
26.98,3.21187,9.596941,-0.4545304,-0.1129132,-0.9990248,0.07551025
27.00,3.436161,9.653151,-0.8002557,-0.1118228,-0.9079472,0.05454356
27.02,3.694073,9.419478,-1.092,-0.129397,-0.779238,0.02214361
27.04,3.813045,9.26455,-1.336515,-0.1600745,-0.5989715,0.005128475
27.06,3.607223,9.254135,-1.621256,-0.1743938,-0.3670457,0.006151525
27.08,3.498626,9.500554,-1.734565,-0.157641,-0.1187616,0.05756349
27.10,3.20623,9.639853,-1.657444,-0.115409,0.09001837,0.1208241
27.12,2.962036,9.622294,-1.390644,-0.06364892,0.2120076,0.1563367
27.14,2.861471,9.341044,-0.9287125,-0.003622703,0.2136401,0.1470581
27.16,2.78382,9.076995,-0.537125,0.05860056,0.1291828,0.1024474
27.18,2.640482,8.932821,-0.3994793,0.1189028,0.04691194,0.05840781
27.20,2.527029,9.023164,-0.4375921,0.1648501,0.01371929,0.02911315
27.22,2.47593,9.156025,-0.5097646,0.1966431,0.02770233,0.008241305
27.24,2.468994,9.251122,-0.4988384,0.2114662,0.0799434,-0.01856181
27.26,2.482343,9.3602,-0.4779635,0.1983034,0.1437822,-0.06265515
27.28,2.502241,9.393207,-0.4091263,0.1624928,0.1936815,-0.1172577
27.30,2.560845,9.355723,-0.2939807,0.1177487,0.214653,-0.1777033
27.32,2.634552,9.33966,-0.1988398,0.0774589,0.214465,-0.2171477
27.34,2.631521,9.36912,-0.1543155,0.03912292,0.1978624,-0.2320513
27.36,2.638707,9.368366,-0.1043159,0.008394662,0.1509949,-0.2253938
27.38,2.64736,9.387057,-0.01811719,0.008916796,0.07463443,-0.2076165
27.40,2.682596,9.437433,0.05886095,0.04317392,-0.00910849,-0.1811116
27.42,2.72987,9.482185,0.05360904,0.08592542,-0.09230421,-0.1562333
27.44,2.770692,9.492724,-0.07182019,0.09787641,-0.1556766,-0.131934
27.46,2.795414,9.469127,-0.2350441,0.06606319,-0.187552,-0.11752
27.48,2.884104,9.399242,-0.3777646,0.02657891,-0.1837067,-0.1142398
27.50,2.979514,9.439817,-0.4863788,0.007508757,-0.1478595,-0.1070563
27.52,3.025768,9.562848,-0.6062908,0.009185978,-0.0764675,-0.0988013
27.54,3.036465,9.669766,-0.7177781,0.01185732,0.01883668,-0.08087637
27.56,3.053246,9.690745,-0.7858715,-0.003198491,0.1160746,-0.063025
27.58,3.056449,9.635167,-0.7768654,-0.03125085,0.2010227,-0.04573492
27.60,3.043002,9.541909,-0.720543,-0.05608924,0.2542022,-0.03021454
27.62,2.951762,9.551085,-0.6292002,-0.06515024,0.2756231,-0.008694042
27.64,2.834014,9.575405,-0.517216,-0.06103221,0.2573826,0.01519022
27.66,2.754813,9.550908,-0.4195602,-0.04938449,0.195218,0.03464561
27.68,2.701413,9.479931,-0.3001454,-0.03859227,0.1040687,0.04331237
27.70,2.67922,9.406114,-0.2388536,-0.02612941,-0.001134124,0.03855545
27.72,2.694771,9.338902,-0.2568096,-0.007525599,-0.08327168,0.02510438
27.74,2.733058,9.317639,-0.350014,0.009102782,-0.1260554,0.009129577
27.76,2.737938,9.346998,-0.4366721,0.0171487,-0.1300458,-0.001697315
27.78,2.72419,9.383978,-0.5130281,0.0193601,-0.1037583,-0.005284573
27.80,2.702978,9.407296,-0.521084,0.02127824,-0.06751592,-0.01380878
27.82,2.666609,9.371306,-0.5068018,0.01807977,-0.02735937,-0.02332346
27.84,2.660146,9.288536,-0.4616464,-0.001701816,0.003366778,-0.0331841
27.86,2.615498,9.236841,-0.4406954,-0.02159701,0.02585293,-0.04416762
27.88,2.58327,9.271164,-0.4168355,-0.02277558,0.0417248,-0.06102554
27.90,2.603211,9.257829,-0.4154226,-0.002682776,0.05772455,-0.08175166
27.92,2.59658,9.249681,-0.4425938,0.02871558,0.08603684,-0.1007269
27.94,2.538153,9.193507,-0.4537152,0.04390405,0.1176378,-0.1326133
27.96,2.562415,9.10603,-0.4080479,0.04199995,0.1233368,-0.165766
27.98,2.618965,9.208255,-0.294497,0.04170759,0.09623051,-0.2032456
28.00,2.635484,9.437563,-0.2257589,0.05055272,0.04943657,-0.2325578
28.02,2.611201,9.618515,-0.3045227,0.04627728,0.01055976,-0.2338921
28.04,2.535336,9.68036,-0.3661377,0.02281631,-0.01067678,-0.215874
28.06,2.492383,9.67825,-0.4172803,-0.004493981,-0.021557,-0.2000618
28.08,2.449493,9.568008,-0.4430252,-0.03792638,-0.02244817,-0.1879845
28.10,2.465689,9.533381,-0.3720972,-0.06063091,-0.04516496,-0.190954
28.12,2.444293,9.586683,-0.3190187,-0.06342058,-0.09315358,-0.2109352
28.14,2.411721,9.658032,-0.3353819,-0.05339683,-0.1455276,-0.221107
28.16,2.327847,9.650668,-0.4266866,-0.04676089,-0.1686689,-0.2151376
28.18,2.253254,9.590158,-0.5014249,-0.05432899,-0.1779661,-0.2008601
28.20,2.215901,9.519351,-0.5252376,-0.06814861,-0.1824544,-0.1927593
28.22,2.18233,9.458903,-0.5318044,-0.07362229,-0.1863817,-0.1992904
28.24,2.169039,9.451216,-0.5461484,-0.05807247,-0.1792203,-0.2192197
28.26,2.146224,9.406707,-0.5670573,-0.03175203,-0.1667648,-0.2463237
28.28,2.119258,9.37969,-0.5752596,-0.01323836,-0.1489528,-0.2718902
28.30,2.05945,9.34478,-0.5792906,-0.002045659,-0.1276555,-0.2918871
28.32,2.026549,9.341843,-0.590125,-0.002966635,-0.1073041,-0.309429
28.34,2.082432,9.292212,-0.6527717,-0.000417077,-0.0702419,-0.3259437
28.36,2.108958,9.224351,-0.7670251,0.01805338,0.0009714136,-0.3454524
28.38,2.151094,9.238693,-0.7699302,0.05190189,0.07665371,-0.3772307
28.40,2.184673,9.252719,-0.678443,0.1107552,0.147939,-0.4084428
28.42,2.157131,9.424784,-0.6414327,0.1583294,0.213178,-0.430799
28.44,2.056248,9.840379,-0.6340274,0.1820693,0.2802657,-0.442083
28.46,1.905866,10.29772,-0.6013123,0.1789051,0.3312116,-0.4474939
28.48,1.796187,10.8986,-0.5891009,0.1532611,0.3532018,-0.4543367
28.50,1.644069,11.37941,-0.4754559,0.1417812,0.3660951,-0.4513671
28.52,1.600233,11.38612,-0.3604553,0.1540029,0.3985443,-0.4277771
28.54,1.532553,11.23269,-0.2204114,0.1613604,0.4195491,-0.4049585
28.56,1.421065,11.1862,-0.1801621,0.1359296,0.4042492,-0.4054167
28.58,1.345539,11.40758,-0.001577503,0.1192782,0.325263,-0.4305476
28.60,1.340565,11.78678,0.2723092,0.1361015,0.1725338,-0.4478154
28.62,1.29568,12.18305,0.4846791,0.1513143,-0.03553965,-0.409937
28.64,1.032699,12.03379,0.5279927,0.110915,-0.2581523,-0.2999758
28.66,0.7093263,11.90783,0.2978677,0.006042015,-0.4408447,-0.1188576
28.68,0.343919,11.83249,-0.03203121,-0.1240052,-0.5125346,0.08237887
28.70,0.2221982,11.84686,-0.1816901,-0.2107287,-0.5206169,0.2241663
28.72,0.3665505,11.72978,-0.1855023,-0.2427682,-0.5383328,0.2674815
28.74,0.7551746,11.54816,-0.03690776,-0.2276085,-0.6205329,0.2284297
28.76,1.072355,11.67531,-0.0237335,-0.1696745,-0.7268836,0.1544327
28.78,1.045592,11.94798,-0.2299325,-0.1224506,-0.7698498,0.1234902
28.80,0.7896758,11.752,-0.6387189,-0.1345747,-0.711144,0.1634645
28.82,0.6553347,11.68659,-0.8630737,-0.1988469,-0.5982375,0.2568713
28.84,0.4594299,11.37745,-0.9967759,-0.2787869,-0.4456808,0.3561513
28.86,0.4590234,11.03158,-0.9690325,-0.3305724,-0.3039832,0.4124574
28.88,0.6194206,10.7377,-0.918187,-0.3360788,-0.161349,0.4134451
28.90,0.7068744,10.47277,-0.8374782,-0.3446505,-0.04105435,0.4055002
28.92,0.6009685,10.22723,-0.8672229,-0.3869377,0.05586066,0.4133843
28.94,0.5619573,9.914124,-0.8324749,-0.4217323,0.1354836,0.4253949
28.96,0.5805085,9.631605,-0.6825745,-0.4053698,0.2036905,0.4234265
28.98,0.7137449,9.345004,-0.5363599,-0.324271,0.2430629,0.3875455
29.00,0.8442813,9.178348,-0.4050269,-0.2116365,0.2539195,0.32833
29.02,0.8782777,9.047642,-0.3202007,-0.1063959,0.2359258,0.255786
29.04,0.9095334,9.044622,-0.2792506,-0.0233841,0.1927908,0.1896626
29.06,0.8845297,9.060445,-0.2108229,0.03356989,0.1430479,0.1497689
29.08,0.8811424,9.047531,-0.1549031,0.07447901,0.096212,0.1234016
29.10,0.907353,9.008348,-0.09527022,0.110279,0.03351344,0.1041953
29.12,0.928529,8.980992,-0.05622399,0.1400651,-0.03568283,0.08476331
29.14,0.9676331,8.890957,-0.06389276,0.166607,-0.0971707,0.06971145
29.16,1.010394,8.763745,-0.09776561,0.1878955,-0.1412339,0.05559169
29.18,1.049365,8.676309,-0.09888076,0.1950217,-0.1860691,0.05615096
29.20,1.10641,8.598295,-0.1135893,0.1799515,-0.226413,0.07028381
29.22,1.165409,8.483706,-0.2001427,0.1471543,-0.2544884,0.09740209
29.24,1.191205,8.345983,-0.2555506,0.1187841,-0.2561982,0.1327664
29.26,1.241723,8.245936,-0.2875357,0.1109093,-0.2315441,0.1519608
29.28,1.31246,8.179352,-0.2408191,0.1147279,-0.2140597,0.1582996
29.30,1.353279,8.130776,-0.1667775,0.1075277,-0.2271261,0.1615884
29.32,1.323676,8.100428,-0.1814443,0.08308953,-0.236828,0.1810462
29.34,1.203805,8.206264,-0.3082068,0.05512679,-0.2139852,0.2221161
29.36,1.161293,8.259645,-0.3463086,0.03047331,-0.1715478,0.2518166
29.38,1.320542,8.169889,-0.2840242,0.02347342,-0.1516408,0.2607062
29.40,1.488899,8.027071,-0.2526611,0.0267161,-0.1485587,0.2414199
29.42,1.600765,7.964668,-0.2685432,0.04502578,-0.1374612,0.2112514
29.44,1.645544,8.036522,-0.3162864,0.06671632,-0.1139628,0.1816027
29.46,1.63527,8.252378,-0.3986298,0.07850032,-0.08264251,0.1673158
29.48,1.62202,8.508179,-0.486586,0.08119964,-0.04030145,0.1708553
29.50,1.577371,8.741996,-0.5618117,0.08667822,0.02248489,0.1727789
29.52,1.61366,8.831898,-0.5738519,0.0951982,0.08543138,0.1546098
29.54,1.738267,8.837275,-0.5203047,0.1072697,0.122012,0.1072011
29.56,1.844826,8.901932,-0.4672087,0.1237751,0.1357897,0.0447622
29.58,1.878807,9.013175,-0.4574037,0.1385431,0.1429559,-0.009742334
29.60,1.854363,9.156474,-0.4760155,0.1366979,0.1476206,-0.04238832
29.62,1.844427,9.313701,-0.514314,0.1222062,0.1524266,-0.05503887
29.64,1.857351,9.494388,-0.5097123,0.1086862,0.1461818,-0.06665245
29.66,1.916869,9.734173,-0.4752775,0.1069859,0.1187089,-0.08585184
29.68,1.944623,9.836065,-0.4181644,0.1055727,0.08319594,-0.1130649
29.70,1.978997,9.837819,-0.4587717,0.08093355,0.05223527,-0.1368494
29.72,2.003757,9.695307,-0.483247,0.02426954,0.01478771,-0.146481
29.74,2.03761,9.699838,-0.4966816,-0.03033531,-0.03482457,-0.1486184
29.76,2.066699,9.703295,-0.4822961,-0.05250845,-0.08431559,-0.1468733
29.78,2.126539,9.612082,-0.4676239,-0.04112514,-0.131296,-0.1377121
29.80,2.155729,9.623881,-0.496491,-0.01363943,-0.1716589,-0.1229361
29.82,2.144292,9.678963,-0.5582086,0.01039949,-0.20384,-0.1094399
29.84,2.140508,9.735177,-0.6086296,0.0289536,-0.2194936,-0.09473457
29.86,2.120723,9.770751,-0.6702234,0.03559498,-0.210163,-0.07649004
29.88,2.105794,9.772697,-0.7239302,0.03090859,-0.182704,-0.05991632
29.90,2.098364,9.741172,-0.737334,0.01443878,-0.1391962,-0.0421208
29.92,2.061934,9.702807,-0.7665795,-0.00652524,-0.08386604,-0.02168129
29.94,2.027454,9.660357,-0.7751466,-0.02901767,-0.02120771,0.0002115609
29.96,1.97487,9.650103,-0.7546067,-0.03377583,0.03890058,0.01970967
29.98,1.949707,9.695171,-0.6966032,-0.01487848,0.09625496,0.02743034
30.00,1.918867,9.696648,-0.6280738,0.007170249,0.1378626,0.02189671
30.02,1.889918,9.668145,-0.5851147,0.01715833,0.1753333,0.01354235
30.04,1.840247,9.648129,-0.5773927,0.0005816678,0.2027084,0.006381088
30.06,1.805456,9.666898,-0.530102,-0.02297329,0.2210903,0.005179433
30.08,1.818578,9.68278,-0.4492261,-0.03541233,0.2195264,0.01052944
30.10,1.820236,9.686181,-0.3704654,-0.03914076,0.1958573,0.01868126
30.12,1.817662,9.678411,-0.3406068,-0.03282993,0.16001,0.03337891
30.14,1.792089,9.708378,-0.333149,-0.0188501,0.1229681,0.05678891
30.16,1.753982,9.745676,-0.3592758,-0.003964668,0.09543992,0.07691886
30.18,1.736103,9.748158,-0.3672684,0.004126278,0.07457064,0.09177818
30.20,1.746618,9.716507,-0.3928884,-0.0006962092,0.05961208,0.09964777
30.22,1.751725,9.68678,-0.4417076,-0.01309467,0.06018964,0.09351111
30.24,1.75818,9.652852,-0.4830032,-0.02567605,0.07028303,0.08494081
30.26,1.809695,9.645499,-0.5383126,-0.03731872,0.08458317,0.06681601
30.28,1.833677,9.632468,-0.5234973,-0.04362395,0.0993351,0.03691443
30.30,1.871452,9.592515,-0.5299023,-0.04290086,0.102986,0.01310949
30.32,1.870661,9.630623,-0.5437222,-0.03659976,0.1087446,-0.001078979
30.34,1.837819,9.668941,-0.5450941,-0.03096307,0.1191797,-0.0131032
30.36,1.880687,9.627856,-0.5476373,-0.0378895,0.1121864,-0.01506198
30.38,1.896396,9.570947,-0.5263196,-0.04618083,0.09197881,-0.02165979
30.40,1.927774,9.557576,-0.5035723,-0.0445334,0.06471719,-0.02637485
30.42,1.980667,9.531666,-0.4754294,-0.02282196,0.0402981,-0.02344157
30.44,1.980705,9.556831,-0.5023835,-0.006167147,0.0211553,-0.01337932
30.46,1.97848,9.612217,-0.5562592,0.003655398,0.01397628,-0.004264253
30.48,2.016624,9.588013,-0.6011564,0.002838825,0.01549668,0.002131835
30.50,2.089442,9.516601,-0.604744,0.001408793,0.02569042,-0.0009888094
30.52,2.13145,9.421573,-0.5658031,0.01297078,0.03735771,-0.01676258
30.54,2.158996,9.390195,-0.5313159,0.0304677,0.04457475,-0.04467312
30.56,2.182081,9.413423,-0.5033181,0.04703896,0.04261149,-0.07035692
30.58,2.168361,9.477468,-0.4886037,0.04528129,0.03583601,-0.08514132
30.60,2.146586,9.522258,-0.5096431,0.03100806,0.0290209,-0.08407205
30.62,2.139959,9.524021,-0.4836103,0.02560596,0.02260671,-0.06830429
30.64,2.140648,9.533145,-0.4436568,0.03358535,0.01372906,-0.0531733
30.66,2.149306,9.524839,-0.4050109,0.05551198,0.006540458,-0.03960487
30.68,2.173808,9.504609,-0.3962049,0.08090078,-0.0033698,-0.03570123
30.70,2.169713,9.587634,-0.3797641,0.09569375,-0.003453503,-0.03545432
30.72,2.147496,9.743252,-0.4018495,0.09765167,-0.003724763,-0.03940854
30.74,2.11761,9.837329,-0.4298015,0.06619406,-0.005958233,-0.03704087
30.76,2.105217,9.876595,-0.4757365,0.02636188,0.00188323,-0.02215935
30.78,2.077408,9.877388,-0.4846604,-0.01407799,0.01760094,0.001451895
30.80,2.051711,9.880081,-0.4763586,-0.04212092,0.03302121,0.02376271
30.82,2.055942,9.821731,-0.4629014,-0.05605323,0.03368463,0.04071875
30.84,2.058754,9.754358,-0.4376588,-0.06830417,0.02486163,0.04947248
30.86,2.041824,9.698312,-0.4495877,-0.07213341,0.01272892,0.0530651
30.88,2.042014,9.639387,-0.4532025,-0.06655955,-0.002681725,0.05763997
30.90,2.034231,9.625701,-0.4573733,-0.05868484,-0.01269589,0.05517883
30.92,1.976905,9.557443,-0.4843689,-0.05221674,-0.01666275,0.05366685
30.94,1.970908,9.563021,-0.4933039,-0.04628458,-0.01880002,0.04719515
30.96,1.922291,9.584086,-0.5047312,-0.03698371,-0.01420318,0.03109812
30.98,1.915971,9.562641,-0.4918352,-0.03324143,-0.01704016,0.00787945
31.00,1.935138,9.515445,-0.452689,-0.03225286,-0.02989431,-0.01795979
31.02,1.91542,9.55801,-0.4401712,-0.0224206,-0.04398441,-0.03810351
31.04,1.906286,9.614292,-0.4399665,-0.009580787,-0.0553256,-0.04623666
31.06,1.91416,9.626847,-0.4519865,0.007647028,-0.06424601,-0.04323874
31.08,1.905138,9.643426,-0.4870947,0.01799908,-0.06772404,-0.03697657
31.10,1.889223,9.635341,-0.4883428,0.02324853,-0.0656158,-0.03438818
31.12,1.911768,9.625165,-0.4692766,0.03274025,-0.06392805,-0.04420083
31.14,1.931517,9.631557,-0.4537065,0.04231974,-0.06000907,-0.05981057
31.16,1.909145,9.659307,-0.4683253,0.04683638,-0.04865566,-0.06745218
31.18,1.880551,9.696317,-0.5050125,0.03670727,-0.027035,-0.05879799
31.20,1.857014,9.747977,-0.5362351,0.01892648,-0.00266682,-0.04663077
31.22,1.847166,9.718694,-0.5263565,0.004096944,0.02676833,-0.03422152
31.24,1.860845,9.657162,-0.4907217,0.007134252,0.05053083,-0.03392071
31.26,1.854945,9.635169,-0.4465159,0.01896857,0.07283248,-0.04162706
31.28,1.862064,9.648319,-0.4295418,0.0252593,0.07779323,-0.05457211
31.30,1.889589,9.638644,-0.423829,0.02125469,0.07208451,-0.06438152
31.32,1.886973,9.643263,-0.4139243,0.01684692,0.06924991,-0.06553078
31.34,1.865751,9.646624,-0.394749,0.01692753,0.06468966,-0.05731054
31.36,1.869452,9.665064,-0.3726074,0.0213949,0.05904017,-0.04640625
31.38,1.88883,9.681099,-0.3691528,0.02112785,0.04784486,-0.03667267
31.40,1.889612,9.688568,-0.3596945,0.01647619,0.03237026,-0.02732147
31.42,1.855768,9.668539,-0.371742,0.005974842,0.02629497,-0.02263728
31.44,1.831242,9.643851,-0.3856323,4.222988e-05,0.02903767,-0.01801053
31.46,1.824579,9.650143,-0.3790281,-0.007324937,0.0306894,-0.01328991
31.48,1.824881,9.655866,-0.4016522,-0.01559855,0.03170314,-0.0148093
31.50,1.815663,9.674349,-0.4142473,-0.02110052,0.02995071,-0.01621597
31.52,1.8023,9.64124,-0.4022324,-0.02438627,0.03223376,-0.01469226
31.54,1.806647,9.649771,-0.4137126,-0.02298516,0.03823777,-0.01137253
31.56,1.799469,9.673965,-0.4174818,-0.02194588,0.04198113,-0.005723165
31.58,1.839435,9.671021,-0.4350082,-0.02158846,0.03679384,0.0009123797
31.60,1.822464,9.692168,-0.4455992,-0.01634628,0.04389537,0.003847984
31.62,1.807809,9.713074,-0.4489999,-0.0114199,0.05385197,0.001745138
31.64,1.83083,9.68071,-0.4352195,-0.01610911,0.0611185,0.001908079
31.66,1.81127,9.74834,-0.4411599,-0.02466273,0.05954538,0.006317046
31.68,1.740751,9.804182,-0.4587777,-0.03676281,0.06220689,0.01093872
31.70,1.674709,9.769007,-0.4815457,-0.0527731,0.06139212,0.01681056
31.72,1.675682,9.671288,-0.4745263,-0.05290502,0.05643084,0.01484183
31.74,1.693283,9.5415,-0.4488522,-0.03426914,0.04832033,0.005942895
31.76,1.747099,9.446606,-0.415453,0.001128463,0.03707077,-0.01121876
31.78,1.781331,9.434823,-0.3845883,0.04006387,0.02218601,-0.02863843
31.80,1.786621,9.494288,-0.3866293,0.06445009,0.01039426,-0.03660578
31.82,1.728923,9.564463,-0.4294358,0.06468975,0.02135993,-0.03347244
31.84,1.686951,9.685599,-0.4793443,0.04191324,0.04361233,-0.02289357
31.86,1.686287,9.73025,-0.4982747,0.01088699,0.0709986,-0.01689326
31.88,1.732805,9.706009,-0.4613592,-0.01050934,0.09045919,-0.01988945
31.90,1.768635,9.680939,-0.3775084,-0.009226474,0.09705506,-0.03170383
31.92,1.789465,9.691133,-0.3231698,0.002575569,0.08928416,-0.04233808
31.94,1.765988,9.712063,-0.338405,-0.001375076,0.07429598,-0.04188944
31.96,1.723114,9.723129,-0.3628713,-0.01570415,0.05460257,-0.03442501
31.98,1.718193,9.681695,-0.3485925,-0.02730942,0.03286867,-0.02802766
32.00,1.772499,9.639124,-0.3113065,-0.02331218,0.005980986,-0.02800175
32.02,1.819468,9.642971,-0.285529,0.001404258,-0.0267623,-0.03003278
32.04,1.830431,9.658539,-0.3230874,0.02167503,-0.04595651,-0.0299757
32.06,1.810185,9.684961,-0.3788655,0.03077994,-0.04646435,-0.02581312
32.08,1.815355,9.697503,-0.4208262,0.02832483,-0.03665011,-0.02107053
32.10,1.847916,9.694582,-0.4321513,0.02510082,-0.01672363,-0.02174377
32.12,1.868598,9.703716,-0.4275476,0.02353065,0.007300117,-0.02363877
32.14,1.86851,9.743354,-0.4195728,0.01282382,0.03101694,-0.0220321
32.16,1.852546,9.74874,-0.4238067,-0.004875852,0.05064478,-0.01521244
32.18,1.839738,9.747627,-0.4103723,-0.02310289,0.06165613,-0.003662762
32.20,1.827909,9.744677,-0.3732952,-0.03138252,0.06355191,0.006694373
32.22,1.838298,9.738659,-0.3593427,-0.02887518,0.05397835,0.02343957
32.24,1.800812,9.750129,-0.363849,-0.02119895,0.05430685,0.03972325
32.26,1.74789,9.733778,-0.3482352,-0.01454333,0.05474886,0.0374805
32.28,1.791689,9.635636,-0.3068416,-0.02454645,0.03589586,0.02444743
32.30,1.807471,9.625546,-0.3046224,-0.03957973,0.004987859,0.00795584
32.32,1.777001,9.644377,-0.3206805,-0.03921549,-0.02189146,-2.289996e-05
32.34,1.771521,9.671149,-0.3345047,-0.02325818,-0.03966865,0.009715093
32.36,1.75614,9.669817,-0.3724022,-0.001215868,-0.04632855,0.02491485
32.38,1.746759,9.676597,-0.4057683,0.01009254,-0.04122277,0.03684751
32.40,1.780736,9.642245,-0.4188538,0.005055393,-0.03691699,0.03682203
32.42,1.811087,9.621674,-0.4115828,-0.002060579,-0.03106255,0.02343132
32.44,1.828067,9.602652,-0.3786083,-0.006555063,-0.02425687,0.003099127
32.46,1.831366,9.60081,-0.3564834,-0.002264094,-0.01776793,-0.01095806
32.48,1.793933,9.659888,-0.3440708,-0.00292988,-0.01803818,-0.01651029
32.50,1.766711,9.695987,-0.362461,-0.008766102,-0.02457185,-0.00651214
32.52,1.762484,9.728827,-0.35614,-0.01107216,-0.02398635,0.01325119
32.54,1.76003,9.731703,-0.3616081,-0.004003264,-0.01856081,0.03650123
32.56,1.775008,9.710092,-0.3309239,0.00528345,-0.007726167,0.04305096
32.58,1.781925,9.669753,-0.3190337,0.006912449,-0.003127672,0.03871227
32.60,1.77966,9.623766,-0.3029139,-0.0003054727,-0.005309863,0.01905503
32.62,1.759563,9.619253,-0.267251,-0.005498649,-0.01537267,-0.002163505
32.64,1.724038,9.669396,-0.2635185,-0.005518209,-0.02257009,-0.01074542
32.66,1.691595,9.723013,-0.2759598,-0.01237432,-0.03126795,-0.009120234
32.68,1.681047,9.740121,-0.3391071,-0.02626242,-0.03738697,0.005188777
32.70,1.675375,9.74689,-0.3916727,-0.04344867,-0.03093131,0.02284581
32.72,1.704913,9.713529,-0.3822558,-0.04858229,-0.02631329,0.03131174
32.74,1.735588,9.624435,-0.3506768,-0.03449413,-0.02480753,0.01852081
32.76,1.758954,9.565844,-0.3318217,-0.01971937,-0.0297086,-0.005475948
32.78,1.7533,9.564487,-0.3461169,-0.01431109,-0.0420195,-0.02738343
32.80,1.716291,9.637544,-0.4011284,-0.0156388,-0.0423497,-0.03814165
32.82,1.692239,9.679088,-0.409624,-0.01635099,-0.03915316,-0.0301115
32.84,1.715192,9.734385,-0.4277057,-0.006588717,-0.03081458,-0.0135512
32.86,1.728655,9.777216,-0.4140403,0.009812877,-0.02418254,-0.005722745
32.88,1.750432,9.728409,-0.3754345,0.01718186,-0.01631763,-0.01397617
32.90,1.777596,9.650445,-0.3614792,0.0005006988,-0.02218435,-0.0287835
32.92,1.770898,9.695522,-0.3936214,-0.01801169,-0.03026154,-0.03659607
32.94,1.74284,9.723345,-0.4331648,-0.02040716,-0.02532774,-0.03102589
32.96,1.721925,9.712792,-0.4518065,-0.007103364,-0.007803403,-0.01070017
32.98,1.720131,9.674732,-0.4393096,0.01536242,0.009093945,0.003517349
33.00,1.756701,9.635623,-0.3989967,0.02563774,0.01311061,0.001713854
33.02,1.78803,9.610148,-0.3653978,0.0317459,0.006014175,-0.01581256
33.04,1.789843,9.639544,-0.3403065,0.03999368,0.001085043,-0.03225254
33.06,1.775272,9.689045,-0.3386264,0.04255224,0.002186357,-0.03837593
33.08,1.744861,9.7366,-0.3552091,0.03646014,0.005264207,-0.0302586
33.10,1.7131,9.785739,-0.3643074,0.02028638,0.01206049,-0.01095495
33.12,1.726812,9.769581,-0.3526063,0.005029051,0.01169778,0.009785568
33.14,1.746897,9.731286,-0.3483611,0.0001921408,0.01194015,0.02222193
33.16,1.750112,9.690527,-0.3306271,0.01387907,0.01443703,0.02576193
33.18,1.75941,9.636938,-0.3219809,0.02414055,0.01677101,0.01769948
33.20,1.76101,9.614185,-0.328738,0.02075526,0.01326133,0.0008761264
33.22,1.757306,9.62208,-0.3160875,0.01235458,0.001415261,-0.01113105
33.24,1.754501,9.662598,-0.3384841,0.007829257,-0.004263152,-0.01291188
33.26,1.738363,9.692665,-0.3557057,0.01034314,-0.003714603,-0.000255427
33.28,1.728322,9.713497,-0.3629368,0.01031772,0.000957926,0.02027937
33.30,1.736391,9.683903,-0.3829692,0.002101896,0.008038004,0.0329467
33.32,1.770241,9.629123,-0.3596523,0.001806895,0.005286102,0.02895707
33.34,1.800422,9.607054,-0.3115194,0.004506755,0.001582913,0.01500559
33.36,1.808615,9.596003,-0.2942517,0.006052028,-0.01030087,-0.001661943
33.38,1.799795,9.615067,-0.3250495,0.004158963,-0.01700192,-0.00821971
33.40,1.746928,9.66259,-0.3613165,-0.0009782598,-0.01660486,-0.001909372
33.42,1.742282,9.704268,-0.3576583,-0.01220655,-0.01643986,0.01560231
33.44,1.744848,9.772959,-0.3955411,-0.01338838,-0.02072809,0.03750168
33.46,1.744411,9.779315,-0.3828611,-0.006381818,-0.009758935,0.04250116
33.48,1.779665,9.660613,-0.3308555,-0.003464668,-0.005498245,0.03582187
33.50,1.799875,9.608841,-0.3294639,-0.01782057,-0.01675903,0.01875703
33.52,1.763904,9.644393,-0.3614386,-0.03380616,-0.03373253,0.001643949
33.54,1.708161,9.642657,-0.4075285,-0.04002601,-0.03394075,-0.0007925549
33.56,1.657717,9.637764,-0.4292255,-0.02426784,-0.01549554,0.01077147
33.58,1.65807,9.590474,-0.4261869,-0.01016436,0.004128326,0.01943087
33.60,1.721603,9.534442,-0.3870651,-0.002661297,0.002758483,0.009700872
33.62,1.760214,9.562488,-0.3137183,0.003279079,-0.01119029,-0.01534384
33.64,1.77697,9.648781,-0.3011148,0.000295082,-0.03077875,-0.0342591
33.66,1.73954,9.730204,-0.3625358,-0.007859218,-0.03059959,-0.03404761
33.68,1.693856,9.769585,-0.4066541,-0.02057526,-0.01678727,-0.01412983
33.70,1.669282,9.76352,-0.4227772,-0.03340457,-0.001093971,0.009419587
33.72,1.696723,9.655453,-0.4072013,-0.04508666,0.005894289,0.01972642
33.74,1.740251,9.614777,-0.3683035,-0.04164695,0.007632469,0.007550885
33.76,1.764711,9.593726,-0.3273243,-0.02213974,-0.001791514,-0.01582909
33.78,1.775464,9.586297,-0.3180712,-0.007492594,-0.01539296,-0.0394184
33.80,1.74706,9.600268,-0.3431235,-0.008126547,-0.02473119,-0.04679209
33.82,1.711673,9.631645,-0.3565874,-0.02281716,-0.03255758,-0.04469657
33.84,1.711288,9.649205,-0.345616,-0.03294846,-0.04835097,-0.03627455
33.86,1.749031,9.661922,-0.3216615,-0.02838921,-0.06765838,-0.02886724
33.88,1.791116,9.640351,-0.3154733,-0.004644889,-0.08773204,-0.02744101
33.90,1.826803,9.653773,-0.3065383,0.02448698,-0.1089493,-0.02609075
33.92,1.803155,9.648998,-0.350163,0.04677603,-0.1122718,-0.01957745
33.94,1.789867,9.65346,-0.4091439,0.05346982,-0.09541108,-0.01479401
33.96,1.801759,9.727599,-0.4772974,0.04829563,-0.05930831,-0.000449536
33.98,1.823123,9.797781,-0.4957501,0.0454541,-0.01372868,0.007421917
34.00,1.839366,9.796384,-0.4931434,0.03596647,0.02841415,0.02069051
34.02,1.876201,9.789953,-0.4648994,0.01789252,0.0600672,0.04117676
34.04,1.827372,9.801404,-0.4659342,0.003680577,0.09224012,0.06727385
34.06,1.72974,9.812092,-0.4237132,-0.001420057,0.1303109,0.0826055
34.08,1.729741,9.712613,-0.3596445,-0.01161418,0.1455237,0.08924793
34.10,1.765211,9.660663,-0.3298106,-0.03222128,0.1352715,0.09332944
34.12,1.719681,9.672205,-0.3270434,-0.04425143,0.1197757,0.09828271
34.14,1.64115,9.663911,-0.3130301,-0.03657018,0.1141611,0.0931473
34.16,1.603066,9.635783,-0.2962174,-0.0196149,0.108685,0.07807513
34.18,1.635195,9.622646,-0.2662475,-0.007358577,0.09282778,0.04496807
34.20,1.668128,9.627749,-0.2439804,-0.005194992,0.05920087,0.00396307
34.22,1.671484,9.654489,-0.252478,-0.008380072,0.02562904,-0.03467003
34.24,1.662303,9.714543,-0.2719181,-0.009100496,-0.006620635,-0.05459401
34.26,1.668049,9.731103,-0.2961129,-0.009378816,-0.03186254,-0.05082959
34.28,1.687717,9.740714,-0.3021011,-0.003396612,-0.05549195,-0.03298451
34.30,1.713654,9.717161,-0.3144034,0.008464179,-0.07305882,-0.01558663
34.32,1.707897,9.699657,-0.3664878,0.02227666,-0.07572197,-0.01171918
34.34,1.755046,9.664887,-0.4246866,0.02965637,-0.06612753,-0.02600993
34.36,1.823165,9.581857,-0.4254379,0.0408034,-0.05647103,-0.04955637
34.38,1.888588,9.537651,-0.446869,0.05595547,-0.04170746,-0.06608326
34.40,1.891881,9.527125,-0.4908075,0.0774013,-0.008960661,-0.07077383
34.42,1.883377,9.567484,-0.5200552,0.09580647,0.03915845,-0.0619025
34.44,1.872178,9.617862,-0.5279218,0.1037691,0.08650632,-0.05769019
34.46,1.904634,9.667487,-0.4767221,0.09798817,0.1128892,-0.05950624
34.48,1.921846,9.714983,-0.4218891,0.08457541,0.1236851,-0.06379154
34.50,1.929928,9.798964,-0.4016816,0.0663792,0.137048,-0.05477887
34.52,1.880397,9.849692,-0.4191883,0.03240485,0.158691,-0.02751674
34.54,1.816901,9.861445,-0.4382374,-0.01346725,0.1755632,0.001715238
34.56,1.786328,9.804004,-0.4112982,-0.05734666,0.179618,0.02226435
34.58,1.79105,9.709122,-0.3697339,-0.08390053,0.1689952,0.03234257
34.60,1.779258,9.595295,-0.287861,-0.07556102,0.1509161,0.02590984
34.62,1.800934,9.476418,-0.2273657,-0.04238007,0.1163094,0.009937642
34.64,1.808285,9.493685,-0.1769249,-0.003316543,0.07177023,-0.008925607
34.66,1.758174,9.56339,-0.1693032,0.02356691,0.02971849,-0.02177541
34.68,1.715612,9.591985,-0.1773349,0.02377046,-0.01347786,-0.02367408
34.70,1.691445,9.606667,-0.206545,0.004999695,-0.05421837,-0.01096893
34.72,1.676383,9.626811,-0.2211839,-0.01782887,-0.09891939,-0.001145697
34.74,1.688321,9.621144,-0.2052896,-0.02004569,-0.1409227,0.002997836
34.76,1.701877,9.633687,-0.2431771,-0.001743786,-0.1657853,0.0006650075
34.78,1.694687,9.733819,-0.2876263,0.02382683,-0.1787416,-0.01085606
34.80,1.66117,9.710861,-0.3002756,0.03787087,-0.2020227,-0.03585176
34.82,1.604474,9.64263,-0.3169824,0.02651169,-0.2297329,-0.06242552
34.84,1.550468,9.621694,-0.3811666,0.004153892,-0.2452163,-0.08225078
34.86,1.629177,9.656315,-0.5867413,-0.009196701,-0.2152054,-0.09754483
34.88,1.698287,9.662726,-0.4624083,0.005307971,-0.2076269,-0.1120643
34.90,1.732962,9.687717,-0.4964582,0.02029333,-0.196277,-0.1148584
34.92,1.656941,9.770061,-0.5384994,0.02079221,-0.1792205,-0.09906775
34.94,1.637504,9.840866,-0.5968294,0.01098767,-0.1516562,-0.07654993
34.96,1.5943,9.910924,-0.6199419,-0.003062952,-0.1112457,-0.05385161
34.98,1.628462,9.877699,-0.6056349,-0.01551906,-0.08035378,-0.03320137
35.00,1.67233,9.852529,-0.5772312,-0.02790617,-0.06530705,-0.01854422
35.02,1.706616,9.854608,-0.5810004,-0.0459245,-0.0537672,-0.003387607
35.04,1.689645,9.852509,-0.591761,-0.05808689,-0.02876666,0.01445677
35.06,1.651872,9.852727,-0.6070684,-0.06188587,-0.001863171,0.03225073
35.08,1.619338,9.921057,-0.5508457,-0.05512996,0.02263383,0.04233498
35.10,1.584337,9.91481,-0.5343122,-0.06678082,0.04333263,0.05631367
35.12,1.546991,9.811356,-0.6114075,-0.09140553,0.07848777,0.07232794
35.14,1.551268,9.675236,-0.5963919,-0.1120688,0.1093338,0.07617152
35.16,1.621434,9.477872,-0.5166203,-0.1091367,0.124524,0.05847891
35.18,1.681605,9.323863,-0.4135799,-0.0710908,0.1176334,0.02634836
35.20,1.690324,9.298985,-0.341509,-0.01186389,0.1028745,-0.01039863
35.22,1.690344,9.377937,-0.3346582,0.04931675,0.0842758,-0.03498174
35.24,1.658868,9.517168,-0.3542177,0.08477324,0.06553269,-0.04352171
35.26,1.591759,9.624022,-0.3409475,0.08818263,0.05493551,-0.04387965
35.28,1.599919,9.699293,-0.3114176,0.0751213,0.03532377,-0.04076652
35.30,1.641599,9.673454,-0.273447,0.04701138,0.0004534481,-0.03925096
35.32,1.636999,9.714138,-0.2336266,0.0247103,-0.03738241,-0.03661122
35.34,1.638864,9.746796,-0.2228367,0.02211966,-0.07345335,-0.03421776
35.36,1.627169,9.788774,-0.2384761,0.02680567,-0.1011295,-0.02290344
35.38,1.57232,9.824936,-0.3327236,0.02415638,-0.1012943,-0.0015505
35.40,1.542104,9.822345,-0.3990715,0.000886825,-0.09257909,0.0236102
35.42,1.579884,9.784503,-0.3974116,-0.02209235,-0.08390991,0.03939905
35.44,1.61329,9.744168,-0.3621098,-0.02906875,-0.07359934,0.04756191
35.46,1.631109,9.713534,-0.3623416,-0.01808788,-0.05991765,0.03980872
35.48,1.640021,9.700305,-0.3672642,-0.008691601,-0.04282901,0.03002498
35.50,1.639396,9.683614,-0.3670797,-0.01127669,-0.03166274,0.01831126
35.52,1.614668,9.682117,-0.401383,-0.02043762,-0.01661877,0.01937143
35.54,1.568304,9.726551,-0.4199145,-0.0287271,0.002732685,0.03450501
35.56,1.567371,9.731498,-0.4122036,-0.03234848,0.02299385,0.04118377
35.58,1.580531,9.7378,-0.3874704,-0.02613661,0.03160637,0.04300598
35.60,1.615217,9.698035,-0.3620659,-0.02515788,0.0292239,0.03346704
35.62,1.620396,9.653883,-0.3377489,-0.02034817,0.01974788,0.01986578
35.64,1.605665,9.635598,-0.3223905,-0.01823532,0.007789835,0.006383786
35.66,1.594062,9.613146,-0.3049757,-0.01342592,-0.002916564,-0.008751264
35.68,1.586034,9.649587,-0.2530879,-0.004872012,-0.02168574,-0.01742208
35.70,1.613572,9.694234,-0.2611988,-0.0009999685,-0.04472055,-0.01867504
35.72,1.611015,9.703017,-0.2736583,0.004827152,-0.05962273,-0.01198959
35.74,1.618455,9.728937,-0.3041997,-0.0001334273,-0.06666533,0.0001407642
35.76,1.605328,9.745111,-0.3284075,-0.007361177,-0.06930492,0.009413204
35.78,1.621411,9.726393,-0.3398114,-0.01528884,-0.06574866,0.01400471
35.80,1.6122,9.675923,-0.350381,-0.02207678,-0.06457141,0.01210808
35.82,1.590217,9.634815,-0.4734275,-0.01264758,-0.02586394,0.006238573
35.84,1.644596,9.617113,-0.6340656,0.005551182,0.03110529,-0.003178669
35.86,1.638591,9.637335,-0.595946,0.005702482,0.06898808,-0.02034301
35.88,1.603112,9.703414,-0.390738,-0.01499725,0.05984623,-0.04095276
35.90,1.622332,9.747153,-0.2362323,-0.03348909,0.02902065,-0.04179383
35.92,1.602108,9.848887,-0.2222231,-0.03602914,-0.007484934,-0.01358956
35.94,1.589042,9.931002,-0.2324942,-0.02540275,-0.03742964,0.02338266
