time_s,ax,ay,az,gx,gy,gz
0.00,1.323283,8.72906,4.31008,-0.04428399,0.06269305,0.01254973
0.02,1.337008,8.716982,4.361099,-0.03668186,0.06805682,0.01296725
0.04,1.318079,8.712441,4.408017,-0.03171941,0.05801157,0.008893642
0.06,1.288277,8.709285,4.454951,-0.02892921,0.03435887,0.008865621
0.08,1.296053,8.709844,4.438027,-0.02954284,0.01558293,0.008184355
0.10,1.315534,8.690986,4.374467,-0.03291212,0.01487688,0.006883871
0.12,1.335606,8.680898,4.34513,-0.03704367,0.02999193,0.002897682
0.14,1.335357,8.679358,4.365674,-0.04123865,0.03792624,-0.002641587
0.16,1.327358,8.681331,4.439346,-0.03205535,0.03662753,-0.006026286
0.18,1.317528,8.678776,4.54523,-0.01882604,0.01589178,-0.01020745
0.20,1.286317,8.672445,4.625241,-0.0005938864,-0.01455634,-0.01282525
0.22,1.268294,8.676827,4.614044,0.01087926,-0.04389263,-0.01286141
0.24,1.277662,8.700826,4.487558,0.02094609,-0.05180744,-0.01047934
0.26,1.277389,8.723507,4.363826,0.02293578,-0.03998972,-0.007038315
0.28,1.283041,8.73083,4.295835,0.02077947,-0.02355523,-0.001293145
0.30,1.309551,8.716225,4.284081,0.01404685,-0.01387353,-0.000738851
0.32,1.307946,8.71011,4.29576,0.004720372,-0.00688653,-0.00107187
0.34,1.297466,8.709394,4.313503,-0.006316064,-0.007969061,-0.001057202
0.36,1.305081,8.705116,4.34606,-0.01422526,-0.01312928,-0.001374905
0.38,1.317078,8.700627,4.363952,-0.02549762,-0.02668816,-0.005583094
0.40,1.325135,8.68338,4.340802,-0.03794235,-0.02600328,-0.004352794
0.42,1.331143,8.696959,4.281932,-0.05596356,-0.0187696,-0.008269126
0.44,1.318502,8.709729,4.22533,-0.07631823,-0.003640128,-0.009041592
0.46,1.280679,8.72823,4.199439,-0.08839706,0.02879662,-0.006768019
0.48,1.267108,8.730358,4.243833,-0.0964301,0.06359382,0.001746179
0.50,1.276999,8.693095,4.403106,-0.0956048,0.07799307,0.00716414
0.52,1.297958,8.644144,4.537758,-0.09010377,0.0664048,0.006400113
0.54,1.347128,8.616861,4.598707,-0.07737843,0.0573322,9.671796e-05
0.56,1.32267,8.578575,4.656203,-0.07210647,0.04664535,-0.01005828
0.58,1.293095,8.59144,4.725139,-0.05919388,0.02364821,-0.01520014
0.60,1.25836,8.618751,4.732824,-0.04542064,-0.01036612,-0.01787942
0.62,1.253079,8.62864,4.689927,-0.03646448,-0.03808221,-0.01752238
0.64,1.256229,8.632607,4.598312,-0.03015215,-0.04772219,-0.01628182
0.66,1.274485,8.63377,4.537229,-0.02670398,-0.04782312,-0.01623768
0.68,1.21424,8.684094,4.499535,-0.01892429,-0.02906315,-0.00665633
0.70,1.288461,8.621699,4.608737,-0.01225836,-0.02078174,-0.006216006
0.72,1.307201,8.589293,4.596128,-0.0007037988,-0.02178681,-0.008937671
0.74,1.210637,8.671866,4.537438,0.005648045,-0.003929563,-0.001206124
0.76,1.198845,8.711756,4.51872,0.02284749,0.01512659,0.01272533
0.78,1.226989,8.669158,4.564234,0.02816957,0.01626403,0.02134336
0.80,1.285346,8.617149,4.550191,0.01457242,0.001773727,0.0199175
0.82,1.337099,8.576226,4.473768,-0.01083875,-0.009057309,0.01082872
0.84,1.355487,8.582248,4.367702,-0.03808562,-0.006421162,-0.000236272
0.86,1.33032,8.628622,4.294838,-0.05814569,0.01308529,-0.004420863
0.88,1.282389,8.674744,4.341326,-0.05081965,0.07158308,0.001940033
0.90,1.273011,8.647615,4.557378,-0.02109594,0.124606,0.01143553
0.92,1.240162,8.612287,4.855164,0.01433693,0.1092982,0.01571669
0.94,1.219819,8.587413,5.01015,0.04755773,0.05038502,0.01614093
0.96,1.225163,8.581442,4.976679,0.07751227,-0.01358491,0.01521483
0.98,1.282578,8.557092,4.836945,0.08705103,-0.06164287,0.007538012
1.00,1.351665,8.530579,4.656474,0.07410794,-0.09033847,-0.007100975
1.02,1.356419,8.563711,4.427951,0.04760005,-0.09081257,-0.02220936
1.04,1.327615,8.654769,4.224037,0.02089902,-0.06072644,-0.0233274
1.06,1.253568,8.720146,4.183339,0.003311269,-0.01044998,-0.01566273
1.08,1.234326,8.747412,4.218602,-0.005759532,0.03947487,0.0002762501
1.10,1.225949,8.719304,4.345535,-0.008376339,0.06972181,0.01068935
1.12,1.244393,8.687612,4.487207,-0.004077224,0.07038034,0.01797708
1.14,1.263909,8.645323,4.575032,0.001101815,0.05472985,0.01901843
1.16,1.285359,8.621994,4.617888,0.006084229,0.03649219,0.0171411
1.18,1.314437,8.588858,4.643671,0.00699393,0.0171092,0.007605861
1.20,1.324306,8.574426,4.649965,0.009052708,-0.006035909,-0.002010135
1.22,1.315052,8.581182,4.646717,0.008410802,-0.02600878,-0.0118136
1.24,1.295609,8.612417,4.630029,0.01662796,-0.04097363,-0.01689108
1.26,1.263716,8.641599,4.57571,0.01970073,-0.0483663,-0.01709417
1.28,1.260529,8.652534,4.519972,0.02324848,-0.05117242,-0.01722754
1.30,1.262022,8.666699,4.462892,0.02125615,-0.04237941,-0.0154359
1.32,1.263736,8.681848,4.403506,0.01765717,-0.03172419,-0.009435249
1.34,1.25163,8.700723,4.398761,0.0135486,-0.01448894,-0.004736451
1.36,1.253121,8.686174,4.410618,0.01161586,0.002106413,-9.782994e-05
1.38,1.27312,8.673969,4.435965,0.01332727,0.009493647,0.004899405
1.40,1.275688,8.653402,4.477162,0.01157575,0.01004338,0.003138909
1.42,1.283932,8.661461,4.49249,0.0103046,0.005702425,0.00502727
1.44,1.293262,8.647884,4.504298,0.009121855,-0.000869955,0.0009646292
1.46,1.284539,8.646156,4.5047,0.007092488,-0.006786102,-0.0007122346
1.48,1.292041,8.656256,4.475434,0.006510963,-0.01219325,-0.001408895
1.50,1.285295,8.660066,4.463009,0.0079299,-0.00628783,-0.00216045
1.52,1.286659,8.649342,4.468835,0.008144698,-0.004049101,-0.002506223
1.54,1.284207,8.673783,4.478601,0.008954295,-0.001902673,-0.001982035
1.56,1.27793,8.666546,4.483703,0.008457165,-0.004321608,-0.0003932813
1.58,1.289693,8.661086,4.480346,0.008312891,-0.009573382,-0.001298581
1.60,1.298396,8.653513,4.474024,0.004240999,-0.01088227,-0.003852793
1.62,1.28532,8.669485,4.459381,0.003289453,-0.009924709,-0.003816432
1.64,1.282748,8.672629,4.466556,0.003026792,-0.01070627,-0.004637413
1.66,1.277657,8.664961,4.45383,0.001769995,-0.00662595,-0.004016754
1.68,1.278594,8.672742,4.4377,-0.001040514,-0.003200141,-0.003259021
1.70,1.274422,8.669777,4.448736,0.0003555684,0.001306279,-0.001241296
1.72,1.274035,8.66902,4.44296,-0.002472821,0.002410231,0.00127759
1.74,1.284238,8.667396,4.433822,-0.005063107,0.004678793,0.001134196
1.76,1.292162,8.665978,4.432238,-0.006818336,0.005046626,0.0009048129
1.78,1.292042,8.663237,4.440148,-0.01168695,0.005925804,-0.0007005375
1.80,1.285627,8.667141,4.464194,-0.01352343,0.008679095,-0.0005956738
1.82,1.283438,8.661449,4.479789,-0.01226602,0.01007876,-0.0007962117
1.84,1.282587,8.659385,4.501318,-0.01139633,0.00658016,-0.0009838142
1.86,1.274228,8.656518,4.504514,-0.009001043,0.005643927,0.0005629688
1.88,1.276555,8.660082,4.486866,-0.006810797,0.004085244,-2.512745e-05
1.90,1.289227,8.655885,4.478556,-0.006615357,0.006451966,-0.0009125042
1.92,1.288139,8.657554,4.483232,-0.009454058,0.006958524,-0.002361163
1.94,1.280609,8.6547,4.485142,-0.0113584,0.006171587,-0.00171633
1.96,1.268751,8.653246,4.483775,-0.01053499,0.005194102,-0.00119929
1.98,1.257283,8.668712,4.490042,-0.009254617,0.01026133,0.00160455
2.00,1.273716,8.657635,4.493988,-0.002572964,0.01447936,0.003177256
2.02,1.294727,8.639094,4.524283,-0.003640212,0.01004829,0.0007486817
2.04,1.29062,8.637598,4.546085,-0.003166991,-0.002409728,-0.002929919
2.06,1.279413,8.632974,4.529346,-0.004588962,-0.009062761,-0.00629913
2.08,1.271574,8.660359,4.508615,-0.004636808,-0.009973211,-0.005245573
2.10,1.259673,8.661017,4.48917,-0.002782603,-0.00569514,-0.004026699
2.12,1.266433,8.665075,4.481956,0.001504619,-0.0002046246,-0.0006668526
2.14,1.2637,8.668948,4.464769,-0.001917472,0.008703545,0.002696535
2.16,1.27315,8.644501,4.45379,-0.004736732,0.0135955,0.002315574
2.18,1.277147,8.646253,4.476837,-0.005185726,0.01517391,0.0002593727
2.20,1.274303,8.646618,4.519104,-0.009103905,0.009177885,-0.0008409803
2.22,1.283933,8.644956,4.519622,-0.008463562,-0.00163537,-0.004278191
2.24,1.295325,8.634295,4.521697,-0.008841415,-0.004461612,-0.007165938
2.26,1.265761,8.640153,4.527853,-0.007584091,-0.008412838,-0.007129361
2.28,1.264458,8.6473,4.530686,-0.004558439,-0.01564896,-0.008010262
2.30,1.257142,8.657122,4.511196,-0.004730374,-0.01492915,-0.00513942
2.32,1.264749,8.661051,4.48695,-0.005947921,-0.009635899,-0.006074817
2.34,1.264269,8.653949,4.478247,-0.007209644,-0.008532615,-0.001766692
2.36,1.268161,8.657467,4.450712,-0.01162802,-0.002812915,-0.003557106
2.38,1.266448,8.652515,4.434278,-0.01807588,0.00641065,-0.001654682
2.40,1.277246,8.650364,4.442404,-0.02540296,0.01919169,-0.00171808
2.42,1.276526,8.646521,4.50342,-0.02731705,0.02151232,-0.001824753
2.44,1.264673,8.63375,4.541482,-0.02420773,0.01978892,-0.001297258
2.46,1.258314,8.640485,4.564056,-0.02012873,0.01292753,-0.002057225
2.48,1.257965,8.634664,4.5726,-0.01364115,0.0125689,0.000461179
2.50,1.263703,8.629912,4.580515,-0.01246274,0.01154404,-0.0003556822
2.52,1.261815,8.626674,4.569106,-0.007436512,0.00504436,-0.0003612568
2.54,1.266524,8.624291,4.561544,-0.006840709,0.003394956,-0.0008379606
2.56,1.269057,8.630996,4.541604,-0.008143617,0.002797349,-0.001243711
2.58,1.26523,8.630154,4.53956,-0.007284286,0.002001895,-0.0004956077
2.60,1.256689,8.632152,4.53739,-0.005644536,0.004820603,0.0004919277
2.62,1.25319,8.634844,4.536736,-0.005542582,0.002895836,-0.0004408259
2.64,1.251207,8.634632,4.551052,-0.002362626,0.00449775,-0.0004804078
2.66,1.260165,8.641249,4.564862,0.005348979,0.01130428,0.00193866
2.68,1.264705,8.620518,4.571333,0.004168863,0.006448587,0.00301909
2.70,1.271152,8.612144,4.584795,0.00383046,-0.005563723,-0.0006943223
2.72,1.272216,8.61578,4.549665,-0.002786584,-0.01415326,-0.00511785
2.74,1.269407,8.631335,4.497035,-0.007638705,-0.006036634,-0.005546486
2.76,1.254184,8.636139,4.498217,-0.008459493,0.003086771,-0.001940411
2.78,1.245533,8.64409,4.526872,-0.005464656,0.006941312,-0.0002591539
2.80,1.238387,8.64625,4.559135,-0.0001035954,0.01225829,0.001879057
2.82,1.25272,8.631716,4.561934,0.0001553767,0.01116409,0.004514007
2.84,1.260484,8.619689,4.552552,0.005136889,0.01115757,0.004166162
2.86,1.261725,8.624979,4.564098,0.004555361,0.009905053,0.002002893
2.88,1.264451,8.622796,4.572725,0.005160544,0.003732666,0.0007941363
2.90,1.261816,8.624142,4.567114,0.007589568,-0.001331465,-9.988117e-05
2.92,1.254537,8.628063,4.542556,0.005621967,-0.002408226,-0.001338851
2.94,1.260392,8.623197,4.529895,0.003301036,-0.002497475,-0.000656705
2.96,1.266257,8.62414,4.517516,0.001320061,0.0008714172,-0.0001408312
2.98,1.256512,8.634733,4.519969,-0.0001638009,0.001577553,0.0003994756
3.00,1.254123,8.629083,4.550873,-8.970927e-05,0.002486725,0.0005078865
3.02,1.265767,8.624427,4.561848,-0.0006592289,0.001141737,-0.001569271
3.04,1.263054,8.630857,4.55072,-0.0006782166,-0.004938978,-0.001643181
3.06,1.254396,8.63805,4.526401,-0.0003820258,-0.003440633,-0.0005565179
3.08,1.250742,8.63695,4.502327,-0.002765304,0.0007664053,8.510343e-05
3.10,1.256179,8.635206,4.492724,-0.004712833,0.005970647,-0.0005867765
3.12,1.260638,8.631387,4.504899,-0.009153016,0.01070248,0.0007350153
3.14,1.263152,8.621558,4.525611,-0.01040082,0.01642527,0.001615728
3.16,1.25469,8.626897,4.550057,-0.009881307,0.01907045,0.0007000348
3.18,1.252169,8.618485,4.582981,-0.009884865,0.01394492,-0.0007877755
3.20,1.244138,8.618137,4.588675,-0.004627585,0.006804617,-0.0007022345
3.22,1.251501,8.618134,4.569125,-0.002080462,0.002658127,-0.0001114547
3.24,1.253574,8.628001,4.56294,-0.0007232945,0.002952271,-0.001784059
3.26,1.247063,8.630859,4.54762,-0.0008588287,0.002361015,0.0005185815
3.28,1.254011,8.622917,4.551308,-0.0005062615,0.002881163,-0.001390035
3.30,1.255842,8.621916,4.555466,-0.003273937,-0.000311463,-0.001577571
3.32,1.251956,8.614312,4.546348,-0.005282893,-0.0002495571,-0.001613561
3.34,1.256081,8.623775,4.537789,-0.006217897,0.002801756,-0.001388785
3.36,1.253969,8.619383,4.53464,-0.008367257,0.006053609,-0.0004443085
3.38,1.249914,8.626959,4.544897,-0.006703602,0.008850149,-0.001342339
3.40,1.243815,8.63112,4.566283,-0.003448027,0.01118044,-0.0003509778
3.42,1.246263,8.615718,4.58463,0.002658523,0.01442215,-0.00028452
3.44,1.241192,8.609456,4.626285,0.005628756,0.001892173,0.0009757065
3.46,1.254593,8.605369,4.636198,0.007186929,-0.0165725,-0.002952632
3.48,1.253793,8.618146,4.551803,0.004097066,-0.01750906,-0.003894362
3.50,1.245359,8.646123,4.481907,-0.003191071,-0.009044673,-0.002144044
3.52,1.248919,8.632988,4.477461,-0.005688811,0.006981951,-0.0003282533
3.54,1.233641,8.641026,4.518473,-0.00782569,0.01597204,0.001225128
3.56,1.236818,8.632106,4.558172,-0.004075512,0.0169969,0.00303809
3.58,1.254797,8.615105,4.600623,-0.0009272711,0.01439059,0.002984715
3.60,1.252149,8.605133,4.616119,0.003827103,0.006950344,0.001074142
3.62,1.25329,8.613053,4.612705,0.004560713,-0.001800836,0.001031403
3.64,1.249912,8.612548,4.594637,0.007460539,-0.006747361,-0.0001952321
3.66,1.248799,8.617849,4.559793,0.006803912,-0.007918064,0.0003623645
3.68,1.250373,8.620148,4.547854,0.005594623,-0.006844098,-0.001316709
3.70,1.257781,8.620125,4.533206,0.002821427,-0.006764288,-0.00227876
3.72,1.252329,8.625467,4.516524,-0.001473499,-0.001670419,-0.001783237
3.74,1.244641,8.632023,4.528833,-0.0009946995,0.003485199,0.0005382345
3.76,1.239553,8.639928,4.554187,-0.0008864499,0.007149764,0.001254657
3.78,1.235974,8.624422,4.583945,0.001215318,0.004660574,0.00170113
3.80,1.251875,8.613392,4.59353,-4.014407e-05,-0.001364412,0.0005011511
3.82,1.250283,8.62164,4.561599,-0.0003653165,-0.003483996,-0.0005374547
3.84,1.246629,8.624078,4.530006,-0.002196717,-0.001173633,-0.001850209
3.86,1.246243,8.62787,4.540121,-0.005117911,0.00281046,-0.002182551
3.88,1.241787,8.621264,4.533818,-0.007187963,0.004142412,0.0001330058
3.90,1.238126,8.629861,4.551405,-0.004949636,0.006727338,0.0005114351
3.92,1.247654,8.612486,4.561464,-0.004579285,0.008280251,0.0008707856
3.94,1.252445,8.615396,4.58833,-0.003199809,0.007317482,0.0008542011
3.96,1.25262,8.619827,4.60167,-0.0004083396,0.001486836,-0.001014531
3.98,1.249827,8.616153,4.580073,-0.000898065,0.001278021,-0.0007789013
4.00,1.239001,8.621279,4.583322,0.0002024102,-0.003261277,-0.0009997134
4.02,1.244807,8.620153,4.554846,0.001200567,-0.001096657,0.0007607322
4.04,1.245026,8.625758,4.527147,0.001137405,0.000690631,-0.0006061351
4.06,1.24568,8.627208,4.547747,-0.003550316,0.00375794,-0.001368964
4.08,1.253187,8.612445,4.54945,-0.002854733,0.003589208,-0.0009884977
4.10,1.244753,8.619536,4.571979,-0.003705685,-0.0005047779,-0.001346159
4.12,1.246307,8.619044,4.563437,-0.005195332,0.00102402,-0.001642693
4.14,1.248624,8.627089,4.560576,-0.00439201,0.001081647,-0.002353458
4.16,1.246758,8.627297,4.554671,-0.004841244,0.002383962,-0.002303313
4.18,1.217438,8.63157,4.56632,-0.002523214,0.005281413,-0.0005489871
4.20,1.230082,8.627756,4.579554,0.003257516,0.009651524,0.002306488
4.22,1.241438,8.616643,4.599058,0.003594465,0.007724865,0.00228635
4.24,1.257443,8.60462,4.610826,0.003023214,-0.0072568,0.0006916596
4.26,1.253352,8.602364,4.575132,0.000728777,-0.01242889,-0.003885309
4.28,1.245344,8.630753,4.512899,-0.004939797,-0.005468074,-0.003919445
4.30,1.226791,8.638925,4.510972,-0.008324957,0.003145089,-0.001051466
4.32,1.23005,8.635517,4.548301,-0.006908791,0.01399232,0.004506832
4.34,1.23535,8.632119,4.566462,-0.004344826,0.01431349,0.004762171
4.36,1.249928,8.620278,4.577999,-0.002149232,0.0143904,0.003750326
4.38,1.248646,8.608891,4.582629,-0.00410114,0.00974896,0.002392452
4.40,1.238428,8.611357,4.586935,-0.00135062,0.004848257,-0.0003571923
4.42,1.248195,8.614818,4.593451,0.0004885027,0.00187251,0.001090741
4.44,1.24927,8.618413,4.586733,-0.001545744,0.001545412,0.0004955574
4.46,1.247546,8.602351,4.56422,-0.001478267,0.001395889,-0.0006320857
4.48,1.252904,8.610703,4.570113,-0.00290067,-0.00236478,-0.002055267
4.50,1.243759,8.609127,4.568729,-0.005732563,-0.002447976,-0.001489285
4.52,1.23602,8.621629,4.558161,-0.005082308,0.004109339,-0.003463305
4.54,1.228337,8.62061,4.568681,-0.004115428,0.005838724,-0.002768057
4.56,1.229874,8.613382,4.589554,0.0008703776,0.001392426,0.001069626
4.58,1.243571,8.612341,4.595947,-0.001617501,0.0005618512,-0.002099661
4.60,1.228741,8.613976,4.567261,-0.0007230804,-0.003811222,0.0004765976
4.62,1.234721,8.624692,4.554729,0.0008526841,0.0005803099,-0.0008751171
4.64,1.238366,8.612544,4.56656,-0.001808229,0.001578291,-0.001122588
4.66,1.243647,8.614429,4.557156,-0.006706553,0.003781759,-0.0015489
4.68,1.245031,8.615589,4.57626,-0.006777628,0.006060364,7.207555e-05
4.70,1.237334,8.611016,4.594488,-0.004933818,0.003555161,-0.001951191
4.72,1.234493,8.612741,4.583831,-0.004861771,0.002604082,-0.0002915694
4.74,1.233111,8.60833,4.607008,0.0012516,0.0006236744,-0.001800554
4.76,1.23438,8.606667,4.61618,0.003108982,-0.002680803,-0.001718529
4.78,1.229965,8.611924,4.60042,0.004727394,-0.006389155,-0.002076953
4.80,1.240584,8.620299,4.577018,0.003927443,-0.007702752,-0.001209336
4.82,1.235644,8.621527,4.540011,0.001277176,-0.001482313,-0.0009616736
4.84,1.236379,8.626992,4.524548,-0.001488712,0.003549982,0.001093272
4.86,1.239438,8.627814,4.535758,-0.005101979,0.01074062,0.002143777
4.88,1.248004,8.616345,4.561112,-0.005651372,0.01113993,0.0005473896
4.90,1.244519,8.60617,4.601183,-0.008876243,0.007839289,0.0006337294
4.92,1.244904,8.603639,4.622045,-0.003366282,-9.614677e-05,-0.0006094614
4.94,1.242569,8.610276,4.606912,-0.002620367,-0.003333004,-0.002060739
4.96,1.234471,8.617504,4.581271,-0.004519801,-0.003811186,-0.004291119
4.98,1.234504,8.621115,4.572178,-0.001823037,-0.002028476,-0.003568414
5.00,1.230685,8.626719,4.574472,0.0004592756,0.003271896,-0.001414715
5.02,1.235581,8.613442,4.584324,0.00326078,0.004923133,-0.0001830563
5.04,1.237569,8.599524,4.6064,0.00130181,0.0013945,-0.001903791
5.06,1.241275,8.600897,4.609105,0.002472259,-0.009961305,-0.00297066
5.08,1.239769,8.608928,4.563054,-0.001662857,-0.01036978,-0.004375544
5.10,1.22163,8.629712,4.523047,-0.006221897,6.352382e-05,-0.001366481
5.12,1.21465,8.626654,4.535199,-0.006313854,0.006352806,0.001087959
5.14,1.216052,8.623786,4.569091,-0.002032656,0.01691642,0.003645097
5.16,1.230915,8.605913,4.589596,0.0005311222,0.01765781,0.003500808
5.18,1.248615,8.592836,4.611993,-0.001041791,0.01484883,0.002234303
5.20,1.23955,8.598184,4.612227,0.001585002,0.006122,-0.002069145
5.22,1.234408,8.613388,4.625157,0.004661828,-0.0007072855,-0.002051089
5.24,1.23198,8.611253,4.603241,0.005697195,-0.004161773,-0.002195352
5.26,1.235748,8.614867,4.574285,0.004041435,-0.005263829,-0.00253099
5.28,1.232847,8.612185,4.561639,0.001675567,-0.001858845,-0.001923402
5.30,1.240348,8.613758,4.557107,0.0006093051,-0.0001354723,-0.002631909
5.32,1.235066,8.613134,4.554221,-0.0007093871,0.005739599,-0.001178301
5.34,1.22533,8.616439,4.576248,-0.001042562,0.008789449,-0.00119437
5.36,1.221137,8.617931,4.601135,0.003599375,0.004758863,-0.0001456634
5.38,1.231104,8.609346,4.613345,0.001776089,-0.001247296,-0.0005417762
5.40,1.237282,8.610181,4.580039,0.001726456,-0.002222706,0.0003533745
5.42,1.237553,8.616965,4.563867,0.002129383,-0.003570887,-0.001440502
5.44,1.233442,8.612259,4.5609,0.0008308674,0.001839561,-0.002466316
5.46,1.230174,8.629556,4.555691,0.0008044264,0.006016523,-0.0004879784
5.48,1.225185,8.620122,4.56726,-0.002622069,0.0104714,0.0007113328
5.50,1.227001,8.616617,4.567874,-0.004448386,0.01006278,8.36991e-05
5.52,1.227282,8.613369,4.584931,-0.003344479,0.01113529,-0.0001316579
5.54,1.227582,8.608666,4.600898,-0.002105612,0.01065138,-0.0001194264
5.56,1.227825,8.608699,4.601829,0.0004976661,0.006402602,-0.00137265
5.58,1.225103,8.606853,4.594684,0.001344681,0.003069216,-0.002015535
5.60,1.227298,8.606776,4.599277,0.002033851,0.00246382,-0.001308077
5.62,1.225417,8.612343,4.582769,0.001260925,-0.0002603913,-0.002383274
5.64,1.224154,8.608483,4.586699,0.0005346101,0.0002058258,-0.001503391
5.66,1.222455,8.610113,4.579302,-0.001652036,0.000839129,-0.002278434
5.68,1.229057,8.607824,4.578422,-0.00176373,0.00215844,-0.002540528
5.70,1.222768,8.619888,4.574688,-0.004412578,0.003764704,-0.001062138
5.72,1.215395,8.616145,4.575156,-0.00533169,0.004181592,-0.0001594707
5.74,1.220969,8.612209,4.574504,-0.004549434,0.005872307,-0.001625661
5.76,1.234302,8.602805,4.577688,-0.009332777,0.003443694,-0.002852255
5.78,1.245107,8.594703,4.577437,-0.01623694,-0.001135178,-0.006874005
5.80,1.242348,8.598058,4.558049,-0.02407629,-0.005634273,-0.01135332
5.82,1.230542,8.605226,4.536316,-0.03270705,-0.0001113102,-0.01248321
5.84,1.245772,8.602432,4.508777,-0.0384558,0.005047056,-0.01516992
5.86,1.234316,8.583378,4.574711,-0.0506621,0.001518762,-0.01735935
5.88,1.23351,8.577794,4.597218,-0.06117249,-0.01104479,-0.02212461
5.90,1.222338,8.590875,4.602068,-0.07869381,-0.03741613,-0.02707332
5.92,1.209327,8.580694,4.591841,-0.1063249,-0.0668149,-0.03168478
5.94,1.211432,8.595668,4.563378,-0.1269154,-0.07325582,-0.03150183
5.96,1.185352,8.657007,4.441052,-0.1507635,-0.06141434,-0.02215914
5.98,1.127234,8.662745,4.463132,-0.18004,-0.04963808,-0.010345
6.00,1.153195,8.616454,4.529516,-0.1912799,-0.0231972,0.005313663
6.02,1.187143,8.563781,4.630001,-0.193322,0.0002341772,0.0101534
6.04,1.194751,8.513305,4.743217,-0.2148803,0.003425939,0.01426551
6.06,1.189434,8.526422,4.696106,-0.2358058,0.01471658,0.02321006
6.08,1.173304,8.562399,4.701599,-0.2590194,0.03511245,0.03146336
6.10,1.279329,8.460991,4.58432,-0.2843865,0.06576657,0.1016573
6.12,1.242658,8.340314,4.457884,-0.3450421,0.1811341,0.1692102
6.14,1.201403,8.39246,4.624131,-0.3605494,0.2813796,0.07632437
6.16,1.684224,8.302252,5.110363,-0.3950921,0.2565286,0.170399
6.18,1.455477,8.371426,5.001513,-0.4992646,0.3631138,0.3570282
6.20,1.276513,8.452329,4.676874,-0.5383772,0.5078427,0.4060314
6.22,1.299793,8.043291,4.749773,-0.5374191,0.5937833,0.3961024
6.24,1.29608,7.905083,5.060155,-0.5602877,0.6186309,0.3426189
6.26,1.287827,7.965455,5.404612,-0.6012854,0.5786722,0.2846077
6.28,1.252683,7.991272,5.701871,-0.6129469,0.5213236,0.2531263
6.30,1.182833,7.854654,5.697692,-0.6092218,0.4989466,0.2760767
6.32,1.099458,7.868958,5.712442,-0.6257968,0.5178158,0.3165789
6.34,1.135987,7.790689,5.950774,-0.6388241,0.5357656,0.3411851
6.36,1.192157,7.607603,6.133024,-0.642206,0.5316024,0.340348
6.38,1.19114,7.500552,6.283207,-0.6516532,0.525611,0.3256726
6.40,1.165609,7.480791,6.477465,-0.6742567,0.5542035,0.3196495
6.42,0.9863779,7.427909,6.430692,-0.7103059,0.6197819,0.3236063
6.44,0.8089129,7.171481,6.265817,-0.733085,0.6911844,0.3265361
6.46,0.7777528,6.821416,6.295503,-0.7262805,0.715434,0.3134452
6.48,0.8377402,6.723647,6.615478,-0.7052947,0.6865218,0.2990547
6.50,0.8253819,6.824927,7.053994,-0.6791071,0.6227059,0.2928244
6.52,0.6839408,6.936406,7.478153,-0.6442624,0.5225921,0.2980464
6.54,0.5624325,7.012461,7.661657,-0.6319625,0.4126666,0.3312569
6.56,0.4696397,6.825092,7.449116,-0.6233532,0.3439928,0.3787318
6.58,0.588131,6.395625,7.388242,-0.6050921,0.3072523,0.4154895
6.60,0.8444309,6.067126,7.439865,-0.557898,0.2714086,0.4409464
6.62,1.004684,5.956885,7.684652,-0.5209809,0.2287711,0.4561866
6.64,0.9499664,5.994432,7.660709,-0.5017485,0.2418314,0.4672905
6.66,0.9047745,5.962731,7.628396,-0.5182194,0.2991154,0.4649771
6.68,0.9556672,5.916443,7.675179,-0.5390555,0.3699669,0.4452536
6.70,1.100742,5.759398,7.847688,-0.555549,0.4178877,0.4261824
6.72,1.172058,5.700971,7.91488,-0.5484136,0.46249,0.4244393
6.74,1.130311,5.577875,7.947465,-0.564516,0.5119818,0.4376017
6.76,1.016203,5.448795,8.053006,-0.5974444,0.5793718,0.4487478
6.78,0.9496341,5.336076,8.084893,-0.6119944,0.6534688,0.43817
6.80,1.020409,5.163675,8.203939,-0.6226,0.6662187,0.4093353
6.82,1.054839,5.082251,8.420055,-0.6059538,0.6271995,0.3927206
6.84,0.9630777,5.18557,8.54395,-0.5841229,0.5851076,0.3967482
6.86,0.8328011,5.156616,8.434503,-0.5895869,0.5662871,0.4209106
6.88,0.757621,5.011692,8.548864,-0.6010438,0.5407271,0.4224527
6.90,0.7522823,4.897,8.747444,-0.5793893,0.4697722,0.3966985
6.92,0.7948636,4.776738,8.825391,-0.5423358,0.3663279,0.3555482
6.94,0.7197083,4.71195,8.823091,-0.5209724,0.2656911,0.320675
6.96,0.5973236,4.641034,8.786225,-0.5036768,0.1950111,0.2993132
6.98,0.4977801,4.581194,8.79161,-0.4909279,0.1476045,0.286584
7.00,0.4828005,4.531078,8.836942,-0.4684227,0.1057594,0.274234
7.02,0.5143605,4.466296,8.838089,-0.4362506,0.06138443,0.2558412
7.04,0.5375357,4.41515,8.821335,-0.4171588,0.05218903,0.2415235
7.06,0.5054051,4.307843,8.847464,-0.423793,0.08181659,0.2223956
7.08,0.4590809,4.219246,8.942748,-0.4551747,0.1305653,0.1979383
7.10,0.4310959,4.159536,8.958988,-0.4904568,0.1630644,0.1646636
7.12,0.3812966,4.030017,8.866261,-0.5247682,0.1785069,0.1294459
7.14,0.3673346,3.846574,8.8255,-0.5311901,0.1995451,0.09365296
7.16,0.3099985,3.672558,8.789116,-0.5148922,0.2452911,0.05932973
7.18,0.2552622,3.532016,8.770007,-0.4962398,0.2785117,0.02863089
7.20,0.1490183,3.513437,8.801479,-0.4838175,0.3022964,0.004009095
7.22,0.03051763,3.700282,9.008636,-0.4739389,0.3096497,-0.01728863
7.24,-0.03705137,3.744664,9.171246,-0.4542422,0.2888976,-0.03444267
7.26,-0.01602625,3.613984,9.213785,-0.4390045,0.2612357,-0.03115574
7.28,-0.06808519,3.447546,9.263682,-0.4229075,0.2504466,-0.01590453
7.30,-0.156475,3.365655,9.2953,-0.4011548,0.2373913,-0.007811607
7.32,-0.09572463,3.334971,9.359914,-0.3767749,0.1797171,-0.01134965
7.34,-0.07906007,3.295847,9.432761,-0.341881,0.1102187,-0.02082954
7.36,-0.1073972,3.252367,9.525226,-0.3126626,0.0320907,-0.01980576
7.38,-0.1176878,3.245093,9.549459,-0.2823198,-0.04742445,-0.01784196
7.40,-0.09066802,3.223804,9.456994,-0.2605167,-0.1068726,0.003468398
7.42,-0.02189232,3.079342,9.363382,-0.2403139,-0.1262353,0.03027635
7.44,0.04685903,2.982934,9.269559,-0.2228523,-0.1248227,0.05455567
7.46,0.1006909,3.010215,9.244378,-0.2164538,-0.1193263,0.07791696
7.48,0.1877858,3.045596,9.257683,-0.2178555,-0.09012307,0.1076141
7.50,0.289643,2.955261,9.261166,-0.2384542,-0.03598475,0.1433757
7.52,0.3718339,2.841718,9.200401,-0.2749083,0.04770669,0.1744079
7.54,0.45761,2.731047,9.181341,-0.3119503,0.1427517,0.1979581
7.56,0.4820742,2.709455,9.208757,-0.3295042,0.2303631,0.2301614
7.58,0.3548279,2.683277,9.230715,-0.3354212,0.3204914,0.2559396
7.60,0.1364922,2.605836,9.241125,-0.3477729,0.416453,0.2744899
7.62,-0.01673372,2.463944,9.312494,-0.3648824,0.50105,0.2809163
7.64,-0.155533,2.390976,9.490644,-0.3854919,0.5380944,0.2902028
7.66,-0.3060013,2.3578,9.623231,-0.3903179,0.5508158,0.3055883
7.68,-0.387091,2.222738,9.771331,-0.393391,0.560293,0.3296977
7.70,-0.5127145,2.05936,9.933313,-0.4133455,0.5547419,0.3572625
7.72,-0.7222573,1.966067,10.26721,-0.4037343,0.5138662,0.3738733
7.74,-0.8303392,1.961078,10.42183,-0.3967373,0.383429,0.3805663
7.76,-0.8208694,1.865998,10.38593,-0.4010672,0.197505,0.3851022
7.78,-0.8759913,1.634523,10.27223,-0.367308,0.05333966,0.3926394
7.80,-0.9134679,1.376908,10.02606,-0.3447357,-0.04861468,0.3851382
7.82,-0.8393481,1.159113,9.78304,-0.3355554,-0.1252168,0.3620362
7.84,-0.717208,1.053279,9.688086,-0.3173744,-0.1746363,0.31886
7.86,-0.5693873,1.046297,9.65279,-0.2962947,-0.2001703,0.2670916
7.88,-0.4488407,1.046562,9.589716,-0.3052159,-0.1929816,0.2341867
7.90,-0.4748003,1.048973,9.551962,-0.3385026,-0.1370273,0.216957
7.92,-0.4996161,1.059395,9.457349,-0.3904038,-0.06083508,0.2035881
7.94,-0.3607456,1.076099,9.395025,-0.4447046,0.01535424,0.1954901
7.96,-0.2822737,1.097138,9.375894,-0.5030332,0.09338763,0.179899
7.98,-0.2960664,1.042,9.356069,-0.5432516,0.1512328,0.1598745
8.00,-0.2765724,0.9999209,9.393872,-0.5451596,0.1835708,0.1623969
8.02,-0.2837249,0.9913372,9.386297,-0.5400897,0.2054105,0.1894753
8.04,-0.3087565,0.9675894,9.427893,-0.5215955,0.2380023,0.2264123
8.06,-0.4047953,0.9086171,9.442665,-0.4878055,0.2588562,0.2624133
8.08,-0.5289713,0.8610458,9.261997,-0.4692915,0.2689612,0.30722
8.10,-0.5505685,0.7985282,9.286889,-0.4457369,0.279795,0.3587511
8.12,-0.6003714,0.8748044,9.367648,-0.4139168,0.2755665,0.4000675
8.14,-0.6697316,0.9038396,9.363275,-0.3708558,0.2465839,0.4296651
8.16,-0.7643663,0.6841779,9.357411,-0.3028363,0.2266815,0.4485308
8.18,-1.005587,0.4244294,9.320675,-0.2235354,0.2345648,0.4464701
8.20,-1.115806,0.1670961,9.313222,-0.1520773,0.2502498,0.4346257
8.22,-1.093895,-0.06856482,9.464117,-0.1085989,0.2357178,0.4407525
8.24,-1.141609,-0.07840381,9.685352,-0.067688,0.1809865,0.4752989
8.26,-1.238435,0.2341353,9.896243,-0.02642509,0.08513068,0.5480995
8.28,-1.368358,0.6551588,9.923202,0.01630167,-0.004114549,0.6425968
8.30,-1.610536,0.7647366,9.712731,0.02756535,-0.05417661,0.7045245
8.32,-1.644615,0.3832629,9.501269,0.0270753,-0.07907566,0.7063925
8.34,-1.412712,-0.0278172,9.450205,0.04311012,-0.114776,0.6548138
8.36,-1.26818,-0.210568,9.385839,0.0616809,-0.1382378,0.565885
8.38,-1.223929,-0.2059628,9.305508,0.09298406,-0.1259016,0.4821638
8.40,-1.226185,-0.102913,9.343158,0.1325182,-0.06224802,0.4329499
8.42,-1.459647,-0.04402823,9.477199,0.1422883,0.05890204,0.3833525
8.44,-1.637495,0.05440907,9.883217,0.04531111,0.1782527,0.2988616
8.46,-1.727591,0.1459676,9.768093,-0.0479014,0.3073516,0.1816429
8.48,-1.566123,0.1352544,9.709452,-0.1243553,0.3945567,0.0806049
8.50,-1.563263,0.1302548,9.671428,-0.1677847,0.5187364,-0.008278132
8.52,-1.512509,0.2150192,9.828081,-0.1611832,0.6885707,-0.06827673
8.54,-1.642298,0.4169302,9.901263,-0.1066251,0.8195685,-0.1173401
8.56,-1.886391,0.7330641,9.857849,-0.05588436,0.8332548,-0.153408
8.58,-1.959227,0.739706,9.853146,-0.005333103,0.7403561,-0.1796763
8.60,-1.84668,0.5691862,9.938451,0.0296761,0.5986615,-0.176318
8.62,-2.000335,0.6462714,10.02115,0.04229348,0.4591675,-0.1520312
8.64,-2.207294,0.7174949,10.07693,0.02761817,0.3137824,-0.1267708
8.66,-2.136778,0.5224356,10.16269,0.04558471,0.1310301,-0.1064538
8.68,-2.025442,0.2025527,10.13841,0.1003402,-0.0582298,-0.1039978
8.70,-1.989059,-0.04113837,10.13954,0.1650546,-0.2128951,-0.1439047
8.72,-1.988677,-0.01890906,9.952803,0.1970117,-0.3264927,-0.2003457
8.74,-1.843665,0.1780178,9.770278,0.1861169,-0.4027731,-0.2313049
8.76,-1.825262,0.3288387,9.647397,0.1571643,-0.4195333,-0.2254051
8.78,-1.776619,0.4436316,9.62561,0.1233046,-0.3791292,-0.19647
8.80,-1.712699,0.4867575,9.624903,0.09638,-0.3063332,-0.1497979
8.82,-1.65475,0.5148695,9.519156,0.07646473,-0.228665,-0.09567732
8.84,-1.55108,0.4892746,9.344171,0.03339294,-0.1497538,-0.0476706
8.86,-1.423294,0.4059945,9.201942,-0.001928046,-0.06504848,-0.01768831
8.88,-1.339127,0.3127763,9.34303,-0.02288068,0.03141259,0.002226774
8.90,-1.472726,0.3485525,9.397522,-0.02700326,0.1315668,0.02568011
8.92,-1.595053,0.432689,9.386411,-0.02683957,0.2233794,0.06014283
8.94,-1.718001,0.5237157,9.45166,-0.04203402,0.2740591,0.07993046
8.96,-1.897864,0.5582041,9.544962,-0.05744395,0.2835274,0.08082595
8.98,-1.880102,0.3693242,9.766626,-0.007004578,0.2779067,0.08090165
9.00,-1.88199,0.2246748,9.73108,0.07644504,0.2670582,0.07532781
9.02,-1.939399,0.1911789,9.668019,0.1270483,0.2155714,0.062459
9.04,-1.980315,0.2904825,9.730328,0.1520826,0.1174366,0.04368218
9.06,-1.973366,0.4001771,9.857677,0.1920658,-0.006315656,0.03028633
9.08,-1.962659,0.5165853,9.808788,0.2265653,-0.1141889,0.02065172
9.10,-1.892493,0.5296661,9.825895,0.2519451,-0.195783,0.01526265
9.12,-1.912357,0.5536448,9.871554,0.2731715,-0.2452309,0.006862501
9.14,-1.8461,0.5989565,9.981119,0.2685,-0.2971895,0.001902682
9.16,-1.802703,0.7727613,10.01642,0.2394754,-0.3290157,0.01426436
9.18,-1.855377,0.9193122,9.966814,0.1815095,-0.3201964,0.02893041
9.20,-1.778927,0.9152386,9.964828,0.1155142,-0.2790987,0.03579965
9.22,-1.717428,0.8905868,9.926985,0.03558965,-0.2310577,0.03031908
9.24,-1.676793,0.992919,9.772676,-0.03121569,-0.1694582,0.02979746
9.26,-1.600289,1.000119,9.61395,-0.07493779,-0.07646464,0.04323126
9.28,-1.56399,0.872074,9.511189,-0.09130701,0.04243213,0.06386011
9.30,-1.588034,0.816733,9.468519,-0.1151619,0.1408642,0.07198593
9.32,-1.617399,0.8483389,9.409945,-0.1511556,0.2049385,0.06017966
9.34,-1.631546,0.8354797,9.390443,-0.1743419,0.2565373,0.0564037
9.36,-1.681583,0.7456441,9.436769,-0.1704044,0.3185008,0.06781466
9.38,-1.770185,0.6318816,9.399443,-0.1432325,0.3667844,0.1008035
9.40,-1.820472,0.5194538,9.34826,-0.1019288,0.3988951,0.1339589
9.42,-1.90849,0.4617824,9.349907,-0.06837542,0.4045032,0.1579162
9.44,-2.021914,0.4298633,9.391177,-0.062231,0.3878798,0.1422237
9.46,-1.970682,0.3751051,9.617513,-0.05328237,0.33158,0.09749944
9.48,-2.007945,0.393534,9.873281,-0.004788726,0.2604712,0.04877406
9.50,-2.174076,0.5261161,9.937219,0.0265989,0.1653958,0.01581968
9.52,-2.278152,0.6599107,9.906684,0.02066941,0.04791498,-0.0001603996
9.54,-2.224577,0.7566088,9.883382,0.02854313,-0.0725662,-0.008712115
9.56,-2.107195,0.7419235,9.797436,0.05794227,-0.1728451,-0.02196362
9.58,-2.053056,0.7235241,9.634914,0.09602716,-0.2201076,-0.03015488
9.60,-2.041134,0.7249618,9.503242,0.1153173,-0.2269976,-0.02842004
9.62,-2.009091,0.7252895,9.372478,0.1257267,-0.2206067,-0.01904005
9.64,-1.879769,0.6659845,9.27317,0.1303826,-0.1998752,-0.01314618
9.66,-1.76872,0.5841682,9.220312,0.1367924,-0.159522,-0.00981932
9.68,-1.685108,0.5134945,9.241151,0.1377898,-0.09619147,-0.01687351
9.70,-1.696038,0.5120012,9.307935,0.1100429,-0.03433688,-0.03360264
9.72,-1.771781,0.6172132,9.379245,0.06293178,0.01507065,-0.05566799
9.74,-1.849477,0.7637578,9.521403,-0.0174155,0.03493304,-0.08220933
9.76,-1.881294,0.8634796,9.664633,-0.08317707,0.03803403,-0.1058288
9.78,-1.843017,0.827418,9.771588,-0.09724585,0.04531715,-0.1056022
9.80,-1.839678,0.7520672,9.79469,-0.07256073,0.06374288,-0.07754359
9.82,-1.914075,0.7949402,9.815533,-0.03595461,0.08259769,-0.03307008
9.84,-2.022066,0.9707718,9.795208,-0.02709444,0.08945303,0.003408541
9.86,-2.0546,1.000937,9.655345,-0.05270082,0.06900986,0.02135476
9.88,-2.010943,0.8110867,9.538091,-0.06826409,0.04921472,0.01388409
9.90,-1.987609,0.6498346,9.517592,-0.05537929,0.05234338,0.00712903
9.92,-2.020198,0.6492621,9.470931,-0.04660144,0.06176209,0.002543905
9.94,-1.994672,0.7267596,9.449323,-0.0434724,0.05971252,0.0006603182
9.96,-1.983607,0.7534921,9.502888,-0.04861441,0.04850417,-0.006881267
9.98,-2.061642,0.754538,9.472624,-0.06199008,0.02929525,-0.02292193
10.00,-2.103277,0.7035016,9.41153,-0.06042306,0.0157579,-0.03033129
10.02,-2.12083,0.6416786,9.437406,-0.03864079,0.01253773,-0.01389372
10.04,-2.123441,0.6252479,9.505046,-0.007253253,0.01405634,0.00640058
10.06,-2.101137,0.5732375,9.602389,0.02863705,0.009760192,0.01010763
10.08,-2.108237,0.5000615,9.651752,0.06274009,0.006010532,0.0001222529
10.10,-2.159231,0.5122487,9.619264,0.07198424,-0.003627053,-0.003983259
10.12,-2.159175,0.6189386,9.619716,0.05767529,-0.01873278,0.005463647
10.14,-2.114185,0.6558021,9.620056,0.0381742,-0.0316582,0.01133609
10.16,-2.033806,0.590159,9.587739,0.02567614,-0.03580718,0.005195135
10.18,-1.986863,0.5630111,9.514289,0.02668275,-0.02561101,-0.01995144
10.20,-1.937693,0.6006973,9.526322,0.02110756,-0.01992529,-0.04509096
10.22,-1.946749,0.7459881,9.641207,0.01169167,-0.03133636,-0.06461935
10.24,-1.966763,0.8367262,9.684724,-0.003533988,-0.0543934,-0.07533191
10.26,-1.959085,0.8283777,9.64897,-0.009159244,-0.07314332,-0.07052134
10.28,-1.92791,0.7898148,9.619318,-0.0009836548,-0.07741969,-0.0549566
10.30,-1.956605,0.787842,9.573173,0.01533579,-0.06395606,-0.03498704
10.32,-1.936235,0.7837233,9.603004,0.03479221,-0.05605109,-0.0168448
10.34,-1.928378,0.7926062,9.60435,0.04262147,-0.05221795,-0.00415385
10.36,-1.978369,0.7597443,9.613117,0.03831538,-0.0456475,0.01225674
10.38,-2.014051,0.7331047,9.561577,0.0263327,-0.03250945,0.02621198
10.40,-1.999406,0.6818999,9.465152,0.01592557,-0.01922061,0.03522521
10.42,-1.943928,0.6071318,9.350542,0.01535698,-0.01367566,0.02412155
10.44,-1.865776,0.4739066,9.376518,0.02490165,-0.02602944,-0.01260728
10.46,-1.853047,0.4189267,9.493109,0.06059895,-0.06303799,-0.05940634
10.48,-1.872005,0.5284323,9.689238,0.1122281,-0.117439,-0.08638471
10.50,-1.936134,0.7412131,9.832401,0.1295533,-0.1745725,-0.08439407
10.52,-2.000486,0.8920369,9.860985,0.1001799,-0.219404,-0.06891447
10.54,-1.900199,0.9221687,9.847494,0.07320818,-0.2573801,-0.05478695
10.56,-1.765115,0.8756654,9.731477,0.08169749,-0.2719455,-0.05029276
10.58,-1.666188,0.8151213,9.597816,0.1026988,-0.2528777,-0.04729187
10.60,-1.658384,0.8125464,9.478037,0.1053638,-0.2027016,-0.04028901
10.62,-1.642973,0.787003,9.506272,0.08546143,-0.1408164,-0.02709382
10.64,-1.651198,0.8319305,9.565001,0.05784002,-0.08474989,-0.01886837
10.66,-1.662368,0.9019476,9.616116,0.02073538,-0.04667123,-0.01260761
10.68,-1.625101,0.894663,9.612072,-0.005337838,-0.008491919,-0.002877693
10.70,-1.586005,0.8657714,9.655929,-0.01513447,0.03475639,0.008810877
10.72,-1.59049,0.8749709,9.65129,-0.01839181,0.07206196,0.01524917
10.74,-1.603115,0.8946945,9.645383,-0.02741039,0.0913151,0.01722678
10.76,-1.615605,0.886122,9.62415,-0.04343885,0.09136217,0.01995215
10.78,-1.613047,0.8568537,9.621742,-0.0452818,0.07556726,0.01951621
10.80,-1.594144,0.902294,9.63785,-0.03754091,0.0567925,0.01988257
10.82,-1.600684,0.9371685,9.567889,-0.0298364,0.04138784,0.02167968
10.84,-1.604161,0.9101615,9.486931,-0.02155694,0.03719612,0.02407414
10.86,-1.613857,0.8662547,9.546114,-0.01216631,0.03604545,0.02070401
10.88,-1.676088,0.8785299,9.686371,-0.0009234624,0.02320127,0.01572531
10.90,-1.742298,0.9050464,9.725675,0.0007752234,-0.001135395,0.01157586
10.92,-1.78532,0.9040115,9.641583,-0.01296581,-0.02419982,0.01076582
10.94,-1.7636,0.8469375,9.562054,-0.01406139,-0.02138782,0.01394007
10.96,-1.742555,0.8020386,9.547463,-0.003158833,-0.002674015,0.01393439
10.98,-1.762821,0.8159693,9.538334,0.01005889,0.01348789,0.00464882
11.00,-1.746304,0.8030537,9.564982,0.009021792,0.01078773,-0.0001043831
11.02,-1.733077,0.7657997,9.619758,0.01041171,-0.001203523,-0.001512056
11.04,-1.745814,0.7813143,9.667811,0.02092374,-0.01258437,-0.01076767
11.06,-1.751276,0.7922155,9.693769,0.02897258,-0.0237401,-0.01718457
11.08,-1.717715,0.7742161,9.721264,0.03355316,-0.02789575,-0.01790865
11.10,-1.684051,0.7372463,9.797334,0.03918761,-0.0328774,-0.01563388
11.12,-1.641778,0.7769812,9.794905,0.04385284,-0.0415685,-0.01134085
11.14,-1.604057,0.8767666,9.753901,0.04107362,-0.04948405,-0.008149445
11.16,-1.572198,0.959191,9.752934,0.04216974,-0.06055702,-0.002825009
11.18,-1.523631,0.9922236,9.753226,0.05426559,-0.06970684,0.003341944
11.20,-1.502915,1.036497,9.72813,0.06998412,-0.0678599,0.01114376
11.22,-1.543829,1.067882,9.722964,0.07382363,-0.05715541,0.0174183
11.24,-1.599618,1.034281,9.717169,0.06738,-0.04216465,0.02088697
11.26,-1.630345,0.9537818,9.75312,0.04501578,-0.03238647,0.008803432
11.28,-1.743252,0.8076611,9.707302,0.003383277,-0.008919806,-0.02807202
11.30,-1.77067,0.7232779,9.773977,-0.03368916,0.02448194,-0.08375203
11.32,-1.782952,0.7048833,9.794186,-0.04797838,0.04067705,-0.143148
11.34,-1.769803,0.7803376,9.75359,-0.04026091,0.03253733,-0.1874346
11.36,-1.756112,0.906937,9.649422,-0.017532,0.02001657,-0.1937486
11.38,-1.754053,0.9450487,9.60224,0.01089501,0.006050831,-0.1703047
11.40,-1.766433,0.9015333,9.646611,0.0383505,-0.02045403,-0.1399113
11.42,-1.729073,0.9218276,9.747231,0.06197049,-0.06574696,-0.1133251
11.44,-1.664779,0.9534541,9.903616,0.09532518,-0.105824,-0.08933336
11.46,-1.685095,1.011619,10.02287,0.1147104,-0.1273084,-0.0718398
11.48,-1.667078,1.027747,10.07037,0.1071966,-0.1616563,-0.07046156
11.50,-1.549511,1.028673,9.977367,0.0971335,-0.2055605,-0.09007031
11.52,-1.4634,0.9622707,9.75445,0.08915295,-0.2428327,-0.1187264
11.54,-1.411989,0.8566397,9.519263,0.09252483,-0.2523659,-0.1501561
11.56,-1.388959,0.7612174,9.379837,0.09515639,-0.2347505,-0.1728133
11.58,-1.359051,0.8202356,9.392062,0.1039046,-0.2083278,-0.1692933
11.60,-1.341856,1.041914,9.376876,0.1121372,-0.1777107,-0.1403528
11.62,-1.284843,1.184828,9.316253,0.1122871,-0.1336592,-0.1044718
11.64,-1.244589,1.160328,9.371435,0.1136221,-0.07854852,-0.07090219
11.66,-1.233715,1.050152,9.437474,0.1028566,-0.03042279,-0.06486485
11.68,-1.19787,0.9729016,9.615522,0.08657876,-0.009417475,-0.07942092
11.70,-1.250664,1.082834,9.700525,0.09491894,-0.006994125,-0.09532849
11.72,-1.311185,1.201277,9.815717,0.1002432,-0.0199066,-0.09332661
11.74,-1.399132,1.221127,9.833408,0.09937582,-0.04334828,-0.07759536
11.76,-1.386631,1.156052,9.812952,0.1169799,-0.06977417,-0.05696274
11.78,-1.310407,1.064748,9.9122,0.1525144,-0.09223509,-0.04213539
11.80,-1.227205,1.038314,10.0892,0.1717922,-0.1319899,-0.04122199
11.82,-1.181718,1.185314,10.18591,0.1608202,-0.2056631,-0.04127881
11.84,-1.150775,1.456912,10.18007,0.12691,-0.3025075,-0.03688808
11.86,-1.061839,1.562428,10.06151,0.1061932,-0.3956451,-0.02589709
11.88,-0.9528819,1.514374,9.852242,0.09777482,-0.4569577,-0.01772358
11.90,-0.8309562,1.419691,9.677459,0.1041737,-0.4812763,-0.01217555
11.92,-0.7524899,1.408128,9.509659,0.1123173,-0.4652077,-0.003015798
11.94,-0.7263149,1.514021,9.34872,0.1130661,-0.4198326,0.02256027
11.96,-0.7340903,1.606495,9.269873,0.1031636,-0.3518452,0.05181042
11.98,-0.7122424,1.542632,9.243481,0.09163849,-0.269443,0.06403439
12.00,-0.6572528,1.397226,9.310686,0.08711168,-0.1843389,0.0563143
12.02,-0.6443507,1.321004,9.423783,0.08523697,-0.114013,0.03363552
12.04,-0.6904383,1.35988,9.559861,0.0801755,-0.06229994,0.01565626
12.06,-0.784694,1.462917,9.664857,0.06127058,-0.01935421,0.00521772
12.08,-0.9211883,1.498504,9.700328,0.05026405,0.02987371,-0.01392874
12.10,-0.9673356,1.334713,9.660098,0.03588025,0.1041323,-0.06783859
12.12,-0.9452187,1.12345,9.647418,0.02758949,0.1668161,-0.1835897
12.14,-0.9345252,1.150207,9.703987,0.03393775,0.1820191,-0.3466068
12.16,-0.9226981,1.404816,9.811648,0.04192588,0.1005186,-0.5288382
12.18,-0.9074881,1.584651,9.788156,0.05579644,-0.04043799,-0.6888437
12.20,-0.7943701,1.635561,9.70629,0.1177314,-0.1700939,-0.7833332
12.22,-0.6257668,1.680135,9.658274,0.2207396,-0.25587,-0.8143868
12.24,-0.5675845,1.856949,9.694874,0.3161261,-0.3112361,-0.8076025
12.26,-0.5015495,2.087131,9.719446,0.3754407,-0.3675454,-0.7763443
12.28,-0.3850286,2.196682,9.742004,0.4380413,-0.4393434,-0.7280833
12.30,-0.2827215,2.199546,9.854196,0.5078796,-0.4895884,-0.6647967
12.32,-0.2583574,2.24838,9.899456,0.5463147,-0.5313623,-0.5917461
12.34,-0.2195038,2.393579,9.842579,0.5492654,-0.5604209,-0.4937523
12.36,-0.1302147,2.438674,9.725658,0.5516279,-0.5416803,-0.3745363
12.38,-0.008823849,2.419909,9.578264,0.5396984,-0.4547749,-0.2569314
12.40,0.07763097,2.440016,9.550852,0.5115995,-0.3294314,-0.1610586
12.42,0.1079999,2.559327,9.597058,0.4408458,-0.2148359,-0.09452751
12.44,0.1414022,2.608263,9.728644,0.353625,-0.144975,-0.04369983
12.46,0.1234942,2.54399,9.935319,0.295281,-0.08606356,-0.003296392
12.48,0.01953871,2.573481,10.18109,0.2557019,-0.0565107,0.03770692
12.50,-0.1511831,2.773755,10.35414,0.2101928,-0.08899856,0.09020735
12.52,-0.2678061,2.977064,10.44154,0.175289,-0.1640251,0.1501404
12.54,-0.2837257,3.021244,10.50898,0.167129,-0.2658914,0.2060937
12.56,-0.2441035,2.947663,10.45075,0.1736045,-0.3862695,0.2425135
12.58,-0.1849253,2.894917,10.29795,0.2006271,-0.5379869,0.2535414
12.60,-0.07891534,2.886605,10.04441,0.2270294,-0.6621259,0.2365168
12.62,0.127827,2.878067,9.819433,0.2650088,-0.7856562,0.213449
12.64,0.2817463,2.896658,9.524145,0.3154202,-0.8455145,0.1932312
12.66,0.4681464,2.922141,9.207081,0.3703275,-0.847393,0.1845781
12.68,0.6392992,2.93676,8.92346,0.4263074,-0.8270665,0.1829046
12.70,0.8454694,2.931515,8.53916,0.4701307,-0.787153,0.1731543
12.72,1.082405,2.8328,8.085631,0.497558,-0.7273091,0.1410177
12.74,1.40487,2.790515,7.880624,0.5250621,-0.6560431,0.08802596
12.76,1.630849,2.953555,7.910746,0.5656837,-0.5819321,0.02258898
12.78,1.71137,3.161287,7.854221,0.6075946,-0.499916,-0.02493698
12.80,1.633158,3.301356,7.853216,0.6341375,-0.421202,-0.04569404
12.82,1.48077,3.149407,7.642797,0.6683062,-0.3492626,-0.07858375
12.84,1.594008,3.04955,7.513937,0.7406402,-0.3109614,-0.1078801
12.86,1.904374,3.373954,8.070017,0.8319408,-0.3000499,-0.1208047
12.88,1.819951,3.900295,8.278138,0.8556688,-0.2971781,-0.156006
12.90,1.555962,3.994004,7.903867,0.7984654,-0.3151003,-0.2178105
12.92,1.543844,3.757858,7.677809,0.7426907,-0.3410805,-0.3002563
12.94,1.8188,3.639662,7.597609,0.7781972,-0.3563936,-0.3947297
12.96,2.28004,3.786986,7.895227,0.8446952,-0.3728266,-0.4757335
12.98,2.356662,4.017727,7.736094,0.8450544,-0.3588814,-0.5519357
13.00,2.021434,4.050583,7.23492,0.8066222,-0.2882433,-0.6502677
13.02,2.12801,4.336391,7.450127,0.8469918,-0.1938492,-0.712923
13.04,2.720276,5.480566,9.31074,0.9112333,-0.2338841,-0.6609705
13.06,2.386274,6.747709,9.178802,0.8240192,-0.3397864,-0.5349862
13.08,1.567993,7.063109,8.64139,0.6267024,-0.3850558,-0.4242053
13.10,1.423325,6.543534,8.003451,0.4869246,-0.3377849,-0.3525654
13.12,2.187876,6.030321,7.561153,0.4550787,-0.3148725,-0.2869233
13.14,2.810666,5.691631,7.267825,0.4944678,-0.3058681,-0.2407196
13.16,2.878614,5.468492,6.997066,0.5478393,-0.2851185,-0.2477712
13.18,2.633646,5.366855,6.956616,0.5902786,-0.2688726,-0.3235609
13.20,2.485245,5.683416,7.043788,0.6442199,-0.2963933,-0.390342
13.22,2.38414,6.126319,7.174185,0.691085,-0.3540648,-0.3879486
13.24,2.130987,6.459885,7.369903,0.6833411,-0.3977834,-0.3552313
13.26,1.836688,6.598243,7.190156,0.6347106,-0.417679,-0.3452432
13.28,1.887961,6.634074,7.022722,0.5996778,-0.4510503,-0.3634403
13.30,2.201826,6.823384,7.139778,0.6147022,-0.4957512,-0.3718001
13.32,2.223896,6.999936,6.978186,0.6364139,-0.5009264,-0.3843398
13.34,2.096116,7.078838,6.757023,0.6159249,-0.4706978,-0.416217
13.36,2.026164,6.93031,6.644812,0.5334609,-0.4457085,-0.465332
13.38,2.114936,6.971085,6.524009,0.4616966,-0.4391621,-0.4859861
13.40,2.27339,7.237417,6.572716,0.471711,-0.4306637,-0.4487942
13.42,2.268574,7.488478,6.363787,0.5351839,-0.434022,-0.3753648
13.44,2.122784,7.753019,6.398354,0.5520471,-0.4434312,-0.3168842
13.46,1.890378,7.991639,6.772183,0.462363,-0.4970008,-0.3037901
13.48,1.665331,8.035142,6.457602,0.314283,-0.5400422,-0.3024839
13.50,1.671085,7.861748,6.202845,0.2394358,-0.5317549,-0.2898919
13.52,1.960521,7.690722,5.880191,0.2647507,-0.5178801,-0.2481312
13.54,2.276312,7.559647,5.691713,0.2942408,-0.5157936,-0.176213
13.56,2.241333,7.395933,5.536123,0.2601912,-0.5146875,-0.1233842
13.58,2.061364,7.277343,5.180306,0.2339627,-0.4642543,-0.1129982
13.60,2.237482,7.391187,5.011555,0.2485607,-0.4006999,-0.1151178
13.62,2.393478,7.2241,4.876171,0.249299,-0.3751216,-0.1414478
13.64,2.34769,6.980147,4.675598,0.2461433,-0.3368593,-0.2076965
13.66,2.299783,7.161504,4.840056,0.3000282,-0.2621332,-0.2872661
13.68,2.277378,7.654531,5.132324,0.3534085,-0.1934051,-0.3258667
13.70,2.186279,8.038,5.163081,0.3110484,-0.1700755,-0.3071723
13.72,2.080081,8.142683,5.178766,0.2034463,-0.1692417,-0.2553563
13.74,2.126698,8.186783,5.142384,0.147332,-0.1573502,-0.1959437
13.76,2.649487,8.611784,5.211425,0.08925179,-0.06742142,-0.152983
13.78,3.430131,9.052146,4.92341,-0.04792723,0.122327,-0.09089049
13.80,4.002925,9.635311,4.93232,-0.1390454,0.2297091,-0.1721533
13.82,3.841262,8.6579,5.051093,-0.1673387,0.164401,-0.228927
13.84,2.094186,7.282367,5.079589,-0.04335388,-0.001444998,-0.2695063
13.86,2.253927,8.119479,5.165641,0.1636309,-0.2314992,-0.2856639
13.88,2.052467,7.792029,4.783078,0.255145,-0.3480273,-0.2863773
13.90,2.001054,8.198726,4.453625,0.2402955,-0.2824396,-0.2875291
13.92,1.966953,8.400168,4.22741,0.1096719,-0.06895171,-0.2619948
13.94,1.721257,8.441627,4.232003,-0.1267326,0.2246704,-0.2552933
13.96,1.893597,8.117657,4.481064,-0.2202175,0.4092537,-0.2667708
13.98,2.021791,8.105977,5.080995,-0.1799485,0.4284313,-0.2838222
14.00,1.512491,8.251564,5.591451,-0.1435053,0.3395701,-0.2625079
14.02,0.9926633,8.563638,5.812747,-0.09721211,0.2132675,-0.1806307
14.04,0.9485465,8.945263,5.782896,-0.02549917,0.1011337,-0.071601
14.06,1.01192,8.679193,5.633331,0.03858887,0.02842082,0.01751806
14.08,1.361064,8.422382,5.494375,0.09559064,-0.009054165,0.05823697
14.10,1.606653,8.156844,5.299932,0.09642782,0.006947208,0.05744456
14.12,1.743204,8.005395,5.192423,0.07884642,0.05803531,0.03095
14.14,1.803702,7.9823,5.216938,0.06850152,0.09287354,-0.005157056
14.16,1.781379,7.980598,5.238879,0.06176045,0.1238651,-0.04135332
14.18,1.6965,8.086747,5.240251,0.05728039,0.130628,-0.06148243
14.20,1.509308,8.235089,5.371943,0.04368089,0.099576,-0.06179661
14.22,1.39643,8.309748,5.57002,0.0671657,0.03895181,-0.04453649
14.24,1.305621,8.362618,5.512257,0.1082229,-0.0335005,-0.01599993
14.26,1.363349,8.348234,5.399635,0.1274118,-0.07714535,0.004187948
14.28,1.476113,8.220785,5.28644,0.1376474,-0.08079793,0.003114787
14.30,1.582166,8.189247,5.102522,0.1321891,-0.07625115,-0.009254993
14.32,1.589938,8.197371,4.940951,0.1011921,-0.06219458,-0.02317241
14.34,1.617392,8.214355,4.844281,0.05569995,-0.04233904,-0.04059921
14.36,1.665174,8.203177,4.78486,0.007267419,-0.02785208,-0.0610159
14.38,1.648264,8.197096,4.793037,-0.03414958,-0.01920342,-0.08236889
14.40,1.569427,8.245973,4.850112,-0.07498337,-0.01399532,-0.09620909
14.42,1.467109,8.337966,4.909032,-0.09525776,-0.01480579,-0.09026886
14.44,1.393506,8.385975,4.92208,-0.100876,-0.01496643,-0.07676255
14.46,1.374563,8.376977,4.907347,-0.1023258,0.001756162,-0.06012195
14.48,1.4039,8.352817,4.942319,-0.1020689,0.02787401,-0.04665501
14.50,1.396371,8.328599,4.983936,-0.09454193,0.06012062,-0.03669317
14.52,1.380836,8.317296,5.064217,-0.08491965,0.08566566,-0.02819289
14.54,1.367812,8.305937,5.108411,-0.07694523,0.1055544,-0.0150505
14.56,1.350943,8.306048,5.149394,-0.06680626,0.1171018,-0.0009105867
14.58,1.355577,8.257485,5.236511,-0.05535075,0.1274532,0.002283007
14.60,1.369016,8.20835,5.361887,-0.04144934,0.1174544,0.003860759
14.62,1.357931,8.187852,5.477234,-0.02584961,0.07328437,0.00197108
14.64,1.341165,8.208377,5.486346,-0.01222574,0.01885501,0.002969291
14.66,1.295702,8.241003,5.471069,0.00336557,-0.030533,0.01094689
14.68,1.345447,8.21869,5.439552,0.02386324,-0.05408337,0.01197819
14.70,1.390884,8.177011,5.405174,0.03836643,-0.07231522,0.008706235
14.72,1.404594,8.176853,5.342839,0.04130605,-0.09232663,0.005760847
14.74,1.423158,8.195746,5.231063,0.0410308,-0.09612714,-0.00266719
14.76,1.446623,8.188448,5.134965,0.0328503,-0.08561084,-0.008033395
14.78,1.476761,8.185326,5.077871,0.01855897,-0.07069736,-0.01804768
14.80,1.446828,8.215013,5.067195,0.007799661,-0.05246155,-0.0226925
14.82,1.410923,8.253322,5.087026,0.0005910312,-0.04376777,-0.02182095
14.84,1.379141,8.276563,5.098736,-0.006013282,-0.03471103,-0.01678379
14.86,1.39876,8.276132,5.081494,-0.00582272,-0.0159612,-0.009692837
14.88,1.397428,8.277123,5.066074,-0.006524102,0.004129613,-0.003810809
14.90,1.388704,8.277273,5.083727,-0.00313318,0.03553432,0.003192592
14.92,1.391642,8.281549,5.13823,0.007111799,0.05887477,0.009850651
14.94,1.368785,8.270852,5.216533,0.01640457,0.06655325,0.01585179
14.96,1.380388,8.254759,5.265619,0.02973185,0.04817605,0.02055295
14.98,1.412515,8.225344,5.296967,0.03622652,0.02248534,0.0184823
15.00,1.458953,8.181901,5.282926,0.03711645,0.005027667,0.009755362
15.02,1.479574,8.174233,5.289787,0.03700691,-0.01086408,-0.00208276
15.04,1.462225,8.193913,5.252702,0.0358614,-0.02517448,-0.01499739
15.06,1.417592,8.225174,5.237792,0.03481229,-0.04659923,-0.01919414
15.08,1.403336,8.249924,5.20122,0.03226596,-0.07423005,-0.02085204
15.10,1.394102,8.275917,5.110077,0.02313737,-0.0835558,-0.01802592
15.12,1.418725,8.276464,5.015898,0.01539768,-0.07186113,-0.01742948
15.14,1.43835,8.272125,4.992525,0.005019196,-0.04712357,-0.01759906
15.16,1.42187,8.284833,4.962063,-0.003101886,-0.01788276,-0.01381194
15.18,1.42292,8.295841,4.967994,-0.008822948,0.01662567,-0.01249772
15.20,1.405177,8.291291,5.031859,-0.0134733,0.0366908,-0.008791083
15.22,1.388451,8.295869,5.092714,-0.01206927,0.04357223,-0.003489414
15.24,1.369645,8.299495,5.137035,-0.008969727,0.03759325,0.003938072
15.26,1.387549,8.283758,5.150297,-0.0070836,0.03303941,0.007745915
15.28,1.40729,8.260246,5.148643,-0.008140046,0.03080128,0.006399332
15.30,1.417692,8.241034,5.141459,-0.009246224,0.02488464,0.004564145
15.32,1.413917,8.253706,5.141422,-0.01140799,0.0287185,0.002402342
15.34,1.415334,8.254021,5.152046,-0.01107898,0.02939196,5.934011e-05
15.36,1.408791,8.245573,5.180193,-0.008811708,0.02602036,-0.0002248493
15.38,1.385157,8.25284,5.190682,-0.006341977,0.01869574,-0.002412437
15.40,1.385287,8.258279,5.203841,-0.00266558,0.006273845,-0.000627049
15.42,1.386152,8.262794,5.191213,0.0005303062,-0.003954446,0.002741517
15.44,1.386671,8.259232,5.163962,0.002016475,-0.005633186,0.001596091
15.46,1.397579,8.254427,5.139761,-0.001864925,-0.00279159,0.002997366
15.48,1.399132,8.253956,5.142877,-0.002239707,-0.00248815,0.001307089
15.50,1.392811,8.26485,5.152019,-0.001332994,-0.0009947367,0.002718609
15.52,1.396612,8.261332,5.147707,-0.003076967,0.00125735,0.003424407
15.54,1.403266,8.25089,5.14937,-0.002944562,0.001444276,-0.0004985267
15.56,1.404633,8.24885,5.148714,-0.003529251,0.001029714,-0.0008649134
15.58,1.399733,8.248838,5.154851,-0.001206618,5.968711e-05,0.0004480031
15.60,1.407009,8.251032,5.146759,-0.002679259,0.003080616,-0.001977878
15.62,1.413807,8.240395,5.159062,0.001232373,0.006592232,-0.002877245
15.64,1.397371,8.255701,5.183673,0.002649555,0.003800855,-0.003349519
15.66,1.390281,8.24603,5.20741,0.004627821,-0.007641334,-0.004019638
15.68,1.393671,8.256383,5.161213,0.002809017,-0.01149541,-0.002169128
15.70,1.387362,8.267485,5.09165,-0.001606918,-0.004950613,-0.002190067
15.72,1.399644,8.279188,5.035042,-0.007457945,0.01455015,0.0003391174
15.74,1.383046,8.272327,5.044426,-0.01325691,0.03567173,0.002859994
15.76,1.391124,8.262856,5.133252,-0.01394388,0.04546014,0.001186147
15.78,1.41481,8.224712,5.176368,-0.01606026,0.04805811,-0.004227085
15.80,1.399364,8.23157,5.222641,-0.01588661,0.03444485,-0.006680744
15.82,1.370292,8.245569,5.256283,-0.01003524,0.01238664,-0.004959572
15.84,1.362131,8.256498,5.223287,-0.007276738,0.001184384,-0.003339548
15.86,1.375998,8.245677,5.181164,-0.005871977,0.0001608585,-0.004617819
15.88,1.379915,8.242499,5.161417,-0.006624821,0.002815131,-0.006425672
15.90,1.363492,8.259933,5.165431,-0.004468738,0.003468574,-0.005732102
15.92,1.351358,8.268183,5.176693,-0.002485998,0.001617414,-0.001959061
15.94,1.34651,8.264377,5.181037,-0.002073462,0.001403167,0.0007192332
15.96,1.369344,8.248209,5.167783,-0.00342294,0.0003601912,-0.0001437175
15.98,1.379815,8.237777,5.143571,-0.00864317,0.005658676,-0.001579367
16.00,1.376767,8.24559,5.112751,-0.01309315,0.01450158,0.0006429794
16.02,1.37412,8.244528,5.132013,-0.01676605,0.02309702,0.0001178238
16.04,1.385646,8.248409,5.122674,-0.0199095,0.03367198,-0.0005822858
16.06,1.363994,8.236293,5.167244,-0.02344332,0.03521912,-0.00188734
16.08,1.345384,8.233448,5.208514,-0.02080511,0.03225159,-0.0009932108
16.10,1.346458,8.248592,5.224727,-0.01953976,0.02796507,0.0007687262
16.12,1.354677,8.226034,5.239909,-0.01788107,0.02344422,0.00140068
16.14,1.348988,8.234112,5.220008,-0.01354643,0.02645284,0.000827717
16.16,1.347044,8.237294,5.207875,-0.01168291,0.0220484,0.0005299758
16.18,1.345479,8.23851,5.242795,-0.01058992,0.0191491,0.001562572
16.20,1.349334,8.228706,5.227866,-0.008331282,0.01360026,0.001612874
16.22,1.357735,8.227202,5.215819,-0.01080179,0.01454634,-0.0006204302
16.24,1.356857,8.22111,5.206101,-0.01242165,0.01473075,-0.0009446032
16.26,1.345347,8.22819,5.214602,-0.009979429,0.01664103,-0.001793481
16.28,1.329216,8.231215,5.227554,-0.007180518,0.01541967,5.206907e-05
16.30,1.332977,8.219992,5.258188,-0.004205058,0.01228484,-0.0008739798
16.32,1.331013,8.220909,5.260088,-0.001257622,0.01075209,-0.001000633
16.34,1.343537,8.215872,5.260555,0.004124571,0.005302041,-0.001132611
16.36,1.325605,8.229976,5.256359,0.008447796,-0.001795418,-9.422725e-05
16.38,1.331876,8.23378,5.259236,0.009967593,-0.006822654,-0.0007915144
16.40,1.329743,8.226365,5.242487,0.012014,-0.01405806,0.002041774
16.42,1.347707,8.220163,5.212643,0.007775309,-0.01735325,0.001984811
16.44,1.355208,8.220421,5.169422,0.003888329,-0.01066698,-0.0001427245
16.46,1.35648,8.223677,5.153981,-0.0002800364,0.0001501041,-0.002390259
16.48,1.34965,8.226686,5.17001,-0.003993263,0.01086009,-0.001605634
16.50,1.345328,8.225979,5.183625,-0.0007911694,0.02652803,-0.00361291
16.52,1.351482,8.217016,5.227671,-0.002331967,0.02654211,-0.004433167
16.54,1.343045,8.215997,5.268268,0.002430372,0.01785642,-0.005857168
16.56,1.323878,8.229271,5.280398,0.004728081,0.004241304,-0.00527211
16.58,1.325347,8.218657,5.270736,0.007907168,-0.01069093,-0.004729799
16.60,1.348841,8.212033,5.213192,0.004454589,-0.01502789,-0.005441794
16.62,1.343446,8.221587,5.174238,-0.0002341438,-0.006888229,-0.007109465
16.64,1.330464,8.243791,5.152202,-0.003330428,0.003685296,-0.003916773
16.66,1.317411,8.254102,5.141289,-0.005287263,0.01476577,-0.002628757
16.68,1.316807,8.243192,5.158821,-0.01070447,0.02360171,-0.001527848
16.70,1.329271,8.223618,5.16915,-0.01761113,0.02928428,-0.001599941
16.72,1.342505,8.213867,5.163915,-0.02396066,0.03587358,-0.005345227
16.74,1.353016,8.203336,5.161219,-0.03334722,0.04130038,-0.01014319
16.76,1.343167,8.202015,5.156629,-0.04656146,0.04600037,-0.01229857
16.78,1.317425,8.21698,5.179266,-0.05395063,0.05004637,-0.01325115
16.80,1.278342,8.224127,5.236133,-0.0533781,0.05548159,-0.01101182
16.82,1.281693,8.214848,5.281678,-0.05270508,0.05164446,-0.007238797
16.84,1.296053,8.188022,5.276723,-0.05967835,0.03447754,-0.01088639
16.86,1.30239,8.169349,5.238054,-0.07346626,0.02371334,-0.01788041
16.88,1.298676,8.179196,5.182336,-0.09348255,0.02601797,-0.01909127
16.90,1.270839,8.194655,5.156229,-0.1115954,0.03145639,-0.01976658
16.92,1.257901,8.193109,5.174417,-0.1280413,0.03990149,-0.01832678
16.94,1.248706,8.177293,5.203496,-0.1431396,0.04407876,-0.01475908
16.96,1.246216,8.141972,5.235821,-0.1602719,0.04576224,-0.01661953
16.98,1.241296,8.135103,5.279447,-0.1841845,0.03842099,-0.01737955
17.00,1.221882,8.091402,5.433257,-0.1973052,0.01177961,-0.01824672
17.02,1.223236,8.077037,5.542021,-0.2043279,-0.02119548,-0.01792748
17.04,1.229095,8.031548,5.526978,-0.2129027,-0.04374242,-0.01746302
17.06,1.266571,7.997581,5.502923,-0.2203584,-0.05917523,-0.02452033
17.08,1.275073,7.991029,5.496311,-0.2316571,-0.05036001,-0.0283625
17.10,1.228556,7.980298,5.613481,-0.2340394,-0.05567869,-0.0272901
17.12,1.178851,7.995518,5.715518,-0.2334529,-0.08569103,-0.02151949
17.14,1.142549,8.024266,5.683121,-0.2333281,-0.1160448,-0.003507304
17.16,1.157625,8.01443,5.582037,-0.2451272,-0.1115393,0.01233733
17.18,1.256214,7.953673,5.506706,-0.2588507,-0.09046573,0.02021795
17.20,1.316492,7.862795,5.540615,-0.2865107,-0.0554449,0.01952253
17.22,1.31016,7.801332,5.656995,-0.3106649,-0.03268553,0.01765438
17.24,1.287327,7.819352,5.774905,-0.322049,-0.0183552,0.0220724
17.26,1.193159,7.881309,5.746177,-0.3274135,0.00545132,0.04619838
17.28,1.19616,7.871589,5.738241,-0.3435424,0.02864115,0.07270009
17.30,1.225304,7.712344,5.863488,-0.359141,0.04865168,0.08301586
17.32,1.365433,7.565844,6.062479,-0.3520164,0.05657509,0.07996938
17.34,1.370783,7.518332,6.179946,-0.3498738,0.0526124,0.07238947
17.36,1.233759,7.636142,6.275517,-0.3513759,0.05443104,0.08594602
17.38,1.095317,7.731073,6.234228,-0.3493274,0.06998455,0.1275556
17.40,1.150346,7.536991,6.262217,-0.368085,0.0550299,0.1587615
17.42,1.338845,7.332883,6.456719,-0.4040692,0.03369541,0.1867777
17.44,1.397188,7.372027,6.452771,-0.4470551,0.08466884,0.2897427
17.46,1.438458,7.371836,6.370867,-0.5274314,0.254088,0.4902545
17.48,1.266493,7.110869,6.172518,-0.5983576,0.4498531,0.6171819
17.50,1.406784,6.899389,6.229787,-0.6320082,0.5564899,0.632274
17.52,1.775128,6.614391,6.511387,-0.6233173,0.6130584,0.5488625
17.54,2.135018,6.357854,6.962509,-0.6157535,0.6162492,0.4011418
17.56,2.129257,6.333965,7.214841,-0.6435381,0.6290116,0.2251602
17.58,1.917399,6.591177,7.180212,-0.6520739,0.6344416,0.08871019
17.60,1.592763,6.8279,7.290483,-0.6893915,0.6628207,0.02909607
17.62,1.391816,6.880536,7.433227,-0.707258,0.6732969,0.03346125
17.64,1.435552,6.867642,7.677184,-0.6914495,0.5892668,0.07978198
17.66,1.473514,6.792697,7.861985,-0.6557745,0.4985676,0.1422998
17.68,1.424397,6.78751,7.889913,-0.6196646,0.4098687,0.1921421
17.70,1.376684,6.723824,8.019237,-0.5529209,0.2448065,0.2336857
17.72,1.430133,6.573295,8.041651,-0.4601984,0.1116828,0.2754414
17.74,1.456978,6.418205,7.976815,-0.377731,0.0004763067,0.3329701
17.76,1.410244,6.247723,7.853878,-0.3159342,-0.05538992,0.4028417
17.78,1.38414,6.241426,7.724139,-0.2856424,-0.0169912,0.4819191
17.80,1.446106,6.22896,7.738699,-0.2723818,0.03768097,0.5513528
17.82,1.475762,6.206012,7.901649,-0.2657119,0.07024988,0.5831115
17.84,1.46876,6.155374,7.958483,-0.2543315,0.0990889,0.5931505
17.86,1.472079,5.938156,7.94121,-0.2519507,0.1326192,0.5984789
17.88,1.440416,5.766727,7.916697,-0.2550882,0.1819818,0.6227865
17.90,1.350614,5.713217,7.85923,-0.2569546,0.2464111,0.6587607
17.92,1.280442,5.624694,7.870625,-0.2659545,0.3238572,0.6710076
17.94,1.311881,5.478352,7.96593,-0.2692464,0.3876275,0.647236
17.96,1.341349,5.286667,8.125287,-0.2543604,0.4158131,0.5978054
17.98,1.270112,5.123812,8.283164,-0.226429,0.4218311,0.5348002
18.00,1.141008,5.047344,8.350869,-0.2160536,0.408642,0.4966977
18.02,1.016156,5.024367,8.378668,-0.2425878,0.3797436,0.4783637
18.04,0.9266882,5.024848,8.42936,-0.285039,0.3259184,0.4600495
18.06,0.9776081,5.009173,8.532941,-0.2868405,0.2550748,0.4339193
18.08,1.079171,4.885988,8.591063,-0.2319998,0.1965313,0.4089535
18.10,1.166287,4.90444,8.659089,-0.1523566,0.1542191,0.39989
18.12,1.132939,5.025242,8.68588,-0.1010195,0.1186512,0.4021579
18.14,1.113042,5.045923,8.724327,-0.09007786,0.05772274,0.4006749
18.16,1.241046,5.091976,8.765086,-0.107336,-0.02698879,0.4080129
18.18,1.332905,5.113785,8.617434,-0.1465755,-0.09538815,0.4298277
18.20,1.368473,4.991234,8.313534,-0.1905336,-0.08775266,0.4496118
18.22,1.39275,4.536611,7.99547,-0.2262013,0.0002786785,0.4419322
18.24,1.53738,4.128596,7.893378,-0.2458346,0.1064362,0.4142614
18.26,1.612921,3.979729,7.818413,-0.2773722,0.1910979,0.3734499
18.28,1.506807,3.864925,7.563525,-0.3123555,0.2789505,0.3235618
18.30,1.45644,3.674707,7.514226,-0.3146576,0.3806674,0.2814464
18.32,1.458057,3.466552,7.49686,-0.2788115,0.4741578,0.2564449
18.34,1.432722,3.253406,7.568151,-0.2205699,0.5388448,0.244349
18.36,1.310113,3.233017,7.725986,-0.1586802,0.5621743,0.2391559
18.38,1.110694,3.347623,7.969877,-0.1054718,0.5488234,0.2255324
18.40,0.9106444,3.529464,8.212063,-0.03070098,0.4969407,0.2150348
18.42,0.8775364,3.848075,8.441222,0.08149987,0.4235367,0.2425185
18.44,0.7532566,3.977391,8.530166,0.1681424,0.3361043,0.2815148
18.46,0.5788915,3.920348,8.676818,0.1970248,0.2183733,0.3065536
18.48,0.5157994,3.64989,8.527883,0.2106542,0.1300215,0.3016648
18.50,0.6914794,3.257426,8.633588,0.2508274,0.09534459,0.276691
18.52,0.8966067,2.85853,8.852551,0.2822348,0.1039629,0.21137
18.54,0.9878705,2.846639,9.051555,0.2515154,0.08131543,0.1183537
18.56,1.04421,3.426774,9.210436,0.1582253,0.01404044,0.0459456
18.58,1.037024,3.934563,9.149333,0.04981276,-0.04200871,-0.02851366
18.60,1.20633,4.161891,9.215884,-0.01643688,-0.04896789,-0.1129722
18.62,1.476097,4.316871,9.372699,-0.04325808,-0.01982334,-0.1900324
18.64,1.701283,4.642948,9.283269,-0.0953766,0.01229505,-0.2150539
18.66,1.712761,4.791221,9.015334,-0.2168496,0.08013362,-0.1993581
18.68,1.725682,4.795679,9.051749,-0.3375704,0.1754549,-0.1652283
18.70,1.793346,4.818323,9.148279,-0.4204983,0.2475557,-0.1344232
18.72,1.804666,4.812896,9.056606,-0.4836456,0.2875093,-0.1141062
18.74,1.755326,4.689262,9.001679,-0.510174,0.3171187,-0.09711739
18.76,1.628069,4.502962,9.058868,-0.5035322,0.3397329,-0.06693146
18.78,1.451738,4.383343,9.124943,-0.4838098,0.3400373,-0.03225772
18.80,1.387889,4.333289,9.321259,-0.4565619,0.2978311,-0.007426179
18.82,1.269433,4.31188,9.425528,-0.4365718,0.2087531,-0.004095703
18.84,1.134884,4.228547,9.421173,-0.420905,0.1031817,-0.01207569
18.86,1.058562,4.076405,9.530973,-0.3958517,-0.01307944,-0.01200076
18.88,0.9549401,4.010196,9.650871,-0.3507962,-0.1416755,0.0005601638
18.90,0.9037212,3.954513,9.624558,-0.2872275,-0.2624963,0.02862271
18.92,0.9134124,3.906326,9.611305,-0.2366911,-0.3574934,0.05966101
18.94,0.8570285,3.910183,9.49249,-0.2231457,-0.4323088,0.08711623
18.96,0.8273521,3.740634,9.29065,-0.2449091,-0.4683987,0.1072778
18.98,0.8751858,3.453158,9.034208,-0.2841013,-0.4701794,0.1159719
19.00,0.9642244,3.228393,8.875287,-0.3005128,-0.4299752,0.1261625
19.02,1.003471,3.155103,8.856058,-0.2881164,-0.3230466,0.133009
19.04,1.001251,3.082698,8.928053,-0.2765498,-0.1648182,0.1351099
19.06,0.9272671,2.958041,8.883659,-0.3133949,0.0172322,0.123906
19.08,0.8867823,2.916078,8.948801,-0.4042548,0.1616333,0.1092948
19.10,0.7736924,2.869377,9.029717,-0.5169039,0.2503112,0.1032077
19.12,0.4928893,2.50517,8.995075,-0.6219553,0.3843113,0.07597116
19.14,0.366114,2.011436,9.097531,-0.7102821,0.5471542,0.01213005
19.16,0.3480618,1.780262,9.333609,-0.7830749,0.6595955,-0.06029474
19.18,0.2997074,1.854313,9.519702,-0.8200959,0.6828652,-0.1278779
19.20,0.2767037,2.011249,9.793195,-0.8035436,0.6147342,-0.1645436
19.22,0.2183847,2.106922,9.882657,-0.7554475,0.5091829,-0.158521
19.24,0.1451681,2.00651,9.681187,-0.716128,0.3900723,-0.1240383
19.26,0.1100195,1.833984,9.481084,-0.6524172,0.2916024,-0.08815959
19.28,0.2019439,1.735391,9.428399,-0.5550556,0.1823737,-0.06208729
19.30,0.2915067,1.778839,9.452847,-0.4456785,0.05979513,-0.05212156
19.32,0.2813558,1.849787,9.292255,-0.3659315,-0.04051318,-0.0448231
19.34,0.3517263,1.714718,9.11194,-0.2956695,-0.09419917,-0.01465848
19.36,0.4658381,1.554453,9.023872,-0.2280665,-0.09436737,0.03907839
19.38,0.5436037,1.534319,9.055336,-0.1556385,-0.04510611,0.09060725
19.40,0.649626,1.568505,9.186919,-0.0948306,0.0154502,0.1150088
19.42,0.660372,1.768137,9.276978,-0.04629765,0.05656656,0.1158886
19.44,0.5955341,2.02391,9.352249,-0.02721079,0.08464415,0.1347596
19.46,0.5443382,1.991009,9.457611,-0.03268962,0.1117362,0.1770497
19.48,0.4611019,1.819488,9.554843,-0.06083684,0.1625489,0.235647
19.50,0.396311,1.706426,9.593424,-0.109969,0.2363762,0.2989627
19.52,0.3476381,1.584332,9.682737,-0.156856,0.3256486,0.346656
19.54,0.2195218,1.458141,9.921799,-0.1817654,0.3993675,0.352689
19.56,0.09189779,1.318105,10.0678,-0.1928459,0.4380802,0.3163308
19.58,0.04062483,1.242186,10.03169,-0.2063336,0.4452287,0.2633761
19.60,-0.07554886,1.359373,9.959494,-0.2243283,0.4310694,0.2251177
19.62,-0.2414179,1.285556,9.968832,-0.2256058,0.436944,0.2044327
19.64,-0.3204495,0.8772784,9.937901,-0.2310186,0.5087709,0.1703901
19.66,-0.4020093,0.5059041,9.811016,-0.263427,0.6091101,0.1099593
19.68,-0.4976445,0.4237891,9.728709,-0.3257676,0.6741625,0.04174149
19.70,-0.7062743,0.6357928,9.665334,-0.3819545,0.6813514,-0.005209276
19.72,-0.906662,0.8384371,9.575465,-0.4435894,0.6430722,-0.01069163
19.74,-0.9955555,0.7700359,9.370038,-0.4694265,0.6264154,0.01192303
19.76,-0.9546977,0.5442106,9.290743,-0.4454077,0.6465753,0.04630473
19.78,-1.020059,0.4494058,9.275064,-0.3878807,0.6516945,0.05453429
19.80,-1.05021,0.4479066,9.296494,-0.3218445,0.5985465,0.03496652
19.82,-0.9683194,0.3749458,9.448693,-0.2707771,0.490371,-0.001935592
19.84,-1.015767,0.3412348,9.567846,-0.2411645,0.3615074,-0.02548564
19.86,-1.135118,0.382904,9.700289,-0.2198759,0.2253792,-0.002269677
19.88,-1.216507,0.3688695,9.812464,-0.1719567,0.1176384,0.07570755
19.90,-1.301703,0.2920132,9.812904,-0.0901489,0.0651913,0.1751666
19.92,-1.334845,0.3156113,9.691255,-0.01469018,0.03235485,0.2655628
19.94,-1.433812,0.5988666,9.664506,0.03828135,0.002354093,0.3294194
19.96,-1.576368,0.7529162,9.699098,0.07231826,-0.004607773,0.3607532
19.98,-1.668188,0.5289686,9.818052,0.0752983,0.000677108,0.3537664
20.00,-1.69035,0.309612,9.806142,0.02802262,0.03272068,0.2971183
20.02,-1.654499,0.3801068,9.760057,-0.02670195,0.08604085,0.2088267
20.04,-1.703132,0.5475191,9.830413,-0.04996322,0.1315764,0.1235892
20.06,-1.731009,0.5864462,9.891154,-0.04823415,0.1635428,0.08339243
20.08,-1.745917,0.5277836,9.827443,-0.06857931,0.1954683,0.09938383
20.10,-1.847505,0.5516894,9.733907,-0.125319,0.2420727,0.1372949
20.12,-1.885891,0.5302189,9.804041,-0.1437915,0.2807173,0.1658335
20.14,-1.719641,0.3452767,9.82891,-0.1289195,0.2840503,0.1656337
20.16,-1.541176,0.05137172,9.802549,-0.1078136,0.264714,0.1452231
20.18,-1.629374,-0.09611572,9.722668,-0.1250165,0.2545298,0.1130961
20.20,-1.840149,-0.06133306,9.640911,-0.1778037,0.2520635,0.08140825
20.22,-1.857026,-0.09983052,9.536583,-0.2543941,0.2668164,0.06604051
20.24,-1.807627,-0.2875877,9.464168,-0.3209382,0.304687,0.06765215
20.26,-1.730211,-0.4260104,9.673006,-0.3681706,0.3403732,0.08208059
20.28,-1.757201,-0.07532631,9.78336,-0.3916241,0.3440277,0.1267985
20.30,-2.056395,0.5763794,9.538749,-0.4135115,0.3576164,0.2020968
20.32,-2.421826,0.8179259,9.099373,-0.4343569,0.424967,0.2826561
20.34,-2.555002,0.2287775,8.730778,-0.4260421,0.5521621,0.348126
20.36,-2.969532,-0.4433231,9.112207,-0.4357855,0.6477631,0.3844838
20.38,-3.675067,-0.8160034,10.62497,-0.4574779,0.6280173,0.3705007
20.40,-4.171544,-0.7813958,11.38197,-0.4739072,0.5919723,0.3104924
20.42,-3.91718,-0.6118007,10.54359,-0.5292568,0.5671979,0.1952756
20.44,-3.308033,-0.5809483,9.412473,-0.5747995,0.5433588,0.0455401
20.46,-2.89577,-0.6189291,8.77247,-0.5484325,0.5171239,-0.08348473
20.48,-2.769593,-0.4930321,8.512699,-0.4716137,0.5059727,-0.119742
20.50,-2.831146,-0.6564262,8.602963,-0.3518234,0.5302747,-0.06975903
20.52,-2.913889,-1.13339,8.977751,-0.2266347,0.5383285,-0.02081926
20.54,-2.87222,-1.419243,9.351256,-0.1302539,0.4471246,-0.03024115
20.56,-2.877104,-1.252844,10.00468,-0.05253853,0.222622,-0.07461973
20.58,-3.052629,-0.7556837,10.31797,0.05645658,-0.04184425,-0.08050187
20.60,-3.230932,-0.5826169,10.24245,0.1445209,-0.2540433,-0.02878203
20.62,-3.237793,-0.8430573,9.897459,0.1695589,-0.4170227,0.03567735
20.64,-3.024913,-1.129338,9.522644,0.1992474,-0.5200861,0.06416555
20.66,-2.89098,-1.099125,9.12396,0.2543328,-0.5602156,0.07101617
20.68,-2.915411,-0.8636321,8.980084,0.3265236,-0.5226957,0.08314044
20.70,-2.943991,-0.7179751,9.063788,0.3834325,-0.451627,0.1036312
20.72,-2.926937,-0.7106283,9.300333,0.3705639,-0.4208036,0.09890117
20.74,-2.876915,-0.7365018,9.529961,0.3103949,-0.4435595,0.05017057
20.76,-2.75826,-0.6551599,9.690806,0.271466,-0.480738,0.0007107218
20.78,-2.852331,-0.4436032,9.646136,0.274383,-0.4511742,-0.02756104
20.80,-2.821089,-0.3404652,9.313839,0.2472637,-0.3585037,-0.03422068
20.82,-2.613888,-0.4003112,8.89893,0.180118,-0.2438822,-0.03505788
20.84,-2.463271,-0.4484515,8.768529,0.09809101,-0.1210527,-0.0480393
20.86,-2.405104,-0.4262487,8.84566,0.02583134,-0.01770486,-0.05358107
20.88,-2.402859,-0.3562967,9.089518,-0.02976835,0.05649422,-0.02151694
20.90,-2.439154,-0.4455008,9.475215,-0.09225734,0.07254204,0.03447312
20.92,-2.343362,-0.5042939,9.747732,-0.1355969,0.03904441,0.07371233
20.94,-2.310741,-0.4959213,9.652406,-0.139084,0.02227698,0.07918678
20.96,-2.370653,-0.4165242,9.462909,-0.09679598,0.03549185,0.06447855
20.98,-2.480779,-0.3791652,9.42501,-0.05424323,0.001200621,0.0442191
21.00,-2.507144,-0.3842631,9.543482,0.001681187,-0.07849032,0.0415401
21.02,-2.571132,-0.2363425,9.726056,0.1011257,-0.1365793,0.07551962
21.04,-2.761301,-0.09501421,9.715202,0.1911322,-0.1597734,0.11977
21.06,-2.8045,-0.08791097,9.630063,0.2160416,-0.1843035,0.1444995
21.08,-2.592976,-0.2504511,9.554009,0.2068574,-0.2109011,0.1275651
21.10,-2.319445,-0.4734423,9.576214,0.2184837,-0.232692,0.07646424
21.12,-2.176118,-0.5559984,9.533617,0.2480347,-0.2379965,0.02892007
21.14,-2.099757,-0.4868816,9.428588,0.2672951,-0.2143841,0.01126901
21.16,-2.109811,-0.4227246,9.480001,0.246028,-0.2077593,0.005162292
21.18,-2.118561,-0.2300924,9.550961,0.1977242,-0.2305979,-0.004561888
21.20,-2.118444,-0.04217247,9.635545,0.1448279,-0.2584785,-0.002216854
21.22,-2.075962,-0.01933716,9.608381,0.1005792,-0.2566482,0.01628412
21.24,-2.007483,-0.0568352,9.511598,0.05240834,-0.233293,0.03803757
21.26,-1.941245,-0.1407314,9.480089,0.002394464,-0.2014518,0.05964592
21.28,-1.860741,-0.1051138,9.484742,-0.03999201,-0.1576415,0.07965969
21.30,-1.795073,-0.00340148,9.459167,-0.06141688,-0.09726416,0.09120312
21.32,-1.770553,0.03842874,9.481166,-0.08631642,-0.03083216,0.09197975
21.34,-1.828715,0.03474107,9.572392,-0.1097167,0.0185557,0.08045249
21.36,-1.930468,0.05642461,9.618132,-0.1183908,0.05437889,0.08151308
21.38,-2.027283,-0.003781956,9.535604,-0.09863204,0.1010179,0.09614894
21.40,-2.042548,-0.2334352,9.434351,-0.07610673,0.1564455,0.09193924
21.42,-2.036309,-0.317254,9.46901,-0.07710091,0.1789437,0.04659666
21.44,-2.064932,-0.1890072,9.641583,-0.07990261,0.1454494,-0.01352442
21.46,-2.144012,-0.1015598,9.709378,-0.06084904,0.09933566,-0.05575969
21.48,-2.195935,-0.1618318,9.641633,-0.03441269,0.06622527,-0.07163818
21.50,-2.200058,-0.1705468,9.552815,-0.01461918,0.03669211,-0.06807036
21.52,-2.190817,-0.09736945,9.599784,-0.00172365,-0.003174808,-0.06118353
21.54,-2.117913,-0.1835398,9.711253,0.009808522,-0.03969433,-0.06882671
21.56,-2.036596,-0.2528754,9.740951,0.02014255,-0.05813318,-0.08081762
21.58,-2.024097,-0.1822745,9.594704,0.02701001,-0.04957484,-0.08348607
21.60,-2.026991,-0.1141309,9.428492,0.03111084,-0.01557172,-0.06256577
21.62,-1.957864,-0.1491534,9.428518,0.02649766,0.03070208,-0.03529465
21.64,-1.844693,-0.2124649,9.573825,0.02251704,0.0491629,-0.01681778
21.66,-1.823003,-0.2598474,9.724554,0.02471317,0.03552869,-0.02456713
21.68,-1.865672,-0.2334846,9.737894,0.02778287,0.01886662,-0.02581061
21.70,-2.006761,-0.1054754,9.540234,0.01573139,0.00758176,-0.01834329
21.72,-2.097302,0.05413,9.465715,-0.01486469,-0.0006769503,0.00445687
21.74,-2.081054,0.003156547,9.509426,-0.02906576,-0.007751438,0.02342519
21.76,-2.040224,-0.1712691,9.60116,-0.01150104,0.008652595,0.01736181
21.78,-2.075935,-0.2244689,9.545353,0.01700155,0.03501128,-0.003946113
21.80,-2.08426,-0.2167869,9.5197,0.03261898,0.04287305,-0.01734331
21.82,-2.095488,-0.1452966,9.55755,0.02349507,0.02091455,-0.02905161
21.84,-2.170732,-0.001749878,9.597428,0.01292155,-0.01526895,-0.027395
21.86,-2.218055,0.01508664,9.632927,0.02316598,-0.02406701,-0.02271089
21.88,-2.140832,-0.09464258,9.641248,0.05048069,-0.01591804,-0.02695742
21.90,-2.026548,-0.1662495,9.591854,0.06161545,-0.0145458,-0.04211467
21.92,-1.99483,-0.1311016,9.565178,0.05855503,-0.02453317,-0.05398121
21.94,-2.017996,-0.04988016,9.640948,0.05434381,-0.04546536,-0.03523254
21.96,-2.036413,-0.003394021,9.671561,0.05536084,-0.07117938,0.0006241003
21.98,-2.026947,-0.05612519,9.67694,0.06195629,-0.08085093,0.03933107
22.00,-1.961641,-0.2204627,9.687068,0.09754606,-0.0603972,0.05812659
22.02,-1.960727,-0.2231199,9.63979,0.130318,-0.04170235,0.0581928
22.04,-2.011036,-0.04089704,9.625735,0.1294336,-0.06345116,0.05940446
22.06,-2.062364,0.1305195,9.596043,0.1064773,-0.1080722,0.07729892
22.08,-2.033776,0.09570082,9.647716,0.1026515,-0.120179,0.09018347
22.10,-1.922728,-0.09525391,9.665744,0.1223358,-0.09863169,0.08086659
22.12,-1.820336,-0.1764713,9.592555,0.1303378,-0.08454011,0.04752914
22.14,-1.834771,-0.05944977,9.437343,0.1036256,-0.08526734,0.005510934
22.16,-1.955104,0.02450887,9.413323,0.05917141,-0.08661447,-0.03944384
22.18,-2.080795,-0.1372598,9.467578,0.004143844,-0.05005692,-0.08640275
22.20,-2.162679,-0.2422889,9.495593,-0.05095734,0.02742,-0.1303823
22.22,-2.091001,-0.2382355,9.492299,-0.08997789,0.1420036,-0.1533076
22.24,-2.059578,-0.1001513,9.459931,-0.0863272,0.277561,-0.1564332
22.26,-2.078193,0.04130332,9.452657,-0.06291266,0.4082365,-0.1373047
22.28,-2.144499,0.1128055,9.428942,-0.06569796,0.5081437,-0.09851414
22.30,-2.23738,0.1887643,9.640082,-0.1025801,0.5649231,-0.05338812
22.32,-2.39935,0.1108935,9.74374,-0.1392177,0.5944347,-0.03515565
22.34,-2.317304,0.03747119,9.677938,-0.1515732,0.5883632,-0.03482275
22.36,-2.210966,0.06411773,9.617082,-0.1389821,0.5466847,-0.03773436
22.38,-2.191227,0.1061953,9.715097,-0.1073665,0.4813473,-0.03063385
22.40,-2.331421,0.09672514,9.899944,-0.06190251,0.3850953,-0.02836487
22.42,-2.51711,0.215922,9.930545,-0.02206283,0.2541148,-0.0226028
22.44,-2.573033,0.4189017,9.939244,0.02440923,0.09882511,0.001822654
22.46,-2.648906,0.4192163,9.992051,0.063194,-0.03511376,0.0394906
22.48,-2.772349,0.1997396,10.25052,0.08708819,-0.1520489,0.06496296
22.50,-2.96665,-0.0102244,10.55853,0.09374651,-0.2718387,0.04774458
22.52,-2.996409,-0.04727894,10.66909,0.0851073,-0.4319193,0.01056729
22.54,-2.949497,0.03322902,10.54089,0.0808272,-0.5996463,-0.01190731
22.56,-2.89848,-0.07694587,10.38145,0.1043534,-0.7010217,-0.002620665
22.58,-2.852945,-0.2804239,10.13258,0.1392183,-0.7323056,0.01302201
22.60,-2.804084,-0.3966679,9.881482,0.1465262,-0.7346876,0.02276525
22.62,-2.723425,-0.3377255,9.654532,0.143089,-0.7368529,0.01822946
22.64,-2.612182,-0.1959279,9.472484,0.1383518,-0.7151899,0.01208657
22.66,-2.512338,-0.1316472,9.308091,0.1442929,-0.6498891,0.003334506
22.68,-2.371574,-0.160963,9.179304,0.1524471,-0.5630521,-0.008655448
22.70,-2.251116,-0.1317321,9.160048,0.1514721,-0.4884429,-0.03360237
22.72,-2.111262,-0.01297832,9.206882,0.1517918,-0.4315803,-0.06976696
22.74,-2.043265,0.107344,9.248362,0.1546239,-0.3746828,-0.1159159
22.76,-1.97103,0.128209,9.316574,0.1657227,-0.3102174,-0.1650217
22.78,-1.925959,0.1857514,9.448622,0.1770803,-0.2609977,-0.2159777
22.80,-1.790461,0.3413087,9.626919,0.1965865,-0.2425295,-0.261024
22.82,-1.64944,0.4969905,9.738092,0.2212837,-0.2301319,-0.3014075
22.84,-1.545219,0.5890822,9.733492,0.2548766,-0.2190247,-0.3437006
22.86,-1.468014,0.548253,9.672617,0.3043713,-0.2095794,-0.3875849
22.88,-1.332175,0.5546892,9.710333,0.3742431,-0.2302807,-0.4324805
22.90,-1.110018,0.7353935,9.982606,0.4869565,-0.2853144,-0.4631027
22.92,-1.018686,1.102411,10.13783,0.5975099,-0.336825,-0.4776293
22.94,-1.005337,1.467611,10.02287,0.6347166,-0.4022748,-0.480526
22.96,-0.8919633,1.547948,9.83518,0.6284551,-0.4875279,-0.4791752
22.98,-0.672084,1.483666,9.832659,0.6511375,-0.6015939,-0.4964372
23.00,-0.3357655,1.486126,10.00414,0.7167125,-0.7213982,-0.5403811
23.02,-0.1652412,1.590532,10.05447,0.7588076,-0.8039529,-0.612488
23.04,-0.2180041,1.66293,9.766301,0.7313329,-0.8147824,-0.7014967
23.06,-0.2488612,1.5965,9.372454,0.6479168,-0.7663357,-0.7898741
23.08,-0.09922454,1.559506,9.341315,0.6052158,-0.7330577,-0.8556526
23.10,0.1341385,1.799747,9.376047,0.6397586,-0.7573858,-0.88332
23.12,0.3385293,1.964154,9.206409,0.6886837,-0.7560922,-0.8749669
23.14,0.4116126,1.916944,9.031954,0.696012,-0.655195,-0.8567546
23.16,0.4375035,1.88409,8.797986,0.6548506,-0.5222365,-0.84577
23.18,0.5077332,1.872883,9.173989,0.6243587,-0.4691692,-0.8407302
23.20,0.4828061,2.107849,9.182926,0.6588198,-0.5429672,-0.8254284
23.22,0.49829,2.206554,9.099995,0.774543,-0.6441116,-0.7815981
23.24,0.5929469,2.310301,9.053404,0.9198239,-0.6463627,-0.6993347
23.26,0.548728,2.527335,8.813641,1.005625,-0.588787,-0.590861
23.28,0.4727733,2.934654,8.804317,1.016808,-0.5542561,-0.4769386
23.30,0.3557221,3.24466,9.021454,1.027472,-0.5950555,-0.3995414
23.32,0.3520052,3.270876,8.917073,1.072378,-0.7161021,-0.3774094
23.34,0.6896084,3.163616,8.940722,1.134401,-0.8626307,-0.3698687
23.36,0.9397403,3.399412,9.351939,1.172904,-1.000322,-0.3728657
23.38,0.8872808,3.997686,9.331327,1.152704,-1.138096,-0.4081444
23.40,0.8984051,4.535479,8.94336,1.105337,-1.285183,-0.483868
23.42,1.060229,4.277942,8.25127,1.072351,-1.410808,-0.599566
23.44,1.543657,4.129075,7.755134,1.119557,-1.45893,-0.6859964
23.46,2.041514,4.640627,7.865706,1.18707,-1.421267,-0.7055466
23.48,2.111434,5.306173,7.440634,1.166651,-1.340433,-0.6807657
23.50,1.871148,5.419103,6.605329,1.083513,-1.204818,-0.64533
23.52,1.849684,5.160462,6.013431,1.044335,-0.9868524,-0.6194012
23.54,2.242958,5.262995,6.409204,1.016977,-0.7641894,-0.588088
23.56,2.603808,5.866639,6.896245,0.8968104,-0.5997617,-0.54631
23.58,2.319866,6.096889,6.655247,0.7037341,-0.4422661,-0.5542194
23.60,2.072007,5.966607,6.307817,0.5680439,-0.2212199,-0.5966345
23.62,2.207163,5.703372,6.428894,0.5312412,0.02929909,-0.6284595
23.64,2.361966,5.811723,6.901613,0.5254998,0.1919969,-0.6517098
23.66,2.217063,6.268867,7.180723,0.5103499,0.2445905,-0.6629913
23.68,1.861625,6.583609,7.134178,0.4902855,0.2579955,-0.6818753
23.70,1.674886,6.648664,7.168603,0.5122735,0.2556956,-0.6899397
23.72,1.754732,6.715835,7.552557,0.555088,0.1804318,-0.6583934
23.74,1.76573,7.060179,7.717323,0.5450586,0.049707,-0.5838109
23.76,1.537561,7.314655,7.563041,0.4755696,-0.04401499,-0.5089298
23.78,1.463514,7.250762,7.295204,0.4096222,-0.1000138,-0.4655413
23.80,1.711903,7.100486,7.339752,0.390097,-0.1523892,-0.4552342
23.82,1.986913,7.176941,7.536572,0.4045725,-0.25261,-0.4527856
23.84,2.154124,7.557661,7.565337,0.4013195,-0.3798077,-0.4164221
23.86,4.399145,9.826914,7.05875,0.3385462,-0.3420599,-0.122715
23.88,4.601195,9.911948,6.144147,0.1919351,-0.1407339,0.1597817
23.90,1.962561,7.05524,6.465303,0.2060766,-0.06022293,0.1211905
23.92,2.064727,7.288129,7.187483,0.5050037,-0.4681787,0.1395933
23.94,1.657989,7.849495,7.003028,0.7147638,-0.8554957,0.2106014
23.96,0.8282592,7.793451,6.390052,0.7277253,-0.9279711,0.1561035
23.98,1.317784,7.541418,5.935737,0.6919069,-0.8802781,0.1103992
24.00,1.690354,7.038659,5.265618,0.6474814,-0.6961405,0.003633008
24.02,1.902208,6.791003,5.09098,0.6409326,-0.4452369,-0.1561994
24.04,2.090142,7.244283,5.705171,0.650649,-0.3004585,-0.2863244
24.06,1.844717,8.028698,5.967055,0.6537689,-0.2728351,-0.342248
24.08,1.28844,8.365582,5.685515,0.6044728,-0.2150852,-0.4081286
24.10,1.247149,8.425876,5.319129,0.4829744,-0.05600843,-0.4090074
24.12,1.577652,8.287379,5.06979,0.3179929,0.05462581,-0.3420362
24.14,1.502242,7.801989,4.764387,0.1488581,0.1597543,-0.3169079
24.16,1.552612,7.754509,4.767785,0.09690429,0.2501451,-0.3091323
24.18,1.658599,7.734542,4.749617,0.1180592,0.2980794,-0.2912395
24.20,1.612138,7.660091,4.582205,0.1368484,0.2802472,-0.2607737
24.22,1.473949,7.634678,4.394589,0.1736204,0.2483497,-0.2402242
24.24,1.34049,7.556777,4.290297,0.2572116,0.2161881,-0.2430268
24.26,1.347086,7.436587,4.190573,0.3611966,0.1482273,-0.2660629
24.28,1.438569,7.519485,4.193537,0.4540518,0.02000691,-0.290364
24.30,1.461262,7.886107,4.314492,0.5237106,-0.1690416,-0.3160026
24.32,1.427775,8.206889,4.336337,0.5838513,-0.3558393,-0.3422834
24.34,1.404893,8.150325,4.128578,0.5996022,-0.5493466,-0.3570156
24.36,1.595972,7.925233,4.068699,0.5697125,-0.7494435,-0.3474108
24.38,1.494273,8.485708,3.970817,0.5757767,-0.8803413,-0.3111533
24.40,3.13405,15.03429,4.91867,0.0611959,-0.648101,0.05998415
24.42,3.257255,11.54033,2.368834,0.1079162,-0.3293056,0.185202
24.44,2.639172,7.811539,2.447532,0.1257289,-0.1719416,0.1921192
24.46,1.700017,7.707871,2.958928,0.1347509,0.03122438,-0.01090283
24.48,1.014581,8.769212,2.994577,-0.05421904,0.2628076,-0.1504421
24.50,1.294294,8.800198,3.041016,-0.1612154,0.431721,-0.06674799
24.52,1.34156,8.718587,3.846141,-0.1449989,0.5366201,-0.06699129
24.54,1.577816,8.69175,4.749886,-0.07427499,0.5796474,-0.09055601
24.56,1.385352,8.63955,4.936095,-0.05965589,0.5452598,-0.1090256
24.58,1.004552,8.855545,5.045706,-0.08788526,0.3772331,-0.0823535
24.60,0.5872917,8.957505,4.957583,-0.09346966,0.1279013,-0.01726132
24.62,0.5190676,8.966379,4.890171,-0.07627486,-0.1272282,0.03064354
24.64,0.9380521,8.911814,4.833427,-0.05598881,-0.2935088,0.05476854
24.66,1.317524,8.668908,4.737047,-0.03722552,-0.3516217,0.0380938
24.68,1.509457,8.640478,4.751516,-0.03152327,-0.3783117,-0.002054153
24.70,1.482831,8.72708,4.674868,-0.02029279,-0.4404773,-0.02558043
24.72,1.303745,8.749794,4.416449,-0.01013738,-0.508691,-0.03140468
24.74,1.303058,8.858496,4.206611,0.0102297,-0.5369611,-0.02322687
24.76,1.469455,8.802998,4.006628,0.02500137,-0.5144894,-0.02061259
24.78,1.622695,8.739175,3.787094,0.0225137,-0.4376722,-0.03907425
24.80,1.639099,8.718533,3.682098,-0.01256653,-0.3270614,-0.05409318
24.82,1.613007,8.749021,3.760365,-0.04273833,-0.2112156,-0.06556439
24.84,1.528415,8.792704,3.866212,-0.05530753,-0.1321253,-0.06450362
24.86,1.446414,8.847494,3.865745,-0.07010798,-0.07253727,-0.05476097
24.88,1.388226,8.889561,3.791564,-0.09056173,0.004665825,-0.03468143
24.90,1.404405,8.852732,3.847483,-0.1072462,0.07854368,-0.01739498
24.92,1.442298,8.782114,4.03582,-0.1191598,0.1316937,-0.009056235
24.94,1.472423,8.730216,4.178387,-0.1251232,0.1636185,-0.007071243
24.96,1.45734,8.679486,4.435813,-0.12387,0.139514,-0.007697861
24.98,1.402142,8.715559,4.571337,-0.1101232,0.08957449,-0.004871736
25.00,1.301682,8.75997,4.565557,-0.08914965,0.05086427,0.01148413
25.02,1.28626,8.765913,4.548496,-0.06496513,0.02836226,0.03025796
25.04,1.366895,8.717697,4.552557,-0.04335833,0.01661564,0.03795594
25.06,1.453009,8.641624,4.575603,-0.02029505,0.01496162,0.03313882
25.08,1.500651,8.5921,4.60811,-0.005749629,0.006750208,0.02403391
25.10,1.509507,8.59686,4.582923,0.007261124,-0.009008891,0.01425613
25.12,1.470397,8.639717,4.490219,0.01528777,-0.01488449,0.007719144
25.14,1.419131,8.688804,4.460074,0.02497454,-0.01758581,0.009607271
25.16,1.393978,8.708515,4.494867,0.03326847,-0.02797126,0.01740891
25.18,1.411927,8.694413,4.477787,0.03893346,-0.05281797,0.02399054
25.20,1.429573,8.699821,4.402841,0.03638778,-0.07212458,0.02797561
25.22,1.465433,8.676012,4.313815,0.03215421,-0.05868373,0.03022308
25.24,1.512929,8.671984,4.285534,0.02997099,-0.02085793,0.02826876
25.26,1.514048,8.663857,4.302155,0.02808851,0.01020311,0.02136883
25.28,1.535396,8.64717,4.363166,0.02160193,0.009029107,0.01651827
25.30,1.528435,8.654798,4.366527,0.0145449,0.004793823,0.01143046
25.32,1.50477,8.677264,4.330912,0.01122841,0.009637214,0.00861018
25.34,1.515966,8.681022,4.311049,0.01164344,0.02887253,0.005475095
25.36,1.51207,8.680672,4.323705,0.01010872,0.04202381,0.00454972
25.38,1.476055,8.692221,4.368654,0.009595948,0.04590358,0.005426023
25.40,1.495645,8.675062,4.451925,0.01540864,0.03310878,0.00741247
25.42,1.470656,8.705029,4.406135,0.01634296,0.02029815,0.008291
25.44,1.42836,8.737799,4.316134,0.0162598,0.02111341,0.01728102
25.46,1.405407,8.767695,4.233999,0.008022841,0.03786262,0.03186281
25.48,1.421493,8.768708,4.177199,0.0029762,0.05425794,0.0424173
25.50,1.462572,8.740224,4.174477,-0.008422147,0.06829904,0.04627744
25.52,1.505021,8.697113,4.211482,-0.01799079,0.08055033,0.04322619
25.54,1.550884,8.672804,4.307122,-0.01996325,0.09030027,0.03958554
25.56,1.533928,8.651436,4.386639,-0.01817853,0.0874415,0.03477052
25.58,1.510345,8.660595,4.451691,-0.01913565,0.07214527,0.03013728
25.60,1.512791,8.649229,4.488648,-0.01516534,0.05417818,0.02763592
25.62,1.525276,8.633531,4.51779,-0.01162281,0.03509255,0.02078403
25.64,1.548673,8.611109,4.547429,-0.008664832,0.01041707,0.01490431
25.66,1.533533,8.62299,4.523549,-0.005669067,-0.004357183,0.006689381
25.68,1.532888,8.644,4.469036,-0.0006869262,-0.01053508,0.00100966
25.70,1.535972,8.624557,4.449643,-0.002968443,-0.01459594,-0.00600529
25.72,1.530577,8.64825,4.425858,-0.00134624,-0.01870841,-0.01010172
25.74,1.491998,8.673218,4.384413,0.0003426444,-0.01781713,-0.008805756
25.76,1.495502,8.691534,4.346665,-0.003317869,-0.0148843,-0.007397128
25.78,1.49539,8.686885,4.32346,-0.008339714,-0.004866486,-0.005818816
25.80,1.481017,8.701377,4.328134,-0.009303058,0.005227563,-0.002433939
25.82,1.457854,8.70282,4.36736,-0.006476414,0.00769621,0.005255099
25.84,1.451823,8.695638,4.404888,-0.00350467,0.009165611,0.01273163
25.86,1.483667,8.683003,4.428934,0.004210065,0.007105106,0.0147382
25.88,1.490434,8.672255,4.437732,0.007075502,0.006212282,0.01522107
25.90,1.538208,8.62294,4.477194,0.009244128,-0.00930038,0.009777592
25.92,1.538609,8.633059,4.444452,0.008980348,-0.01487482,0.005156588
25.94,1.512898,8.663127,4.375432,0.006995664,-0.01407514,0.003669073
25.96,1.521275,8.664337,4.383833,0.005455973,-0.01403087,0.001798184
25.98,1.528436,8.657353,4.396767,0.002947367,-0.01381945,-0.001989739
26.00,1.527342,8.663166,4.365222,-0.0008289409,-0.01065145,-0.002313189
26.02,1.53014,8.656633,4.379969,0.0007001155,-0.005434554,-0.004633706
26.04,1.522607,8.659637,4.383293,0.0005806285,-0.0008915082,-0.006573141
26.06,1.520591,8.656248,4.387336,0.001500257,-0.001126888,-0.008425006
26.08,1.517074,8.665648,4.406595,0.001005816,-0.003836104,-0.01054585
26.10,1.487803,8.6854,4.420897,0.00382108,-0.004151756,-0.007181781
26.12,1.45929,8.70441,4.39348,0.009396605,-0.004517143,-0.002054759
26.14,1.489187,8.693063,4.353939,0.009180276,-0.002291874,0.0006211862
26.16,1.510613,8.671651,4.330384,0.002797604,-0.002420213,0.0004084685
26.18,1.532976,8.649714,4.35311,-0.0009208898,0.002073499,-0.002674971
26.20,1.518935,8.672638,4.393973,-0.001843629,0.001268753,-0.005101826
26.22,1.494467,8.69403,4.411955,0.001357519,-0.004990408,-0.0004596239
26.24,1.483698,8.699735,4.352387,0.001261838,-0.005849693,0.006150409
26.26,1.508806,8.684591,4.314434,-0.003111321,0.001954346,0.005995347
26.28,1.529347,8.672503,4.320704,-0.006963245,0.01227849,0.003651133
26.30,1.519034,8.658372,4.391436,-0.007509876,0.008504285,0.00185956
26.32,1.507889,8.666142,4.409352,-0.009368406,0.00392992,0.001867443
26.34,1.502187,8.676455,4.390212,-0.008784369,0.001476864,0.00486562
26.36,1.516997,8.661546,4.382281,-0.008250868,0.001431389,0.00273333
26.38,1.522365,8.667398,4.373366,-0.01129969,0.004750513,0.002353428
26.40,1.511095,8.675186,4.385012,-0.01075485,0.003348775,0.003067418
26.42,1.506199,8.687124,4.397402,-0.01042657,0.005796579,0.001573841
26.44,1.504778,8.674571,4.415082,-0.005555448,0.002578547,0.006132749
26.46,1.52149,8.665154,4.406299,-0.008166635,0.003209432,0.004974629
26.48,1.513588,8.665309,4.386208,-0.004324985,0.009482715,0.003429055
26.50,1.519416,8.659605,4.414728,-0.00244343,0.007896226,0.005392365
26.52,1.515051,8.660526,4.44906,-0.001615922,-0.0007231949,0.003604954
26.54,1.510942,8.649156,4.44225,-0.002025996,-0.006338042,0.004227048
26.56,1.518393,8.662613,4.404755,-0.001757998,-0.01101545,0.001210216
26.58,1.521774,8.65789,4.391518,-0.003955843,-0.007864151,0.001911975
26.60,1.524415,8.66155,4.374514,-0.004033692,-0.002851506,0.00425585
26.62,1.515626,8.665764,4.354118,-0.005395404,0.00315103,0.001788289
26.64,1.525469,8.660048,4.34772,-0.009571424,0.01366941,0.0003949269
26.66,1.519082,8.656988,4.383076,-0.0115745,0.01792346,0.0005103062
26.68,1.513292,8.666755,4.416173,-0.01169514,0.01425156,0.002226462
26.70,1.515344,8.654475,4.418844,-0.01208033,0.01169752,0.000574314
26.72,1.505384,8.656007,4.419524,-0.007806151,0.01339336,0.001941577
26.74,1.516097,8.651681,4.45234,-0.001097518,0.0109852,0.002517276
26.76,1.51576,8.648066,4.459054,0.000333779,-0.0001763125,0.0009720689
26.78,1.524144,8.637269,4.428684,-0.003755117,-0.00667929,0.002659497
26.80,1.540113,8.640157,4.409818,-0.004853487,-0.006734714,-0.003154392
26.82,1.519906,8.647657,4.398093,-0.007272669,-0.007042927,-0.004417557
26.84,1.502934,8.667203,4.414076,-0.005408176,-0.006238655,-0.002408261
26.86,1.497394,8.665841,4.425946,-0.005363784,-0.003067044,-0.0005875748
26.88,1.499799,8.667236,4.409164,-0.006199237,-0.004798265,0.00196166
26.90,1.514556,8.662431,4.383811,-0.009245473,-0.001227849,0.004370251
26.92,1.531434,8.653947,4.385599,-0.01259351,0.002784644,0.004120652
26.94,1.526104,8.641622,4.400923,-0.01253315,0.009036204,0.0003898875
26.96,1.524016,8.656464,4.426491,-0.009715247,0.0127185,-0.001465567
26.98,1.521177,8.642903,4.459219,-0.005632543,0.01168857,-0.00102492
27.00,1.534816,8.636852,4.493083,-0.0005127515,0.003288153,-0.0002636269
27.02,1.528764,8.631866,4.49621,-0.001227748,-0.003593481,-0.003880816
27.04,1.526985,8.62961,4.469582,0.00255243,-0.008148234,-0.005690005
27.06,1.524055,8.63736,4.436178,0.00144426,-0.01196076,-0.008549032
27.08,1.520733,8.655436,4.415285,0.001672309,-0.009282272,-0.00744553
27.10,1.50659,8.655574,4.402087,0.0004321436,-0.005620351,-0.006531635
27.12,1.50532,8.659966,4.401062,-0.0009042801,-0.002225212,-0.006490292
27.14,1.508857,8.653683,4.398498,-0.001130589,0.002823766,-0.003631144
27.16,1.496924,8.650134,4.418941,-0.001360088,0.003996885,-0.004192785
27.18,1.511607,8.654482,4.429871,-0.004310037,8.442625e-05,-0.002266128
27.20,1.526037,8.649679,4.423634,-0.001487976,0.00171753,-0.002345554
27.22,1.515304,8.645288,4.411586,-0.005073688,0.003370677,-0.005110948
27.24,1.504089,8.653118,4.422404,-0.004253586,0.002836462,-0.002514713
27.26,1.507014,8.650018,4.45065,-0.002710578,-0.0001650007,-0.002016201
27.28,1.511373,8.645859,4.442879,-0.005444716,-0.004498444,-0.002820609
27.30,1.515408,8.63418,4.416518,-0.007852105,-0.003138351,-0.004304473
27.32,1.516646,8.642837,4.414334,-0.00864755,0.0003174335,-0.005108212
27.34,1.498981,8.656357,4.406616,-0.008909901,0.003934548,-0.005600255
27.36,1.496922,8.664856,4.422843,-0.007156654,0.008186575,-0.001864567
27.38,1.487469,8.658148,4.467782,-0.004046149,0.006349176,0.0003260226
27.40,1.490427,8.651918,4.4874,-0.00120378,-0.001289734,0.001298543
27.42,1.502784,8.636425,4.474511,0.000227202,-0.00712686,0.003521635
27.44,1.520311,8.634606,4.421904,0.0006618573,-0.006599034,-7.653371e-05
27.46,1.520374,8.64235,4.401429,0.0006527006,0.004113487,-0.001600484
27.48,1.511266,8.65011,4.413329,-0.002217133,0.008426091,0.0007577121
27.50,1.49513,8.646537,4.432263,-0.004141984,0.006821148,0.0002789633
27.52,1.508694,8.641235,4.440039,-0.006612716,0.003027547,-0.0003172909
27.54,1.523939,8.629884,4.445675,-0.00751651,0.004235965,-0.001472794
27.56,1.524549,8.628714,4.459729,-0.006671422,0.0007068351,-0.004253942
27.58,1.514704,8.632491,4.477128,-0.006703483,-0.001609972,-0.005405212
27.60,1.49752,8.638357,4.468012,-0.005110154,-0.0001504181,-0.00619418
27.62,1.501899,8.652663,4.462823,-0.002223989,-0.002055414,-0.004510481
27.64,1.498194,8.659313,4.429548,-0.005534261,0.0004488702,-0.002638288
27.66,1.490615,8.65108,4.413309,-0.006212934,0.005021805,-0.002532297
27.68,1.498413,8.651765,4.42433,-0.006256843,0.01078227,-0.0007600604
27.70,1.502111,8.635185,4.454774,-0.005973995,0.01024038,-0.002861826
27.72,1.5145,8.630296,4.484118,-0.006400486,0.005561765,-0.001399164
27.74,1.497455,8.636506,4.470117,-0.004465857,0.002138489,-0.004424372
27.76,1.489402,8.641558,4.46739,-0.001473219,0.002190637,-0.002369505
27.78,1.495846,8.639258,4.470806,-0.0004627069,0.0003339964,-0.002508964
27.80,1.498692,8.638253,4.464781,0.002213921,-0.001980103,-0.0008920088
27.82,1.49186,8.650897,4.464384,0.003784771,0.0002878668,-0.001327233
27.84,1.485553,8.648499,4.447086,0.003506161,-0.00322986,0.001528285
27.86,1.505663,8.649227,4.447144,0.002354005,-0.0004936067,0.003485714
27.88,1.511674,8.638444,4.422376,0.003700051,0.008421176,0.001567536
27.90,1.491716,8.64845,4.441732,0.004874188,0.01216252,0.001972079
27.92,1.486812,8.645046,4.489501,0.005113461,0.00265017,0.004057861
27.94,1.511571,8.624753,4.460052,0.002443957,-0.006609704,0.001949827
27.96,1.547406,8.61165,4.423516,-0.002774965,-0.007026335,-0.003428089
27.98,1.541712,8.610584,4.458633,-0.001161114,0.000598625,-0.01219137
28.00,1.495581,8.630219,4.536083,0.005165748,-0.004622699,-0.01328054
28.02,1.479623,8.647715,4.523988,0.008860366,-0.019004,-0.01023014
28.04,1.477042,8.662699,4.487082,0.01295896,-0.02825083,-0.004872321
28.06,1.470335,8.670951,4.426459,0.01674102,-0.02607985,-0.001251329
28.08,1.466563,8.686962,4.371086,0.01387801,-0.00940563,0.00408677
28.10,1.488437,8.651582,4.376294,0.01369818,-0.0009828043,0.005658356
28.12,1.516721,8.635443,4.395275,0.005835114,0.0003109267,0.004225355
28.14,1.533537,8.620728,4.415289,0.001111725,0.004808415,-0.001576701
28.16,1.53703,8.620383,4.443011,0.0005167747,0.00343469,-0.006292555
28.18,1.515863,8.625643,4.458226,0.004031028,0.00297792,-0.007771376
28.20,1.503176,8.635691,4.488262,0.007881126,-0.003024817,-0.009332017
28.22,1.498349,8.660713,4.488504,0.008926117,-0.0115639,-0.008283088
28.24,1.478197,8.661289,4.467699,0.01470043,-0.01926977,-0.006426451
28.26,1.491531,8.662165,4.410087,0.014975,-0.01352572,-0.007601587
28.28,1.495265,8.665846,4.390888,0.01350102,-0.01003223,-0.004365796
28.30,1.486899,8.680264,4.382236,0.01137548,-0.003257047,-0.002930822
28.32,1.500574,8.66798,4.370555,0.007618491,0.006012522,-0.002511602
28.34,1.522111,8.629478,4.333625,0.007273349,0.02825366,-0.005039228
28.36,1.497183,8.696852,4.408894,0.01725185,0.04711259,-0.002510771
28.38,1.345812,8.890761,4.432613,0.04662775,0.05914707,0.02531546
28.40,1.479787,8.578973,4.747983,0.04582522,0.01733647,0.03010756
28.42,1.671596,8.504401,4.634806,0.05185863,-0.03871173,-0.002060992
28.44,1.603449,8.564404,4.354572,0.02710186,-0.05203546,-0.01877666
28.46,1.415108,8.78027,4.235822,0.02318113,-0.03789437,-0.006968146
28.48,1.383723,8.792243,4.319141,0.02827263,-0.0259669,0.01070794
28.50,1.469548,8.719677,4.277952,0.02812649,-0.005277707,0.01983756
28.52,1.525314,8.671547,4.285045,0.02030137,-0.003429571,0.01578731
28.54,1.53099,8.666898,4.391034,0.01499374,-0.01504931,0.01621743
28.56,1.54645,8.663213,4.400196,0.0123393,-0.02127093,0.01092172
28.58,1.577543,8.635111,4.365381,0.009938457,-0.02100028,0.002099699
28.60,1.570417,8.637477,4.389797,0.01171394,-0.02369192,-0.003335814
28.62,1.540491,8.666798,4.410554,0.01411053,-0.02294544,-0.008352751
28.64,1.521912,8.683225,4.397298,0.01448596,-0.02791361,-0.01050866
28.66,1.498528,8.695424,4.398921,0.02086732,-0.03495329,-0.007804863
28.68,1.4781,8.731966,4.383841,0.02905242,-0.0341574,0.00254966
28.70,1.490359,8.723209,4.333372,0.0335162,-0.0319616,0.009954776
28.72,1.521095,8.703148,4.315529,0.03494683,-0.02785575,0.01187774
28.74,1.527057,8.716663,4.2587,0.03384999,-0.01640345,0.01355102
28.76,1.535652,8.715531,4.226875,0.03062383,0.004990667,0.01411167
28.78,1.558285,8.691814,4.220393,0.0269466,0.02110991,0.01251016
28.80,1.570324,8.680571,4.301228,0.02048342,0.01779096,0.007127955
28.82,1.575537,8.676111,4.3356,0.0150534,0.01066211,0.003592724
28.84,1.578899,8.680802,4.298064,0.007616392,0.002870915,-0.00131778
28.86,1.577381,8.695906,4.246658,0.001965942,0.01462433,-0.005542632
28.88,1.558423,8.692626,4.230728,-0.003349272,0.03123596,-0.007159059
28.90,1.561422,8.696754,4.245434,-0.01006232,0.03971725,-0.009709817
28.92,1.547287,8.69435,4.270232,-0.01504398,0.04645258,-0.01326508
28.94,1.524131,8.700902,4.311406,-0.01437465,0.04933688,-0.01269536
28.96,1.50755,8.709126,4.353319,-0.0130004,0.0439961,-0.009571896
28.98,1.511016,8.706619,4.384099,-0.004821202,0.03554767,-0.01067638
29.00,1.502809,8.711054,4.406351,0.001678159,0.02558341,-0.008367252
29.02,1.482702,8.716009,4.399539,0.007375147,0.004814193,-0.001442458
29.04,1.480338,8.729465,4.363593,0.01235891,-0.005772865,0.002145743
29.06,1.503553,8.717517,4.320412,0.012154,-0.01164428,0.001193368
29.08,1.521383,8.695388,4.290362,0.007038881,-0.007733592,-0.001263539
29.10,1.510003,8.710238,4.311683,0.01264771,-0.001532057,-5.830075e-05
29.12,1.488727,8.723083,4.355717,0.01700004,-0.007568054,0.005847069
29.14,1.499308,8.714867,4.349407,0.01748189,-0.01902345,0.007951405
29.16,1.525529,8.702851,4.307987,0.013635,-0.02103612,0.005022234
29.18,1.543497,8.693607,4.264329,0.01447398,-0.01144381,0.00283037
29.20,1.54154,8.697368,4.27027,0.007665337,-0.005388047,-0.0001169761
29.22,1.534213,8.706197,4.280395,0.005088852,-0.000643961,-0.003981869
29.24,1.527875,8.717552,4.267777,0.002155126,0.003444098,-0.002960533
29.26,1.523231,8.709087,4.276217,-0.002737949,0.002578286,-0.001839015
29.28,1.520928,8.70725,4.270649,-0.0059557,0.0005116104,-0.002433318
29.30,1.51979,8.723475,4.263746,-0.006064011,0.009337598,-0.003701079
29.32,1.522583,8.716641,4.27956,-0.01020742,0.01040604,-0.002137186
29.34,1.518303,8.713974,4.305159,-0.008345192,0.009864578,-0.002638742
29.36,1.502612,8.719748,4.326672,-0.009098,0.003609115,-6.839055e-05
29.38,1.504394,8.706602,4.305559,-0.009043974,-0.002197587,-0.001140878
29.40,1.512702,8.714421,4.29551,-0.008314362,0.0025087,0.002208432
29.42,1.511446,8.718163,4.297132,-0.008373179,0.003858743,0.001101405
29.44,1.50335,8.716823,4.309874,-0.007352491,0.008063698,0.006125456
29.46,1.502241,8.721366,4.324369,-0.00640499,0.003873077,0.008843115
29.48,1.514149,8.715008,4.323896,-0.004812452,-0.0002009096,0.007012696
29.50,1.531041,8.688841,4.343107,-0.007131586,-0.003804226,0.00589879
29.52,1.536188,8.686176,4.352322,-0.006544608,-0.01010797,0.002535494
29.54,1.527522,8.697907,4.338364,-0.00484205,-0.01233858,0.001281346
29.56,1.517717,8.695523,4.328016,-0.001314458,-0.009586533,0.001226971
29.58,1.525202,8.694655,4.328896,-0.002937365,-0.008952363,0.0002941224
29.60,1.522088,8.699464,4.330558,-0.004577727,-0.01126516,-0.001206476
29.62,1.534212,8.697709,4.291673,-0.00659845,-0.003578423,0.0002679143
29.64,1.52638,8.709825,4.27409,-0.007693721,0.007849936,-1.753704e-05
29.66,1.520487,8.706966,4.296122,-0.009455268,0.009967058,0.001096519
29.68,1.507414,8.719675,4.313489,-0.009678978,0.005829273,0.00205674
29.70,1.510485,8.716342,4.304016,-0.009470174,0.01077596,0.00535467
29.72,1.53585,8.702826,4.315012,-0.009279715,0.01716078,0.005221687
29.74,1.538814,8.687893,4.337412,-0.00874886,0.01484573,0.00157212
29.76,1.530449,8.685472,4.377664,-0.006921404,0.01100501,-0.0004885336
29.78,1.522911,8.688921,4.402161,-0.001865455,0.003046891,-0.00114235
29.80,1.518312,8.693892,4.410324,0.004895533,-0.008188207,0.001861586
29.82,1.509153,8.704501,4.369236,0.005634758,-0.01405411,0.002532536
29.84,1.534312,8.700846,4.293888,0.002178017,-0.01258924,0.001787135
29.86,1.551463,8.692847,4.253854,-0.0005423854,0.000546951,0.0002010613
29.88,1.528899,8.694624,4.304807,-0.001007247,0.009667269,-0.002625728
29.90,1.520602,8.699415,4.372538,-0.0001600157,0.0006073971,0.0002736909
29.92,1.513278,8.708365,4.363021,0.00173672,-0.00577448,0.0009317236
29.94,1.534196,8.686423,4.327605,0.0008403115,-0.006310892,0.002840395
29.96,1.550585,8.683821,4.323078,-0.002426123,-0.005320998,-0.002631081
29.98,1.531999,8.697948,4.299815,-0.004900209,0.0004379659,-0.002452483
30.00,1.5101,8.713617,4.305397,-0.004299209,0.004043111,-0.0009046483
30.02,1.519913,8.704488,4.308956,-0.00710157,0.003863997,0.000821898
30.04,1.526717,8.694921,4.322896,-0.007749951,0.005407024,0.001754766
30.06,1.52822,8.693411,4.331402,-0.008335589,0.00695452,0.001266791
30.08,1.527123,8.695384,4.346744,-0.006557864,0.006633495,0.002758082
30.10,1.52752,8.698741,4.357859,-0.003417795,0.008357441,0.002362664
30.12,1.520631,8.692062,4.366192,-0.0008905163,0.003622549,0.003583013
30.14,1.528093,8.685582,4.36581,-0.0004833873,-0.0005879916,0.00357471
30.16,1.533311,8.67975,4.349034,0.0005287232,-0.001950536,0.0005546898
30.18,1.541639,8.683311,4.333203,-0.0004647129,-0.001555205,-0.001401288
30.20,1.5484,8.678894,4.327833,-0.00501064,-0.001546119,-0.003027866
30.22,1.528585,8.699158,4.340309,-0.004221566,-0.001907578,-0.00318899
30.24,1.518944,8.696141,4.348693,-0.001590364,-0.004784752,-0.002400923
30.26,1.529819,8.689478,4.361217,-3.677541e-05,-0.004937162,-0.003271616
30.28,1.538358,8.68547,4.369639,-0.0004230416,-0.00832277,-0.004871237
30.30,1.527482,8.684383,4.347461,-0.0008091297,-0.008160948,-0.003513925
30.32,1.526207,8.703021,4.352202,0.003225165,-0.006291937,-0.004381919
30.34,1.515212,8.705716,4.336996,0.004510773,-0.005795191,-0.00206234
30.36,1.525868,8.698043,4.327731,0.004523329,-0.001108914,7.339819e-05
30.38,1.534556,8.694013,4.3543,0.004384117,-0.001785917,-0.0008399124
30.40,1.527818,8.687048,4.367671,0.007012588,-0.005250973,-0.0001818688
30.42,1.523841,8.705235,4.338697,0.008139076,-0.005643159,0.001804977
30.44,1.52153,8.704642,4.302775,0.005028146,0.0008847538,0.002832728
30.46,1.527225,8.69306,4.304709,0.004974544,0.003265518,0.003832783
30.48,1.525923,8.687566,4.335548,0.00288734,0.0005668938,0.002573042
30.50,1.529901,8.687948,4.35565,0.002250405,-0.004014575,0.001195104
30.52,1.539405,8.693297,4.320972,-0.0007650116,-0.00447681,0.001066665
30.54,1.547805,8.693789,4.31651,-0.003595061,-0.004258884,-0.0007813973
30.56,1.535713,8.693438,4.293165,-0.003811721,0.002265065,-0.001194929
30.58,1.515793,8.712995,4.319154,-0.004519113,0.00736374,-0.0006874994
30.60,1.503498,8.708567,4.328967,-0.007603777,0.004442435,0.004471023
30.62,1.531915,8.69512,4.320023,-0.008804847,0.00413342,0.001890282
30.64,1.55513,8.682053,4.296887,-0.0129745,0.01014574,-0.001013153
30.66,1.553687,8.665586,4.337348,-0.01601557,0.009011953,-0.005275753
30.68,1.528129,8.687276,4.377665,-0.01506489,-9.421869e-06,-0.00385472
30.70,1.510323,8.699466,4.377888,-0.01262113,-0.003312519,-0.002807893
30.72,1.520877,8.698821,4.360121,-0.008406313,-0.005257762,-0.0008152564
30.74,1.533033,8.688461,4.357942,-0.005540447,-0.002502851,0.0001201596
30.76,1.521448,8.680115,4.367508,-0.001458195,0.0004781982,-7.553113e-05
30.78,1.506592,8.70742,4.353738,0.004864425,0.003439741,0.004461062
30.80,1.513945,8.71147,4.264747,-0.001664245,0.01330398,0.007330453
30.82,1.529105,8.68252,4.376348,-0.005739678,0.005339021,0.00839316
30.84,1.529263,8.689022,4.399457,-0.003658159,0.0006898205,0.008535795
30.86,1.530728,8.690846,4.359414,0.0008941047,0.004742515,0.007401933
