time_s,ax,ay,az,gx,gy,gz
0.00,-0.6818614,9.830037,1.554363,-0.01262207,-0.01682043,0.03396469
0.02,-0.7301655,9.713193,1.414107,-0.01144182,-0.0289688,0.0281408
0.04,-0.7970051,9.628418,1.281352,-0.01405277,-0.001119497,0.03291821
0.06,-0.8248724,9.505736,1.190153,-0.01143522,0.05108527,0.030201
0.08,-0.8042994,9.419596,1.177374,-0.004225739,0.09621399,0.02113837
0.10,-0.7745721,9.446711,1.234496,0.006183363,0.1098935,-0.00182869
0.12,-0.7631982,9.539289,1.333832,0.009645618,0.1014401,-0.02814184
0.14,-0.7650236,9.704899,1.433157,0.01477458,0.08046403,-0.0486582
0.16,-0.8378127,9.830533,1.452688,0.006452356,0.07325679,-0.05908028
0.18,-0.9134105,9.798455,1.367053,-0.004711382,0.07977524,-0.06115033
0.20,-0.8946305,9.770461,1.391374,-0.00649337,0.07247336,-0.05057096
0.22,-0.8529891,9.778065,1.432388,-0.002183409,0.04415972,-0.03375987
0.24,-0.8630915,9.827561,1.46358,0.0003352712,0.00761374,-0.01831271
0.26,-0.8689365,9.868814,1.459465,0.008895962,-0.02753337,-0.003760109
0.28,-0.8614556,9.842253,1.395175,0.02015742,-0.04015496,0.01085984
0.30,-0.8264124,9.797331,1.365597,0.04039561,-0.03543482,0.01813081
0.32,-0.7627549,9.750547,1.349542,0.06084719,-0.02255966,0.02502663
0.34,-0.7263657,9.69645,1.30964,0.07063879,-0.005290024,0.02749768
0.36,-0.7272974,9.605823,1.227626,0.0639291,0.01963463,0.0326473
0.38,-0.7673782,9.549467,1.115557,0.05577726,0.0578066,0.03398918
0.40,-0.802244,9.558085,1.100779,0.04491074,0.09862395,0.0272899
0.42,-0.7884505,9.632918,1.20005,0.03600097,0.1287696,0.01622492
0.44,-0.7758541,9.736996,1.298451,0.03463493,0.147444,8.744684e-05
0.46,-0.7725222,9.781759,1.377024,0.0444543,0.1501469,-0.01592164
0.48,-0.7873359,9.843068,1.406075,0.05435778,0.1477063,-0.01473282
0.50,-0.8394882,9.761902,1.366931,0.05837085,0.140387,-0.004022422
0.52,-0.8551795,9.722009,1.32671,0.05611939,0.1305095,0.01442282
0.54,-0.862042,9.730317,1.332255,0.05683718,0.1204111,0.03207564
0.56,-0.8779374,9.727735,1.351461,0.05731382,0.1077317,0.03637128
0.58,-0.8444097,9.737185,1.396576,0.05107473,0.08517568,0.02971326
0.60,-0.8128308,9.671057,1.365917,0.04168328,0.07618935,0.01560955
0.62,-0.8012444,9.583467,1.273429,0.03340453,0.08852699,-0.003610112
0.64,-0.7773644,9.556903,1.260652,0.02453168,0.09636872,-0.02446477
0.66,-0.7669507,9.575353,1.299086,0.01374901,0.09355327,-0.0475353
0.68,-0.7690582,9.554367,1.301653,0.005537168,0.08509724,-0.06992307
0.70,-0.7773289,9.554396,1.293554,0.004142773,0.07211236,-0.08711307
0.72,-0.8047342,9.64709,1.321963,0.01361736,0.05209361,-0.09593948
0.74,-0.7980165,9.731746,1.349073,0.03298919,0.02888694,-0.09951328
0.76,-0.805194,9.806146,1.340715,0.05655421,0.007835978,-0.08876802
0.78,-0.8197629,9.823657,1.334021,0.06571743,0.0003664666,-0.06943436
0.80,-0.8284297,9.808693,1.26605,0.05970809,-0.002007096,-0.04659099
0.82,-0.8743596,9.819841,1.201497,0.04716785,0.007841583,-0.03342244
0.84,-0.8812256,9.784926,1.125164,0.03193634,0.02877628,-0.03038644
0.86,-0.8919798,9.740914,1.064745,0.01740763,0.05538587,-0.03903182
0.88,-0.8919476,9.725229,1.050052,0.008567401,0.09383678,-0.05065446
0.90,-0.9051669,9.847505,1.101979,0.004844576,0.1323112,-0.05813003
0.92,-0.9094732,9.877354,1.206613,-0.008504606,0.1615903,-0.06208561
0.94,-0.9177572,9.715862,1.203017,-0.02943114,0.1824282,-0.06848554
0.96,-0.9119588,9.533496,1.170937,-0.04849879,0.1929843,-0.07858732
0.98,-0.9276288,9.551718,1.179925,-0.05347414,0.1804371,-0.09263334
1.00,-0.9634387,9.671682,1.278328,-0.04877645,0.1483024,-0.09901433
1.02,-1.01323,9.758441,1.322208,-0.03698496,0.1141346,-0.09476916
1.04,-1.042637,9.724332,1.29866,-0.02929654,0.08829153,-0.08001211
1.06,-1.022824,9.604554,1.253729,-0.02157568,0.07161757,-0.0616658
1.08,-0.9917625,9.549591,1.246981,-0.009119894,0.04843079,-0.05360806
1.10,-0.9585121,9.603416,1.314238,0.01101317,0.009729523,-0.05441239
1.12,-0.96018,9.724415,1.351139,0.03413741,-0.02645918,-0.06209927
1.14,-1.000631,9.764313,1.273333,0.05110748,-0.03773063,-0.06349312
1.16,-1.034355,9.708315,1.176,0.05458238,-0.02663914,-0.05861009
1.18,-1.029894,9.687935,1.16536,0.04645883,-0.01583287,-0.0548974
1.20,-1.058251,9.761702,1.227078,0.03573513,-0.02606607,-0.05564342
1.22,-1.083021,9.905513,1.359165,0.01061248,-0.06463158,-0.06077306
1.24,-1.095933,9.956239,1.353239,-0.004301018,-0.1093907,-0.05869955
1.26,-1.098923,9.898787,1.26691,-0.007586179,-0.1255041,-0.04065944
1.28,-1.139644,9.801448,1.127205,-0.002103415,-0.1029738,-0.007628473
1.30,-1.177173,9.796631,1.047035,0.007786206,-0.05263792,0.02876409
1.32,-1.202993,9.817949,1.085134,0.006988689,0.006305016,0.05732616
1.34,-1.227763,9.746373,1.081391,-0.01750551,0.05867429,0.05942035
1.36,-1.19003,9.673465,1.105379,-0.04823036,0.08218201,0.04130923
1.38,-1.136809,9.593325,1.121986,-0.07082289,0.08045669,0.01179472
1.40,-1.175184,9.577905,1.126417,-0.08277497,0.07125068,-0.01717068
1.42,-1.221122,9.602688,1.184772,-0.08514985,0.06873576,-0.03574592
1.44,-1.240561,9.681637,1.237206,-0.06671449,0.06225965,-0.03108039
1.46,-1.275542,9.743378,1.27065,-0.0436879,0.04887621,-0.01012265
1.48,-1.299022,9.770785,1.238071,-0.01641404,0.03237825,0.016262
1.50,-1.276833,9.729444,1.258925,-0.0001044333,0.005890739,0.03693177
1.52,-1.277585,9.708562,1.284754,0.007474563,-0.02691108,0.0483718
1.54,-1.235728,9.673898,1.258376,0.01153348,-0.06096081,0.05049344
1.56,-1.205744,9.685575,1.209652,0.02129676,-0.08004542,0.04285006
1.58,-1.202856,9.758732,1.193657,0.03599979,-0.0865505,0.03576452
1.60,-1.202888,9.82195,1.168309,0.04532928,-0.07571552,0.03411458
1.62,-1.213223,9.853344,1.108047,0.04869546,-0.04672533,0.03677005
1.64,-1.242311,9.825762,1.08265,0.03771487,-0.01277953,0.0329368
1.66,-1.240745,9.737846,1.059606,0.01417139,0.01375386,0.02134864
1.68,-1.188821,9.559794,1.049215,-0.00137309,0.01751864,-0.004835343
1.70,-1.100066,9.475791,1.131721,0.0003781602,-0.01303546,-0.03277493
1.72,-1.036666,9.561284,1.261948,0.01033551,-0.06073774,-0.03858759
1.74,-1.089347,9.683558,1.276353,0.0273158,-0.07954086,-0.02260143
1.76,-1.162314,9.700843,1.194451,0.04722661,-0.05446048,0.009944872
1.78,-1.201709,9.704142,1.122331,0.05813217,-0.01584395,0.03829135
1.80,-1.172246,9.630639,1.102217,0.06322146,0.004332841,0.05085344
1.82,-1.108772,9.663116,1.186239,0.05750825,-0.008795566,0.04566639
1.84,-1.097003,9.698088,1.211535,0.03802925,-0.02837854,0.03097705
1.86,-1.125447,9.67908,1.137503,0.01412663,-0.02676763,0.01748986
1.88,-1.141746,9.660246,1.048383,-0.004941441,-0.001236351,0.01023849
1.90,-1.158313,9.658066,1.025967,-0.01702994,0.03264813,0.007060694
1.92,-1.145526,9.656338,1.083544,-0.0220584,0.05878921,0.0003318476
1.94,-1.123364,9.672688,1.170432,-0.02473163,0.05949283,-0.01439387
1.96,-1.090632,9.61524,1.212154,-0.02707658,0.04262245,-0.03519107
1.98,-1.089935,9.598052,1.254861,-0.02825136,0.009792184,-0.05817474
2.00,-1.094795,9.622618,1.241025,-0.02318128,-0.02375092,-0.06423637
2.02,-1.131745,9.586732,1.199475,-0.01107977,-0.04612591,-0.06108318
2.04,-1.161857,9.658648,1.203445,0.005485095,-0.06407091,-0.04433385
2.06,-1.174624,9.65548,1.204442,0.01649005,-0.07311745,-0.02208912
2.08,-1.198173,9.59786,1.145842,0.02640395,-0.06587108,-0.006463588
2.10,-1.189896,9.541463,1.12711,0.02632646,-0.04658474,-0.004454572
2.12,-1.192927,9.552254,1.150681,0.02362465,-0.03010375,-0.0166761
2.14,-1.175243,9.599423,1.167746,0.01948629,-0.02348123,-0.03588416
2.16,-1.179415,9.622827,1.146178,0.02231417,-0.0150552,-0.05676948
2.18,-1.191218,9.666726,1.125742,0.03110897,0.006887286,-0.06104881
2.20,-1.234731,9.699518,1.113111,0.03863461,0.04374681,-0.06194419
2.22,-1.237218,9.716309,1.152186,0.04178619,0.07963439,-0.06380489
2.24,-1.23402,9.70762,1.187295,0.03373158,0.1046142,-0.06472658
2.26,-1.21324,9.609484,1.18159,0.01979087,0.1071207,-0.0737805
2.28,-1.139554,9.554302,1.269865,0.007934659,0.0727641,-0.07895157
2.30,-1.10896,9.547338,1.290632,0.007188565,0.02559031,-0.0764332
2.32,-1.154368,9.616978,1.31497,0.0119281,-0.01665036,-0.05862714
2.34,-1.219814,9.682939,1.27182,0.02901801,-0.04116385,-0.03127146
2.36,-1.231306,9.705832,1.229056,0.0572298,-0.05366504,-0.00813245
2.38,-1.201046,9.7442,1.195907,0.1002748,-0.04677827,0.009145533
2.40,-1.211918,9.819044,1.178958,0.1362737,-0.03543807,0.01069812
2.42,-1.225628,9.882183,1.166467,0.1388651,-0.02049547,-0.00320568
2.44,-1.218811,9.905374,1.126312,0.1212756,-0.0176976,-0.01280887
2.46,-1.210909,9.878006,1.009117,0.08080685,-0.01091408,-0.01029013
2.48,-1.228745,9.877063,0.890586,0.03291638,0.00850647,-0.002393404
2.50,-1.25435,9.90725,0.8795469,-0.01209148,0.02481275,0.002741904
2.52,-1.255711,9.931651,0.9007785,-0.050752,0.01385648,0.003587538
2.54,-1.221787,9.93794,0.9313384,-0.07371063,-0.001733525,-0.005022004
2.56,-1.220047,9.92981,0.9626644,-0.08228237,-0.02695176,-0.0159928
2.58,-1.237478,9.909505,0.9337051,-0.07746489,-0.03753071,-0.0101951
2.60,-1.291635,9.858097,0.8511212,-0.06218722,-0.02890261,0.0125921
2.62,-1.326675,9.786004,0.7742396,-0.04482913,-0.01136979,0.03882634
2.64,-1.342276,9.705693,0.7357692,-0.03143905,0.00115279,0.05176102
2.66,-1.305336,9.635266,0.7510542,-0.01727709,-0.00244761,0.04593446
2.68,-1.247796,9.628037,0.8150828,-0.007985482,-0.02326299,0.0294431
2.70,-1.239048,9.626874,0.8272378,-0.002479854,-0.04345297,0.01332659
2.72,-1.264545,9.596466,0.78847,-0.001174523,-0.03213156,-0.002945124
2.74,-1.26613,9.582397,0.7602642,0.001838264,-4.21284e-05,-0.01091569
2.76,-1.259751,9.58715,0.7831007,0.007675151,0.03642821,-0.01366252
2.78,-1.265635,9.614594,0.820702,0.02243714,0.07043266,-0.01951282
2.80,-1.289373,9.682152,0.9202963,0.03025598,0.09027734,-0.03513064
2.82,-1.26487,9.657924,1.003125,0.02590784,0.1018719,-0.04206475
2.84,-1.280451,9.66253,0.9743558,0.01611465,0.1146699,-0.03698178
2.86,-1.353011,9.732592,1.004449,-0.01413439,0.1261199,-0.02481891
2.88,-1.294481,9.642763,0.9651494,-0.04985404,0.1535582,-0.0002965782
2.90,-1.169742,9.45281,0.9274331,-0.05713299,0.1826177,0.02565883
2.92,-1.076846,9.446267,1.008102,-0.03747743,0.2034374,0.04050167
2.94,-1.068452,9.647922,1.197477,-0.00255007,0.2005777,0.03460976
2.96,-1.051544,9.732963,1.345174,0.02376618,0.1885246,0.01842085
2.98,-1.077663,9.790388,1.3546,0.04435424,0.1617701,0.002811154
3.00,-1.109175,9.809599,1.343453,0.04549375,0.1139729,0.006480552
3.02,-1.180482,9.874832,1.262015,0.03236375,0.07675622,0.03218784
3.04,-1.293396,9.925869,1.214629,0.01034957,0.05358246,0.06955852
3.06,-1.369412,10.04346,1.238704,-0.02688112,0.03824964,0.1024556
3.08,-1.346787,10.01855,1.226672,-0.06515415,0.02735136,0.1220929
3.10,-1.255343,9.839066,1.147691,-0.07651759,0.01898324,0.1218955
3.12,-1.197694,9.830565,1.169252,-0.08125484,0.001867152,0.1044923
3.14,-1.249618,9.877807,1.164762,-0.0876876,-0.005771609,0.0911677
3.16,-1.278434,9.844357,1.050167,-0.09187279,0.01383998,0.08506847
3.18,-1.253575,9.727622,0.9532213,-0.09526885,0.04567815,0.0863997
3.20,-1.212613,9.650614,0.9491264,-0.09376188,0.06491052,0.08618353
3.22,-1.189336,9.686145,1.012519,-0.0963912,0.06994092,0.08447386
3.24,-1.214391,9.654738,1.026298,-0.08983438,0.07273891,0.0751699
3.26,-1.209485,9.611049,1.048915,-0.07035507,0.06725404,0.06066214
3.28,-1.199145,9.602052,1.071918,-0.03450479,0.06381007,0.05277282
3.30,-1.21439,9.618232,1.122057,0.006191171,0.050446,0.04631371
3.32,-1.218296,9.655821,1.146316,0.03873961,0.03270398,0.04624438
3.34,-1.239397,9.662908,1.137793,0.052778,0.01460505,0.04782463
3.36,-1.282185,9.652968,1.093219,0.04776395,0.01124017,0.04431493
3.38,-1.310137,9.610297,1.03277,0.02773958,0.01789433,0.04174998
3.40,-1.242633,9.578282,1.014978,0.009143731,0.0250658,0.04216075
3.42,-1.173126,9.570154,1.031565,0.003199892,0.02956264,0.02841421
3.44,-1.133305,9.590536,1.074604,0.008456214,0.03708739,0.001117884
3.46,-1.084157,9.63916,1.127019,0.02757598,0.0523853,-0.03602726
3.48,-1.046311,9.753257,1.155126,0.05669339,0.0741209,-0.0752839
3.50,-1.047241,9.753796,1.167503,0.081614,0.1001486,-0.1093761
3.52,-1.043032,9.725983,1.207696,0.08365422,0.1199862,-0.12992
3.54,-1.084701,9.781812,1.208407,0.06422023,0.1205475,-0.1297551
3.56,-1.154907,9.866362,1.175459,0.03228486,0.1085708,-0.1089126
3.58,-1.212073,9.950238,1.184813,-0.008892655,0.08036023,-0.07958259
3.60,-1.22956,9.928243,1.185132,-0.04300224,0.04128941,-0.05010305
3.62,-1.205303,9.892705,1.21789,-0.05691611,0.001481109,-0.03287475
3.64,-1.17388,9.858156,1.238193,-0.05561147,-0.03106396,-0.02311904
3.66,-1.137244,9.777929,1.209099,-0.03920812,-0.04677125,-0.02541725
3.68,-1.103099,9.711721,1.159045,-0.0139227,-0.05995809,-0.02987809
3.70,-1.098636,9.707947,1.135933,0.006215233,-0.07762316,-0.03090955
3.72,-1.114249,9.700154,1.082597,0.01722771,-0.1002412,-0.0324757
3.74,-1.117631,9.75677,1.081547,0.01944585,-0.1336218,-0.02286735
3.76,-1.118568,9.748404,1.001268,0.01873811,-0.1596226,-0.006682522
3.78,-1.124462,9.73171,0.9209464,0.01949897,-0.1611547,0.00854612
3.80,-1.146411,9.775259,0.8395607,0.02698101,-0.1428503,0.01780264
3.82,-1.109802,9.741339,0.8474603,0.02840568,-0.1121784,0.02486531
3.84,-1.061567,9.65087,0.8318905,0.02730826,-0.07943009,0.02976455
3.86,-1.066236,9.571561,0.7818486,0.02816637,-0.03424215,0.03018096
3.88,-1.126002,9.586,0.7640704,0.01670645,0.0134159,0.02385299
3.90,-1.142923,9.607082,0.7877015,0.001579747,0.04762298,0.01454219
3.92,-1.127624,9.662308,0.8417696,-0.01090994,0.06064954,0.005416468
3.94,-1.165477,9.784027,0.9115004,-0.01571031,0.04971134,-0.008050265
3.96,-1.196826,9.728792,0.9734303,-0.01480743,0.02678811,-0.02930401
3.98,-1.186134,9.57698,1.022361,0.001374054,0.008419165,-0.04832975
4.00,-1.229657,9.586653,1.019878,0.03676139,0.004788025,-0.06508621
4.02,-1.301579,9.626091,1.037448,0.07954226,0.00998757,-0.07326759
4.04,-1.309491,9.740581,1.120607,0.1195535,0.005396706,-0.07383621
4.06,-1.294723,9.744503,1.159783,0.1490622,-0.01761834,-0.0739492
4.08,-1.262677,9.682322,1.177903,0.1672639,-0.06532881,-0.07922167
4.10,-1.236512,9.624323,1.20971,0.179159,-0.1266288,-0.08593661
4.12,-1.234733,9.686837,1.24237,0.1889106,-0.1941839,-0.09105599
4.14,-1.283456,9.791432,1.241383,0.191011,-0.239091,-0.07688988
4.16,-1.299532,9.870369,1.179747,0.1822377,-0.2516872,-0.03680833
4.18,-1.383164,9.97889,1.021478,0.16574,-0.2219025,0.01605321
4.20,-1.532707,10.00537,0.8919488,0.1349123,-0.1674611,0.04482689
4.22,-1.534244,9.949749,0.8620022,0.07819384,-0.1146217,0.04219485
4.24,-1.433703,9.915367,0.904302,0.01346505,-0.08744065,0.01781048
4.26,-1.335426,9.832284,0.8574499,-0.04443952,-0.07323396,-0.007915017
4.28,-1.278232,9.778586,0.8613443,-0.09287385,-0.06185894,-0.01761152
4.30,-1.322128,9.710579,0.7656259,-0.1219351,-0.0152597,-0.007351682
4.32,-1.357706,9.552816,0.6964226,-0.1293619,0.05260541,0.006262928
4.34,-1.329831,9.462009,0.7287855,-0.119882,0.1181067,0.02155764
4.36,-1.239122,9.41143,0.8209144,-0.08801992,0.1507323,0.02181538
4.38,-1.179954,9.458449,0.9237722,-0.04993019,0.1592667,0.01434243
4.40,-1.222922,9.494306,0.9715398,-0.02151632,0.1499939,0.008151234
4.42,-1.309969,9.516428,0.9453596,-0.006223615,0.1403469,0.003765617
4.44,-1.397452,9.60737,0.9262795,-0.008066748,0.1285404,0.003870347
4.46,-1.422978,9.665925,0.9412854,-0.02105585,0.1046027,0.005675207
4.48,-1.384722,9.703397,0.9512759,-0.03815354,0.07270471,0.003789627
4.50,-1.35098,9.71485,1.003809,-0.04616827,0.02404193,-0.005189741
4.52,-1.322428,9.739543,1.021886,-0.04709952,-0.02500894,-0.01847914
4.54,-1.335182,9.736815,0.9742534,-0.03710057,-0.04289044,-0.01679874
4.56,-1.344436,9.68799,0.8941689,-0.02305681,-0.0324311,-0.006507081
4.58,-1.331858,9.721111,0.8427319,-0.009129706,-0.005594363,0.004305061
4.60,-1.318105,9.731012,0.831386,-0.005717136,0.0164925,0.01012473
4.62,-1.253512,9.641282,0.8308226,-0.006399441,0.02716855,-0.0004594589
4.64,-1.202333,9.601007,0.8376312,-0.003888141,0.01633286,-0.02278546
4.66,-1.208567,9.607742,0.8437675,-0.001893497,0.01237585,-0.04590772
4.68,-1.254697,9.699672,0.8454962,-0.002910835,0.01991968,-0.05356935
4.70,-1.29145,9.767001,0.8392625,0.003234067,0.04319222,-0.04284084
4.72,-1.273283,9.77632,0.8545422,0.008552066,0.06848966,-0.02318266
4.74,-1.265517,9.820222,0.8844458,0.0111515,0.08252057,-0.004263673
4.76,-1.272274,9.826941,0.9185236,0.005892375,0.08324775,0.001764789
4.78,-1.255831,9.76229,0.9361898,-0.009107946,0.0708418,-0.003515779
4.80,-1.230523,9.718526,0.949395,-0.02004279,0.05384489,-0.02045879
4.82,-1.214953,9.672482,0.962716,-0.02799569,0.03702052,-0.03492744
4.84,-1.227203,9.65013,0.9421673,-0.02348929,0.03161173,-0.04389181
4.86,-1.252304,9.68811,0.9694158,-0.0183482,0.02983863,-0.0442463
4.88,-1.245906,9.753951,0.9696227,-0.001688343,0.03279639,-0.03642094
4.90,-1.245502,9.755243,0.9544555,0.01832097,0.03724702,-0.0329
4.92,-1.24581,9.704086,1.008961,0.02608202,0.03072578,-0.03765768
4.94,-1.201213,9.656205,1.092548,0.02300469,0.01126459,-0.04912794
4.96,-1.211348,9.668944,1.073541,0.01896471,-0.01789315,-0.05681339
4.98,-1.23183,9.713083,1.046348,0.02092325,-0.03796408,-0.05173849
5.00,-1.247892,9.751936,1.02368,0.02745979,-0.0488122,-0.03305564
5.02,-1.278781,9.772427,1.011543,0.04035332,-0.04509192,-0.006565941
5.04,-1.271275,9.762726,1.004684,0.05069171,-0.03477118,0.01221337
5.06,-1.250295,9.787198,1.030046,0.0578876,-0.02322669,0.02113404
5.08,-1.250503,9.849578,1.025041,0.05569635,-0.01328556,0.02516578
5.10,-1.294747,9.882355,0.9834371,0.04168547,0.003553116,0.03023024
5.12,-1.353794,9.901652,0.9497159,0.01676264,0.03253853,0.0424061
5.14,-1.402644,9.83502,0.888555,-0.02163675,0.06925543,0.05400715
5.16,-1.411996,9.694018,0.895009,-0.06933995,0.09786447,0.06153112
5.18,-1.371347,9.59167,0.9086463,-0.1102492,0.1036465,0.05230865
5.20,-1.335997,9.548638,0.9532409,-0.1265106,0.08342826,0.03633968
5.22,-1.318906,9.580887,0.984051,-0.1166488,0.05029536,0.02279153
5.24,-1.329745,9.627525,1.005311,-0.07852761,0.03118323,0.0191459
5.26,-1.376137,9.612017,0.975544,-0.03555676,0.03675302,0.02593905
5.28,-1.403676,9.604328,0.9906656,-0.002278317,0.04337136,0.02779625
5.30,-1.397845,9.607286,1.007435,0.01583097,0.03351277,0.02224558
5.32,-1.399516,9.649541,1.018436,0.01446955,-0.006368874,0.008046951
5.34,-1.387679,9.702144,1.001907,0.01090966,-0.064767,-0.006844609
5.36,-1.396787,9.738135,0.9556361,0.007122735,-0.1138776,-0.01451837
5.38,-1.397452,9.781706,0.903485,0.004539386,-0.1411015,-0.007510568
5.40,-1.406779,9.772602,0.8509699,0.009349446,-0.1345342,0.001917956
5.42,-1.365173,9.750534,0.8193654,0.01900464,-0.1045453,0.009343765
5.44,-1.318287,9.702336,0.7838029,0.02692835,-0.06534448,0.01167286
5.46,-1.281023,9.656861,0.7668971,0.03357091,-0.0296415,-0.004957726
5.48,-1.238744,9.633213,0.7999329,0.03921304,-0.01400774,-0.02827675
5.50,-1.210506,9.711661,0.8882093,0.02835053,-0.01432301,-0.04910812
5.52,-1.211672,9.923291,1.022166,-0.006329813,-0.005292856,-0.04626874
5.54,-1.26986,10.09532,1.074359,-0.05473522,0.04059682,-0.0259455
5.56,-1.331654,10.08917,1.053729,-0.09950256,0.1337018,-0.01201683
5.58,-1.356485,9.882466,1.046156,-0.1346863,0.2359433,-0.008232773
5.60,-1.311586,9.620291,1.129886,-0.1542022,0.3144257,-0.0241066
5.62,-1.141775,9.443975,1.30546,-0.1484488,0.3436245,-0.06670264
5.64,-0.9814136,9.33824,1.521057,-0.1186435,0.3204186,-0.1149924
5.66,-0.9163606,9.296178,1.69061,-0.07201564,0.2587013,-0.1400995
5.68,-0.961815,9.308698,1.692583,-0.02070653,0.1976143,-0.1346914
5.70,-1.057698,9.406942,1.639706,0.02827927,0.1370528,-0.1012252
5.72,-1.124189,9.577123,1.655324,0.07285921,0.06774507,-0.05166347
5.74,-1.152729,9.705386,1.672942,0.1102341,-0.01032145,-0.007729491
5.76,-1.176842,9.753057,1.659909,0.1401668,-0.07481159,0.02311339
5.78,-1.160701,9.756845,1.603594,0.149845,-0.117623,0.038645
5.80,-1.145324,9.702176,1.506449,0.147714,-0.1420575,0.03834986
5.82,-1.151914,9.717671,1.429109,0.1259096,-0.1595553,0.02905399
5.84,-1.21122,9.746487,1.359894,0.08181892,-0.1631294,0.0143659
5.86,-1.271464,9.707717,1.222705,0.02822212,-0.1516018,-0.004471715
5.88,-1.294394,9.556026,1.124563,-0.0243706,-0.1346021,-0.02621596
5.90,-1.260044,9.36279,1.07578,-0.05948567,-0.1161127,-0.04856639
5.92,-1.275101,9.17103,1.051367,-0.07515918,-0.09267981,-0.08289207
5.94,-1.315211,9.206463,1.090674,-0.06751207,-0.06641463,-0.1166448
5.96,-1.395066,9.208157,1.16088,-0.05947912,-0.04721048,-0.1375068
5.98,-1.436779,9.170255,1.178205,-0.05117714,-0.03377181,-0.1286704
6.00,-1.544393,9.244515,1.001859,-0.02360611,-0.01756737,-0.1017567
6.02,-1.833369,9.620811,0.8096831,0.03305765,0.01461149,-0.08405137
6.04,-2.072232,10.30652,0.915449,0.09442621,0.01939854,-0.07982819
6.06,-2.1521,10.7221,1.085317,0.1166822,0.0192717,-0.06478344
6.08,-2.306872,10.58978,0.8448537,0.0998765,0.06863928,-0.05394573
6.10,-2.268631,10.15532,0.5770346,0.04034789,0.159406,-0.0409597
6.12,-2.175039,9.723541,0.4444736,-0.02760471,0.2577222,-0.06766687
6.14,-2.11128,9.359158,0.1789158,-0.0922836,0.3538668,-0.1365512
6.16,-1.799462,9.133578,0.2547932,-0.1572607,0.4161715,-0.2104152
6.18,-1.518181,9.078388,0.3750656,-0.1999497,0.4454691,-0.2865888
6.20,-1.310122,8.727584,0.655133,-0.2366124,0.4633365,-0.3591448
6.22,-1.174726,8.517371,0.7656232,-0.2345936,0.5028259,-0.4134118
6.24,-1.128947,8.720348,0.940114,-0.1787921,0.5639651,-0.4426252
6.26,-1.126115,9.102891,1.097436,-0.06782821,0.6278135,-0.4341936
6.28,-1.123496,9.660199,1.196434,0.01446408,0.6509554,-0.3896526
6.30,-1.172052,10.00658,1.102785,0.04690441,0.6411809,-0.3272704
6.32,-1.192427,10.33236,1.023354,0.01538244,0.6423323,-0.2575251
6.34,-1.206834,10.43052,0.8275979,-0.06795464,0.6936665,-0.1958452
6.36,-1.055305,10.30541,0.8228415,-0.1673274,0.7468282,-0.1684658
6.38,-1.013498,10.38344,0.9234997,-0.2499602,0.7586088,-0.1535746
6.40,-0.77544,10.22148,1.105076,-0.3030558,0.7367094,-0.1583904
6.42,-0.5157639,10.20451,1.143926,-0.2937682,0.7147138,-0.1686803
6.44,-0.4161838,10.3874,1.209131,-0.2369721,0.7060481,-0.1922873
6.46,-0.3613275,10.39099,1.25887,-0.1769202,0.7177821,-0.2287951
6.48,-0.3016765,10.34791,1.384848,-0.1403046,0.7180578,-0.2642958
6.50,-0.2528693,10.45815,1.516942,-0.1129108,0.6781497,-0.287293
6.52,-0.2529818,10.52561,1.668177,-0.1054056,0.6103706,-0.2779903
6.54,-0.3198324,10.7119,1.611118,-0.08833592,0.5627451,-0.2218356
6.56,-0.4760622,11.09163,1.517254,-0.04592678,0.5399888,-0.1513346
6.58,-0.4928072,11.25277,1.735076,0.002027278,0.4882793,-0.07491952
6.60,-0.3473278,11.10536,2.057223,0.02708773,0.3727971,0.01304363
6.62,-0.289303,10.73151,2.130605,0.01097279,0.2021838,0.1053784
6.64,-0.3413468,10.27314,2.067065,-0.03789423,0.02689276,0.1965365
6.66,-0.3278302,9.862232,2.05895,-0.1029506,-0.1282564,0.2980308
6.68,-0.2769632,9.359762,2.037411,-0.1762104,-0.2491216,0.4115613
6.70,-0.2918786,8.980727,1.950622,-0.2256731,-0.3417876,0.4992125
6.72,-0.3334346,8.850248,1.883044,-0.2214093,-0.4266484,0.5518804
6.74,-0.3914308,9.231158,2.016267,-0.1577667,-0.5171506,0.5929927
6.76,-0.5613135,9.826005,2.337576,-0.0828269,-0.6418121,0.6330203
6.78,-0.8486083,10.35936,2.615464,-0.05690071,-0.7963566,0.6784928
6.80,-1.100421,10.57416,2.573912,-0.04458027,-0.9412351,0.7413126
6.82,-1.330572,10.90274,2.572671,-0.03536477,-1.102451,0.8206845
6.84,-1.570762,11.10586,2.656344,-0.040984,-1.269226,0.9153128
6.86,-1.728399,11.04142,2.611979,-0.06206308,-1.394693,1.013643
6.88,-1.840246,10.89157,2.269116,-0.08617798,-1.454858,1.099716
6.90,-1.864338,10.46077,1.999085,-0.1562458,-1.469299,1.162045
6.92,-1.938686,9.860479,1.714498,-0.2361255,-1.433181,1.176725
6.94,-1.937876,9.263858,1.396702,-0.263008,-1.352511,1.1499
6.96,-1.820029,8.94724,1.031112,-0.2466606,-1.157246,1.120549
6.98,-1.829583,8.996799,0.7004439,-0.2023498,-0.8750548,1.101647
7.00,-1.928673,9.021377,0.6571015,-0.1877054,-0.6108841,1.048666
7.02,-1.927428,9.042,0.9075881,-0.2475876,-0.456885,0.9508131
7.04,-1.795764,8.855889,1.185465,-0.293402,-0.3838186,0.8343756
7.06,-1.721576,8.452639,1.190953,-0.2721827,-0.2739772,0.7175516
7.08,-1.783546,8.334033,1.038333,-0.2050676,-0.1142316,0.6074976
7.10,-1.876966,8.500699,0.9316221,-0.1483146,0.02197376,0.5106754
7.12,-2.060068,8.887409,0.9049754,-0.1120834,0.109681,0.3926303
7.14,-2.181131,9.258872,0.997524,-0.08746669,0.160487,0.2411991
7.16,-2.146816,9.276995,1.141637,-0.04661177,0.2126219,0.04705137
7.18,-1.985844,8.948577,1.13142,0.06802496,0.3172797,-0.1721385
7.20,-1.950372,8.972008,1.03371,0.2196669,0.4382325,-0.4102734
7.22,-1.978921,9.448006,1.062713,0.3294626,0.5119298,-0.6200882
7.24,-2.032232,10.24046,1.023275,0.4305808,0.5596426,-0.7871714
7.26,-1.949514,11.01387,1.011224,0.5731978,0.6140905,-0.9180905
7.28,-1.684316,11.20561,1.162105,0.7640672,0.7143027,-1.019383
7.30,-1.512085,11.21824,1.383145,0.8805789,0.8066705,-1.05052
7.32,-1.423523,10.85535,1.47462,0.8170332,0.8134024,-1.016766
7.34,-1.332897,10.20051,1.506849,0.5999197,0.7658461,-0.9573948
7.36,-1.211056,9.66569,1.246983,0.3196687,0.7426336,-0.8916913
7.38,-1.084838,9.436974,1.044672,0.07488713,0.7376413,-0.8362592
7.40,-0.9271826,9.531752,0.9493576,-0.09423412,0.730108,-0.7917008
7.42,-0.9254681,9.897937,1.035964,-0.1718446,0.7220283,-0.7795271
7.44,-1.030651,10.51564,1.489292,-0.07666969,0.7992,-0.7673983
7.46,-1.18001,10.83837,1.890254,0.1105703,0.9777275,-0.716131
7.48,-1.241532,10.41334,1.614713,0.1104031,1.097936,-0.6468918
7.50,-1.010556,9.623988,1.443216,-0.06516571,1.097843,-0.5817397
7.52,-0.8271633,8.932552,1.223234,-0.2903053,1.075953,-0.5303307
7.54,-0.6497433,8.601577,1.142437,-0.4741987,1.069058,-0.4886954
7.56,-0.5100891,8.604856,1.119428,-0.5823669,1.114061,-0.4343542
7.58,-0.4630465,8.853974,1.199092,-0.5963712,1.201489,-0.3868842
7.60,-0.5454057,9.136502,1.217877,-0.5774627,1.299132,-0.3671235
7.62,-0.6015513,9.149387,1.203424,-0.5717124,1.347888,-0.3815106
7.64,-0.5259299,9.202199,1.159404,-0.560767,1.343518,-0.4135612
7.66,-0.3533407,9.308514,1.243649,-0.5174556,1.306272,-0.4327394
7.68,-0.2376115,9.352047,1.430859,-0.4352913,1.253426,-0.4317007
7.70,-0.1954405,9.607174,1.509222,-0.3512334,1.193197,-0.4061234
7.72,-0.1627221,9.889018,1.610451,-0.3100686,1.097335,-0.3578625
7.74,-0.2004114,10.20707,1.667386,-0.2754166,0.9589232,-0.33798
7.76,-0.2181164,10.65896,1.864968,-0.1973654,0.7800514,-0.3324072
7.78,-0.2015949,11.02049,2.193727,-0.0705999,0.5735989,-0.301574
7.80,-0.2569971,11.42931,2.477417,0.04266475,0.3504158,-0.2080816
7.82,-0.5831233,11.79095,2.183345,0.1168692,0.1954958,-0.06953024
7.84,-1.014252,12.05483,1.839471,0.1934957,0.1321687,0.04765325
7.86,-0.9470367,12.09534,2.261235,0.2431487,0.04791221,0.1448127
7.88,-0.5198721,11.81783,2.912588,0.1895702,-0.1629698,0.242261
7.90,-0.3409976,11.24809,3.105435,-0.01525035,-0.4715231,0.3477834
7.92,-0.3868292,10.49284,2.732912,-0.2631939,-0.7167122,0.4701022
7.94,-0.535692,9.809052,2.152831,-0.4104889,-0.8208061,0.6003038
7.96,-0.768771,9.572741,1.773244,-0.4006446,-0.8337464,0.7012551
7.98,-1.029971,9.780554,1.917914,-0.2634505,-0.8534723,0.7706819
8.00,-1.18129,10.30841,2.429355,-0.06360267,-0.9558524,0.8480727
8.02,-1.311249,10.43876,2.720009,0.08115861,-1.081227,0.9503815
8.04,-1.633308,10.01051,2.409029,0.1051997,-1.134834,1.060311
8.06,-1.721789,9.45121,2.289946,0.02736424,-1.13799,1.160922
8.08,-1.674316,9.101055,2.415736,-0.07537853,-1.118208,1.225774
8.10,-1.544859,8.996523,2.511409,-0.1315041,-1.091716,1.239615
8.12,-1.352725,9.169653,2.559759,-0.1399065,-1.088119,1.219153
8.14,-1.272781,9.404156,2.449339,-0.1164277,-1.049001,1.198329
8.16,-1.412326,9.437714,2.213415,-0.07331816,-0.9255459,1.176868
8.18,-1.612933,9.319885,2.118039,-0.05919462,-0.7508982,1.155353
8.20,-1.708538,9.353765,2.176323,-0.1186269,-0.6024668,1.135968
8.22,-1.750961,9.274806,2.19192,-0.2441952,-0.5122019,1.108433
8.24,-1.699527,9.105282,2.053941,-0.3546017,-0.4510168,1.058896
8.26,-1.570662,8.870816,1.85295,-0.4012915,-0.3476698,0.9949466
8.28,-1.513377,8.68661,1.566082,-0.3976105,-0.1791137,0.8955384
8.30,-1.578161,8.74196,1.486859,-0.4079859,-0.04373268,0.7516968
8.32,-1.622739,8.814622,1.563041,-0.433856,0.01642535,0.5700141
8.34,-1.61746,8.911576,1.540057,-0.4079098,0.05733578,0.360263
8.36,-1.639559,9.069387,1.505522,-0.3027398,0.1067093,0.1291212
8.38,-1.753444,9.425801,1.529122,-0.1666937,0.1379048,-0.1011852
8.40,-1.846014,9.886783,1.588071,-0.04687518,0.1309875,-0.3166936
8.42,-1.819558,10.2843,1.516672,0.1082364,0.0806962,-0.5138944
8.44,-1.729555,11.01266,1.542592,0.386475,0.01819069,-0.6903734
8.46,-1.638251,11.63214,1.921813,0.7093865,0.004747689,-0.8121055
8.48,-1.507956,11.61508,1.939013,0.8731738,0.04720624,-0.8822043
8.50,-1.043254,10.732,1.709733,0.77465,0.03992986,-0.907792
8.52,-0.4808665,9.627481,1.463884,0.5209237,0.002287628,-0.8862656
8.54,-0.3145409,8.97358,1.359738,0.2623774,-0.03566716,-0.8671523
8.56,-0.6674077,8.760402,0.9807993,0.07627407,-0.117212,-0.8700089
8.58,-0.5834696,9.026844,0.986016,0.03401208,-0.1929163,-0.8736163
8.60,-0.7688406,9.563455,1.231486,0.2039842,-0.1446754,-0.863921
8.62,-0.8251578,10.28433,1.726236,0.544004,0.04639561,-0.8014187
8.64,-0.9316759,10.57372,1.621379,0.7133428,0.2266638,-0.7118825
8.66,-0.9399038,9.977004,1.161795,0.5984282,0.3738635,-0.6316942
8.68,-0.9230697,9.143582,1.093429,0.3394625,0.526055,-0.5898379
8.70,-0.8054543,8.512035,0.7928542,0.06884642,0.7346821,-0.6068197
8.72,-0.6358163,8.258468,0.8543909,-0.1188002,0.9470159,-0.657684
8.74,-0.2819349,8.412998,1.221833,-0.2170215,1.107716,-0.7044982
8.76,-0.2299551,8.629934,1.441546,-0.2229356,1.199529,-0.7577791
8.78,-0.1577355,8.787268,1.686937,-0.1962103,1.213494,-0.7946489
8.80,-0.1905123,8.918925,1.712533,-0.1658815,1.199294,-0.7887945
8.82,-0.2965434,9.239358,1.59174,-0.1369497,1.186614,-0.7407988
8.84,-0.3133513,9.634813,1.706566,-0.1235518,1.133154,-0.6607682
8.86,-0.09317405,10.03355,2.02543,-0.1493849,0.9871479,-0.5594447
8.88,0.1844343,10.42279,2.456084,-0.2556216,0.7682875,-0.4239775
8.90,0.3071647,10.54795,2.276985,-0.3216664,0.6011786,-0.2955571
8.92,0.3085494,10.48811,2.181298,-0.253153,0.4831896,-0.219217
8.94,0.3611259,10.80254,2.597646,-0.05787703,0.3140253,-0.1777149
8.96,0.4434497,11.27294,3.015735,0.1433861,0.07949553,-0.1099719
8.98,0.259713,11.50264,2.828933,0.2355501,-0.1459015,-0.0002701807
9.00,-0.2736934,11.80651,2.235378,0.2934122,-0.2686334,0.1186338
9.02,-0.6402245,11.9516,2.189188,0.3565802,-0.2752658,0.2313276
9.04,-0.791332,11.61244,2.465649,0.3430261,-0.2742013,0.3136188
9.06,-0.8743649,10.86441,2.596279,0.2106483,-0.3857392,0.3372614
9.08,-0.7493226,9.715618,2.769361,0.02326749,-0.6227367,0.3325742
9.10,-0.7259595,8.992595,2.707897,-0.08202347,-0.8678957,0.3462634
9.12,-1.098885,8.923396,2.420553,0.01924623,-0.9248571,0.3723168
9.14,-1.507558,8.996079,2.417782,0.2637394,-0.8157776,0.3863117
9.16,-1.63676,9.226295,2.783935,0.4689685,-0.7622863,0.3711466
9.18,-1.603956,9.300461,3.264758,0.5581438,-0.8823023,0.3334287
9.20,-1.665999,9.462702,3.827739,0.583927,-1.121461,0.3039921
9.22,-1.687436,9.644392,4.245607,0.5707225,-1.373142,0.3375058
9.24,-1.768551,9.630211,3.997643,0.4755056,-1.582929,0.4286094
9.26,-1.688755,9.595976,3.529734,0.3170606,-1.733634,0.5584897
9.28,-1.64659,9.414838,3.109148,0.1584785,-1.783965,0.6802841
9.30,-1.632351,9.162775,2.813684,0.0573945,-1.769907,0.7544344
9.32,-1.577881,9.033773,2.692003,-0.007858002,-1.742274,0.761769
9.34,-1.402695,9.144299,2.639421,-0.0637482,-1.729005,0.7414216
9.36,-1.333328,9.040005,2.461089,-0.1053408,-1.695366,0.7025589
9.38,-1.260314,8.921314,2.171825,-0.1380713,-1.588624,0.6737207
9.40,-1.194556,8.859054,1.882864,-0.1656788,-1.409544,0.6736816
9.42,-1.241244,8.74675,1.7883,-0.196785,-1.273777,0.6695565
9.44,-1.325172,9.050415,1.86871,-0.2291963,-1.187323,0.6560503
9.46,-1.43965,9.492937,1.852592,-0.239321,-1.13207,0.6392742
9.48,-1.622257,9.860447,1.499251,-0.1889723,-0.9942964,0.5981228
9.50,-1.792322,10.36207,1.314049,-0.1147399,-0.7756653,0.5170716
9.52,-2.024916,11.05537,1.157187,-0.07402266,-0.5208243,0.3898754
9.54,-2.221825,11.32336,1.155296,-0.1249387,-0.3105415,0.2137127
9.56,-2.141618,11.35821,1.161418,-0.1821242,-0.1578522,0.00538591
9.58,-1.977286,11.54562,1.060667,-0.1353969,-0.05373546,-0.2003769
9.60,-1.939098,12.03487,1.217361,0.000805909,0.06777935,-0.360853
9.62,-2.098561,12.1331,1.46863,0.08216099,0.2122556,-0.4695752
9.64,-2.00482,11.44891,1.507131,0.0009292561,0.2986179,-0.5121462
9.66,-1.548446,9.885651,1.354943,-0.2171977,0.3174761,-0.5028545
9.68,-1.097767,8.669675,1.119226,-0.4386422,0.2503256,-0.4670323
9.70,-0.9707654,8.309595,0.9809986,-0.5658578,0.117642,-0.4315681
9.72,-1.09937,8.40678,0.8423351,-0.5915052,-0.01423235,-0.3999693
9.74,-1.356556,8.744337,0.7511116,-0.5281484,-0.06583525,-0.3667496
9.76,-1.571133,9.022857,0.8265594,-0.3309315,0.02684646,-0.33541
9.78,-1.544309,8.92231,1.136602,0.02544813,0.2462878,-0.3132213
9.80,-1.295216,8.560943,1.194787,0.3052891,0.3980182,-0.3219522
9.82,-1.148825,8.133867,1.083961,0.3947573,0.418911,-0.3722527
9.84,-1.013359,7.933638,1.095601,0.3425096,0.3654865,-0.430417
9.86,-0.9527218,7.932416,1.038313,0.266151,0.2921372,-0.4892472
9.88,-0.9454761,7.996092,0.9616989,0.175055,0.2576972,-0.5385706
9.90,-0.9162346,8.227438,0.9910132,0.1140359,0.266643,-0.5710887
9.92,-0.9601685,8.340743,0.969248,0.1013538,0.3446226,-0.609503
9.94,-0.9521362,8.35926,0.9876221,0.1372079,0.4917288,-0.6633567
9.96,-0.857169,8.36692,1.08107,0.1914689,0.6106489,-0.734951
9.98,-0.7691923,8.565868,1.207405,0.2109743,0.6399847,-0.7905113
10.00,-0.8210517,9.074569,1.306675,0.1662279,0.6111309,-0.8130248
10.02,-0.9513708,9.578815,1.306933,0.08954097,0.5708055,-0.7945205
10.04,-1.020825,9.901033,1.205025,0.02878398,0.5568781,-0.7536691
10.06,-0.9610638,10.20839,1.219036,0.02581363,0.5633219,-0.6959273
10.08,-0.8462953,10.85905,1.502513,0.0774207,0.570439,-0.6164327
10.10,-0.8721662,11.6946,1.81292,0.1315376,0.5729217,-0.5199707
10.12,-0.880568,12.12678,1.939404,0.124412,0.567942,-0.4160108
10.14,-0.7263263,12.07121,1.815365,0.06326714,0.5496141,-0.3096298
10.16,-0.6655284,12.14764,1.478192,0.03109479,0.560279,-0.2208674
10.18,-0.7585893,12.43809,1.434179,0.06764142,0.6122043,-0.1845036
10.20,-0.5868188,12.47584,1.864882,0.1867693,0.6751968,-0.1823365
10.22,-0.1846004,12.20485,2.367957,0.2684977,0.672327,-0.1602406
10.24,0.1490315,11.35561,2.4701,0.1732087,0.5586674,-0.07845048
10.26,0.2077575,10.27998,2.162752,-0.09245604,0.4223393,0.0663753
10.28,0.03503585,9.465891,1.680391,-0.3802908,0.3168066,0.2307218
10.30,-0.1962419,9.010582,1.44726,-0.5486993,0.2042643,0.3388315
10.32,-0.4289597,8.893032,1.640046,-0.5822534,0.0581492,0.3578972
10.34,-0.4326605,9.254326,2.296364,-0.4388425,-0.08324718,0.3555389
10.36,-0.4735416,9.694199,2.788106,-0.1869528,-0.2230409,0.3708771
10.38,-0.7012407,9.91988,2.757037,-0.05690834,-0.4750001,0.3966078
10.40,-0.7951645,9.852667,2.703608,-0.08852594,-0.8135246,0.4591567
10.42,-0.9691768,9.561256,2.579051,-0.160347,-1.144837,0.5524103
10.44,-1.112193,9.219513,2.524557,-0.1401765,-1.41114,0.676313
10.46,-1.06317,9.07144,2.492694,0.02423197,-1.544251,0.8376414
10.48,-1.04917,9.650511,2.42141,0.1683977,-1.637126,1.007715
10.50,-1.34418,10.05809,2.067278,0.1561543,-1.702629,1.137862
10.52,-1.676596,10.08351,1.524535,0.05720411,-1.680516,1.199389
10.54,-1.666886,9.441375,1.083071,-0.03962007,-1.554948,1.176276
10.56,-1.592143,8.916402,0.8053048,-0.07599658,-1.336053,1.103507
10.58,-1.481203,8.883794,1.005296,-0.02889738,-1.136193,1.011158
10.60,-1.320781,9.34811,1.300007,0.001519626,-0.9908282,0.9506127
10.62,-1.620703,9.486849,0.8379021,-0.04418301,-0.7911114,0.8736259
10.64,-1.687624,9.222489,0.7108579,-0.1784896,-0.5935149,0.7684424
10.66,-1.696523,8.891508,0.6066142,-0.2803521,-0.4089429,0.6172827
10.68,-1.627427,9.34236,0.6258822,-0.3158229,-0.2113679,0.4691319
10.70,-1.78342,9.749192,1.049251,-0.31995,0.007239604,0.3148807
10.72,-2.175275,10.24919,1.224897,-0.3556638,0.1967896,0.1330427
10.74,-2.066426,10.0653,1.236751,-0.3675694,0.3127932,-0.05447828
10.76,-2.135561,11.15979,0.8644596,-0.1505256,0.3989818,-0.2267319
10.78,-2.337083,12.56573,1.348658,0.2215288,0.483608,-0.3586484
10.80,-2.571069,12.94279,2.243533,0.3860587,0.5275756,-0.4316959
10.82,-2.379596,11.46592,2.092991,0.2038627,0.5009776,-0.4515047
10.84,-1.646362,9.796676,1.758257,-0.09403834,0.4039623,-0.4282738
10.86,-1.438592,8.794529,1.316288,-0.3095573,0.2981438,-0.4191731
10.88,-1.33782,8.415123,0.7807717,-0.402679,0.1967658,-0.4388269
10.90,-1.050739,8.571291,0.7659444,-0.3537059,0.03862909,-0.4365986
10.92,-0.8652006,9.206059,1.156474,-0.1493546,-0.1174617,-0.3858716
10.94,-0.9496444,9.58533,1.747687,0.2990585,-0.009960862,-0.2882568
10.96,-1.123719,9.751672,1.894332,0.6880692,0.1932671,-0.1820915
10.98,-1.112489,8.675704,1.093027,0.7747073,0.3544698,-0.1256087
11.00,-0.7645929,7.72045,0.8959251,0.6811547,0.4422567,-0.1109287
11.02,-0.8449451,7.570586,0.7532413,0.5062264,0.5173293,-0.1024441
11.04,-1.030549,7.695128,0.6492142,0.3117964,0.5972511,-0.1185922
11.06,-0.8903356,8.453247,0.8992434,0.1168989,0.6139536,-0.1333898
11.08,-0.5643235,8.873854,1.393038,-0.0549986,0.5633587,-0.1925245
11.10,-0.2595517,8.825657,1.653146,-0.08011355,0.5790386,-0.3415239
11.12,0.01390988,8.716845,1.888968,-0.0167474,0.7023966,-0.5472137
11.14,-0.04727812,8.735171,1.879184,-0.02034253,0.7947595,-0.7766615
11.16,-0.2108006,9.012008,1.565468,-0.1186391,0.7768021,-0.9802549
11.18,-0.1730435,9.36607,1.486316,-0.2335344,0.663981,-1.116267
11.20,-0.03711,9.524104,1.561281,-0.2906944,0.4792299,-1.181116
11.22,-0.1641745,10.0697,1.672858,-0.241049,0.3208738,-1.129085
11.24,-0.5131728,10.98318,1.665672,-0.07060646,0.3074978,-0.9543146
11.26,-0.8199074,11.8698,1.676903,0.09201748,0.3438791,-0.7204128
11.28,-0.8950266,12.36471,1.637403,0.1453681,0.3045657,-0.4903734
11.30,-0.8426103,12.63946,1.384093,0.1907503,0.2180714,-0.2810369
11.32,-0.8192216,12.96714,1.238106,0.276047,0.1695862,-0.1080033
11.34,-0.6468305,13.06975,1.301298,0.3640008,0.2356753,0.03447937
11.36,-0.3503352,12.6189,1.446123,0.3422132,0.3243808,0.1463582
11.38,0.03291929,11.38001,1.429087,0.1684206,0.365721,0.2470759
11.40,0.2089923,10.22563,1.146877,-0.06633254,0.3739001,0.3875696
11.42,0.1376038,9.432306,0.6941359,-0.2533457,0.3770402,0.5219694
11.44,0.1076201,9.594821,0.3006572,-0.368827,0.4121681,0.6594749
11.46,-0.03252308,10.03251,0.2875411,-0.4057799,0.3937783,0.6490324
11.48,-0.4255348,10.02003,0.4177736,-0.4436612,0.4363864,0.5232694
11.50,-0.5529071,9.411505,0.9390615,-0.457616,0.5688888,0.4014702
11.52,-0.6850092,9.081603,1.474407,-0.3604465,0.7357976,0.3262853
11.54,-0.873201,8.762362,1.609389,-0.2731697,0.7841521,0.2809051
11.56,-1.056467,8.550972,1.60607,-0.2959938,0.6381025,0.2695256
11.58,-1.178032,8.693871,1.549518,-0.406915,0.3603138,0.2753245
11.60,-1.169255,8.617729,1.434351,-0.5008287,0.07017782,0.3027751
11.62,-1.488909,8.342614,1.084187,-0.5163899,-0.1102023,0.3751367
11.64,-1.861513,8.617339,0.7896817,-0.4133145,-0.1434066,0.5175797
11.66,-2.449129,9.763293,1.122304,-0.2446976,-0.03245074,0.7677958
11.68,-2.918089,10.8451,2.07828,-0.1669488,0.09769145,1.098619
11.70,-2.731459,10.9983,2.484351,-0.2077015,0.1439838,1.367423
11.72,-2.183981,9.950803,2.230486,-0.2694694,0.1006948,1.457476
11.74,-1.549103,9.553559,2.339555,-0.2735057,-0.02927267,1.476707
11.76,-1.170665,9.647596,2.65605,-0.1902634,-0.1809867,1.444629
11.78,-1.248026,9.726533,2.494847,-0.08718383,-0.2436071,1.327928
11.80,-1.372688,9.940423,2.061682,0.001639205,-0.2078969,1.157244
11.82,-1.223377,9.990734,1.807458,0.08489003,-0.1066701,0.9694601
11.84,-1.252894,9.863144,1.573254,0.1253791,0.02853563,0.7722942
11.86,-1.484233,9.596338,1.343578,0.07922991,0.1615234,0.577995
11.88,-1.565805,9.282287,1.176078,-0.007469422,0.3247989,0.4139918
11.90,-1.521809,8.855371,0.9962237,-0.06821271,0.504011,0.2604133
11.92,-1.342584,8.63658,0.9772157,-0.07257454,0.652573,0.1377366
11.94,-1.260248,8.683185,1.108576,-0.03589014,0.7356786,0.0546477
11.96,-1.336319,8.715843,1.266852,0.002789172,0.7746369,-0.004475528
11.98,-1.371811,8.905337,1.362957,0.04321387,0.799002,-0.01647583
12.00,-1.577573,9.771945,0.9542564,0.2257324,0.9165295,0.0005544006
12.02,-2.023299,11.04284,0.571964,0.6016695,1.211989,-0.01543108
12.04,-2.386438,12.05514,0.9039217,0.9321992,1.583194,-0.07544477
12.06,-2.461741,12.07687,1.368246,0.9238778,1.827412,-0.1684116
12.08,-2.199352,11.43081,1.620919,0.6623133,1.850032,-0.2672959
12.10,-1.79594,10.72759,1.37668,0.3833078,1.790621,-0.3244093
12.12,-1.400077,10.16524,1.08355,0.1728228,1.722425,-0.31508
12.14,-1.243173,9.869314,0.8769611,0.03112262,1.686179,-0.2459795
12.16,-1.30468,9.723947,0.6698763,-0.03185007,1.741097,-0.1561765
12.18,-1.331337,9.661055,0.6486856,0.02268714,1.914924,-0.05646823
12.20,-1.3408,9.856966,0.8373221,0.1617177,2.137386,0.04564941
12.22,-1.457669,9.847218,0.8578225,0.2802419,2.340121,0.1060762
12.24,-1.436189,9.681884,0.8378335,0.2942876,2.482065,0.1205571
12.26,-1.519419,9.533877,0.7433493,0.2729348,2.597878,0.07243208
12.28,-1.578237,9.636508,0.7054093,0.2109905,2.708225,0.003983448
12.30,-1.647828,9.603052,0.844651,0.120844,2.78366,-0.0674824
12.32,-1.65145,9.593148,0.827966,0.07396542,2.836991,-0.1127044
12.34,-1.707931,9.792732,0.7889844,0.09581997,2.845401,-0.1356402
12.36,-1.77283,10.20869,0.9061627,0.1566716,2.833019,-0.1222456
12.38,-1.80874,10.55893,1.115861,0.221524,2.8251,-0.05984927
12.40,-1.754436,10.52048,1.207815,0.286787,2.849065,0.03399765
12.42,-1.680008,10.14866,1.135132,0.3199429,2.894329,0.1171381
12.44,-1.494343,9.751455,1.090755,0.3042524,2.926571,0.1722432
12.46,-1.383837,9.233638,1.076374,0.2745348,2.938989,0.1739831
12.48,-1.355143,8.977018,1.118906,0.2500114,2.946784,0.118235
12.50,-1.238676,8.921493,1.230457,0.2246518,2.974096,0.05007421
12.52,-1.189494,9.06085,1.272481,0.1997125,3.038197,-0.008648226
12.54,-1.192478,9.076889,1.378383,0.1435193,3.073049,-0.06763282
12.56,-1.190084,9.112032,1.344942,0.06656907,3.06533,-0.1149184
12.58,-1.163288,9.174156,1.109476,0.02988706,3.039979,-0.1583777
12.60,-1.119562,9.213484,0.9511568,0.04756439,2.979218,-0.193023
12.62,-1.068788,9.192957,0.961566,0.08049583,2.872632,-0.2279174
12.64,-1.173792,9.462267,1.186999,0.0420108,2.716754,-0.2666815
12.66,-1.053383,9.717193,1.339182,-0.09690092,2.56874,-0.2691609
12.68,-0.8739982,9.575911,1.228631,-0.2595557,2.477971,-0.2401692
12.70,-0.6662676,9.355786,1.175194,-0.4013861,2.432468,-0.2237851
12.72,-0.465156,9.250764,1.375688,-0.5162051,2.38264,-0.2388278
12.74,-0.326088,9.346849,1.722794,-0.5840497,2.30989,-0.273883
12.76,-0.2572819,9.353946,1.912926,-0.6274218,2.221328,-0.3039252
12.78,-0.3219427,9.446377,1.91426,-0.6981845,2.112492,-0.3293639
12.80,-0.3504429,9.635544,1.852557,-0.7964864,1.981321,-0.3368234
12.82,-0.4256395,9.866743,1.604189,-0.8466554,1.880058,-0.3575644
12.84,-0.4458836,10.46824,1.510484,-0.7796365,1.799538,-0.3958591
12.86,-0.3239383,11.32843,1.688395,-0.6170598,1.706663,-0.4056795
12.88,-0.1440466,11.82373,2.185928,-0.5411369,1.509088,-0.3552742
12.90,0.0988588,11.33879,2.422704,-0.6185474,1.219394,-0.2180177
12.92,0.2799799,10.14898,1.837867,-0.6652492,0.9559754,-0.02950911
12.94,0.20271,8.67147,0.4670662,-0.5145383,0.8184385,0.1114463
12.96,-0.3599692,8.327444,0.0790421,-0.3262897,0.6816363,0.1203897
12.98,-0.6884114,9.234208,0.4553402,-0.2175791,0.4606846,0.08944714
13.00,-0.5801359,10.24476,0.7078428,-0.1714394,0.2566219,0.1252297
13.02,-0.523737,10.67626,0.8515273,-0.1507621,0.1820518,0.2254054
13.04,-0.5149658,10.98766,0.9852342,-0.002087472,0.3738849,0.3735946
13.06,-0.45821,11.19087,1.481241,0.2130186,0.6976173,0.5260124
13.08,-0.5317011,10.97978,1.553702,0.2524869,0.8687133,0.6105565
13.10,-0.2346513,10.53892,1.599039,0.08276559,0.8234031,0.676631
13.12,-0.2374252,10.12652,1.36802,-0.1355472,0.7981517,0.7433607
13.14,-0.5408432,9.540784,0.8276396,-0.3440978,0.9029458,0.7832466
13.16,-0.5320843,9.271361,0.7858512,-0.4738326,1.061083,0.8188053
13.18,-0.5075979,9.282323,0.8770656,-0.4970117,1.245903,0.8222977
13.20,-0.4132789,9.368881,1.227969,-0.4622554,1.351081,0.7785402
13.22,-0.2305866,9.523678,1.570133,-0.3976923,1.349664,0.6993343
13.24,-0.0774324,9.612642,1.878043,-0.3195727,1.260253,0.6222309
13.26,0.05304645,9.640095,2.115351,-0.240175,1.093897,0.5652208
13.28,0.05844472,9.620756,2.223229,-0.1727281,0.8713838,0.5412985
13.30,0.07676332,9.751849,2.194201,-0.1297973,0.6542613,0.5484166
13.32,-0.007761896,9.927081,2.11993,-0.1036018,0.4490565,0.5753615
13.34,-0.01839993,9.846052,2.009096,-0.09797762,0.271373,0.6028768
13.36,0.05967629,9.543446,1.878628,-0.09125046,0.1112886,0.6054299
13.38,0.1166011,9.343964,1.686521,-0.06016372,-0.002695378,0.5957741
13.40,0.1062688,9.274344,1.515341,0.001404747,-0.05998499,0.5685999
13.42,0.05815019,9.40775,1.326908,0.07218134,-0.06123744,0.5198041
13.44,-0.06515075,9.54041,1.201229,0.12442,-0.02909499,0.44383
13.46,-0.192456,9.733047,1.100395,0.1575624,0.008337004,0.3411062
13.48,-0.3239944,9.91342,1.074735,0.1848311,0.04568828,0.2292203
13.50,-0.4474086,10.3271,0.9760458,0.2272976,0.1130507,0.1435411
13.52,-0.6505455,10.95277,0.8433172,0.2627367,0.2168135,0.08553035
13.54,-1.042094,11.61858,0.6340199,0.2990862,0.3563426,0.02972682
13.56,-1.430546,11.84582,0.5150145,0.3262726,0.5525912,-0.06061783
13.58,-1.629939,11.50157,0.6642609,0.3263367,0.767483,-0.1716183
13.60,-1.439329,11.14634,1.065206,0.2775476,0.8597065,-0.2429878
13.62,-1.039663,10.41565,1.466391,0.1302909,0.8217282,-0.2329529
13.64,-1.010537,9.565177,1.077213,-0.04967577,0.8262516,-0.198295
13.66,-1.169596,9.182279,0.6197987,-0.1835357,0.8498718,-0.1601677
13.68,-1.237471,9.11372,0.3463369,-0.2501219,0.8681543,-0.1226238
13.70,-1.283975,9.207376,0.4355934,-0.2726144,0.835372,-0.09043594
13.72,-1.298406,9.457732,0.7144821,-0.2620782,0.7708758,-0.04165473
13.74,-1.353165,9.561357,0.9603759,-0.1907056,0.7538931,0.006836792
13.76,-1.356293,9.347465,1.185819,-0.04799544,0.8874296,0.04076639
13.78,-1.149411,8.562922,1.226793,0.0630135,1.031567,0.01991211
13.80,-0.8656445,7.933101,1.091639,0.07077997,1.06458,-0.04663728
13.82,-0.5940778,7.653003,1.154677,0.0002838385,0.9678088,-0.1310273
13.84,-0.521552,7.740277,1.115716,-0.07224815,0.8227209,-0.2216092
13.86,-0.6035357,8.030222,1.015028,-0.1157323,0.7107554,-0.2998969
13.88,-0.7040019,8.416633,0.9704726,-0.1106546,0.6815948,-0.3881105
13.90,-0.745495,8.770491,1.065235,-0.06842449,0.7364046,-0.4852439
13.92,-0.694387,8.743199,1.143638,-0.01683808,0.8344504,-0.5768173
13.94,-0.6218678,8.70766,1.000998,0.03504718,0.9095067,-0.6701298
13.96,-0.4777936,8.809221,0.915966,0.05822102,0.912612,-0.7588754
13.98,-0.402727,9.269252,0.9400843,0.04437729,0.8570917,-0.798194
14.00,-0.3553785,9.81444,1.021447,-0.006215282,0.7528941,-0.7892784
14.02,-0.3068578,10.17955,1.023703,-0.05099919,0.6416472,-0.7658309
14.04,-0.2718625,10.25979,0.9983353,-0.03483656,0.5249198,-0.7783108
14.06,-0.2278053,10.66447,1.103033,0.1070874,0.3819576,-0.8040375
14.08,-0.008485818,11.71423,1.583696,0.2993247,0.2234069,-0.7353354
14.10,-0.1987255,12.39286,1.584249,0.440075,0.1976731,-0.5937331
14.12,-0.7227332,12.89812,0.874136,0.5022805,0.3156739,-0.4756922
14.14,-0.8364621,13.091,0.5828973,0.5184785,0.4140825,-0.4240395
14.16,-0.5167544,12.90298,0.8405829,0.4293405,0.3868543,-0.3935439
14.18,-0.01407479,12.2794,1.400193,0.2038634,0.2124604,-0.2817566
14.20,0.3535313,10.91886,1.48178,-0.1102352,0.05986085,-0.08888015
14.22,0.2463877,9.647695,0.9724371,-0.3853139,0.04053878,0.1002953
14.24,-0.08767582,8.964529,0.3795687,-0.543581,0.1236692,0.238903
14.26,-0.3129538,9.027987,0.2964064,-0.6021586,0.1700291,0.3245555
14.28,-0.4602126,9.656599,0.5167308,-0.5546185,0.1366187,0.3711429
14.30,-0.6161666,10.10691,0.8723616,-0.4254921,0.08328488,0.3844203
14.32,-0.5640231,10.10202,1.706419,-0.2581168,0.006193372,0.4030901
14.34,-0.4548481,9.880179,2.465621,-0.053183,-0.1155069,0.4314466
14.36,-0.6547339,9.577721,2.419398,0.08484022,-0.3311315,0.4482018
14.38,-0.7153832,9.308024,2.210181,0.1007026,-0.6405154,0.4880166
14.40,-0.7555516,9.343036,2.135148,0.06681973,-0.9491138,0.5989398
14.42,-0.9672964,9.436709,2.115432,0.05113504,-1.148312,0.7570668
14.44,-1.132305,9.620134,2.096725,0.115956,-1.202744,0.9268449
14.46,-1.157539,9.607014,1.982445,0.1802004,-1.151625,1.047645
14.48,-0.9686876,9.222599,1.781184,0.1867258,-1.104326,1.103594
14.50,-0.7841395,9.059124,1.57397,0.1684536,-1.072685,1.115086
14.52,-0.8021222,9.020157,1.5388,0.1454341,-1.015243,1.076651
14.54,-0.8550931,9.235728,1.501138,0.1135184,-0.909032,1.016696
14.56,-0.8847517,9.349271,1.418629,0.04955616,-0.7565933,0.9628358
14.58,-0.9872352,9.297877,1.16851,-0.03020345,-0.5815173,0.9100701
14.60,-1.041472,9.296704,0.9508,-0.09733399,-0.3983368,0.8508902
14.62,-1.115497,9.544189,0.9009902,-0.1282741,-0.2357932,0.7782765
14.64,-1.279988,10.01576,1.045052,-0.1398421,-0.09566567,0.6973029
14.66,-1.511961,10.46875,1.227833,-0.1805178,0.02732499,0.6109466
14.68,-1.731842,10.55479,1.260652,-0.2824635,0.1339102,0.5050215
14.70,-1.735521,10.03971,1.055209,-0.3970966,0.2254588,0.3664815
14.72,-1.598658,9.835226,0.8655244,-0.444586,0.2684815,0.2083802
14.74,-1.72965,10.79093,0.6494523,-0.3444577,0.3023926,0.04197839
14.76,-2.056431,12.30582,0.7627696,-0.1311293,0.3569034,-0.1427626
14.78,-2.310569,12.73997,1.293594,0.03505838,0.4362659,-0.3399248
14.80,-1.835829,11.68163,1.552783,0.05652247,0.4900987,-0.4926679
14.82,-1.16965,9.883408,1.477925,-0.05591057,0.419455,-0.5578344
14.84,-0.798512,8.692752,1.32348,-0.213199,0.2609407,-0.5406451
14.86,-0.7042588,8.059875,0.9376797,-0.3326069,0.09246175,-0.4979209
14.88,-0.711636,8.389582,0.6584819,-0.3717767,-0.05886652,-0.4345997
14.90,-0.9823413,9.392422,0.6082802,-0.3308518,-0.1856688,-0.3629044
14.92,-1.292973,10.34268,0.8581605,-0.2483274,-0.2616951,-0.2780879
14.94,-1.353732,10.58507,1.147326,-0.0348128,-0.1558236,-0.1720868
14.96,-1.209212,9.71287,1.165906,0.2651973,0.1531233,-0.08409859
14.98,-1.082178,8.602283,0.7901432,0.3902215,0.4048776,-0.09168687
15.00,-1.003121,7.788472,0.5572374,0.3279005,0.556844,-0.1851876
15.02,-0.7814918,7.724951,0.5501435,0.1814244,0.6162552,-0.3128871
15.04,-0.6421029,7.937129,0.5537046,0.04027904,0.6259279,-0.4469385
15.06,-0.5587314,8.163301,0.5916306,-0.07544402,0.6244607,-0.5687877
15.08,-0.5435412,8.265775,0.6829617,-0.138039,0.6859081,-0.6839065
15.10,-0.6341317,8.216828,0.7732853,-0.1076485,0.8540475,-0.7785417
15.12,-0.6877396,8.239975,0.9822118,0.01695179,1.068197,-0.8437302
15.14,-0.7242854,8.535487,1.205273,0.1195258,1.181187,-0.886896
15.16,-0.7024673,8.81895,1.230131,0.1425018,1.175021,-0.9196567
15.18,-0.6492831,9.051976,1.280254,0.1261892,1.077876,-0.9467134
15.20,-0.5825421,9.500184,1.406166,0.1007935,0.9307429,-0.9351961
15.22,-0.683805,10.07147,1.50938,0.0883436,0.8139735,-0.8773795
15.24,-0.8465322,10.72667,1.630872,0.1316684,0.7581395,-0.7916141
15.26,-0.819737,11.22901,1.821862,0.2303558,0.7132711,-0.7016293
15.28,-0.6329931,11.72969,2.013953,0.3307067,0.5824614,-0.6291273
15.30,-0.4187371,12.04372,2.199974,0.3567,0.3695342,-0.5477144
15.32,-0.555043,12.28715,1.91655,0.3330074,0.2194406,-0.4374825
15.34,-0.8614131,12.74329,1.442793,0.3489156,0.1976304,-0.3263537
15.36,-0.8542824,12.93898,1.424557,0.3696778,0.2478308,-0.2225524
15.38,-0.6388662,12.78473,1.654074,0.3590114,0.2885,-0.142293
15.40,-0.2524507,12.12254,1.754076,0.2591375,0.2927331,-0.05626657
15.42,0.01708906,10.97393,1.54414,0.07084288,0.3009777,0.04834392
15.44,0.3250048,10.03741,1.482439,-0.1873775,0.2757193,0.2126884
15.46,0.4540048,9.365387,1.359458,-0.449784,0.2344757,0.422836
15.48,0.1685403,8.971465,0.8713694,-0.6279889,0.2592855,0.5991691
15.50,-0.3240414,9.025761,0.5291489,-0.7083659,0.3222069,0.6898961
15.52,-0.6122865,9.346817,0.6389868,-0.6976836,0.3602777,0.7116538
15.54,-0.5518317,9.679256,1.109789,-0.591744,0.3271147,0.7059923
15.56,-0.3921611,10.02336,2.054785,-0.3892796,0.1717948,0.7175807
15.58,-0.5953132,10.27041,2.383037,-0.1633044,-0.02365361,0.7436977
15.60,-0.8860257,10.24843,2.32016,-0.03497888,-0.2680176,0.7831637
15.62,-1.022538,10.00846,2.125363,0.003252641,-0.5481572,0.8367081
15.64,-1.080582,9.78903,1.939809,0.006848938,-0.7879162,0.9091412
15.66,-1.173359,9.794173,1.884639,0.008326201,-0.9360497,1.004767
15.68,-1.204857,9.759905,1.694501,-0.003867491,-0.9809142,1.105682
15.70,-1.217486,9.353616,1.354046,-0.021227,-0.9758455,1.150361
15.72,-1.261068,8.962886,1.066694,-0.05155383,-0.9278171,1.112459
15.74,-1.204673,8.580091,0.8896496,-0.08748626,-0.8853385,1.022813
15.76,-1.098696,8.406082,0.9368598,-0.1139503,-0.8925356,0.9138507
15.78,-1.009641,8.502337,0.9874842,-0.1344875,-0.9206199,0.8140197
15.80,-1.195254,8.57386,0.8687571,-0.1321054,-0.932493,0.7248356
15.82,-1.297839,8.666639,0.6019419,-0.06292906,-0.8602229,0.6445574
15.84,-1.371519,8.977323,0.4624597,0.06585404,-0.7229562,0.5515305
15.86,-1.243622,9.258821,0.4572492,0.2172109,-0.5352743,0.4444031
15.88,-1.206113,9.653089,0.4679973,0.3194253,-0.3180854,0.3104447
15.90,-1.289154,9.883834,0.5022888,0.3100753,-0.1277498,0.1650559
15.92,-1.21761,9.877075,0.4534918,0.2344552,-0.003555767,0.01547994
15.94,-1.032361,10.18712,0.2948714,0.2105263,0.06792516,-0.1128677
15.96,-1.251163,11.87225,-0.04469837,0.3368353,0.1396052,-0.209218
15.98,-1.753351,13.5753,0.09202816,0.4717258,0.2847453,-0.3099045
16.00,-2.256075,13.32146,0.6832464,0.3947559,0.524627,-0.4475828
16.02,-1.611275,11.53654,0.8670826,0.1472607,0.758273,-0.5517076
16.04,-0.9457368,9.745034,0.7802279,-0.1317961,0.8462681,-0.577002
16.06,-0.560493,8.554506,0.4941918,-0.3110189,0.8281171,-0.5913949
16.08,-0.4322488,8.395905,0.3209127,-0.3581353,0.7214438,-0.5829093
16.10,-0.3934357,9.001644,0.4448644,-0.270402,0.4825554,-0.557864
16.12,-0.5927184,9.634364,0.5913603,-0.1414958,0.1904496,-0.5374075
16.14,-0.9405765,10.01612,0.6838272,-0.06227662,-0.0608255,-0.5213181
16.16,-1.228249,10.01513,0.5238346,-0.05373618,-0.1287537,-0.4684671
16.18,-1.265072,9.498961,0.4009702,-0.03732804,0.05490614,-0.3803316
16.20,-1.119213,8.736176,0.795971,0.2660761,0.5496136,-0.3146219
16.22,-0.8894457,8.251686,0.991093,0.4219711,0.901745,-0.3172997
16.24,-0.6668921,8.18875,0.7715275,0.4347318,1.046771,-0.3717346
16.26,-0.4529691,8.296953,0.9202901,0.3289445,0.9706985,-0.4004013
16.28,-0.3247715,8.738873,0.8713052,0.2208781,0.811922,-0.4132063
16.30,-0.2526283,8.703986,0.8676686,0.09153821,0.6346888,-0.4339331
16.32,-0.2912174,8.627999,0.7018926,-0.03756996,0.5044191,-0.4622605
16.34,-0.4282793,8.744183,0.4007272,-0.1287531,0.4663654,-0.5257717
16.36,-0.4441604,9.044478,0.3191295,-0.205458,0.4828532,-0.5980926
16.38,-0.335985,9.76206,0.481147,-0.2379816,0.5130744,-0.6460021
16.40,-0.3916,10.20462,0.3968706,-0.2210428,0.6195793,-0.682147
16.42,-0.3262746,10.12732,0.5232587,-0.1870797,0.7831329,-0.6922114
16.44,-0.1700842,10.26804,0.5418757,-0.1164288,0.9172111,-0.6680924
16.46,-0.1037665,10.36939,0.5868959,-0.05040622,0.9803187,-0.6354171
16.48,-0.04245023,10.80279,0.7571824,0.007222805,0.9184259,-0.5993144
16.50,0.01869434,11.3699,1.010012,0.01058098,0.7866842,-0.5255917
16.52,-0.04153435,11.86874,1.185849,-0.04666566,0.657676,-0.4055948
16.54,-0.3341359,12.41802,0.951516,-0.04136764,0.632827,-0.3085909
16.56,-0.4639717,12.60938,0.9890741,0.03994806,0.7112139,-0.2353716
16.58,-0.1759204,12.4837,1.575939,0.1842076,0.7720858,-0.1517705
16.60,0.1859228,11.98432,2.170175,0.2326603,0.6656665,-0.04344502
16.62,0.3841009,11.11821,2.207613,0.1199974,0.4642956,0.1173537
16.64,0.3176228,10.06489,1.832084,-0.08501162,0.2973295,0.3084435
16.66,0.04966506,9.494395,1.271832,-0.2683486,0.1834295,0.4560638
16.68,-0.2081592,9.268722,0.9984609,-0.3837957,0.08766416,0.5202125
16.70,-0.2820314,9.565488,1.234756,-0.4183468,-0.09133588,0.5291564
16.72,-0.221398,9.944068,1.865306,-0.3993123,-0.3639767,0.5187086
16.74,-0.04655628,10.04502,2.637173,-0.2573331,-0.6322212,0.5409651
16.76,-0.09017519,10.34809,2.990025,0.006029931,-0.815128,0.6030248
16.78,-0.4696074,10.49413,2.725666,0.163154,-1.027804,0.6819224
16.80,-0.6793426,10.23963,2.29118,0.1315604,-1.24563,0.7827824
16.82,-0.9097407,9.862937,1.84192,0.01208899,-1.374739,0.8980329
16.84,-1.125939,9.361176,1.623629,-0.07171284,-1.422641,0.9985128
16.86,-1.052026,9.288884,1.325454,-0.1030943,-1.36118,1.098649
16.88,-0.9519779,9.473434,1.443853,-0.05167264,-1.254112,1.18228
16.90,-1.053981,9.585984,1.265391,-0.006833656,-1.085502,1.223298
16.92,-1.17903,9.416641,0.9369237,-0.001577835,-0.8651128,1.20691
16.94,-1.120013,9.093408,0.803484,-0.05712959,-0.6278992,1.141435
16.96,-0.9291602,8.755592,0.7874929,-0.1490484,-0.3865288,1.049844
16.98,-0.765789,8.448311,0.742189,-0.2333159,-0.1833297,0.9379295
17.00,-0.6817268,8.241955,0.8592697,-0.2895321,-0.1041211,0.8234268
17.02,-0.6793955,8.342594,0.9381358,-0.3073732,-0.04859164,0.7217057
17.04,-0.9103249,8.735496,0.8720664,-0.2670747,0.08946456,0.6310543
17.06,-1.038891,9.336107,1.040919,-0.2173117,0.1898253,0.568226
17.08,-1.1695,9.8554,1.120925,-0.1912626,0.249133,0.5143279
17.10,-1.342764,10.09665,1.023035,-0.1869812,0.2851997,0.4293531
17.12,-1.385477,10.00547,0.9602111,-0.1807866,0.2932217,0.3030539
17.14,-1.299728,10.14202,0.8778386,-0.123682,0.288177,0.1476666
17.16,-1.400024,11.16629,0.7394972,0.04891679,0.2938962,-0.02314086
17.18,-1.545561,12.07434,1.051546,0.2410144,0.2934578,-0.2083877
17.20,-1.500641,12.42526,1.318091,0.3851963,0.2901866,-0.3912623
17.22,-1.155499,12.0666,1.333807,0.4381134,0.2607954,-0.5685061
17.24,-0.5798581,10.74276,1.316191,0.3440913,0.1980027,-0.6748841
17.26,-0.3874889,9.427809,1.156842,0.1460025,0.08682342,-0.7110509
17.28,-0.471457,8.735673,0.8790978,-0.04504894,-0.06997314,-0.7046547
17.30,-0.6211486,8.373087,0.5316447,-0.1620144,-0.164757,-0.7131131
17.32,-0.6904711,8.636859,0.3391028,-0.1881668,-0.2421047,-0.7265157
17.34,-0.737118,8.976726,0.363016,-0.1537613,-0.3143797,-0.7337685
17.36,-0.7861022,9.196667,0.5522155,-0.04409102,-0.3332283,-0.7202156
17.38,-0.7042035,9.187262,1.065978,0.1977454,-0.1690551,-0.6636592
17.40,-0.6860809,8.889009,1.329968,0.5149342,0.1540115,-0.6043791
17.42,-0.7646692,8.536707,1.000912,0.6498641,0.3968553,-0.6153082
17.44,-0.6901535,8.415774,0.690644,0.6128868,0.5110525,-0.6800219
17.46,-0.4864908,8.670687,0.6376205,0.4938599,0.5222298,-0.7564524
17.48,-0.4119359,9.194527,0.5086296,0.4104673,0.4981815,-0.8373144
17.50,-0.2873838,9.613497,0.8026524,0.3128772,0.3986817,-0.886297
17.52,-0.2707129,10.06678,0.989695,0.2012495,0.2985694,-0.8999362
17.54,-0.4881345,10.25614,0.9371799,0.1016772,0.3260054,-0.8986948
17.56,-0.5610263,10.11236,0.9534563,0.06189751,0.4503435,-0.8736274
17.58,-0.322223,9.882698,1.160139,0.04948658,0.5352301,-0.812848
17.60,-0.1095055,9.623939,1.115278,0.02929457,0.5503063,-0.7399295
17.62,-0.02029389,9.399898,0.9323958,-0.001137925,0.4915737,-0.6667866
17.64,0.02765304,9.43817,0.725611,-0.02818998,0.4061954,-0.5883005
17.66,-0.08498617,9.780009,0.5356238,-0.01847881,0.3341878,-0.5284438
17.68,-0.1187006,10.32685,0.6364784,0.001055117,0.2371203,-0.4748371
17.70,0.02826155,10.73069,0.918902,0.01341745,0.1296612,-0.4169775
17.72,0.1609247,10.56852,1.124004,0.04335071,0.07995908,-0.3554227
17.74,0.1707458,10.43065,1.07998,0.117895,0.1131521,-0.2935501
17.76,0.05383149,10.5661,1.010303,0.195033,0.1904128,-0.2166494
17.78,-0.1746793,11.17304,0.7943678,0.2664886,0.2740701,-0.1429677
17.80,-0.4558981,12.0816,0.6264437,0.3188989,0.3351988,-0.1040049
17.82,-0.4742362,12.50116,0.9443095,0.2856902,0.3278213,-0.07814962
17.84,-0.3132954,11.89704,1.353643,0.1372173,0.2594639,-0.03641664
17.86,-0.1787648,10.70274,1.467123,-0.06546154,0.167606,0.02865708
17.88,-0.1806897,9.813905,1.385426,-0.2410028,0.0516115,0.1197738
17.90,-0.3424049,9.675365,1.335065,-0.3447228,-0.08283588,0.2330013
17.92,-0.7053218,10.06937,1.108825,-0.3655142,-0.1660413,0.3635364
17.94,-1.032167,10.60586,1.137631,-0.3110997,-0.2191056,0.4980409
17.96,-1.293947,10.78601,1.388925,-0.2130601,-0.2501832,0.614045
17.98,-1.300602,10.45616,1.818604,-0.108579,-0.3071621,0.6855518
18.00,-1.166376,9.936837,2.054943,-0.02322813,-0.4370171,0.7123621
18.02,-1.100675,9.931832,2.138526,0.02556764,-0.6765604,0.735763
18.04,-1.302272,10.4431,2.298506,-0.0360975,-0.9663107,0.7901186
18.06,-1.67759,10.50673,2.080242,-0.1866942,-1.192056,0.8645009
18.08,-1.784692,10.16079,1.622949,-0.3241079,-1.322154,0.9457328
18.10,-1.763358,9.447338,1.219612,-0.3834608,-1.366184,0.9978057
18.12,-1.521445,9.436649,1.062759,-0.3490984,-1.363742,1.041195
18.14,-1.481059,9.683726,1.266023,-0.28471,-1.356562,1.058845
18.16,-1.696244,9.806334,1.271272,-0.2173467,-1.283267,1.037705
18.18,-1.733433,9.465881,1.047151,-0.1632938,-1.149693,0.9841694
18.20,-1.527889,8.973438,0.8850476,-0.115224,-1.008533,0.9068355
18.22,-1.357958,8.885179,0.8085033,-0.06741845,-0.9055144,0.824614
18.24,-1.350728,9.099726,0.9940508,-0.06465627,-0.8504848,0.7549874
18.26,-1.532486,9.266276,0.9155775,-0.08725772,-0.7705913,0.7005335
18.28,-1.650336,9.165744,0.7537909,-0.1046295,-0.6440586,0.6571382
18.30,-1.612459,9.108094,0.537401,-0.07056579,-0.4646975,0.6085952
18.32,-1.636609,9.29895,0.540764,-0.007978401,-0.2547327,0.5322179
18.34,-1.686843,9.502434,0.7349587,0.01769991,-0.06431669,0.4183967
18.36,-1.687772,9.461278,0.8270649,-0.003878664,0.09973454,0.2599417
18.38,-1.556986,9.046382,0.7849121,-0.05869297,0.2323891,0.06653755
18.40,-1.384591,8.763626,0.6946473,-0.09771641,0.3216562,-0.1215295
18.42,-1.243643,8.826635,0.783106,-0.1144222,0.3387601,-0.2846198
18.44,-1.133183,9.029698,1.001825,-0.107225,0.2919207,-0.3982303
18.46,-1.159182,9.363621,1.080038,-0.04040224,0.239563,-0.474199
18.48,-1.225379,9.902876,1.020244,0.1048569,0.2272227,-0.4950148
18.50,-1.34758,10.43084,0.9288357,0.2909476,0.3098449,-0.4839101
18.52,-1.467767,10.8788,0.8437141,0.4530955,0.4414927,-0.486178
18.54,-1.476642,11.02477,0.8268471,0.5106441,0.5647953,-0.5266711
18.56,-1.566676,10.71509,0.8166692,0.4593526,0.6541833,-0.6164449
18.58,-1.20828,9.930692,0.911679,0.306131,0.6846477,-0.7324847
18.60,-0.87545,9.2954,0.8585214,0.1378923,0.6568797,-0.8208697
18.62,-0.3922972,9.118326,0.9153913,-0.001097251,0.5515972,-0.8439246
18.64,-0.2197479,9.172597,1.028166,-0.1102346,0.3906448,-0.8284926
18.66,-0.4290408,9.681046,0.9578504,-0.1569865,0.2204899,-0.7971332
18.68,-0.6915805,10.18086,0.8820512,-0.152596,0.08994214,-0.7448791
18.70,-0.8184565,10.67033,0.8386937,-0.07583477,0.06312124,-0.6391495
18.72,-0.9275303,10.96761,0.8658244,0.04280956,0.172764,-0.4873838
18.74,-1.07391,11.04374,0.731777,0.1650644,0.3949808,-0.3509137
18.76,-0.9948909,10.67317,0.6229166,0.1823965,0.6173661,-0.268559
18.78,-0.7104055,10.02772,0.5467662,0.082059,0.7763094,-0.2372364
18.80,-0.5555519,9.640983,0.4261917,-0.07275311,0.8722706,-0.239068
18.82,-0.3074011,9.191437,0.4652539,-0.2189228,0.885308,-0.2533616
18.84,-0.06128081,9.021782,0.5714159,-0.3257998,0.8038629,-0.2741686
18.86,0.05740439,9.173864,0.6183534,-0.3801495,0.6654149,-0.3178595
18.88,0.1997132,9.098647,0.8944914,-0.4204125,0.4568798,-0.4235075
18.90,0.2138193,9.016356,0.9508998,-0.413256,0.2578514,-0.5659383
18.92,0.1567261,8.983341,1.068023,-0.292634,0.1580293,-0.6719538
18.94,0.09140742,9.374661,1.369757,-0.06825955,0.1824532,-0.6765714
18.96,-0.1593955,9.787149,1.45804,0.1891267,0.2554569,-0.6096185
18.98,-0.1710899,10.09763,1.450173,0.3200358,0.198786,-0.5124851
19.00,-0.113901,10.18105,1.415778,0.3040822,0.007055305,-0.4355321
19.02,-0.05324749,10.30771,1.415837,0.1883511,-0.2610084,-0.370059
19.04,-0.1784607,10.40806,1.251529,0.0608286,-0.5142009,-0.3076339
19.06,-0.3827655,10.39975,1.002275,-0.04282211,-0.7067857,-0.235809
19.08,-0.504954,10.51773,0.84189,-0.09501579,-0.8408604,-0.1331493
19.10,-0.4976015,10.58036,0.9323407,-0.10572,-0.9202556,0.01115604
19.12,-0.5526425,10.34367,0.9976599,-0.05562313,-0.9219292,0.156088
19.14,-0.600699,10.02787,1.159103,0.02739557,-0.9013017,0.2603194
19.16,-0.5783625,9.736919,1.225434,0.132884,-0.9224007,0.2937851
19.18,-0.4769072,9.518125,1.322863,0.2200927,-1.041511,0.2600151
19.20,-0.4386214,9.60489,1.35741,0.2970499,-1.217006,0.1747063
19.22,-0.5673424,10.40156,1.339247,0.3853787,-1.391859,0.0739584
19.24,-0.8016918,11.35805,1.554182,0.4513342,-1.529608,-0.04170328
19.26,-0.8654605,11.69243,2.07932,0.4463833,-1.616661,-0.1279938
19.28,-0.9712025,10.74468,2.199437,0.3713641,-1.589161,-0.1411037
19.30,-1.184782,9.626613,1.797152,0.3068366,-1.477468,-0.08948132
19.32,-1.297171,8.980469,1.65712,0.2404662,-1.405826,-0.01729661
19.34,-1.620872,8.748488,1.67711,0.1815852,-1.364485,0.05458309
19.36,-1.928717,8.620454,1.85151,0.144301,-1.349642,0.1150372
19.38,-2.076541,8.33798,2.102986,0.1869541,-1.344683,0.1432828
19.40,-1.97392,8.0854,2.449954,0.3069914,-1.388559,0.1206967
19.42,-1.804784,8.073507,2.853601,0.4243403,-1.518849,0.05469568
19.44,-1.819672,8.355393,3.230106,0.4857464,-1.723333,-0.04349844
19.46,-2.007379,9.076863,3.608345,0.5002003,-1.991565,-0.1350902
19.48,-2.352494,9.736041,3.787014,0.510017,-2.256591,-0.2055411
19.50,-2.610823,9.881751,3.691843,0.5393034,-2.44954,-0.2432354
19.52,-2.708299,9.831163,3.494662,0.5612701,-2.570344,-0.2379511
19.54,-2.750375,9.779098,3.282618,0.5328526,-2.649401,-0.2205228
19.56,-2.707995,9.751045,3.207118,0.4609286,-2.72529,-0.1993014
19.58,-2.668777,9.665595,3.02423,0.3729323,-2.775163,-0.1883603
19.60,-2.669368,9.559064,2.780618,0.2978083,-2.766917,-0.1913713
19.62,-2.670479,9.454291,2.608188,0.2487178,-2.722499,-0.2071545
19.64,-2.575634,9.242946,2.54294,0.2277,-2.650722,-0.2302673
19.66,-2.509557,9.228449,2.45302,0.2256912,-2.564134,-0.248875
19.68,-2.521206,9.265335,2.393467,0.221954,-2.475555,-0.2636228
19.70,-2.581239,9.41755,2.398435,0.2169195,-2.395621,-0.2726674
19.72,-2.59556,9.462539,2.495956,0.2226501,-2.331608,-0.2816329
19.74,-2.598986,9.50696,2.627171,0.2383067,-2.288387,-0.2926773
19.76,-2.606859,9.453089,2.676761,0.2492844,-2.264435,-0.2991149
19.78,-2.671765,9.46127,2.698959,0.2508686,-2.266269,-0.3001149
19.80,-2.735677,9.498534,2.739562,0.2472977,-2.298335,-0.2994175
19.82,-2.808523,9.655863,2.760003,0.2489481,-2.334098,-0.2885445
19.84,-2.81615,9.648146,2.733585,0.2715006,-2.359362,-0.2795405
19.86,-2.768411,9.680749,2.736078,0.2864275,-2.36587,-0.2614189
19.88,-2.835013,9.604559,2.690169,0.2560422,-2.362992,-0.2559746
19.90,-2.747239,9.362522,2.608379,0.2216184,-2.382551,-0.2554657
19.92,-2.60758,9.375302,2.574737,0.2137097,-2.411844,-0.228067
19.94,-2.622242,9.509271,2.474301,0.2366061,-2.408619,-0.1730886
19.96,-2.516863,9.486534,2.403618,0.2919788,-2.371607,-0.0954048
19.98,-2.40945,9.44586,2.286501,0.3446195,-2.296754,-0.01151418
20.00,-2.407576,9.475791,2.21366,0.3662519,-2.203571,0.05712264
20.02,-2.342413,9.806596,2.148739,0.3702128,-2.09442,0.1051152
20.04,-2.28835,9.988558,2.097115,0.3626042,-1.94782,0.1388985
20.06,-2.264543,10.02924,2.071548,0.3336604,-1.759553,0.163265
20.08,-2.27032,10.12077,2.083817,0.2697375,-1.557195,0.1648006
20.10,-2.216134,10.2037,2.107541,0.1822566,-1.386582,0.137405
20.12,-2.135625,10.39006,2.248269,0.08323818,-1.291763,0.1110389
20.14,-2.176226,10.46453,2.411191,-0.02480906,-1.262426,0.1011784
20.16,-2.243716,10.32318,2.356955,-0.1209986,-1.243063,0.1303942
20.18,-2.257591,10.09552,2.12763,-0.1719306,-1.194611,0.1999216
20.20,-2.133022,9.78128,1.971291,-0.1826941,-1.138468,0.2925837
20.22,-1.984632,9.470179,1.862651,-0.1653026,-1.099822,0.3763368
20.24,-1.816394,9.220664,1.887884,-0.1461827,-1.089128,0.4340553
20.26,-1.709557,9.014064,1.818224,-0.1070515,-1.061908,0.4436606
20.28,-1.556967,8.780693,1.719545,-0.0330587,-0.9892554,0.4097108
20.30,-1.438894,8.726701,1.630423,0.04960345,-0.8877778,0.3362947
20.32,-1.366606,8.822935,1.607463,0.1032512,-0.8094873,0.2441092
20.34,-1.344306,9.132816,1.549679,0.1488863,-0.7483587,0.1515768
20.36,-1.352005,9.512704,1.427402,0.2224699,-0.6510183,0.07748978
20.38,-1.30157,9.801298,1.369507,0.2708206,-0.4639027,0.01399721
20.40,-1.144329,9.615413,1.361885,0.1979126,-0.2797361,-0.05147027
20.42,-0.8375822,9.241755,1.321079,0.01650499,-0.1943717,-0.1000035
20.44,-0.5836391,8.866623,1.2442,-0.1824197,-0.2110545,-0.1100405
20.46,-0.2318016,8.791697,1.125788,-0.3269293,-0.293122,-0.09525008
20.48,-0.1431766,8.958683,1.063671,-0.3889985,-0.4032287,-0.09400281
20.50,-0.2017208,9.640158,1.205666,-0.3734265,-0.4961958,-0.1052509
20.52,-0.1527399,10.20887,1.617452,-0.276319,-0.5207816,-0.1004642
20.54,0.097538,10.26523,1.902639,-0.1277707,-0.5320498,-0.1031659
20.56,0.3153348,10.00129,1.834016,-0.05084228,-0.6160862,-0.1208677
20.58,0.3661622,9.7807,1.612563,-0.05108852,-0.7520919,-0.1270695
20.60,0.4756288,9.761059,1.663281,-0.1147101,-0.9296246,-0.07850746
20.62,0.5138192,9.859142,1.66099,-0.1353278,-1.116441,-0.01401815
20.64,0.1697076,10.24475,1.564404,-0.1307924,-1.222568,0.05389781
20.66,-0.1927761,10.39497,1.339941,-0.1262113,-1.217128,0.09968774
20.68,-0.3522654,10.28268,1.09055,-0.1492752,-1.150032,0.1102403
20.70,-0.4113776,9.891199,0.8986028,-0.1925828,-1.069429,0.07220654
20.72,-0.4154409,9.454293,0.7848495,-0.2342346,-1.016559,-0.009173696
20.74,-0.4247083,9.271371,0.7863873,-0.2626849,-0.988232,-0.1008862
20.76,-0.5219167,9.175681,0.752027,-0.2697732,-0.9394433,-0.192781
20.78,-0.6518249,9.091075,0.7211617,-0.241593,-0.8632908,-0.2785382
20.80,-0.6056507,8.943608,0.8553604,-0.1728692,-0.8027946,-0.3442652
20.82,-0.5765534,9.003462,0.9639367,-0.07869935,-0.768911,-0.3888207
20.84,-0.6989124,9.050353,0.9556934,0.01944492,-0.7466779,-0.4330834
20.86,-0.733611,9.059196,1.003695,0.09991658,-0.7540023,-0.4739173
20.88,-0.7919228,9.18753,0.908918,0.1682804,-0.7512025,-0.5156184
20.90,-0.8803419,9.27538,0.8477836,0.2289584,-0.7232678,-0.5639231
20.92,-0.8924443,9.418239,0.9120981,0.2849328,-0.6991855,-0.6141452
20.94,-0.8001323,9.500931,1.016163,0.3272114,-0.682214,-0.65532
20.96,-0.7416996,9.559094,1.002636,0.3656241,-0.6700597,-0.6851245
20.98,-0.6902967,9.687397,0.9605859,0.3954595,-0.6762347,-0.7030525
21.00,-0.6493759,9.852474,0.9832711,0.4157848,-0.7025204,-0.7053989
21.02,-0.6383687,9.973159,0.9903845,0.4309847,-0.7448815,-0.6910854
21.04,-0.6097698,10.10174,1.028592,0.4453692,-0.7744733,-0.6598493
21.06,-0.594468,10.07162,1.008749,0.4543496,-0.7849621,-0.6169698
21.08,-0.6258178,10.11426,0.8694918,0.4611727,-0.7420196,-0.5753662
21.10,-0.5559845,10.10873,0.7565948,0.4533879,-0.6691533,-0.5417024
21.12,-0.5165843,10.07199,0.7361288,0.4248803,-0.596526,-0.5244489
21.14,-0.4648672,10.05216,0.705815,0.3899112,-0.5398687,-0.5158475
21.16,-0.4026438,10.08564,0.7531112,0.3472427,-0.5047268,-0.5034749
21.18,-0.3916561,10.04874,0.7333488,0.316945,-0.4649161,-0.4837189
21.20,-0.4019032,10.06423,0.7591075,0.298073,-0.4061548,-0.4410476
21.22,-0.4715947,10.08536,0.7248437,0.2854971,-0.3117493,-0.3888682
21.24,-0.5162465,10.02409,0.7134036,0.265711,-0.1946419,-0.3290007
21.26,-0.4267304,9.870503,0.7572871,0.227411,-0.09947059,-0.2680075
21.28,-0.360108,9.713697,0.7625198,0.1861346,-0.02962439,-0.2167317
21.30,-0.4301565,9.743542,0.7150876,0.1504053,0.0384602,-0.1890343
21.32,-0.537258,10.12691,0.7811514,0.1267875,0.09569206,-0.1803556
21.34,-0.5808714,10.52723,1.00671,0.0943374,0.1449172,-0.1643314
21.36,-0.6303129,10.68783,1.139007,0.08430099,0.2100009,-0.1377567
21.38,-0.6614184,10.60113,1.30958,0.09935631,0.2714964,-0.1025901
21.40,-0.6452992,10.52988,1.622142,0.1227006,0.26741,-0.05935873
21.42,-0.6114628,10.4554,1.965527,0.1210595,0.1627852,0.01387762
21.44,-0.695269,10.33755,2.148802,0.0630481,0.01381598,0.1050083
21.46,-0.8644551,10.16415,2.150036,-0.04185871,-0.1426407,0.2228899
21.48,-1.026511,9.940596,2.073951,-0.1950775,-0.2710691,0.3396745
21.50,-1.143753,9.542184,1.90928,-0.3621132,-0.3669974,0.4238468
21.52,-1.187313,9.297254,1.760838,-0.4680606,-0.4705592,0.4474671
21.54,-1.143572,9.336143,1.843536,-0.4729712,-0.6143982,0.4239475
21.56,-1.183046,9.740783,2.175256,-0.3753528,-0.7883272,0.3743322
21.58,-1.253686,10.15638,2.512985,-0.2234137,-0.9661936,0.3347877
21.60,-1.330268,10.30162,2.53923,-0.1211957,-1.141591,0.3281197
21.62,-1.49169,10.19633,2.280087,-0.09623186,-1.309804,0.352571
21.64,-1.613967,10.14114,2.196896,-0.1029517,-1.489771,0.3989332
21.66,-1.634838,10.09475,2.281936,-0.09238996,-1.658589,0.4595273
21.68,-1.64156,10.18422,2.213754,-0.06516863,-1.749125,0.5344278
21.70,-1.728891,10.13391,1.924153,-0.09408616,-1.758836,0.6052647
21.72,-1.777692,9.908622,1.463635,-0.1660679,-1.70519,0.648815
21.74,-1.684289,9.586984,1.084082,-0.2219863,-1.599964,0.661926
21.76,-1.52741,9.29386,0.9078817,-0.2282043,-1.457653,0.6332722
21.78,-1.345051,9.229809,1.028831,-0.1555863,-1.318916,0.5819542
21.80,-1.244979,9.637741,1.353246,-0.05582688,-1.206953,0.5366608
21.82,-1.391209,9.765073,1.40088,-0.01234987,-1.096002,0.5157274
21.84,-1.514084,9.546197,1.068251,-0.03672019,-0.9688264,0.5210456
21.86,-1.563435,9.189983,0.7369696,-0.08653101,-0.8150277,0.5333986
21.88,-1.553801,9.043241,0.557838,-0.1042576,-0.6587018,0.5178863
21.90,-1.474386,8.99443,0.6727647,-0.07514681,-0.5286303,0.4682299
21.92,-1.41113,9.067166,0.9284297,0.005126838,-0.4000847,0.3878711
21.94,-1.458138,9.053574,0.9461336,0.1094101,-0.2004866,0.2770695
21.96,-1.532082,8.911335,0.869563,0.1936056,0.02868234,0.1198504
21.98,-1.488454,8.853153,0.9127314,0.2140033,0.1889504,-0.05936016
22.00,-1.457063,8.806342,1.068691,0.1819727,0.2496419,-0.2606824
22.02,-1.352357,8.824865,1.297601,0.132848,0.1978309,-0.4531767
22.04,-1.238927,8.92859,1.481479,0.1068255,0.06742711,-0.6028208
22.06,-1.251617,9.197244,1.547731,0.1280507,-0.06518935,-0.6795182
22.08,-1.367572,9.463428,1.554732,0.1881941,-0.1576751,-0.6875843
22.10,-1.431358,9.648836,1.489681,0.273496,-0.2185335,-0.6489857
22.12,-1.346306,9.754345,1.382058,0.3602444,-0.2666545,-0.5966326
22.14,-1.28924,10.15577,1.052312,0.4645063,-0.2844162,-0.5472739
22.16,-1.426495,10.88744,0.7574821,0.5793474,-0.2398663,-0.5193372
22.18,-1.552362,11.65004,0.5770717,0.6563774,-0.08597113,-0.5178502
22.20,-1.735684,12.37486,0.2457045,0.7141404,0.1905248,-0.576076
22.22,-1.644196,12.31408,0.1000025,0.7089358,0.504002,-0.6835738
22.24,-1.149901,11.12018,0.3334284,0.5651047,0.7726108,-0.8057917
22.26,-0.8757337,10.07009,0.4519753,0.3233133,0.9548466,-0.8947387
22.28,-0.4937277,9.281049,0.5466128,0.04612211,1.039573,-0.9184893
22.30,-0.1636394,8.798292,0.6641431,-0.1912242,1.011438,-0.8847099
22.32,-0.01398026,8.570545,0.6846852,-0.3617586,0.8990974,-0.8175661
22.34,-0.1256438,8.360036,0.4826047,-0.4503858,0.7812638,-0.7583963
22.36,-0.3848336,8.523335,0.2743982,-0.4651363,0.6913896,-0.7021341
22.38,-0.6481402,9.138613,0.1403722,-0.4431877,0.6521214,-0.6190429
22.40,-0.956089,9.835707,0.2502329,-0.4522715,0.6896156,-0.4915297
22.42,-1.587107,10.64825,0.4524857,-0.4078238,0.8482997,-0.3243068
22.44,-2.006854,10.90105,0.8788833,-0.2636325,1.155058,-0.1585595
22.46,-1.842538,10.79255,1.259441,-0.116156,1.432411,-0.02993328
22.48,-1.389065,10.46099,1.604115,-0.1095433,1.413648,0.04522903
22.50,-1.101387,10.1333,1.630917,-0.2511285,1.189703,0.07715134
22.52,-0.9477022,9.827477,1.485736,-0.4256671,0.9119866,0.09476486
22.54,-0.8307548,9.672741,1.016554,-0.5495989,0.6986588,0.1383282
22.56,-0.8098192,9.246861,0.678925,-0.6148102,0.5610704,0.1696235
22.58,-0.8598983,9.040015,0.5169889,-0.6394535,0.4766731,0.153407
22.60,-0.8210336,9.107769,0.7293672,-0.62834,0.4104958,0.09249042
22.62,-0.7514998,9.198972,0.9328797,-0.5535536,0.3896286,0.01225957
22.64,-0.6873556,9.101756,1.187959,-0.3903231,0.4057923,-0.07443298
22.66,-0.6912096,8.983268,1.243929,-0.2062146,0.4220219,-0.1424451
22.68,-0.8229743,9.091605,1.14685,-0.0833477,0.3598437,-0.1893934
22.70,-0.9728935,9.228608,1.014081,-0.02584435,0.2124136,-0.2196721
22.72,-0.9980557,9.338807,0.9969857,0.005801881,0.001570553,-0.2286796
22.74,-0.9968156,9.591568,0.9530763,0.02960065,-0.2184562,-0.1936592
22.76,-1.048007,9.791254,0.8441533,0.04489771,-0.3894665,-0.1091091
22.78,-1.22548,10.01845,0.648586,0.06687731,-0.4732732,4.146548e-05
22.80,-1.360613,10.15777,0.5693459,0.1079097,-0.4592317,0.1054457
22.82,-1.313642,10.36,0.6799496,0.1662568,-0.3865403,0.1969424
22.84,-1.217489,10.35033,0.8073573,0.2201779,-0.2931762,0.2490093
22.86,-1.129219,10.0776,0.7398197,0.2366122,-0.1796675,0.2649668
22.88,-1.098862,9.775089,0.5398832,0.203598,-0.05723228,0.2513844
22.90,-1.107207,9.637008,0.3353972,0.1418588,0.07999584,0.230735
22.92,-1.189309,9.843454,0.2199247,0.05653488,0.2050103,0.2036478
22.94,-1.253559,10.21294,0.2916532,-0.01617489,0.2992374,0.1446968
22.96,-1.309959,10.8009,0.5993447,-0.0690919,0.3283432,0.05421053
22.98,-1.293235,11.24938,1.064891,-0.09121902,0.3077117,-0.04068613
23.00,-1.326913,11.37113,1.576751,-0.0648101,0.2730713,-0.1039032
23.02,-1.280704,11.39638,2.017304,0.01756917,0.2250666,-0.09430914
23.04,-1.225612,11.20877,2.333748,0.06090514,0.08406252,-0.01000767
23.06,-1.270703,10.82139,2.221156,0.000752075,-0.1374105,0.1317671
23.08,-1.433668,10.24747,1.863126,-0.1457601,-0.3471267,0.296498
23.10,-1.56427,9.71359,1.484066,-0.2975967,-0.4946701,0.4439178
23.12,-1.813757,9.129962,1.283092,-0.3946992,-0.5880182,0.5290157
23.14,-1.808235,8.78929,1.138976,-0.4198366,-0.6429211,0.5645627
23.16,-1.650185,8.812159,1.366564,-0.3182619,-0.6696212,0.573979
23.18,-1.701017,9.056436,1.67959,-0.06329591,-0.5965984,0.5494949
23.20,-1.777986,9.450118,1.923067,0.2029727,-0.541337,0.505771
23.22,-1.819483,9.67436,2.031939,0.3508168,-0.6036897,0.4551061
23.24,-1.825593,9.806385,2.08103,0.3719655,-0.7397867,0.4126663
23.26,-1.923453,9.824123,1.973652,0.3318855,-0.8597681,0.3891079
23.28,-1.869576,9.667591,1.882219,0.2835015,-0.9186562,0.399944
23.30,-1.669215,9.451562,1.878302,0.2546893,-0.9130697,0.4260373
23.32,-1.511527,9.552307,1.76968,0.2447996,-0.8480906,0.4492987
23.34,-1.464153,9.778587,1.833056,0.1891857,-0.7989179,0.4507809
23.36,-1.457006,9.678981,1.706781,0.0991214,-0.7554651,0.4139879
23.38,-1.420803,9.373241,1.524274,0.008301594,-0.7089097,0.3499471
23.40,-1.299747,9.221401,1.456382,-0.04686054,-0.6501766,0.2859822
23.42,-1.216472,9.224743,1.526066,-0.04637147,-0.5863046,0.2435454
23.44,-1.175776,9.332782,1.665409,-0.007153905,-0.5290548,0.2335865
23.46,-1.208747,9.367581,1.663321,0.005929268,-0.4838192,0.2551138
23.48,-1.322613,9.343248,1.380468,-0.01673704,-0.4279258,0.2837149
23.50,-1.267622,9.242201,1.148677,-0.04677862,-0.3620445,0.2997288
23.52,-1.02177,9.269064,1.150158,-0.07495166,-0.303451,0.3045378
23.54,-0.7768043,9.442462,1.355672,-0.1047571,-0.2587065,0.2901087
23.56,-0.5693585,9.774774,1.570736,-0.123548,-0.2191525,0.244517
23.58,-0.3668444,9.844666,1.689063,-0.1342085,-0.1747643,0.1740506
23.60,-0.2095863,9.593792,1.631866,-0.1463672,-0.1335591,0.09366331
23.62,-0.1724111,9.321827,1.502581,-0.1712691,-0.1034942,0.01063532
23.64,0.06080258,9.304708,1.530234,-0.1863156,-0.1313907,-0.03377591
23.66,0.04265483,9.277829,1.544955,-0.1746305,-0.1901327,-0.06777485
23.68,-0.0564739,9.406975,1.541893,-0.1235096,-0.2567382,-0.07543185
23.70,-0.1854583,9.666586,1.513433,-0.03316981,-0.2871406,-0.04249359
23.72,-0.4935684,10.30926,1.302633,0.1113667,-0.2533166,-0.006279794
23.74,-0.7752989,11.02244,1.26524,0.2324363,-0.2140309,0.02230621
23.76,-0.8820381,11.27593,1.198053,0.2891684,-0.1470598,0.03610313
23.78,-0.908135,11.3395,0.9313365,0.3224223,-0.03793198,0.03023181
23.80,-0.759168,10.87238,0.8183019,0.2894079,0.1029601,0.004009247
23.82,-0.51283,10.02767,0.9416826,0.1483815,0.2501258,-0.01555785
23.84,-0.4021327,9.342517,0.8582086,-0.03225213,0.3596573,-0.04332125
23.86,-0.3455812,8.989382,0.6495667,-0.1710954,0.4175501,-0.06805801
23.88,-0.2217256,8.790488,0.5823027,-0.25097,0.4131576,-0.06954671
23.90,-0.1418549,8.798108,0.5735403,-0.2297388,0.3672464,-0.05812184
23.92,-0.3330443,9.493488,0.6237097,-0.1411669,0.3391552,-0.01973392
23.94,-0.7585177,10.26446,0.7167725,-0.0488177,0.4125737,0.03723202
23.96,-1.187798,10.66659,0.535102,0.02085044,0.6203647,0.08697732
23.98,-1.325648,10.40087,0.2950853,0.03043043,0.84969,0.06143785
24.00,-1.215467,9.891974,0.1809116,-0.01377419,0.9668843,-0.03595251
24.02,-0.8050151,9.536055,0.2773545,-0.05193856,0.9397796,-0.1432924
24.04,-0.4157349,9.249383,0.4759237,-0.06539983,0.7857499,-0.2337748
24.06,-0.06924146,8.996082,0.6546586,-0.04273432,0.5240837,-0.2961047
24.08,-0.1152767,9.005934,0.5772031,0.008539437,0.2643772,-0.3347299
24.10,-0.2983351,9.168719,0.4190835,0.03866174,0.07222591,-0.3470649
24.12,-0.5050529,9.403854,0.2910638,0.02349993,-0.04378854,-0.3380864
24.14,-0.7046116,9.551446,0.2699506,-0.02198238,-0.1179745,-0.3270459
24.16,-0.8428957,9.831792,0.2820731,-0.07187508,-0.1620043,-0.2890145
24.18,-0.9325337,9.974047,0.3135388,-0.1211369,-0.1664884,-0.2299656
24.20,-0.8915351,9.951585,0.3663563,-0.1526008,-0.1409126,-0.1744738
24.22,-0.8497296,9.977696,0.6020164,-0.1243837,-0.1335555,-0.1537135
24.24,-0.7866554,10.15071,1.173972,-0.06127256,-0.1745112,-0.1615262
24.26,-0.6318224,10.30743,1.424619,0.01251168,-0.1176796,-0.1667913
24.28,-0.6953388,10.11758,1.557232,0.1513494,0.002219691,-0.1816955
24.30,-0.7323967,9.783579,1.315341,0.2114706,0.07560777,-0.1918003
24.32,-0.7456388,9.412788,1.140367,0.1735056,0.098344,-0.1748262
24.34,-0.8755761,9.274314,0.9028515,0.09064909,0.1235363,-0.1382499
24.36,-1.081551,9.297849,0.7917034,-0.005927575,0.1632821,-0.1038946
24.38,-1.147132,9.568267,0.8455204,-0.07372967,0.2100372,-0.08212895
24.40,-1.218442,9.775895,1.022392,-0.1100618,0.2829771,-0.07807636
24.42,-1.098143,9.740086,1.385771,-0.1047523,0.3497966,-0.08309559
24.44,-0.8775761,9.637324,1.617654,-0.0346274,0.3852283,-0.09442599
24.46,-0.7737476,9.626412,1.72833,0.03506181,0.3403864,-0.1073441
24.48,-0.8083352,9.874352,1.702155,0.06410472,0.2358398,-0.09769732
24.50,-0.926324,10.13321,1.602142,0.04293917,0.1271379,-0.05443821
24.52,-1.03977,10.15226,1.437625,-0.01013166,0.05568535,0.002877486
24.54,-1.022637,9.980431,1.292254,-0.0616981,0.02722904,0.05040616
24.56,-0.9264482,9.764451,1.224063,-0.07993735,0.03245842,0.0681024
24.58,-0.8262768,9.633036,1.276895,-0.06426778,0.04477197,0.05136775
24.60,-0.7403514,9.594396,1.391861,-0.03166017,0.04230855,0.01787952
24.62,-0.7390876,9.560619,1.425391,-0.0002841683,0.03007936,-0.02763522
24.64,-0.8433545,9.564734,1.3299,0.01273786,0.02781345,-0.05933163
24.66,-0.9373567,9.637502,1.236798,0.01326867,0.03477145,-0.07468837
24.68,-0.9199401,9.828551,1.306976,0.007368376,0.01154904,-0.06461518
24.70,-0.858589,10.03296,1.413188,-0.003490021,-0.03072854,-0.027165
24.72,-0.8693529,10.04554,1.382594,-0.01175134,-0.04394157,0.02562144
24.74,-0.9044328,9.920369,1.253575,-0.01548286,-0.01286992,0.06993823
24.76,-0.9062463,9.724147,1.135609,-0.01825435,0.05398588,0.08893014
24.78,-0.9074761,9.528065,1.110691,-0.03048969,0.1242405,0.07620393
24.80,-0.9459804,9.448156,1.231109,-0.04901167,0.1555646,0.02798713
24.82,-0.8612294,9.616002,1.448932,-0.05622144,0.1124946,-0.01773938
24.84,-0.7400184,9.759847,1.615872,-0.04010096,0.01735282,-0.03606855
24.86,-0.7498169,9.801764,1.591548,-0.009976069,-0.05651147,-0.01216425
24.88,-0.9030128,9.69674,1.341828,0.01578708,-0.05020412,0.02457986
24.90,-0.9370112,9.573338,1.12317,0.03820879,0.005885713,0.05736583
24.92,-0.8862575,9.579034,1.121187,0.03863446,0.0485947,0.06352884
24.94,-0.8035284,9.736221,1.313067,0.02238484,0.04132102,0.04516872
24.96,-0.6895249,9.847141,1.392078,-0.002422345,0.01487608,0.02082312
24.98,-0.6361249,9.822671,1.342676,-0.02118352,0.003852907,0.009104582
25.00,-0.6563669,9.763412,1.253443,-0.03305512,0.02378546,0.0068854
25.02,-0.663249,9.636392,1.158203,-0.02990056,0.05913273,0.005425912
25.04,-0.6469202,9.609834,1.226194,-0.01817024,0.08276782,-0.002051393
25.06,-0.6321344,9.676509,1.362029,-0.01193171,0.08202638,-0.003575125
25.08,-0.6086035,9.760501,1.44408,-0.008127133,0.06638947,0.005131828
25.10,-0.6815333,9.773314,1.372646,-0.01208181,0.06649412,0.02169603
25.12,-0.6714006,9.761879,1.342158,-0.02235242,0.07359727,0.03406893
25.14,-0.6424461,9.766891,1.387213,-0.02881306,0.06327597,0.03647763
25.16,-0.6458856,9.737723,1.412127,-0.03504647,0.05152595,0.02932851
25.18,-0.6437822,9.737509,1.442127,-0.0324239,0.04027805,0.02634626
25.20,-0.6447352,9.821995,1.469998,-0.03328764,0.0283705,0.03474447
25.22,-0.6749246,9.858473,1.440855,-0.03190261,0.02512947,0.05458986
25.24,-0.688827,9.839222,1.377071,-0.03023594,0.03502665,0.07776752
25.26,-0.6973735,9.748879,1.313776,-0.03577959,0.06582782,0.09235118
25.28,-0.7175447,9.624245,1.290228,-0.0398079,0.1008287,0.08168731
25.30,-0.6568726,9.567764,1.350394,-0.04544176,0.1182305,0.05296879
25.32,-0.5964579,9.571446,1.444974,-0.0535549,0.1202065,0.0253404
25.34,-0.6050159,9.642442,1.443248,-0.06062453,0.1148444,0.01221485
25.36,-0.6867158,9.659554,1.407157,-0.07204057,0.1137395,0.01194333
25.38,-0.7717519,9.634576,1.388834,-0.07536355,0.1162794,0.01236798
25.40,-0.795746,9.610195,1.410685,-0.06597911,0.1134415,-0.000603307
25.42,-0.7378635,9.616536,1.469396,-0.04028833,0.09738362,-0.01007294
25.44,-0.6595221,9.622132,1.566689,-0.008824326,0.05935234,-0.01323374
25.46,-0.6562585,9.677694,1.62629,0.007972764,0.01456823,-0.005155708
25.48,-0.7363139,9.762087,1.515324,0.01538093,-0.006091183,0.01079202
25.50,-0.778362,9.794802,1.377841,0.009081598,0.0009460467,0.02595334
25.52,-0.7381864,9.72136,1.326564,-0.004382823,0.01775137,0.02287686
25.54,-0.6813819,9.623816,1.344508,-0.01593984,0.02485158,-0.003207132
25.56,-0.6273441,9.547516,1.372734,-0.01731253,0.0220203,-0.04499836
25.58,-0.5996089,9.556828,1.409492,-0.01025365,0.0164375,-0.07274886
25.60,-0.6222836,9.703799,1.47669,0.0009897718,0.01107982,-0.0716664
25.62,-0.6751527,9.821614,1.525228,0.007257393,0.009662271,-0.05517109
25.64,-0.6908432,9.848803,1.559207,0.01162323,0.01025859,-0.02219811
25.66,-0.6804943,9.818241,1.541232,0.01497634,0.01426602,0.001100417
25.68,-0.6797097,9.775914,1.516605,0.006509639,0.007632504,0.007354077
25.70,-0.6597562,9.742531,1.544175,-0.005499073,-0.002083788,-0.002867256
25.72,-0.6283621,9.679349,1.551494,-0.01332209,-0.01033265,-0.01828783
25.74,-0.6063483,9.660703,1.599323,-0.01170737,-0.0168082,-0.0318733
25.76,-0.6276291,9.709318,1.595795,0.0009232614,-0.01042202,-0.03121314
25.78,-0.6497036,9.74397,1.570338,0.01147305,-0.005286994,-0.01587932
25.80,-0.7013242,9.779192,1.554748,0.01542549,-0.004008131,-0.003234425
25.82,-0.7330354,9.826188,1.622411,-0.003537064,-0.0138096,0.0106198
25.84,-0.7347637,9.924836,1.710089,-0.03817093,-0.03718308,0.02760741
25.86,-0.7863427,9.977678,1.727281,-0.0742847,-0.04430573,0.02852764
25.88,-0.7640154,9.925104,1.674824,-0.09394737,-0.04062523,0.0215155
25.90,-0.7011338,9.674841,1.20044,-0.04724367,0.04682466,-0.0004396427
25.92,-0.5364212,9.515218,0.8638767,0.01119792,0.1673319,-0.02034501
25.94,-0.5333296,9.738393,1.232706,0.01435503,0.1494542,-0.02108637
25.96,-0.6364285,9.736748,1.474461,-0.03580092,0.04994932,-0.001743857
25.98,-0.728222,9.607182,1.570943,-0.08720304,-0.05959505,0.02431812
26.00,-0.7925283,9.543571,1.693404,-0.09963556,-0.122598,0.04522959
26.02,-0.7998073,9.589915,1.704074,-0.03816423,-0.06625934,0.01576219
26.04,-0.7499008,9.598414,1.640359,0.02279173,-0.01304908,-0.02906396
26.06,-0.7022886,9.612296,1.610341,0.06429565,-0.0254856,-0.03674585
26.08,-0.71868,9.630431,1.517368,0.08074744,-0.04221121,-0.03160319
26.10,-0.7809141,9.673639,1.444291,0.06308642,-0.05841997,-0.02265825
26.12,-0.8524172,9.746949,1.417002,0.02953015,-0.06299087,-0.009968561
26.14,-0.8532214,9.818954,1.420305,-0.009612582,-0.06162924,0.004574036
26.16,-0.8259326,9.803902,1.43374,-0.03507069,-0.0445083,0.006326104
26.18,-0.7684294,9.779931,1.436075,-0.03497988,-0.0171366,0.0005842007
26.20,-0.7477611,9.743748,1.443695,-0.02188108,0.01467764,-0.009270864
26.22,-0.7381563,9.741758,1.445856,-0.003227427,0.03847672,-0.01209307
26.24,-0.7666211,9.718148,1.408049,-0.0002608041,0.05896835,-0.01039654
26.26,-0.7666858,9.716962,1.374014,0.001943938,0.06740225,-0.00210799
26.28,-0.7878113,9.690711,1.345987,0.003316826,0.06860337,0.003668505
26.30,-0.7702839,9.692673,1.360079,0.008830326,0.06157833,0.006104792
26.32,-0.7759764,9.68203,1.401472,0.0164921,0.05629526,0.004472626
26.34,-0.7728274,9.647077,1.372026,0.02227036,0.06603649,0.009499994
26.36,-0.7994964,9.586667,1.287191,0.0254727,0.0924511,0.009783526
26.38,-0.8122326,9.545928,1.223074,0.02883159,0.1188383,0.002390196
26.40,-0.8237554,9.552517,1.241553,0.03614324,0.1295998,-0.01258377
26.42,-0.7834542,9.606281,1.298827,0.03728271,0.1167508,-0.0316724
26.44,-0.7528065,9.644118,1.323018,0.04281821,0.09808391,-0.03353753
26.46,-0.7783926,9.630863,1.290998,0.05092277,0.08570491,-0.02667407
26.48,-0.8359492,9.614562,1.260754,0.06301133,0.08748654,-0.01907001
26.50,-0.8718503,9.616406,1.294657,0.0714328,0.09587328,-0.009811267
26.52,-0.8827669,9.609222,1.320759,0.07624612,0.09614202,-0.009048566
26.54,-0.8583207,9.627669,1.375937,0.07710819,0.08571226,-0.01445387
26.56,-0.835411,9.683929,1.440941,0.07202603,0.05937276,-0.02567108
26.58,-0.8655037,9.78334,1.474818,0.07056184,0.02795483,-0.03276815
26.60,-0.9327828,9.839589,1.438981,0.06601328,0.008044495,-0.03375028
26.62,-0.958428,9.858924,1.394989,0.0656744,0.01285604,-0.02502591
26.64,-0.9089386,9.817266,1.376846,0.07217986,0.02096717,-0.01320097
26.66,-0.8356155,9.768584,1.389641,0.07297088,0.0265136,-0.00501626
26.68,-0.8145781,9.751102,1.382504,0.07772732,0.03819044,-0.008319061
26.70,-0.8188089,9.767167,1.384097,0.07914488,0.04356784,-0.0208435
26.72,-0.8598707,9.863104,1.414536,0.07886857,0.04418163,-0.03484796
26.74,-0.8928484,9.914556,1.418938,0.07085331,0.04074912,-0.03867984
26.76,-0.8683393,9.904064,1.370975,0.06731283,0.03635529,-0.02182644
26.78,-0.8367998,9.936716,1.355856,0.07231127,0.03103954,0.007429084
26.80,-0.8195713,9.934519,1.316242,0.07379233,0.03010801,0.03854449
26.82,-0.8390772,9.877957,1.262422,0.0723345,0.04970468,0.05653446
26.84,-0.8384916,9.789622,1.200695,0.06951722,0.07943977,0.05974457
26.86,-0.8486342,9.764627,1.187363,0.05745111,0.102804,0.06291063
26.88,-0.8619041,9.765062,1.175974,0.03898598,0.1175715,0.0607034
26.90,-0.8321314,9.707368,1.205225,0.01783198,0.1208124,0.05347541
26.92,-0.8347108,9.617887,1.191116,0.003243863,0.1129203,0.03641534
26.94,-0.7904962,9.568282,1.249898,-0.007895152,0.09384753,0.01826782
26.96,-0.7918072,9.562393,1.279909,-0.001657423,0.0779083,0.002248969
26.98,-0.8473623,9.611752,1.271968,0.006266463,0.07109406,-0.0006127288
27.00,-0.9317097,9.620041,1.195251,0.003851857,0.0861116,0.01048957
27.02,-1.01327,9.515487,1.039844,0.0003958418,0.1171522,0.01008032
27.04,-0.9840186,9.474049,1.055576,-0.003271925,0.1277338,-0.006659518
27.06,-0.936522,9.578191,1.241918,-0.008724145,0.09886631,-0.02824781
27.08,-0.9313006,9.681479,1.375462,-0.01560926,0.04953873,-0.04727441
27.10,-0.9652266,9.69103,1.352165,-0.01508684,0.01222026,-0.05191942
27.12,-1.004071,9.691191,1.250783,-0.004192547,0.004116079,-0.03673448
27.14,-1.049428,9.72103,1.163637,0.006909122,0.01360622,-0.0123381
27.16,-1.054719,9.783292,1.170216,0.005553763,0.01528768,0.0002852038
27.18,-1.017392,9.849245,1.220899,-0.008003143,-0.002786383,-0.005579369
27.20,-0.9737218,9.86053,1.185226,-0.02219604,-0.02892603,-0.01755891
27.22,-0.9319584,9.793411,1.110625,-0.0361988,-0.04485232,-0.02932027
27.24,-0.929836,9.745024,1.048501,-0.04005553,-0.0394996,-0.02973017
27.26,-0.9443861,9.742326,1.003536,-0.0344209,-0.009692802,-0.02533974
27.28,-0.952197,9.716895,1.015771,-0.0252801,0.03390956,-0.02239333
27.30,-0.9240479,9.696777,1.07685,-0.007131698,0.05684646,-0.02237858
27.32,-0.878074,9.678424,1.096769,0.01179223,0.05768474,-0.02996507
27.34,-0.8806908,9.767257,1.133614,0.02611829,0.04535175,-0.0346836
27.36,-0.9670845,9.882709,1.167577,0.02782279,0.02944101,-0.03503678
27.38,-0.9724841,9.982237,1.155358,0.02108161,0.01729426,-0.01946796
27.40,-0.9448839,9.921646,1.115564,0.008186283,0.02285324,0.01444876
27.42,-0.9429883,9.852127,1.036837,6.397104e-05,0.04063914,0.04876922
27.44,-0.94523,9.821754,1.046856,-0.009395391,0.0587482,0.06208616
27.46,-0.9526237,9.764311,1.062175,-0.0147295,0.07206257,0.04969979
27.48,-0.9412808,9.676659,1.067058,-0.01467764,0.07546025,0.0207105
27.50,-0.9374095,9.636776,1.036616,-0.01227642,0.08131895,-0.005014567
27.52,-0.9463161,9.625971,1.014274,-0.002903794,0.09246586,-0.01746709
27.54,-0.9259514,9.679379,1.07527,0.008909998,0.08744128,-0.01937679
27.56,-0.9453971,9.661434,1.119478,0.02580836,0.07113661,-0.01593216
27.58,-0.9558504,9.650266,1.15036,0.04693583,0.04174144,-0.0148863
27.60,-0.9940948,9.708154,1.144028,0.06693997,0.01322171,-0.01028798
27.62,-1.014002,9.79976,1.115005,0.08057451,-0.004513582,-0.005052183
27.64,-0.9889629,9.826849,1.074599,0.08878817,-0.02013553,0.005979363
27.66,-0.9559981,9.769257,1.022586,0.08630513,-0.028496,0.008566771
27.68,-0.9533525,9.73024,0.9230129,0.0752565,-0.02944612,0.007120807
27.70,-0.9393107,9.64328,0.8506137,0.06293374,-0.01767209,-0.003321461
27.72,-0.8947665,9.678794,0.8662818,0.04534167,-0.01120515,-0.01077585
27.74,-0.8813159,9.694886,0.8901091,0.03352429,-0.0007028089,-0.01875345
27.76,-0.9017804,9.684763,0.9041144,0.0273242,0.02230119,-0.02742623
27.78,-0.8924509,9.650092,0.9651459,0.02350078,0.05293132,-0.02855174
27.80,-0.865481,9.652238,1.007371,0.02859812,0.0771862,-0.02771324
27.82,-0.9076591,9.718067,1.053792,0.03225498,0.09198149,-0.02211508
27.84,-0.9485195,9.750695,1.078447,0.03084536,0.08664539,-0.0206066
27.86,-0.9520318,9.743361,1.083708,0.0310502,0.06474688,-0.02596889
27.88,-0.9717649,9.752986,1.071736,0.03166297,0.03781992,-0.0287189
27.90,-0.9818524,9.779727,1.119004,0.02900003,0.009283456,-0.0332977
27.92,-0.9860374,9.804518,1.153602,0.02433267,-0.02015128,-0.03196454
27.94,-0.983366,9.77475,1.131957,0.02833459,-0.03648319,-0.03046524
27.96,-1.002467,9.791979,1.07958,0.0317848,-0.04576781,-0.02406495
27.98,-0.985469,9.820698,1.051129,0.03490339,-0.0539519,-0.0160248
28.00,-0.959043,9.836636,1.011463,0.03306457,-0.06349844,-0.00484665
28.02,-0.94954,9.813883,0.9844125,0.02505958,-0.06555095,-0.0003724625
28.04,-0.9464571,9.824061,0.9579417,0.01462952,-0.05258758,0.008502084
28.06,-0.9790552,9.82151,0.9092336,-0.001164624,-0.0247982,0.01441939
28.08,-0.9956841,9.773877,0.8488846,-0.01808267,0.01758467,0.01494821
28.10,-0.9805039,9.693698,0.8358284,-0.03164433,0.05855668,0.01165449
28.12,-0.9491299,9.632325,0.8534931,-0.04034792,0.08209267,-0.0006529358
28.14,-0.9340166,9.632013,0.9316289,-0.03751003,0.08106025,-0.01451892
28.16,-0.9689098,9.681564,1.02189,-0.03413519,0.06039476,-0.02618032
28.18,-1.020036,9.758768,1.054242,-0.02386228,0.04088469,-0.02506599
28.20,-1.080718,9.796882,1.04449,-0.01102201,0.03222062,-0.01248887
28.22,-1.09445,9.856261,1.060421,-0.005141898,0.02321656,0.00914362
28.24,-1.107221,9.844037,1.054775,-0.004951273,0.008203031,0.02662064
28.26,-1.089028,9.801908,1.017741,-0.008058022,-0.01021433,0.03137226
28.28,-1.076293,9.747271,0.9981794,-0.01309025,-0.02675704,0.01684504
28.30,-1.05993,9.748187,0.9805406,-0.00993998,-0.03624006,7.222212e-05
28.32,-1.066164,9.761526,0.9447583,-0.01363125,-0.03328661,-0.006702879
28.34,-1.055303,9.76964,0.9083617,-0.01084594,-0.01569907,0.002962506
28.36,-1.063823,9.760431,0.8674461,-0.008144589,0.01379275,0.01349592
28.38,-1.084546,9.776824,0.8772079,-0.01455872,0.04024602,0.02105865
28.40,-1.066637,9.714359,0.8930757,-0.01924628,0.05374167,0.01299792
28.42,-1.020257,9.681643,0.9194944,-0.01766838,0.04487291,-0.00417042
28.44,-1.022196,9.669228,0.9482479,-0.01401779,0.03754475,-0.0194728
28.46,-1.061375,9.750861,0.9624529,-0.004327287,0.02956658,-0.02790218
28.48,-1.067093,9.795856,0.9687375,0.004477593,0.02320476,-0.02043551
28.50,-1.095932,9.777245,0.9250045,0.01488616,0.03148962,-0.006063185
28.52,-1.096566,9.781677,0.9494085,0.01603364,0.03979125,0.006481607
28.54,-1.05002,9.74726,0.9842249,0.01223195,0.03390029,0.0103549
28.56,-0.9966707,9.701089,0.9783816,0.01051189,0.01316568,0.0009613473
28.58,-0.9917579,9.701046,0.9634889,0.01111201,-0.006493932,-0.01157928
28.60,-1.005987,9.672488,0.9029005,0.01516992,-0.01540636,-0.02523221
28.62,-1.029895,9.668168,0.869509,0.0207704,0.00126669,-0.02570292
28.64,-1.032792,9.68211,0.8819804,0.02644216,0.0201057,-0.02353573
28.66,-0.9974045,9.716041,0.9418131,0.02961731,0.02401613,-0.02249906
28.68,-0.9683866,9.762857,0.9990622,0.02683078,0.01769542,-0.01981949
28.70,-0.9875904,9.793665,0.9978895,0.02079653,0.007160745,-0.01889899
28.72,-1.015632,9.803121,0.9751453,0.01086406,0.001616182,-0.01211349
28.74,-1.019384,9.792637,0.9479121,0.002532335,-0.001931831,-0.007809354
28.76,-1.007111,9.747828,0.971774,-0.004339642,-0.005062524,-0.002373944
28.78,-0.9955055,9.713802,0.9565361,-0.004705625,-0.006035129,-0.0009235513
28.80,-0.9996768,9.70608,0.9476992,0.0009458069,-0.003101463,-0.003242243
28.82,-1.015338,9.69527,0.930689,0.008754794,0.007024219,-0.002236858
28.84,-1.015285,9.712475,0.9459994,0.01662906,0.01376431,-0.004946785
28.86,-1.00691,9.714027,0.9858677,0.01717297,0.01356557,-0.002917276
28.88,-1.027589,9.74847,1.000323,0.01683964,0.00727235,-0.002850595
28.90,-1.038042,9.771581,1.016944,0.007597921,-0.006575009,-0.005643014
28.92,-1.047622,9.78354,1.030292,-0.001807,-0.02458844,-0.004360648
28.94,-1.049626,9.780056,0.9933802,-0.00591883,-0.03353087,0.000464283
28.96,-1.048339,9.803162,0.9769708,-0.01020133,-0.03888232,0.007506945
28.98,-1.058558,9.779965,0.9565391,-0.01208098,-0.03590263,0.01568976
29.00,-1.057441,9.749856,0.9227166,-0.01209452,-0.0304837,0.01720537
29.02,-1.036882,9.69742,0.9107935,-0.01286231,-0.02282086,0.01132915
29.04,-1.02152,9.709969,0.9072155,-0.01617935,-0.02137728,0.005388238
29.06,-1.016498,9.690527,0.9107146,-0.01834369,-0.0249885,-0.004029335
29.08,-1.013522,9.687748,0.9121013,-0.01241122,-0.03319602,-0.01027021
29.10,-1.040561,9.69077,0.8945994,-0.004031972,-0.03257423,-0.01155359
29.12,-1.05415,9.73937,0.9103827,0.002599369,-0.02776744,-0.008914205
29.14,-1.083679,9.75756,0.9075218,0.004253109,-0.01910193,-0.003826231
29.16,-1.06942,9.73183,0.90148,0.005904248,-0.01427843,-0.0005923256
29.18,-1.062996,9.709619,0.8968586,0.002863694,-0.01217099,-0.003623627
29.20,-1.06193,9.755274,0.8944632,0.003117332,-0.01640485,-0.003777279
29.22,-1.065101,9.757916,0.9212243,0.005061452,-0.02110964,-0.005997965
29.24,-1.069884,9.730421,0.9298981,0.004490421,-0.02101572,-0.01176185
29.26,-1.055683,9.739227,0.965881,0.005748605,-0.02277731,-0.01674578
29.28,-1.049453,9.814579,0.9746702,0.008506721,-0.02172222,-0.01436069
29.30,-1.059148,9.812186,0.9532502,0.008024754,-0.01356099,-0.005967977
29.32,-1.041597,9.79213,0.9442432,0.00525337,-0.01247158,0.003997046
29.34,-1.030383,9.755968,0.9130675,0.001834137,-0.01198702,0.01653962
29.36,-1.033373,9.688316,0.8739473,-0.00472373,-0.005854506,0.02222048
29.38,-1.029763,9.669567,0.8588371,-0.008751404,0.005590344,0.02075211
29.40,-1.033016,9.713696,0.9050859,-0.01009546,0.01534278,0.01123199
29.42,-1.035516,9.746093,0.949451,-0.01113187,0.02286707,-0.001272544
29.44,-1.025438,9.763433,0.9961948,-0.01078721,0.02477632,-0.002920719
29.46,-1.022304,9.778723,1.003186,-0.006141276,0.01917679,0.0001898553
29.48,-1.044243,9.761608,1.005071,-0.003666385,0.01655681,0.0109194
29.50,-1.039831,9.734278,0.9973932,-0.001829301,0.009394038,0.02128753
29.52,-1.045,9.693118,1.001921,-0.0005123622,0.0002093078,0.03026061
29.54,-1.05842,9.703766,0.97194,0.003456387,-0.002903824,0.02603725
29.56,-1.079248,9.732957,0.9765192,0.0009600912,0.001982286,0.02125303
29.58,-1.08412,9.71444,0.9578983,-0.004930991,0.01034089,0.01093535
29.60,-1.053359,9.674325,0.9847218,-0.012529,0.0139,0.002501426
29.62,-1.049754,9.663288,1.023421,-0.01911062,0.006090118,-0.007864535
29.64,-1.045396,9.697296,1.058586,-0.02307448,-0.00587754,-0.01279155
29.66,-1.032176,9.704443,1.078232,-0.02163476,-0.02457136,-0.01029561
29.68,-1.02749,9.728944,1.058493,-0.0121044,-0.03652187,-0.002663015
29.70,-1.059426,9.779947,1.053368,-0.007024691,-0.03890203,0.01091764
29.72,-1.058968,9.807154,1.007293,-0.002298307,-0.03280158,0.02018617
29.74,-1.059119,9.827223,0.995544,-0.002554785,-0.02437139,0.02884284
29.76,-1.040709,9.784739,0.9687217,-0.007458197,-0.01443583,0.02298131
29.78,-1.021529,9.753084,0.9553308,-0.01793543,-0.005143101,0.008879165
29.80,-1.02746,9.717919,0.9529087,-0.02765368,0.005525101,-0.005776091
29.82,-1.033343,9.670773,0.9610603,-0.03739018,0.01331187,-0.01887119
29.84,-1.053072,9.626824,0.9680054,-0.03837102,0.01259028,-0.02984026
29.86,-1.044578,9.658428,1.011362,-0.03092203,0.00136322,-0.03669853
29.88,-1.075395,9.729049,1.032963,-0.0206087,-0.01708687,-0.03798159
29.90,-1.119025,9.7561,1.025534,-0.008338381,-0.02921652,-0.03429526
29.92,-1.085333,9.802505,1.062566,0.0056277,-0.05873154,-0.03757312
29.94,-1.03864,9.789245,1.101456,0.01779549,-0.09476633,-0.04080696
29.96,-1.012258,9.794044,1.105594,0.02272936,-0.1210004,-0.04516818
29.98,-1.024812,9.800787,1.048388,0.01634013,-0.1277102,-0.03140046
30.00,-1.001957,9.744128,0.9379213,0.01171608,-0.109636,-0.01121375
30.02,-0.964354,9.711008,0.8977121,0.009702325,-0.08707037,0.006903721
30.04,-0.9400315,9.762837,0.8728551,0.008104657,-0.06453601,0.01768062
30.06,-0.9621255,9.799035,0.8508549,0.004649078,-0.03416353,0.01785316
30.08,-0.9407676,9.811123,0.8858531,-0.006752228,-0.002244256,0.0157884
30.10,-0.9337428,9.835843,0.9062384,-0.01718938,0.03394824,0.01329584
30.12,-0.941876,9.852296,0.9448984,-0.02924337,0.05650885,0.01659869
30.14,-0.9519761,9.854644,0.9641596,-0.04036122,0.07263928,0.02513773
30.16,-0.949055,9.833903,0.9399607,-0.04917723,0.09318779,0.047268
30.18,-0.965749,9.795645,0.8852848,-0.05144253,0.1163719,0.0698432
30.20,-0.962815,9.771872,0.8928569,-0.04975242,0.1339241,0.08567858
30.22,-0.9134493,9.807926,0.975262,-0.04509617,0.1360097,0.09332992
30.24,-0.9147652,9.836086,1.023701,-0.04078786,0.1304614,0.08989618
30.26,-0.9332317,9.798635,1.01044,-0.03503301,0.1325627,0.08355872
30.28,-0.9378777,9.763227,0.9872373,-0.02498279,0.1437274,0.08418994
30.30,-0.9238615,9.75052,0.9797258,-0.01358135,0.1455858,0.09121031
30.32,-0.9392369,9.743897,0.9988031,-0.009398572,0.1424437,0.09769443
30.34,-0.9169467,9.729717,1.066334,-0.005943105,0.1307988,0.1001555
30.36,-0.8972562,9.710091,1.142423,-0.009942663,0.1143697,0.09754916
30.38,-0.9142779,9.654839,1.176363,-0.01673672,0.1006184,0.08609205
30.40,-0.8750068,9.586147,1.183697,-0.01743815,0.09489814,0.07620458
30.42,-0.8368236,9.552837,1.184313,-0.01210199,0.09106852,0.07397994
30.44,-0.8306507,9.614574,1.207355,0.003849682,0.08872597,0.07885122
30.46,-0.8901578,9.699924,1.21537,0.007447265,0.09023409,0.08602256
30.48,-0.9254778,9.732465,1.243833,0.002768081,0.08306445,0.08018389
30.50,-0.9141507,9.771086,1.299717,-0.000741451,0.05128834,0.07230822
30.52,-0.9061252,9.796907,1.296444,-0.0142514,0.01740561,0.06374671
30.54,-0.9191425,9.759146,1.259111,-0.02428954,-0.003861641,0.06181793
30.56,-0.9055997,9.691611,1.216279,-0.03454919,-0.01261402,0.06367797
30.58,-0.87327,9.658883,1.2195,-0.0354946,-0.02778639,0.05989062
30.60,-0.8573233,9.705873,1.226117,-0.03516708,-0.03744289,0.05346933
30.62,-0.8608339,9.785503,1.264482,-0.03813642,-0.05279299,0.03954665
30.64,-0.841697,9.809521,1.257053,-0.04553811,-0.06776997,0.02193645
30.66,-0.8467436,9.744246,1.147379,-0.05074937,-0.0690688,0.00473087
30.68,-0.8240589,9.666074,1.094701,-0.05859205,-0.07170179,-0.01049906
30.70,-0.7832924,9.659692,1.106526,-0.0605444,-0.08366911,-0.01900508
30.72,-0.7693314,9.681198,1.104587,-0.06485733,-0.09656036,-0.02091379
30.74,-0.7686462,9.676646,1.107141,-0.06662717,-0.1082075,-0.01765089
30.76,-0.7119536,9.649312,1.066235,-0.05888923,-0.1241625,-0.008912222
30.78,-0.6985824,9.634406,1.044888,-0.04413297,-0.1270689,-0.002588052
30.80,-0.6864877,9.600424,1.071434,-0.02298028,-0.1277044,-0.004638612
30.82,-0.6629496,9.580256,1.126398,-0.004979314,-0.1210244,-0.00587708
30.84,-0.6671469,9.67943,1.123002,0.0226369,-0.1082739,-0.003182641
30.86,-0.7053196,9.819973,1.095486,0.03985005,-0.08515246,0.0171731
30.88,-0.7678999,9.911005,1.042845,0.04427333,-0.05300592,0.0350779
30.90,-0.7928287,9.948935,1.051157,0.03155475,-0.0413663,0.04489782
30.92,-0.7690001,9.931154,1.134489,0.01001703,-0.04949361,0.03739952
30.94,-0.7084807,9.862874,1.190464,-0.01665509,-0.0786959,0.0163708
30.96,-0.6267485,9.767661,1.196018,-0.02501661,-0.1171457,-0.008529342
30.98,-0.5474404,9.714961,1.219798,-0.01351265,-0.1587144,-0.02650826
31.00,-0.5373816,9.869623,1.261189,0.01494227,-0.1926464,-0.02718721
31.02,-0.5916638,10.02732,1.219638,0.03406733,-0.1791087,-0.003089013
31.04,-0.6238391,10.02536,1.138632,0.04224925,-0.1390119,0.02639602
31.06,-0.5972463,9.905979,1.063263,0.03666064,-0.1004405,0.04281995
31.08,-0.583245,9.736662,0.9645485,0.01800351,-0.06181625,0.03947711
31.10,-0.6003459,9.630051,0.9083733,0.0006002065,-0.02967478,0.01713773
31.12,-0.6212938,9.642156,0.9590086,-0.01428878,-0.02190231,-0.001976553
31.14,-0.6435646,9.718065,1.070485,-0.02591833,-0.02119094,-0.01458413
31.16,-0.6744899,9.734183,1.12814,-0.0273659,-0.008034926,-0.01849759
31.18,-0.6867877,9.758718,1.125055,-0.01904663,0.01048943,-0.01294247
31.20,-0.6480731,9.725608,1.182234,0.0014111,0.01009368,-0.006039035
31.22,-0.6536411,9.714672,1.210547,0.0269522,-0.007183775,-0.001893069
31.24,-0.7045009,9.691685,1.210327,0.03313083,-0.02942377,0.001749435
31.26,-0.7346627,9.692207,1.188016,0.02333609,-0.04365924,0.005723606
31.28,-0.7447289,9.682527,1.172235,0.008611401,-0.05170804,0.004128952
31.30,-0.6896736,9.692974,1.211195,-3.13101e-05,-0.06746686,-0.006563525
31.32,-0.6192296,9.740394,1.292166,-0.006594522,-0.08937254,-0.01488241
31.34,-0.5876132,9.814558,1.33337,-0.007317384,-0.1091138,-0.01418592
31.36,-0.6364885,9.768868,1.283014,-0.009124422,-0.09942723,-0.007559053
31.38,-0.6928221,9.651165,1.213315,-0.01150601,-0.07830879,-0.006930485
31.40,-0.6465576,9.594249,1.231311,-0.01622648,-0.06673738,-0.008961332
31.42,-0.633584,9.563498,1.161058,-0.02011376,-0.0498476,-0.01253569
31.44,-0.6167592,9.602424,1.140839,-0.02098066,-0.0362041,-0.02054033
31.46,-0.5987056,9.641559,1.192718,-0.0246441,-0.03156414,-0.02956071
31.48,-0.5726262,9.729082,1.289883,-0.02229656,-0.0395944,-0.03714893
31.50,-0.5670983,9.808569,1.331517,-0.02210771,-0.04296577,-0.03446118
31.52,-0.5906542,9.835323,1.323292,-0.0200145,-0.03927267,-0.02037179
31.54,-0.6313564,9.841039,1.282651,-0.02045091,-0.02861713,-0.001116283
31.56,-0.6748614,9.81214,1.252632,-0.02891819,-0.01817921,0.007939462
31.58,-0.6828402,9.759205,1.262419,-0.04488994,-0.01762902,0.002762594
31.60,-0.6213637,9.760482,1.236172,-0.04936306,-0.01625775,-0.001286583
31.62,-0.5703152,9.746016,1.123759,-0.03737437,0.01512018,-0.007172616
31.64,-0.5652637,9.703778,0.9835552,-0.01547959,0.07230917,-0.01384465
31.66,-0.6081435,9.712644,0.9254696,-0.003443768,0.1234407,-0.01906222
31.68,-0.6833854,9.732985,0.9944899,-0.01766165,0.126079,-0.02552938
31.70,-0.7074926,9.802029,1.117331,-0.04968572,0.0752745,-0.01942373
31.72,-0.7435775,9.837609,1.236054,-0.07915843,0.00411469,-0.001637108
31.74,-0.7716784,9.90064,1.380735,-0.09140357,-0.06423894,0.01839841
31.76,-0.7968118,9.868896,1.400385,-0.07198361,-0.09588675,0.04001214
