time_s,ax,ay,az,gx,gy,gz
0.00,0.03405208,9.764256,1.837036,-0.005549856,0.01506258,-0.0040667
0.02,0.05561749,9.760625,1.787512,0.007439053,0.01383964,0.009298402
0.04,0.0218324,9.683268,1.747742,0.01010383,0.02526472,0.01556536
0.06,0.009327771,9.555189,1.732875,0.001411457,0.04293613,0.01168651
0.08,0.006361658,9.483362,1.717332,-0.007261067,0.05068499,-0.009825248
0.10,0.01309386,9.486057,1.743366,-0.006250576,0.05457447,-0.02645436
0.12,0.01992219,9.526976,1.771808,0.01482293,0.04420292,-0.03736855
0.14,0.02053349,9.619963,1.812031,0.04042986,0.02687238,-0.02749374
0.16,-0.001544419,9.72054,1.839746,0.05287201,0.01100458,-0.00403518
0.18,-0.01563371,9.74927,1.78774,0.05640125,0.006101442,0.01551259
0.20,0.02683444,9.761237,1.81041,0.04909436,0.001454605,0.02373294
0.22,0.0578149,9.758687,1.795797,0.04207283,-0.003377764,0.02080845
0.24,0.06829606,9.763584,1.798324,0.0305534,-0.008255698,0.01551995
0.26,0.05999798,9.748265,1.726107,0.02194262,-0.002006979,0.0190828
0.28,0.03514905,9.746332,1.710092,0.006111715,0.01084878,0.02412196
0.30,0.06280586,9.700575,1.680801,-0.00250283,0.02209153,0.02849537
0.32,0.1073754,9.672416,1.667583,0.001584416,0.02910681,0.03897412
0.34,0.1372297,9.675782,1.673295,0.02009872,0.03758756,0.05130847
0.36,0.1420136,9.668875,1.627598,0.03858873,0.04998963,0.06498686
0.38,0.1029327,9.66678,1.590322,0.0384941,0.06319388,0.07582691
0.40,0.0360434,9.626596,1.588916,0.0368169,0.09303689,0.07825938
0.42,0.01107697,9.63513,1.572331,0.03890821,0.1262059,0.06939854
0.44,0.007973767,9.672732,1.616862,0.04937713,0.1393367,0.05213281
0.46,0.01675574,9.737333,1.721202,0.05298737,0.1246581,0.03389663
0.48,-0.01484757,9.773671,1.721792,0.04924621,0.09405915,0.02597474
0.50,-0.03065953,9.725596,1.701149,0.03599733,0.07021945,0.03170411
0.52,-0.05565934,9.648488,1.630952,0.02931456,0.06169185,0.04424646
0.54,-0.03677814,9.555188,1.617811,0.03610325,0.06272127,0.04170783
0.56,0.01624585,9.501725,1.642433,0.0522684,0.0513614,0.022138
0.58,0.0395213,9.554935,1.627494,0.08235225,0.03777675,-0.005236521
0.60,-0.001191834,9.636409,1.624246,0.1202853,0.02771389,-0.02512493
0.62,-0.01665061,9.713517,1.647201,0.135844,0.01881519,-0.03602826
0.64,0.007282272,9.775948,1.627828,0.1212151,0.001348015,-0.03666851
0.66,0.03648735,9.72011,1.588067,0.09780653,-0.01853129,-0.03016201
0.68,0.07961937,9.63374,1.542104,0.09225405,-0.02014047,-0.02618442
0.70,0.100778,9.634322,1.533636,0.1101056,-0.01807398,-0.02726767
0.72,0.1136738,9.678401,1.542502,0.1336817,-0.01897134,-0.04262722
0.74,0.1192718,9.801373,1.566116,0.1476381,-0.0310617,-0.0599742
0.76,0.1170476,9.92326,1.567996,0.1296205,-0.04403601,-0.06319134
0.78,0.08988294,9.933896,1.494934,0.09567112,-0.04420751,-0.04833832
0.80,0.1324086,9.865327,1.475342,0.06680109,-0.02997259,-0.0288747
0.82,0.1737941,9.79035,1.446048,0.04913256,-0.01006803,-0.00792904
0.84,0.1431562,9.766438,1.435899,0.02816611,0.01301496,0.001129536
0.86,0.1055028,9.79717,1.433697,-0.002680169,0.03518921,-0.004385749
0.88,0.09582092,9.744667,1.420329,-0.03436833,0.05387983,-0.01700961
0.90,0.1248117,9.674154,1.439064,-0.0383871,0.06991597,-0.03347427
0.92,0.1473764,9.698834,1.501961,-0.02178045,0.06779458,-0.04110586
0.94,0.113547,9.728252,1.506326,-0.007609489,0.0550939,-0.0332781
0.96,0.08797629,9.711154,1.500561,-0.007295084,0.04007052,-0.01392127
0.98,0.06704575,9.643339,1.505101,-0.01002667,0.02650688,0.007729495
1.00,0.03702705,9.570032,1.484376,-0.005936867,0.01941661,0.01988182
1.02,0.03723415,9.534385,1.472993,0.01047662,0.02183541,0.01888539
1.04,0.07926719,9.580882,1.525665,0.03268911,0.01808734,0.004425311
1.06,0.1004279,9.676698,1.551207,0.0513456,-0.001408501,-0.00936156
1.08,0.05418931,9.856842,1.542688,0.05488376,-0.0198557,-0.01554439
1.10,0.01829337,9.927408,1.512696,0.03728268,-0.02638726,-0.01353812
1.12,0.006596515,9.953688,1.524852,0.005120425,-0.04028892,-0.01070269
1.14,-0.06108998,10.04277,1.474082,-0.03510373,-0.04878544,-0.002515556
1.16,-0.1126036,10.04788,1.434346,-0.0614291,-0.05188595,-0.003137736
1.18,-0.08704066,9.840927,1.440867,-0.0758571,-0.06303052,-0.009402373
1.20,-0.04681408,9.663281,1.452252,-0.07622306,-0.09481356,-0.02417785
1.22,-0.06286412,9.643132,1.444608,-0.06665185,-0.1203814,-0.03416794
1.24,-0.1063473,9.656034,1.399163,-0.06189574,-0.1487074,-0.04288466
1.26,-0.05901912,9.701924,1.393268,-0.06773968,-0.1892114,-0.0511396
1.28,-0.03890368,9.77987,1.378341,-0.05927149,-0.2408579,-0.0653137
1.30,-0.01054882,9.86485,1.39108,-0.03128584,-0.2928405,-0.07665563
1.32,0.04113619,9.816614,1.366176,0.01412788,-0.3441892,-0.07185975
1.34,0.05650559,9.81367,1.331119,0.06030362,-0.3763939,-0.03644934
1.36,-0.0147741,9.884212,1.279517,0.07743718,-0.3886673,0.01682841
1.38,-0.07312435,9.911107,1.209748,0.07387836,-0.3784107,0.0701336
1.40,-0.02313056,9.824756,1.1719,0.06911171,-0.343925,0.09802778
1.42,0.02572179,9.788842,1.1472,0.08576848,-0.2956664,0.1053855
1.44,0.006833588,9.84405,1.126811,0.0884809,-0.2241313,0.1026073
1.46,-0.07829853,9.816474,1.064876,0.05689422,-0.1426095,0.09887476
1.48,-0.09868293,9.738723,1.04739,0.01341459,-0.06120001,0.09313181
1.50,-0.1047058,9.666864,1.060997,-0.01487901,0.02420482,0.08074963
1.52,-0.1082505,9.619174,1.101076,-0.03235885,0.09203846,0.06153928
1.54,-0.1213275,9.612501,1.168951,-0.04098227,0.1358686,0.03856038
1.56,-0.1388703,9.572357,1.202097,-0.03314668,0.1657669,0.01105302
1.58,-0.1521158,9.602843,1.276985,-0.003831012,0.1773234,-0.01162001
1.60,-0.1577474,9.634871,1.388914,0.02085559,0.169206,-0.03061429
1.62,-0.1336571,9.627966,1.468492,0.02734398,0.1336491,-0.03752797
1.64,-0.103243,9.650057,1.569602,0.02386849,0.07932599,-0.03572782
1.66,-0.0829587,9.762339,1.699618,0.01797611,0.01207241,-0.03088139
1.68,-0.07986275,9.863507,1.752364,0.02304632,-0.06218243,-0.02824981
1.70,-0.03981851,9.833919,1.718289,0.0257287,-0.1261039,-0.02872384
1.72,-0.03303429,9.763086,1.618496,0.03097223,-0.1554652,-0.03118445
1.74,-0.01889772,9.645288,1.525185,0.03477598,-0.1489745,-0.03586968
1.76,0.06283057,9.546274,1.48678,0.02820524,-0.1383622,-0.05228001
1.78,0.1316672,9.528027,1.478254,0.005348047,-0.1329073,-0.08395422
1.80,0.1891029,9.535557,1.470196,-0.01519203,-0.1353035,-0.1146524
1.82,0.2082366,9.565387,1.427806,-0.01658059,-0.1314997,-0.1259098
1.84,0.2242812,9.688615,1.420954,-0.0008734042,-0.1211325,-0.1213139
1.86,0.2660591,9.833022,1.452566,0.01528794,-0.1292749,-0.09934343
1.88,0.2947583,9.937073,1.4463,0.01921453,-0.1434251,-0.061302
1.90,0.315164,10.02381,1.433592,0.01237199,-0.1524831,-0.01677719
1.92,0.2951125,10.0225,1.359796,-0.009061525,-0.1470737,0.02434267
1.94,0.2517295,9.990562,1.282049,-0.04903291,-0.1200606,0.05400349
1.96,0.2234254,9.858087,1.198438,-0.09287702,-0.07872099,0.05800845
1.98,0.213958,9.740656,1.142993,-0.1199573,-0.03076626,0.04683543
2.00,0.2062855,9.658588,1.13313,-0.1213978,0.019042,0.02100517
2.02,0.1995082,9.630784,1.154009,-0.1053444,0.04608624,-0.00444871
2.04,0.1625265,9.622533,1.206366,-0.07235462,0.04990893,-0.0254569
2.06,0.1083392,9.704957,1.260688,-0.03979837,0.02895774,-0.03847039
2.08,0.04945108,9.780872,1.30926,-0.004763257,-0.002243146,-0.03803426
2.10,0.00741453,9.786031,1.34288,0.02582634,-0.04412971,-0.03397185
2.12,0.01945582,9.835838,1.365592,0.05605902,-0.08489876,-0.02875184
2.14,0.008035033,9.856927,1.344944,0.06412562,-0.1146478,-0.02246367
2.16,-0.03720153,9.819635,1.282468,0.06266959,-0.1214893,-0.02077903
2.18,-0.0208312,9.831414,1.256742,0.0577267,-0.112848,-0.02891876
2.20,-0.02172974,9.838184,1.269792,0.06044554,-0.09726033,-0.04759021
2.22,-0.03933083,9.809949,1.296444,0.05054159,-0.08650593,-0.07076932
2.24,-0.04195227,9.778746,1.31453,0.03824636,-0.08917595,-0.08289639
2.26,-0.06084691,9.835878,1.323933,0.03715211,-0.092995,-0.07874096
2.28,-0.1195858,9.837555,1.315876,0.03691232,-0.0870294,-0.07272027
2.30,-0.1163439,9.732348,1.293338,0.03240969,-0.07950906,-0.05987504
2.32,-0.09445714,9.629719,1.27645,0.02313736,-0.08033926,-0.05270639
2.34,-0.08279589,9.633022,1.287074,0.02921442,-0.0826003,-0.05421527
2.36,-0.06731717,9.695007,1.300119,0.05127607,-0.08616551,-0.05726851
2.38,-0.03062214,9.762328,1.319355,0.07148252,-0.08658323,-0.05383889
2.40,-0.06701341,9.838348,1.287548,0.08610164,-0.08068664,-0.03071716
2.42,-0.09229198,9.871604,1.2574,0.07878815,-0.05785487,0.003203306
2.44,-0.1086709,9.8631,1.234881,0.05452345,-0.01836974,0.03254469
2.46,-0.1050913,9.809836,1.222598,0.02325406,0.01759088,0.04595247
2.48,-0.1084695,9.728136,1.220937,-0.01652332,0.05657684,0.03301862
2.50,-0.112991,9.68849,1.220397,-0.03289451,0.09114361,0.009270008
2.52,-0.1292561,9.656459,1.261072,-0.04025864,0.112125,-0.01453043
2.54,-0.1562039,9.691378,1.283281,-0.0403996,0.1153513,-0.02686813
2.56,-0.1881616,9.733883,1.303678,-0.03329362,0.1078629,-0.02800224
2.58,-0.2128597,9.718789,1.33073,-0.01765036,0.09375875,-0.02397982
2.60,-0.2136432,9.72949,1.378682,-0.003449949,0.06609663,-0.01637706
2.62,-0.2136934,9.771267,1.405783,0.002808986,0.02479684,-0.01524333
2.64,-0.2152471,9.779265,1.405012,0.0085692,-0.01569371,-0.01485046
2.66,-0.2210144,9.759667,1.399336,0.01914029,-0.04829246,-0.01673917
2.68,-0.196536,9.725859,1.377272,0.0262323,-0.07834149,-0.01405549
2.70,-0.1915168,9.719378,1.317768,0.02637728,-0.09658875,-0.006414609
2.72,-0.2193512,9.792245,1.236053,0.0261644,-0.09346407,0.00606092
2.74,-0.2182978,9.786338,1.200656,0.024115,-0.06976171,0.01443867
2.76,-0.1638101,9.751442,1.186003,0.02582698,-0.04181777,0.0126049
2.78,-0.1304061,9.708745,1.189361,0.02193644,-0.01106627,-0.002510917
2.80,-0.1403295,9.696541,1.204371,0.008830228,0.0171323,-0.01944581
2.82,-0.1600347,9.774602,1.192894,-0.006422827,0.04107848,-0.02385719
2.84,-0.1989358,9.87197,1.192869,-0.006512227,0.06836715,-0.02116122
2.86,-0.2194829,9.874632,1.255674,-0.002032875,0.08835939,-0.01467341
2.88,-0.1894917,9.808462,1.298969,-0.009317424,0.0947773,-0.006349511
2.90,-0.2055483,9.876493,1.293806,-0.03188362,0.08520623,0.01135403
2.92,-0.2777614,9.855751,1.218351,-0.04661832,0.08818951,0.0267253
2.94,-0.2477061,9.797926,1.220914,-0.03119673,0.09504756,0.03638729
2.96,-0.1843559,9.728864,1.256799,-0.004077993,0.09453701,0.03458043
2.98,-0.1693493,9.68072,1.246198,0.01169786,0.08725172,0.02353885
3.00,-0.1812695,9.689282,1.249156,0.01140034,0.08081274,0.01865294
3.02,-0.206198,9.7014,1.250189,0.004556251,0.08337148,0.02138526
3.04,-0.1978818,9.676524,1.220846,0.004364187,0.09344971,0.02564275
3.06,-0.1712804,9.678079,1.2,0.01580564,0.1076948,0.02294164
3.08,-0.1653586,9.689625,1.253476,0.02736457,0.1158613,0.008331411
3.10,-0.1831931,9.781657,1.31599,0.02171437,0.1115824,-0.01405792
3.12,-0.1632163,9.808758,1.33425,0.004957992,0.0855627,-0.0336683
3.14,-0.1158143,9.834158,1.374148,-0.004675371,0.05074266,-0.03889456
3.16,-0.09553301,9.827878,1.359248,-0.008086985,0.01968665,-0.02822971
3.18,-0.06714226,9.746203,1.291983,0.001538772,0.002088539,-0.01068952
3.20,-0.06441309,9.734639,1.257388,0.01161914,-0.003723494,0.009306177
3.22,-0.0678988,9.694757,1.232667,0.01191345,-0.0006875939,0.01702476
3.24,-0.06722298,9.673132,1.233871,0.004795643,0.001442735,0.01063407
3.26,-0.04669772,9.636777,1.250661,0.004559264,0.002648824,-0.00565285
3.28,-0.02342709,9.681699,1.24795,0.02261019,0.004760554,-0.01677173
3.30,-0.04809177,9.762889,1.274274,0.0371816,0.009302995,-0.0158807
3.32,-0.07912403,9.816071,1.260788,0.03530256,0.01255164,-0.002944071
3.34,-0.1078415,9.84694,1.273494,0.02157512,0.01352231,0.009621317
3.36,-0.1016987,9.845278,1.312429,0.003301153,0.0101656,0.01040799
3.38,-0.07670698,9.837304,1.30695,0.0002616445,0.002847461,0.006359435
3.40,-0.05772682,9.874092,1.311807,0.01191159,-0.003849704,0.002426959
3.42,-0.07987988,9.869167,1.333798,0.01673569,-0.01273612,0.003914569
3.44,-0.08852905,9.804217,1.297951,-0.008944648,-0.02750433,0.01767298
3.46,-0.07207851,9.777584,1.24919,-0.02278118,-0.03864006,0.03536491
3.48,-0.07187976,9.847121,1.227003,-0.01908307,-0.03460744,0.05433361
3.50,-0.06719392,9.843554,1.183221,-0.008799048,-0.02711024,0.06373657
3.52,-0.05099862,9.780282,1.142811,-0.005839667,-0.006055554,0.06438061
3.54,-0.05350172,9.679243,1.11279,-0.006055352,0.02024838,0.05362307
3.56,-0.08190341,9.683683,1.112923,-0.01165688,0.04172317,0.03558706
3.58,-0.08362358,9.65596,1.126046,-0.01891105,0.06002434,0.01516526
3.60,-0.0803163,9.647295,1.137791,-0.01612863,0.05975222,-0.002203846
3.62,-0.1120799,9.712375,1.187091,-0.006485609,0.04620717,-0.0106399
3.64,-0.1424109,9.756298,1.207319,0.004696772,0.01679838,-0.007324941
3.66,-0.1311144,9.740211,1.183556,0.01982434,-0.009336369,0.003767356
3.68,-0.08946283,9.741054,1.193599,0.03926284,-0.02555789,0.01394237
3.70,-0.07885706,9.730164,1.216426,0.05665938,-0.03611723,0.01254524
3.72,-0.05582746,9.715665,1.250219,0.06172023,-0.0506354,0.001609626
3.74,-0.0753332,9.723228,1.248593,0.05157176,-0.05995346,-0.01151542
3.76,-0.1299164,9.784881,1.246313,0.03395618,-0.05550451,-0.01365176
3.78,-0.1496845,9.792405,1.228009,0.01588935,-0.04108882,-0.01113516
3.80,-0.08691183,9.772708,1.236435,0.005795718,-0.0295457,-0.009734462
3.82,-0.04998898,9.769256,1.258232,0.009317609,-0.0259432,-0.009822167
3.84,-0.05544998,9.743751,1.248319,0.01498462,-0.0201473,-0.009867267
3.86,-0.04972608,9.74849,1.243497,0.02168535,-0.01358813,-0.005549564
3.88,-0.07545711,9.739842,1.223829,0.02234745,0.002215737,0.00137389
3.90,-0.1027256,9.751509,1.234954,0.01115903,0.02108136,0.00874511
3.92,-0.1080722,9.749882,1.219974,-0.009751591,0.03421143,0.01198789
3.94,-0.09077477,9.748395,1.226771,-0.01571806,0.04127043,0.009161917
3.96,-0.08077239,9.724484,1.263907,-0.007541175,0.04795803,0.005968315
3.98,-0.113266,9.686777,1.250259,-0.003468398,0.04793474,0.003778963
4.00,-0.1683894,9.759079,1.25661,-0.01813127,0.02867809,0.002192756
4.02,-0.1811451,9.848994,1.273133,-0.0295127,-0.004124396,0.0004216951
4.04,-0.1577837,9.82033,1.25828,-0.02114138,-0.04037279,-0.001032496
4.06,-0.09985232,9.78575,1.224469,0.002049113,-0.07304007,0.006997851
4.08,-0.07550763,9.784424,1.175007,0.02173547,-0.1006239,0.01830987
4.10,-0.06862646,9.851445,1.133089,0.03437943,-0.1138879,0.0394998
4.12,-0.05909901,9.913939,1.089982,0.03308264,-0.1066774,0.05768123
4.14,-0.03248753,9.87175,1.049127,0.01399277,-0.08201557,0.06683052
4.16,-0.00207599,9.768924,0.996406,-0.00430562,-0.04188464,0.05152186
4.18,0.006209959,9.71482,1.004325,-0.01659059,0.00409439,0.02628888
4.20,-0.001526974,9.726319,1.022653,-0.02565828,0.04257309,0.005494735
4.22,-0.03301989,9.76137,1.034387,-0.04135306,0.06994714,-0.003566964
4.24,-0.07109774,9.778132,1.060488,-0.04492069,0.09035104,0.003779369
4.26,-0.09168273,9.741248,1.090514,-0.03372034,0.1129678,0.009628965
4.28,-0.09257907,9.678103,1.113285,-0.01933633,0.1299481,0.001808488
4.30,-0.08084666,9.633212,1.165898,-0.00628504,0.1309369,-0.02315514
4.32,-0.03709686,9.651069,1.264761,0.01610653,0.1038316,-0.05271551
4.34,-0.04266438,9.772056,1.338693,0.04275422,0.06053689,-0.067908
4.36,-0.075123,9.931035,1.369395,0.05351301,0.01172413,-0.05250101
4.38,-0.08845691,10.01974,1.327466,0.04656926,-0.0211074,-0.006253636
4.40,-0.08082911,9.971883,1.25943,0.02585682,-0.02893914,0.04263827
4.42,-0.04139563,9.845996,1.200286,0.005451796,-0.0202684,0.06934356
4.44,0.01836228,9.709164,1.187801,-0.008916388,-0.005586939,0.05825768
4.46,0.06229375,9.664531,1.163725,-0.01262037,0.004443244,0.02413394
4.48,0.03679705,9.700537,1.13984,-0.01446442,0.01786991,-0.004035687
4.50,0.004115348,9.706865,1.127114,-0.01165116,0.03641009,-0.011133
4.52,-0.00426564,9.709031,1.116467,-0.01882755,0.04941357,0.0115718
4.54,-0.02584472,9.761205,1.124776,-0.03497951,0.05065081,0.03927593
4.56,-0.0247941,9.779109,1.138879,-0.028761,0.05158502,0.05426933
4.58,-0.02752411,9.727258,1.142221,-0.01030098,0.05635205,0.05397571
4.60,0.001685233,9.672601,1.161392,0.01160244,0.05459999,0.03693636
4.62,0.02497481,9.690166,1.173529,0.01940924,0.05270135,0.02318662
4.64,-0.03664007,9.773375,1.153136,0.01353316,0.05686257,0.02275915
4.66,-0.1057563,9.861585,1.128114,-0.001397335,0.07376287,0.03174446
4.68,-0.09828033,9.891707,1.154285,-0.01031622,0.08559374,0.04128427
4.70,-0.04953352,9.797525,1.182618,-0.006720087,0.09216727,0.03335469
4.72,-0.02023288,9.742715,1.219021,0.002746178,0.08108735,0.02119567
4.74,-0.02077753,9.731995,1.227461,0.006543032,0.07025284,0.009294623
4.76,-0.05132571,9.707893,1.190042,0.003699508,0.06731166,-0.002418382
4.78,-0.03020053,9.711921,1.1945,0.00674819,0.06407233,-0.007331553
4.80,-0.002277421,9.714491,1.21126,0.01448844,0.05622001,-0.006560131
4.82,0.02609439,9.724293,1.225129,0.02125768,0.04696621,-0.009892722
4.84,0.05801079,9.731762,1.247695,0.02339973,0.03320098,-0.01484779
4.86,0.05908835,9.743161,1.258352,0.02287648,0.0201507,-0.01898261
4.88,0.06533819,9.7454,1.256612,0.01471658,0.001972679,-0.0184862
4.90,0.06611753,9.75094,1.226198,0.00930269,-0.005751286,-0.01586491
4.92,0.057663,9.767387,1.202876,0.0125758,-0.005096081,-0.01000193
4.94,0.06141138,9.810353,1.209216,0.01885536,0.00166403,-0.0001530988
4.96,0.05733566,9.800073,1.187814,0.01305821,0.005842429,0.005965007
4.98,0.05608965,9.759527,1.212863,0.00705838,0.01024486,0.003354457
5.00,0.09649527,9.741148,1.239221,0.002890881,0.00730704,-0.00352359
5.02,0.09710027,9.79165,1.200997,0.003724635,0.004943398,-0.003984458
5.04,0.04685283,9.811033,1.173017,0.008298083,0.02265297,0.004376061
5.06,0.01337644,9.809891,1.190652,0.00475584,0.03529762,0.008542007
5.08,0.03354999,9.793417,1.193977,-0.01707953,0.04043423,0.01104671
5.10,0.03637297,9.800531,1.158111,-0.03374811,0.0409431,0.01268891
5.12,0.02535783,9.759812,1.172693,-0.03718516,0.04552421,0.01053184
5.14,0.005129142,9.722886,1.178974,-0.02241157,0.04062708,0.008441399
5.16,0.009857763,9.743161,1.191712,-0.005740261,0.03111002,0.009500458
5.18,-0.008750744,9.786263,1.196418,0.009956059,0.01477933,0.0116122
5.20,-0.0255021,9.828995,1.218061,0.008601369,-0.0009938696,0.01097827
5.22,-0.0250245,9.817197,1.201941,-0.002588278,-0.0176628,0.01437011
5.24,-0.01524784,9.820124,1.173782,-0.01153161,-0.02424496,0.01590686
5.26,-0.03397274,9.8053,1.11179,-0.01902647,-0.02325387,0.01842427
5.28,-0.0245525,9.805663,1.115782,-0.01865617,-0.01567198,0.01644979
5.30,0.01581685,9.746029,1.072381,-0.00942063,-0.007107061,0.01458548
5.32,0.02244149,9.751782,1.074815,-0.0008279507,0.008687705,0.006803174
5.34,0.03105719,9.73865,1.062547,0.001737392,0.02657264,0.001639504
5.36,0.03946393,9.702973,1.061355,0.00247707,0.03946605,-0.004573925
5.38,0.04958469,9.695189,1.097204,0.007358436,0.05080587,-0.01066353
5.40,0.07283146,9.693957,1.162481,0.0119209,0.05438182,-0.01999023
5.42,0.07511745,9.701585,1.194864,0.01175222,0.04543369,-0.01950939
5.44,0.0926611,9.726001,1.159497,0.0174531,0.03771729,-0.0123231
5.46,0.08078813,9.785535,1.201759,0.03126786,0.03798841,-0.003985296
5.48,0.0615048,9.789623,1.225656,0.03049817,0.02922967,-0.001192048
5.50,0.05209167,9.771172,1.246785,0.01568172,0.01164376,-0.007518515
5.52,0.05268601,9.735453,1.29832,0.00653565,-0.003355536,-0.01942308
5.54,0.01850192,9.739213,1.304222,0.006365409,-0.02129687,-0.03210301
5.56,0.03834543,9.701668,1.294905,0.004608855,-0.04329162,-0.03732504
5.58,0.04745132,9.713308,1.248633,0.01493334,-0.06219903,-0.03210135
5.60,0.00515661,9.695759,1.242559,0.0336784,-0.06325655,-0.02511114
5.62,-0.01493487,9.612929,1.237668,0.04326305,-0.05225204,-0.02957868
5.64,0.03227824,9.462983,1.255363,0.03238804,-0.05522045,-0.04737728
5.66,0.05157805,9.338665,1.278773,0.02309241,-0.05699702,-0.07918627
5.68,0.09264994,8.981575,1.339248,0.02479083,-0.0608793,-0.1304195
5.70,0.2761886,8.581293,1.473911,0.04640791,-0.08828381,-0.2098875
5.72,0.6783881,8.604249,1.644454,0.1210805,-0.1263563,-0.292719
5.74,1.081802,9.052481,1.712294,0.2152174,-0.1225296,-0.3528805
5.76,1.719549,9.633365,1.983124,0.2643614,-0.1550574,-0.3590909
5.78,2.668136,10.5327,2.136248,0.2959466,-0.2431773,-0.276039
5.80,3.338609,10.7723,1.87718,0.323657,-0.2699531,-0.1581481
5.82,4.252027,11.27848,1.883596,0.3027517,-0.3281869,0.06269089
5.84,5.866147,12.28913,3.146492,0.2042346,-0.702359,0.4450136
5.86,6.070691,13.14348,2.776381,0.03602796,-1.049613,0.9254962
5.88,5.910564,13.74158,2.099697,-0.09768296,-1.128426,1.382189
5.90,6.245931,13.80659,1.895767,-0.2840025,-1.068152,1.668709
5.92,6.30668,13.95352,1.690641,-0.5757737,-1.086607,1.866066
5.94,6.458204,14.9841,1.663902,-0.7896931,-1.167078,2.18396
5.96,7.390297,15.07614,1.96361,-0.7328452,-1.194271,2.507135
5.98,7.385358,14.5661,1.939753,-0.5420132,-1.240838,2.704603
6.00,7.153058,13.83012,2.591854,-0.4055385,-1.451193,2.775124
6.02,6.246783,14.50781,2.269372,-0.3089091,-1.543901,2.859803
6.04,4.882396,14.91699,1.780194,-0.2439743,-1.3268,3.001491
6.06,3.863096,14.33621,1.61404,-0.3017107,-0.9859935,3.111244
6.08,3.312603,13.90145,1.836841,-0.3952625,-0.8062028,3.133812
6.10,2.961996,13.20817,2.3327,-0.3803484,-0.7604601,3.117551
6.12,2.089515,12.01247,2.236677,-0.3004104,-0.6984886,3.077212
6.14,1.121758,10.66906,1.963271,-0.2814083,-0.6358451,3.014574
6.16,0.3437706,9.356292,1.963786,-0.3139934,-0.6434686,2.899456
6.18,-0.09357268,8.126686,2.00666,-0.3246878,-0.7383931,2.747367
6.20,-0.1738081,7.200349,1.928403,-0.2847464,-0.8707273,2.571318
6.22,-0.06140433,6.392629,1.558617,-0.2412641,-0.9646586,2.341437
6.24,-0.07075708,5.50683,1.060938,-0.2152227,-0.9801224,2.037612
6.26,-0.2382019,4.780736,0.7178271,-0.1817762,-0.9111931,1.68352
6.28,-0.4108959,4.090817,0.485631,-0.1366041,-0.7751146,1.302179
6.30,-0.5618303,3.427981,0.410961,-0.1120965,-0.673394,0.9148656
6.32,-0.3623352,3.115982,0.3887718,-0.1563092,-0.5936412,0.5760854
6.34,-0.190164,3.10137,0.2721454,-0.2489463,-0.5098855,0.25894
6.36,-0.1117664,3.29005,0.05899701,-0.3204561,-0.3826973,-0.07975858
6.38,-0.09021956,3.420395,0.001795311,-0.3126376,-0.215009,-0.460368
6.40,-0.1735661,3.504706,-0.02702419,-0.2279748,-0.001367124,-0.8550741
6.42,-0.1440977,3.784299,0.02352292,-0.1380147,0.2252251,-1.223468
6.44,-0.269054,4.23682,0.08342583,-0.08347756,0.457248,-1.589405
6.46,-0.6536357,4.59536,0.3244433,-0.09965919,0.6471916,-2.030257
6.48,-1.015766,5.333457,0.7714139,-0.1261042,0.7378237,-2.528915
6.50,-0.8807021,6.81488,1.259801,-0.03178336,0.7198126,-3.014467
6.52,-0.9619238,8.640378,1.401899,0.2735896,0.6749907,-3.445779
6.54,-1.449392,10.57631,1.471412,0.5731617,0.6145386,-3.834538
6.56,-1.45211,11.81312,1.812225,0.6616487,0.4788143,-4.141163
6.58,-1.133423,12.9886,1.709137,0.6297985,0.3398103,-4.329863
6.60,-1.196115,14.84044,1.267834,0.6475566,0.3646753,-4.424823
6.62,-1.494163,16.65541,0.9024773,0.7225688,0.6190757,-4.469237
6.64,-1.762926,18.38256,0.663388,0.735521,1.01521,-4.541541
6.66,-1.714405,19.39614,0.6083217,0.6279593,1.447332,-4.647661
6.68,-1.636049,20.09128,0.8225928,0.4842704,1.838137,-4.766705
6.70,-1.718272,20.87931,1.202877,0.3849662,2.217793,-4.85754
6.72,-1.751569,21.43624,1.825152,0.2069471,2.491059,-4.873194
6.74,-1.468035,21.6324,2.659148,-0.110614,2.525135,-4.717052
6.76,-1.413107,20.97045,3.420684,-0.4602167,2.369136,-4.398474
6.78,-0.8875178,19.89169,2.8345,-0.7358052,2.403804,-3.989739
6.80,-0.841538,18.61257,2.660058,-0.8848534,2.468125,-3.515711
6.82,-0.6614226,17.2679,3.310768,-0.8523673,2.327309,-3.039444
6.84,0.08529931,15.63054,2.920021,-0.6545386,2.239664,-2.680612
6.86,0.5715376,14.4182,3.045468,-0.4164361,2.088261,-2.415484
6.88,0.9852626,13.17463,2.827435,-0.2735102,1.934015,-2.18339
6.90,1.157547,12.22849,2.389681,-0.2292448,1.849898,-1.911056
6.92,1.19985,11.33285,2.085544,-0.2064366,1.864658,-1.599952
6.94,1.229794,10.66425,1.778231,-0.1708003,1.941139,-1.290772
6.96,1.6804,10.4097,1.998198,-0.1679075,1.936303,-0.97014
6.98,1.800963,10.30079,2.040605,-0.2594706,1.911295,-0.6388752
7.00,1.491391,9.59862,1.848795,-0.4536486,1.9358,-0.3242505
7.02,1.163791,8.681936,1.653652,-0.7396627,1.962984,-0.01600782
7.04,1.223264,7.699129,1.867859,-1.014806,1.882465,0.270926
7.06,1.629726,6.689914,2.364887,-1.147258,1.638409,0.5227053
7.08,2.243917,5.811926,2.936876,-1.112922,1.203578,0.7469421
7.10,2.430773,5.622328,3.069961,-0.9074635,0.7035065,0.9376008
7.12,1.856672,6.370182,2.995829,-0.5754918,0.2239165,1.110443
7.14,1.396621,7.587656,3.733751,-0.2839572,-0.31475,1.276944
7.16,0.9297831,8.21865,4.17974,-0.1003731,-0.9047281,1.441418
7.18,0.5724847,8.896196,4.158786,0.07154986,-1.492986,1.635695
7.20,0.2996264,10.13937,4.364128,0.3483285,-2.052695,1.896003
7.22,-0.2204181,12.76731,4.853639,0.6394828,-2.64157,2.214795
7.24,-1.050134,15.83537,5.333926,0.7240143,-3.236122,2.5819
7.26,-1.859466,17.71592,5.095026,0.5064072,-3.694337,2.980322
7.28,-2.333651,17.70243,3.935684,0.115821,-3.807691,3.374429
7.30,-2.626186,17.3924,2.671834,-0.2625474,-3.556964,3.671142
7.32,-2.556181,17.65282,2.16127,-0.6190795,-3.18708,3.799506
7.34,-2.170568,18.61973,2.063388,-0.9876768,-2.987098,3.807761
7.36,-1.670297,19.39735,1.875277,-1.211406,-2.852178,3.774931
7.38,-1.367428,19.55412,1.220942,-1.123781,-2.512129,3.74849
7.40,-1.348495,18.89566,0.6974947,-0.8852192,-2.001111,3.734385
7.42,-1.204717,18.40715,0.6289737,-0.8123063,-1.602863,3.760617
7.44,-0.9210328,18.5067,0.9042919,-0.8997873,-1.398367,3.824959
7.46,-0.9855226,18.20104,0.8079184,-0.9646998,-1.22458,3.866043
7.48,-1.091789,17.33688,0.5667711,-0.9081084,-0.9829308,3.857625
7.50,-1.249302,15.95401,0.5023602,-0.8407489,-0.7280763,3.763036
7.52,-1.195089,14.39465,0.6406524,-0.8766952,-0.5954911,3.596779
7.54,-1.15885,12.87627,0.5932053,-0.9359126,-0.5410154,3.364245
7.56,-1.12166,11.61023,0.5707048,-0.9230216,-0.5088832,3.082146
7.58,-1.083983,10.3567,0.6000309,-0.8275191,-0.4665935,2.771459
7.60,-0.9425088,9.040887,0.6239404,-0.695833,-0.4491532,2.461879
7.62,-0.7925099,7.840893,0.6603506,-0.5936237,-0.4633389,2.179721
7.64,-0.7515005,6.809698,0.4739331,-0.5186041,-0.4582811,1.915698
7.66,-0.8905373,5.956474,0.363439,-0.4629115,-0.4165889,1.647062
7.68,-1.017682,5.437948,0.1464105,-0.4416608,-0.3147909,1.389393
7.70,-0.9925696,5.01148,0.1914319,-0.4444531,-0.1848615,1.147288
7.72,-1.028211,4.46954,0.2547742,-0.4771082,-0.05373267,0.8763726
7.74,-1.028527,3.95137,0.4030829,-0.5187781,0.04798935,0.5505363
7.76,-1.03139,3.712465,0.4745649,-0.5181386,0.1298398,0.1827409
7.78,-0.9654679,3.645218,0.6381749,-0.4566169,0.1896226,-0.1922677
7.80,-0.7978074,3.664854,0.8018304,-0.3315363,0.2449102,-0.547452
7.82,-0.8446907,3.826343,0.7225885,-0.1565839,0.3265683,-0.8762279
7.84,-1.045952,4.040744,0.6571248,0.05069172,0.4377516,-1.188844
7.86,-1.135032,4.302062,0.826328,0.2860341,0.5295879,-1.491227
7.88,-1.054004,5.058783,1.192543,0.5582445,0.5462671,-1.791757
7.90,-0.9970502,6.125097,1.709223,0.8215579,0.5201074,-2.083764
7.92,-1.202234,7.363571,1.684058,1.046717,0.5305958,-2.371083
7.94,-1.305904,8.532459,1.547608,1.201787,0.5928853,-2.66721
7.96,-1.385489,10.09944,1.617645,1.277127,0.6547071,-3.00409
7.98,-1.315697,11.829,1.691432,1.239148,0.6705984,-3.375675
8.00,-1.124353,13.91679,1.717422,1.25101,0.6472272,-3.800341
8.02,-0.1955507,15.49581,1.99216,1.409626,0.5683092,-4.271189
8.04,-0.1425865,17.21053,2.000642,1.581968,0.4538456,-4.716733
8.06,-0.4943758,18.75595,1.889728,1.611406,0.3559854,-5.01956
8.08,-0.5912893,20.14111,1.808396,1.451702,0.3091765,-5.167949
8.10,-0.4936878,20.99464,2.068289,1.116006,0.3119962,-5.218246
8.12,-0.8784776,22.08027,2.541095,0.6001238,0.2200383,-5.051832
8.14,-0.7047544,22.00916,2.909971,0.1153569,0.1430167,-4.707507
8.16,0.1117228,21.14557,2.379855,-0.2120676,0.2815872,-4.289893
8.18,0.9291273,19.62344,1.450268,-0.3832305,0.7554096,-3.88716
8.20,1.187833,18.48149,0.5824935,-0.5206036,1.327399,-3.487195
8.22,0.508745,17.97958,2.024809,-0.6279281,1.541608,-3.080443
8.24,1.040558,16.24979,1.756828,-0.6154495,1.805997,-2.750153
8.26,1.075854,14.60207,2.30434,-0.5040562,1.902488,-2.474616
8.28,1.321897,13.28718,2.432572,-0.4042879,1.897976,-2.252934
8.30,1.516333,12.02261,1.469047,-0.4235736,2.02986,-2.058127
8.32,1.43169,11.46161,1.36676,-0.4800771,2.182004,-1.818693
8.34,1.816716,10.70933,1.579691,-0.4652472,2.292062,-1.52385
8.36,2.315248,9.89379,1.732773,-0.4090599,2.312041,-1.174217
8.38,2.537341,9.546284,1.413495,-0.3662031,2.346029,-0.7239445
8.40,3.096678,8.241596,1.623966,-0.318855,2.317738,-0.2850315
8.42,3.316894,7.130015,1.984874,-0.2895721,2.119166,0.0447204
8.44,3.596676,6.722882,2.638166,-0.2765063,1.730914,0.3008239
8.46,3.491877,7.111127,3.036157,-0.23505,1.265401,0.5581316
8.48,2.92087,7.771023,3.069342,-0.2173279,0.818729,0.846056
8.50,2.474948,8.09341,3.347713,-0.2361792,0.3454859,1.145502
8.52,2.1697,8.01912,3.561262,-0.2415432,-0.1343297,1.426188
8.54,1.926825,8.413316,3.675049,-0.1949134,-0.6368322,1.691493
8.56,1.75375,9.442333,3.901283,-0.1647833,-1.156139,1.987485
8.58,1.289912,10.6217,3.830885,-0.1450317,-1.628344,2.288323
8.60,0.771327,11.9199,3.785321,-0.08891495,-2.019306,2.55862
8.62,0.4984081,13.33908,4.032494,-0.02653584,-2.393722,2.808249
8.64,0.3699161,15.06318,4.031752,-0.01421889,-2.753536,3.070385
8.66,-0.0200687,17.00371,3.70908,-0.06796826,-3.005913,3.364593
8.68,-0.5431566,18.68285,3.393325,-0.1714534,-3.110162,3.640965
8.70,-1.109309,19.37128,2.919741,-0.3095272,-3.113301,3.826854
8.72,-1.396863,19.72432,2.586284,-0.4271781,-3.095339,3.936917
8.74,-1.163244,19.60799,1.915275,-0.5523841,-2.960737,3.996449
8.76,-1.128037,19.66521,1.416957,-0.6601877,-2.730484,4.014149
8.78,-1.060142,19.55779,0.8558272,-0.6689401,-2.377887,3.987749
8.80,-0.7776529,18.83672,0.5505442,-0.6271319,-1.968726,3.915228
8.82,-0.373715,17.82899,0.4458634,-0.627239,-1.632258,3.797786
8.84,0.2684881,17.01024,0.6164877,-0.6907071,-1.48776,3.68515
8.86,0.8180074,16.82922,0.731981,-0.6891163,-1.5015,3.621255
8.88,0.9396132,16.71408,0.5156848,-0.4993338,-1.466327,3.598968
8.90,0.727908,15.54766,0.2276224,-0.2555511,-1.288791,3.575947
8.92,0.4624642,14.17552,0.139965,-0.1483264,-1.083488,3.512378
8.94,0.3783868,12.85167,0.2313402,-0.1684603,-0.9173424,3.389827
8.96,0.4024945,11.4186,0.2321994,-0.1668818,-0.7251074,3.201807
8.98,0.4801831,9.932662,0.01163418,-0.09404164,-0.4659563,2.97142
9.00,0.3721676,8.590543,-0.1842204,-0.004303637,-0.1859388,2.708077
9.02,-0.09384578,7.278165,-0.3103445,0.03667967,0.1060387,2.414273
9.04,-0.5139755,6.076342,-0.2289361,-0.01156766,0.3574113,2.082856
9.06,-0.5104917,5.308586,-0.1141582,-0.1061442,0.5308653,1.763115
9.08,-0.2855541,4.748296,-0.02175837,-0.1708598,0.6456945,1.457986
9.10,-0.3117808,4.221439,0.05540505,-0.1893442,0.7404156,1.155379
9.12,-0.4125936,3.825814,0.07335795,-0.173056,0.8150438,0.8676924
9.14,-0.4684471,3.610255,0.1757104,-0.1516048,0.857344,0.5879819
9.16,-0.596531,3.662585,0.3353483,-0.1496548,0.8491534,0.2950894
9.18,-0.7690259,3.863972,0.4985421,-0.1684626,0.7923722,-0.04521091
9.20,-0.6816912,3.85948,0.6150422,-0.1482958,0.6908792,-0.4257399
9.22,-0.5042791,3.871514,0.7858206,-0.05392694,0.565774,-0.8244362
9.24,-0.370861,3.96173,0.9813698,0.05014092,0.4145912,-1.210688
9.26,-0.329323,4.305876,1.069847,0.1005235,0.2251335,-1.569413
9.28,-0.2650859,5.382118,1.206636,0.09556089,-0.02368011,-1.869497
9.30,-0.3710853,6.597045,1.116992,0.1095927,-0.2248818,-2.13206
9.32,-0.5464497,7.648877,0.9944178,0.2289193,-0.3112567,-2.396672
9.34,-0.6918808,8.401621,0.9306396,0.4590368,-0.268365,-2.743545
9.36,-0.8774635,9.120253,0.8565157,0.7436985,-0.1219341,-3.208782
9.38,-1.049565,10.02841,0.8666416,0.9837741,0.07439359,-3.8008
9.40,-1.455184,11.48216,0.9449314,1.104686,0.2568025,-4.474252
9.42,-1.705016,13.74284,1.186067,1.091921,0.3796951,-5.071354
9.44,-1.592299,16.70982,1.427927,1.082077,0.4990633,-5.436728
9.46,-1.473854,19.67214,1.451142,1.028234,0.6891173,-5.512152
9.48,-1.474462,21.66703,1.465307,0.8498182,0.9780629,-5.349934
9.50,-1.406868,22.78491,1.803867,0.4948676,1.315051,-5.061365
9.52,-0.523469,22.95855,2.037872,0.0712163,1.705581,-4.862472
9.54,-0.7067409,22.88294,2.593301,-0.4080688,1.943995,-4.647896
9.56,-0.5055162,22.25544,3.265699,-0.7624238,2.018179,-4.446781
9.58,0.09139838,21.31633,3.366934,-0.9213305,2.026278,-4.239594
9.60,0.4433464,19.59279,3.096626,-0.8865815,2.109457,-3.99508
9.62,0.5138199,17.84067,2.834692,-0.7068903,2.171776,-3.690567
9.64,0.7277867,16.53338,3.131185,-0.500365,2.107306,-3.356475
9.66,0.6890392,15.64111,3.182708,-0.3011596,1.955916,-2.957929
9.68,1.123715,14.76061,3.874913,-0.08603261,1.621227,-2.593049
9.70,1.435369,13.12301,3.073806,0.02849959,1.453196,-2.317133
9.72,1.96857,12.17414,2.490892,0.05469823,1.424961,-2.043962
9.74,2.046758,11.60249,1.980995,0.0476454,1.524056,-1.764628
9.76,2.936985,11.0524,2.293755,-0.006161761,1.571896,-1.463569
9.78,3.534945,10.48421,2.278321,-0.08711571,1.55787,-1.185439
9.80,3.918528,9.994673,1.883681,-0.2095824,1.581342,-0.8496698
9.82,4.166954,9.672943,1.54339,-0.3213204,1.649892,-0.4226398
9.84,4.021446,8.632642,1.643864,-0.4921189,1.699014,0.01991337
9.86,3.751328,7.866951,1.777113,-0.7349803,1.646797,0.4850708
9.88,3.289173,7.794186,1.896632,-0.9379767,1.487172,0.9639475
9.90,2.621715,8.048137,2.125169,-1.046705,1.292777,1.444946
9.92,2.07235,8.196187,2.414676,-1.064709,1.033915,1.872441
9.94,1.628541,8.395766,2.767707,-0.9977253,0.6642026,2.199225
9.96,1.350159,8.424366,3.55065,-0.8599299,0.1675343,2.400465
9.98,0.9154953,8.797613,4.007348,-0.6616252,-0.4250776,2.507197
10.00,0.4800945,9.718607,4.412427,-0.4342348,-1.123426,2.555814
10.02,0.1517863,11.30279,4.964499,-0.2302732,-1.924046,2.605965
10.04,-0.3795686,13.6029,5.572987,-0.07941762,-2.792827,2.685147
10.06,-0.8948026,16.0768,5.673445,0.002232454,-3.571427,2.828419
10.08,-1.241359,18.07504,5.090749,0.01874597,-4.087636,3.045398
10.10,-1.779264,19.20354,4.296276,-0.05345251,-4.276534,3.23257
10.12,-2.114548,20.20701,3.611773,-0.2379686,-4.196338,3.423771
10.14,-1.901574,20.48723,2.690418,-0.4937701,-3.898327,3.663948
10.16,-1.464276,20.19602,1.514919,-0.6613483,-3.341315,3.859705
10.18,-1.266855,20.04834,0.5879554,-0.7178615,-2.56062,3.957657
10.20,-1.236879,19.628,0.219211,-0.7775143,-1.749097,3.965523
10.22,-0.7689635,18.56044,0.450057,-0.8714801,-1.073103,3.951917
10.24,-0.2082381,17.28791,0.5350165,-0.9233631,-0.5068718,3.933369
10.26,-0.1041651,16.29243,0.4282524,-0.9591618,-0.04416222,3.888085
10.28,-0.2205939,15.43191,0.7042334,-1.030461,0.2678607,3.830117
10.30,-0.3963116,14.56188,1.121273,-1.141439,0.4228189,3.753157
10.32,-0.5200812,13.47909,1.284713,-1.238335,0.4725568,3.646751
10.34,-0.7191299,12.1303,1.247585,-1.258671,0.48633,3.47185
10.36,-0.8430721,10.51795,1.288872,-1.212141,0.4734216,3.23104
10.38,-0.7933655,8.964334,1.304071,-1.156558,0.3944691,2.937913
10.40,-0.6753663,7.674307,1.2651,-1.105804,0.2210002,2.596283
10.42,-0.4638115,6.684143,1.368593,-1.00852,-0.03746077,2.224698
10.44,-0.2162238,5.885956,1.264484,-0.8257484,-0.3023309,1.865436
10.46,-0.126984,5.12959,0.9777079,-0.5808317,-0.4975733,1.541108
10.48,-0.3336413,4.331124,0.6944982,-0.3201897,-0.6129361,1.22659
10.50,-0.5394759,3.647434,0.4987159,-0.1033178,-0.6701163,0.9117117
10.52,-0.7058964,3.498998,0.349073,0.05380972,-0.671717,0.6056792
10.54,-0.6325707,3.756258,0.280712,0.1371824,-0.6312471,0.3277995
10.56,-0.6484635,4.000813,0.3223691,0.1805281,-0.5354919,0.0426102
10.58,-0.7180799,3.92617,0.2044111,0.230478,-0.3904423,-0.2878858
10.60,-0.8044539,3.987963,0.2628135,0.2819438,-0.2504555,-0.6690941
10.62,-0.8204698,4.453171,0.3814966,0.3435621,-0.1490894,-1.068199
10.64,-0.8156832,5.137752,0.4271784,0.4243625,-0.06168339,-1.468649
10.66,-0.8498388,5.937634,0.5716186,0.5314909,0.01556916,-1.869868
10.68,-0.8959062,6.948107,0.7299089,0.6724628,0.07712746,-2.26827
10.70,-0.9575344,8.186909,0.9950517,0.8448813,0.09709906,-2.676992
10.72,-0.9471923,9.501708,1.199312,1.014088,0.06222043,-3.0757
10.74,-0.7989867,10.66446,1.048865,1.142577,0.0303118,-3.462596
10.76,-0.8073695,11.67085,0.7820736,1.251953,0.08672249,-3.843147
10.78,-1.082503,12.9374,0.6765755,1.353491,0.2470245,-4.234106
10.80,-1.251473,14.79634,0.6828631,1.406433,0.4481397,-4.613676
10.82,-1.244709,16.66494,0.6398675,1.371405,0.6554155,-4.963189
10.84,-1.07423,18.65228,0.5231346,1.264802,0.9079276,-5.231832
10.86,-0.8138926,20.57317,0.787903,1.139915,1.20086,-5.347498
10.88,0.1876501,21.80276,0.8991984,0.9996558,1.693159,-5.405203
10.90,-0.9889999,23.44783,1.603215,0.5875111,1.998559,-5.213995
10.92,-1.090343,23.92412,2.644461,0.06650826,2.183274,-4.818994
10.94,-0.8419108,22.77118,3.461062,-0.3100309,2.202312,-4.389165
10.96,-0.1630219,20.68485,3.950634,-0.4173906,2.042999,-4.018982
10.98,0.4297736,18.9258,4.100469,-0.3629114,1.767668,-3.698323
11.00,0.6083411,17.48501,3.81671,-0.2828549,1.485358,-3.380241
11.02,0.6099011,16.0204,3.543752,-0.1608801,1.261438,-3.069864
11.04,0.9311612,14.57848,3.414665,-0.01474158,1.071774,-2.784863
11.06,1.478881,13.38772,3.130911,0.05075954,0.8925523,-2.502545
11.08,1.897035,12.14536,2.710407,0.08218084,0.7929823,-2.206789
11.10,2.090594,11.31355,2.186172,0.1339224,0.8500562,-1.89138
11.12,2.73578,10.52209,1.952286,0.1608018,0.929437,-1.528519
11.14,3.41341,9.709262,1.896972,0.1310088,0.9613107,-1.151744
11.16,3.710169,8.923666,1.724228,0.08121392,1.03862,-0.8064343
11.18,3.763601,8.149966,1.469906,0.02091846,1.14817,-0.5197492
11.20,3.762662,7.526807,1.43567,-0.09276737,1.193427,-0.2686321
11.22,3.838542,6.957396,1.809796,-0.2506842,1.105362,0.005557435
11.24,3.570618,6.882248,2.294371,-0.3770663,0.9061109,0.3331788
11.26,2.946502,7.258867,2.386339,-0.4286738,0.6644082,0.7091861
11.28,2.40911,7.824028,2.667799,-0.4119462,0.3701674,1.139298
11.30,1.922738,8.283599,3.121587,-0.3446442,0.005960958,1.554549
11.32,1.522982,8.5917,3.534175,-0.2356893,-0.4218667,1.90655
11.34,1.197811,9.22992,3.765339,-0.0985291,-0.8992544,2.202972
11.36,0.7694372,10.48543,4.137204,0.04587638,-1.424299,2.475708
11.38,0.2148462,12.36115,4.787251,0.1634993,-2.022108,2.71406
11.40,0.0009672619,14.46905,5.233185,0.222394,-2.687304,2.935535
11.42,-0.08508382,16.20698,4.91507,0.213522,-3.232165,3.202674
11.44,-0.3154458,17.27626,3.917173,0.1613688,-3.411478,3.511187
11.46,-0.7085882,18.21914,3.030848,0.05956899,-3.244007,3.786777
11.48,-1.030689,19.41742,2.426145,-0.1453778,-2.856088,3.979718
11.50,-1.405993,20.4401,1.958537,-0.4581397,-2.409179,4.034503
11.52,-1.093128,20.25531,1.484043,-0.7840875,-1.951214,4.010312
11.54,-0.5141404,19.26415,0.8910524,-0.9185846,-1.449616,3.980759
11.56,-0.4280401,18.84883,0.6241528,-0.8552924,-0.9327109,3.967622
11.58,-0.4698032,18.63884,0.7836565,-0.7824646,-0.5147875,3.981977
11.60,-0.5299634,18.3221,1.095672,-0.7846555,-0.2710691,4.009118
11.62,-0.6498253,17.89863,1.426502,-0.828633,-0.1650082,4.031676
11.64,-0.8198325,17.06933,1.562358,-0.8783326,-0.125634,4.008399
11.66,-1.090518,16.09008,1.439273,-0.936348,-0.09508733,3.895521
11.68,-1.397383,14.94547,1.365391,-1.027959,-0.0642368,3.718221
11.70,-1.481038,13.51812,1.305098,-1.133064,-0.05106464,3.514462
11.72,-1.344253,11.89055,1.227561,-1.209238,-0.07280773,3.273545
11.74,-1.230052,10.12274,1.179634,-1.21172,-0.140648,2.968102
11.76,-1.036694,8.667324,1.139212,-1.126071,-0.2416082,2.625127
11.78,-0.7578527,7.474345,0.8820089,-0.9783108,-0.3182594,2.282132
11.80,-0.8014393,6.482512,0.585933,-0.7991921,-0.367602,1.933347
11.82,-0.854575,5.70991,0.4322204,-0.6375448,-0.4034332,1.608995
11.84,-0.8820695,5.108986,0.3858965,-0.5116883,-0.4389232,1.289048
11.86,-0.83193,4.484128,0.3155068,-0.3961465,-0.4856721,0.9324549
11.88,-0.6010039,3.965782,0.3580084,-0.2723523,-0.549299,0.5600449
11.90,-0.3442245,3.629372,0.3847558,-0.151825,-0.6088545,0.1900032
11.92,-0.3845868,3.504612,0.1067202,-0.01487837,-0.619103,-0.1776493
11.94,-0.4520217,3.652112,-0.004212953,0.1218658,-0.580173,-0.5215929
11.96,-0.4532287,3.867028,0.08269632,0.2551539,-0.5402418,-0.862853
11.98,-0.3324668,4.42565,0.3107739,0.3670371,-0.520803,-1.196019
12.00,-0.2961641,5.202183,0.5475477,0.4184368,-0.5416334,-1.542721
12.02,-0.2777516,6.083916,0.7448547,0.3936058,-0.6037018,-1.91372
12.04,-0.1258129,6.733986,0.8507769,0.3699959,-0.6804758,-2.291416
12.06,-0.01102846,7.365066,0.8238304,0.4233931,-0.7122158,-2.661252
12.08,-0.08481381,8.382987,0.7722204,0.5638218,-0.6606311,-2.996087
12.10,-0.2537306,9.552754,0.7041777,0.6767486,-0.5193481,-3.27987
12.12,-0.2618409,10.7735,0.5215052,0.654192,-0.3272392,-3.544125
12.14,-0.3095332,11.94067,0.2932077,0.5735996,-0.112175,-3.842837
12.16,-0.1938113,13.45813,0.3577692,0.6221536,0.1258047,-4.226899
12.18,0.1023311,15.32194,0.7017857,0.8050288,0.3656741,-4.62291
12.20,0.1323322,17.38752,0.9472745,0.9401262,0.5463645,-4.931705
12.22,0.05143356,19.23835,1.142783,0.8807926,0.6909944,-5.051887
12.24,-0.002133282,20.34613,1.28142,0.629797,0.8774754,-4.958714
12.26,0.1817238,20.79467,1.215605,0.2425122,1.18804,-4.711618
12.28,0.1219365,20.8656,1.082251,-0.2339979,1.582982,-4.349095
12.30,0.3858586,20.19726,1.011345,-0.623704,1.988,-3.977768
12.32,0.9195498,18.81196,0.6814121,-0.7962304,2.445564,-3.723257
12.34,1.175823,17.61951,0.5614476,-0.7367308,2.884509,-3.544703
12.36,1.292721,17.00243,1.021083,-0.5870793,3.110639,-3.36864
12.38,0.4281318,16.39236,2.379485,-0.4377645,2.972183,-3.159692
12.40,0.6902925,15.19292,1.962858,-0.2895583,2.892857,-2.919798
12.42,0.5932847,14.05179,2.847547,-0.1065848,2.618261,-2.60183
12.44,1.066683,12.90075,2.878206,0.01246688,2.288265,-2.283088
12.46,1.38161,11.83945,2.276264,0.01459499,2.060482,-1.975708
12.48,1.66511,11.03659,2.309408,-0.04040017,1.846647,-1.632583
12.50,2.094321,10.33593,2.380986,-0.07808715,1.631292,-1.265135
12.52,2.630797,9.577492,2.633719,-0.122502,1.337518,-0.8819727
12.54,3.013804,8.939338,2.636906,-0.198962,0.9971925,-0.4994183
12.56,3.093758,8.713816,2.394862,-0.2945374,0.7090027,-0.1333666
12.58,3.068961,8.466015,2.168284,-0.384615,0.5148145,0.1794741
12.60,3.005916,8.086497,2.039817,-0.4529012,0.3622024,0.4529957
12.62,3.208873,7.473574,2.233005,-0.4614877,0.1511151,0.6845452
12.64,3.311591,7.392778,2.420856,-0.3853211,-0.1386252,0.8874104
12.66,2.899117,8.084136,2.391208,-0.2470248,-0.4235636,1.110838
12.68,2.352665,8.807918,2.514417,-0.1436084,-0.6503943,1.391443
12.70,1.832696,9.794209,2.55325,-0.1089218,-0.8469432,1.72101
12.72,1.442973,10.61315,2.59611,-0.1164914,-1.039534,2.038118
12.74,1.23166,11.46587,2.889433,-0.1212824,-1.253857,2.318297
12.76,1.039287,12.49012,3.130884,-0.1327085,-1.509838,2.558768
12.78,0.7563168,13.78909,3.307188,-0.214007,-1.778954,2.762522
12.80,0.3125268,15.34355,3.63745,-0.4288552,-2.081852,2.942444
12.82,-0.2623908,16.69411,3.636414,-0.7636884,-2.399063,3.101664
12.84,-0.5630357,17.55485,3.299792,-1.033485,-2.635461,3.250131
12.86,-0.6292768,17.58777,2.852854,-1.083569,-2.726382,3.369013
12.88,-0.7447624,17.7468,2.330991,-0.9958575,-2.718329,3.419842
12.90,-0.871385,17.69604,1.847236,-0.8280959,-2.675797,3.390257
12.92,-0.07566611,18.29072,1.997033,-0.5852177,-2.656009,3.424774
12.94,-0.1150617,17.70828,1.154018,-0.3017673,-2.363278,3.527796
12.96,-0.03196605,17.44206,0.770874,-0.1170544,-2.00379,3.634437
12.98,-0.06295959,16.99577,0.6037008,-0.1159871,-1.650993,3.751903
13.00,-0.2855971,16.46766,0.4154631,-0.1875704,-1.263134,3.829585
13.02,-0.5076214,15.54016,0.3642429,-0.2734507,-0.8129393,3.814273
13.04,-0.7504621,14.19219,0.2952687,-0.4026835,-0.3989768,3.651295
13.06,-0.7282535,12.76569,0.5716497,-0.5343962,-0.1759078,3.352962
13.08,-0.7250645,11.32137,1.047958,-0.6082112,-0.1406098,3.003317
13.10,-0.674968,10.07246,1.069902,-0.6433588,-0.1298816,2.676648
13.12,-0.7718073,9.051638,0.8684093,-0.693509,-0.1296045,2.345791
13.14,-1.025995,8.187785,0.8131188,-0.7339998,-0.1693554,2.00841
13.16,-1.063128,7.29155,1.095865,-0.7072579,-0.2761306,1.681016
13.18,-0.9919946,6.341035,1.410994,-0.5974747,-0.4591861,1.354598
13.20,-0.770183,5.55515,1.317782,-0.454293,-0.666684,1.046596
13.22,-0.5640329,5.028021,0.7922291,-0.3129687,-0.8133515,0.7538128
13.24,-0.6652266,4.698589,0.4194451,-0.1651845,-0.8969475,0.4749708
13.26,-0.6468198,4.548364,0.4194668,-0.02937435,-0.9158951,0.2051137
13.28,-0.4676473,4.565556,0.5891843,0.06642309,-0.8948361,-0.06747594
13.30,-0.5069823,4.734124,0.566042,0.09930269,-0.8290681,-0.3657595
13.32,-0.5483464,4.908083,0.4682934,0.09109517,-0.6976906,-0.6916187
13.34,-0.4675787,5.217596,0.4553312,0.07012106,-0.5210993,-1.034039
13.36,-0.4314491,5.622812,0.4890348,0.02795433,-0.3170758,-1.398413
13.38,-0.4559933,6.166285,0.5219218,-0.02250369,-0.1030374,-1.790628
13.40,-0.4461545,7.016826,0.6506446,-0.03054017,0.0898346,-2.187929
13.42,-0.4024989,7.993896,0.8837678,-0.0007153361,0.2475652,-2.557382
13.44,-0.4994734,9.084745,0.9501108,0.03445901,0.3841245,-2.88608
13.46,-0.6118569,10.38906,0.9913065,0.03681874,0.4835484,-3.164841
13.48,-0.6588979,11.74751,1.111443,0.02310985,0.5715858,-3.389678
13.50,-0.589735,13.02336,1.063117,0.02511092,0.7367253,-3.547362
13.52,-0.5909402,14.03112,0.8686229,0.02022105,1.007462,-3.682315
13.54,-0.7714172,15.26953,0.903259,-0.03945736,1.250283,-3.853617
13.56,-0.3284437,16.57584,1.477006,-0.1195062,1.341872,-3.997562
13.58,0.1868916,17.73489,1.916929,-0.08947987,1.368118,-4.076303
13.60,0.3359081,18.55111,1.881477,0.01275706,1.441197,-4.032469
13.62,0.7320093,18.86109,1.430798,0.07892943,1.634952,-3.883755
13.64,0.8071169,18.70637,1.195615,0.07931907,1.928989,-3.673653
13.66,0.7277994,17.83414,1.365041,-0.02162387,2.24626,-3.566654
13.68,1.10203,16.97491,1.730141,-0.1381302,2.559094,-3.541819
13.70,1.198434,16.03047,1.610015,-0.2078238,2.883295,-3.48032
13.72,0.5531087,15.62992,1.861539,-0.2428437,3.065813,-3.200788
13.74,0.04689711,15.06418,2.795855,-0.1873941,2.980917,-2.757255
13.76,-0.1035614,13.80188,3.291768,-0.0394378,2.705608,-2.355948
13.78,-0.01852226,12.86506,3.144438,0.09361618,2.409847,-2.059241
13.80,0.2784513,12.33298,3.217953,0.1685164,2.13659,-1.791985
13.82,0.5572839,11.70582,2.803651,0.2112804,1.969334,-1.529178
13.84,0.9162479,10.93053,2.613832,0.2375564,1.83904,-1.275441
13.86,1.218077,10.35358,2.449949,0.2513305,1.729225,-1.022577
13.88,1.476026,10.11329,2.394446,0.2258686,1.639792,-0.7543151
13.90,1.46621,9.650007,2.320566,0.09419595,1.578827,-0.5171254
13.92,1.358631,8.884309,2.27221,-0.1417372,1.497557,-0.3287538
13.94,1.491628,7.945453,2.320394,-0.3802865,1.362609,-0.1734748
13.96,1.821787,7.058258,2.436927,-0.5393236,1.149905,-0.02597437
13.98,2.139769,6.636164,2.583367,-0.5776907,0.8216877,0.1302692
14.00,2.252468,6.830585,2.753448,-0.4975563,0.4197089,0.3154176
14.02,2.174046,7.318978,2.889708,-0.3380649,-0.003526932,0.5593108
14.04,1.991893,7.733626,3.106549,-0.1869458,-0.426818,0.8544075
14.06,1.73406,8.146102,3.158621,-0.07624919,-0.8266073,1.166291
14.08,1.534853,8.735126,3.166813,-0.007063878,-1.208576,1.481409
14.10,1.498891,9.518213,3.348464,0.0390608,-1.595943,1.807123
14.12,1.419577,10.83407,3.466867,0.05778619,-1.970479,2.161298
14.14,1.183713,12.66397,3.558739,0.03564105,-2.31158,2.494348
14.16,0.9965208,14.54045,3.908303,-0.09763557,-2.662901,2.781129
14.18,0.7650585,16.23139,3.738682,-0.3121821,-2.987256,3.01149
14.20,0.566515,17.37771,3.108527,-0.5315257,-3.199467,3.209306
14.22,0.4224205,18.0006,2.537727,-0.6750936,-3.229208,3.371286
14.24,-0.0622077,18.57531,2.037203,-0.8019,-3.162083,3.550728
14.26,-0.9716855,18.29994,1.495062,-0.8485883,-3.052749,3.674242
14.28,-2.314514,16.43499,1.348729,-0.6807516,-3.044235,3.340366
14.30,-1.148949,17.09766,1.287228,-0.478505,-3.025951,3.137988
14.32,-1.83602,15.77205,1.33408,-0.2428823,-3.041506,2.992078
14.34,0.2314173,17.75115,0.6879478,-0.03211584,-2.697742,3.363146
14.36,-0.2641807,17.16692,0.2667081,0.1172803,-2.202624,3.662123
14.38,-0.4063861,16.20648,-0.1178022,0.1617957,-1.626383,3.812438
14.40,-0.4551205,15.11166,-0.2289453,0.112552,-1.043511,3.775861
14.42,-0.1489933,13.87387,0.1220982,0.02267472,-0.5926806,3.565109
14.44,0.05721552,12.5799,0.6801288,-0.05176476,-0.3628426,3.250283
14.46,-0.02193244,11.52485,0.6285221,-0.1385514,-0.102417,2.960603
14.48,-0.3003896,10.26558,0.306977,-0.2556776,0.2087067,2.660101
14.50,-0.6510538,9.067373,0.1476105,-0.3928114,0.4554524,2.345632
14.52,-0.6210747,8.195817,0.2504296,-0.4847698,0.6025773,2.03044
14.54,-0.4651483,7.432792,0.6618811,-0.4724979,0.6060038,1.711485
14.56,-0.4171494,6.65199,0.9537118,-0.3899393,0.5099636,1.3942
14.58,-0.4644284,6.161024,0.8459265,-0.3098892,0.3910618,1.103838
14.60,-0.6611354,5.699791,0.7403994,-0.2452459,0.2729095,0.8226315
14.62,-0.7267397,5.244204,0.7357796,-0.2071578,0.1641863,0.5492308
14.64,-0.5369913,5.003327,0.8161125,-0.1742803,0.04364956,0.2888121
14.66,-0.5686455,4.782973,0.7458648,-0.1248368,-0.06649774,0.006045711
14.68,-0.5548654,4.869994,0.701419,-0.05757049,-0.1614058,-0.2813958
14.70,-0.499518,5.053184,0.7040226,0.02323084,-0.194027,-0.5748438
14.72,-0.5803437,5.300685,0.6993513,0.09152316,-0.1804217,-0.8898477
14.74,-0.6850649,5.662126,0.8217425,0.1145265,-0.140824,-1.248954
14.76,-0.7569867,6.378693,1.052552,0.07522423,-0.1267096,-1.64257
14.78,-0.7428619,7.153558,1.199613,0.002634166,-0.1227049,-2.028059
14.80,-0.702916,7.804972,1.052922,0.001880064,-0.06856257,-2.372445
14.82,-0.730814,8.633921,0.9527921,0.1053078,0.04746118,-2.665561
14.84,-0.7747396,9.64011,0.9697165,0.2382234,0.192846,-2.926884
14.86,-0.9337368,10.69355,0.9370382,0.3213034,0.3411033,-3.184173
14.88,-0.9745646,11.84397,0.9596855,0.3923403,0.4652,-3.451287
14.90,-0.8011557,13.16171,1.094847,0.5329022,0.580752,-3.719547
14.92,-0.7116239,14.47663,1.179373,0.6876529,0.6819363,-3.950375
14.94,-0.8469322,16.07004,1.142571,0.7309496,0.8285323,-4.149599
14.96,-0.9505382,17.7599,1.120026,0.6089234,1.014989,-4.344108
14.98,-0.647281,18.58049,1.347509,0.3437383,1.208591,-4.494153
15.00,0.1586319,18.97843,1.408034,0.05294747,1.408675,-4.523414
15.02,-0.001629404,18.91299,1.741491,-0.2341435,1.653067,-4.407521
15.04,0.2310515,18.70127,1.91064,-0.5043231,1.937654,-4.212827
15.06,0.2698049,18.32063,1.275255,-0.7539274,2.381299,-3.901629
15.08,0.1545224,17.64265,1.232201,-0.8660604,2.880708,-3.488197
15.10,-1.247726,17.30386,1.052552,-0.9093561,3.223748,-2.904214
15.12,-1.326072,15.6837,3.054475,-0.7605916,3.093443,-2.358953
15.14,-0.5605223,13.81917,3.202958,-0.418751,2.795125,-2.062187
15.16,0.03635951,13.12867,3.294842,-0.1051587,2.432601,-1.902614
15.18,0.05979011,11.9328,3.252299,0.07640095,2.088731,-1.8169
15.20,0.129745,11.15819,2.857381,0.1719452,1.820586,-1.753362
15.22,0.5437847,10.58766,2.642845,0.2040754,1.601426,-1.639416
15.24,1.033016,10.29589,2.636114,0.1834467,1.362149,-1.424457
15.26,1.246772,9.88477,2.490177,0.1254964,1.133423,-1.14962
15.28,1.388399,9.501658,2.410215,0.04776485,0.934357,-0.8382137
15.30,1.623636,9.391148,2.295083,-0.07547287,0.7480855,-0.4888628
15.32,2.060227,8.956286,2.407249,-0.2355543,0.5334212,-0.1309765
15.34,2.25135,8.371515,2.197984,-0.3554573,0.3492443,0.1936912
15.36,2.362953,7.582036,2.046765,-0.3982955,0.1924887,0.4598361
15.38,2.499187,6.857901,2.104416,-0.3833118,0.01037347,0.6648678
15.40,2.629196,6.664315,2.353722,-0.3370883,-0.2618648,0.8315006
15.42,2.346121,7.21842,2.374087,-0.2740285,-0.5406665,1.01649
15.44,1.847076,8.051552,2.453652,-0.1896351,-0.7644402,1.261112
15.46,1.360433,8.994901,2.607459,-0.06754138,-0.9645829,1.538954
15.48,1.045241,9.705021,2.837015,0.08153078,-1.196979,1.812282
15.50,0.9380735,10.60232,3.294984,0.2149011,-1.521001,2.079316
15.52,0.6847118,12.08726,3.795935,0.3072222,-1.908658,2.360873
15.54,0.04241693,13.65234,4.016758,0.3101501,-2.257047,2.64138
15.56,-0.4383615,15.28461,4.044307,0.2016515,-2.551224,2.925217
15.58,-0.6877048,16.57591,3.98806,0.02848611,-2.761611,3.216752
15.60,-0.7809427,17.58478,3.170729,-0.1466806,-2.729811,3.479316
15.62,-0.7386988,17.89481,2.66559,-0.334996,-2.502188,3.623699
15.64,-1.201184,18.15512,2.409866,-0.5981573,-2.265534,3.664147
15.66,-0.575878,17.81209,2.268531,-0.8318716,-2.041609,3.658496
15.68,0.1119594,17.44725,1.856849,-0.8769323,-1.841169,3.625941
15.70,-0.156661,17.30593,1.529518,-0.7917742,-1.620063,3.629422
15.72,0.04651181,17.21518,1.499699,-0.6287503,-1.374906,3.643561
15.74,0.1985025,17.27697,1.341063,-0.522498,-1.189988,3.692941
15.76,0.1969526,16.71653,1.117069,-0.4745947,-0.9842378,3.739218
15.78,-0.140798,15.5668,0.8391027,-0.4303882,-0.7200506,3.704725
15.80,-0.4048696,14.44422,0.8492138,-0.4177943,-0.4977584,3.569931
15.82,-0.494534,13.24043,1.105443,-0.4306831,-0.4043719,3.342905
15.84,-0.481979,12.01413,1.131578,-0.4451749,-0.3809684,3.061607
15.86,-0.4899174,10.60323,0.8736923,-0.454569,-0.3399661,2.759894
15.88,-0.5657863,9.173591,0.6986154,-0.4407646,-0.2796724,2.425036
15.90,-0.7183098,8.094068,0.5165029,-0.4049495,-0.2326045,2.072777
15.92,-0.7115596,7.31587,0.5872136,-0.3433162,-0.2326789,1.723175
15.94,-0.5452467,6.724198,0.7296789,-0.2722099,-0.2938232,1.396992
15.96,-0.4244416,6.124055,0.7332627,-0.2013273,-0.3700832,1.098293
15.98,-0.3867018,5.656621,0.5325416,-0.1233325,-0.4279617,0.8373352
16.00,-0.3707031,5.335488,0.3998016,-0.02660156,-0.4601507,0.6099684
16.02,-0.3961417,5.129131,0.3647119,0.0893334,-0.444999,0.401222
16.04,-0.4523363,5.016665,0.339327,0.1748994,-0.3885553,0.1874994
16.06,-0.4850172,4.884595,0.2279837,0.2109295,-0.3145709,-0.06615998
16.08,-0.3744953,4.865202,0.2246517,0.231461,-0.2602119,-0.3766427
16.10,-0.1866054,5.147129,0.3906916,0.2498187,-0.220676,-0.7192742
16.12,-0.07557455,5.480527,0.4974037,0.262212,-0.1666421,-1.061569
16.14,-0.1129607,5.860842,0.5204566,0.2599438,-0.09034007,-1.379728
16.16,-0.2538377,6.432268,0.5551409,0.2434811,0.01063078,-1.671786
16.18,-0.5390859,7.218729,0.6534696,0.241219,0.1322477,-1.955943
16.20,-0.7013738,8.162542,0.8117923,0.2418098,0.2681536,-2.243931
16.22,-0.6644427,8.912252,0.8960484,0.2699179,0.3902015,-2.540045
16.24,-0.619476,9.661822,1.015157,0.3311257,0.4800052,-2.850696
16.26,-0.6294962,10.63127,1.174403,0.4105745,0.5470781,-3.154055
16.28,-0.6933489,11.87321,1.208385,0.4951549,0.6066852,-3.434746
16.30,-0.6596043,13.10669,1.346657,0.5777476,0.61823,-3.690954
16.32,-0.4817904,14.67417,1.531729,0.6054802,0.543052,-3.886788
16.34,-0.3040386,16.42357,1.337512,0.5328357,0.5102804,-3.998527
16.36,-0.2983369,17.72783,0.9108863,0.3926872,0.6557636,-4.03216
16.38,-0.01528544,18.44136,0.6068645,0.2424658,0.9533815,-4.0396
16.40,0.497095,18.36618,0.3833582,0.09206904,1.337127,-4.074621
16.42,0.5191592,17.93116,0.4404732,-0.03104533,1.678559,-4.09109
16.44,0.4748885,17.59367,0.8450314,-0.1658143,1.944039,-4.027601
16.46,0.7387484,17.17355,0.9658678,-0.2797421,2.232423,-3.928271
16.48,0.2830397,16.87846,1.102717,-0.3610587,2.504039,-3.708157
16.50,-0.3908559,16.49166,0.8561797,-0.4177595,2.782443,-3.301166
16.52,-0.9195722,15.68813,2.235861,-0.3229663,2.723819,-2.766467
16.54,-0.4194901,14.40079,2.950658,-0.06267377,2.443491,-2.311538
16.56,0.08980994,13.47098,3.192373,0.1838631,2.027847,-2.000544
16.58,0.03965713,12.55527,2.772243,0.2967291,1.713497,-1.776001
16.60,0.04493231,12.10892,2.198107,0.325155,1.585772,-1.578549
16.62,0.5257112,11.3227,2.62349,0.3457998,1.427954,-1.404069
16.64,0.9732739,10.33887,2.403828,0.3686919,1.267197,-1.261157
16.66,1.282303,9.763489,2.241746,0.3631248,1.134955,-1.075989
16.68,1.648938,9.210964,2.226079,0.3138953,1.005411,-0.8683843
16.70,1.814164,8.754079,2.303308,0.2278658,0.8278431,-0.6815737
16.72,2.017281,8.604718,2.558114,0.1412731,0.5805388,-0.4821122
16.74,2.150707,8.736517,2.691181,0.06928619,0.3078618,-0.2264793
16.76,2.163805,8.931324,2.626539,-0.03357767,0.05062457,0.1043912
16.78,2.216264,9.0857,2.397137,-0.1964888,-0.1700133,0.5209733
16.80,2.193898,9.091333,2.048311,-0.3808402,-0.2997072,0.9584171
16.82,2.037208,8.94112,1.727361,-0.5380062,-0.353121,1.325272
16.84,1.970768,9.035535,1.597183,-0.6595321,-0.3854881,1.598972
16.86,1.926744,9.285039,1.59218,-0.715248,-0.4348674,1.779382
16.88,1.799309,9.761498,1.685904,-0.7290255,-0.4886582,1.909535
16.90,1.580964,10.59918,1.834679,-0.7304801,-0.5428097,2.049829
16.92,1.229246,11.63635,1.939323,-0.7263641,-0.6106029,2.218587
16.94,0.7615483,12.98271,2.213126,-0.7096078,-0.7076222,2.403857
16.96,0.269644,14.41836,2.591217,-0.7020957,-0.8590494,2.592464
16.98,-0.1968338,15.68413,2.866132,-0.7545199,-1.072145,2.804119
17.00,-0.7184362,16.48292,2.869637,-0.8505238,-1.304128,3.003205
17.02,-1.075625,16.82466,2.875324,-0.9482641,-1.545138,3.150445
17.04,-1.525301,17.08946,2.913187,-1.051962,-1.833499,3.252218
17.06,-1.896848,17.14587,2.650329,-1.099104,-2.179281,3.298158
17.08,-3.083544,16.32945,2.257933,-0.9803559,-2.584539,3.125996
17.10,-1.871612,16.8852,2.167355,-0.869056,-2.8699,3.192245
17.12,-2.0004,16.1688,1.811237,-0.636747,-3.007018,3.188615
17.14,-1.827922,15.61185,0.9886441,-0.4510114,-2.730788,3.15378
17.16,-1.569524,14.61176,0.5891738,-0.4093333,-2.405601,3.103656
17.18,-1.130691,13.66384,0.4106762,-0.4266017,-2.086272,3.054197
17.20,-0.9620345,12.74271,0.3372355,-0.3880239,-1.74569,2.955734
17.22,-0.8311101,11.82348,0.4277228,-0.3426273,-1.399507,2.813915
17.24,-0.7943223,11.01883,0.3164469,-0.3759772,-1.060825,2.653844
17.26,-0.8557253,10.1369,0.1732941,-0.4715937,-0.7381763,2.446424
17.28,-0.715397,9.082984,0.2275518,-0.5499279,-0.45448,2.173427
17.30,-0.5785022,8.165041,0.2519752,-0.5769449,-0.2317576,1.846921
17.32,-0.3773774,7.445102,0.2156674,-0.5544378,-0.05735065,1.504929
17.34,-0.2949192,6.828546,0.2348446,-0.4792324,0.07017174,1.164298
17.36,-0.2617232,6.336699,0.3223125,-0.3896762,0.1497378,0.8478262
17.38,-0.2361096,6.007858,0.4600465,-0.3165064,0.1729064,0.5743828
17.40,-0.3216982,5.770134,0.5690006,-0.2517818,0.1607693,0.3157322
17.42,-0.3870066,5.581992,0.6626518,-0.1769217,0.1195415,0.05176727
17.44,-0.3462208,5.627948,0.7042152,-0.08017951,0.06470018,-0.2025565
17.46,-0.2860349,5.876636,0.7411365,0.01752514,0.007160529,-0.4367172
17.48,-0.3244269,6.020444,0.7574296,0.09969053,-0.02872489,-0.6692699
17.50,-0.3721513,6.328388,0.7539221,0.1661464,-0.03446267,-0.9122439
17.52,-0.343728,6.653995,0.7886457,0.2199431,-0.01415258,-1.17316
17.54,-0.2494549,7.031345,0.8340665,0.2614331,0.01161593,-1.451035
17.56,-0.1664212,7.59057,0.8588387,0.3063691,0.04220415,-1.726817
17.58,-0.1245944,8.324108,0.8531806,0.3750989,0.1060201,-1.98139
17.60,-0.1735543,9.166925,0.7225758,0.4715317,0.2360087,-2.207489
17.62,-0.3132409,10.02971,0.6183515,0.5507257,0.4301073,-2.423423
17.64,-0.4375764,10.87425,0.612196,0.580669,0.6447442,-2.658937
17.66,-0.5857202,11.82598,0.7635326,0.5396055,0.8173857,-2.931068
17.68,-0.5821584,12.76849,1.003184,0.4796002,0.9455006,-3.207624
17.70,-0.4890367,13.62899,1.073442,0.4656775,1.07592,-3.41868
17.72,-0.561637,14.40659,1.024089,0.4649765,1.223082,-3.537256
17.74,-0.7218675,15.08656,1.039716,0.4323132,1.368395,-3.604132
17.76,-0.4131815,15.55953,1.09624,0.3750287,1.516968,-3.675365
17.78,-0.6981367,16.10573,1.570085,0.3007548,1.628639,-3.682603
17.80,-0.4867436,16.48052,1.8559,0.1859483,1.716443,-3.569928
17.82,-0.7115293,16.45322,2.08689,0.05496518,1.719192,-3.370846
17.84,-0.5275047,16.34434,2.329057,-0.06365275,1.702801,-3.068525
17.86,-0.4741682,15.76569,2.115846,-0.14045,1.755938,-2.750528
17.88,-0.3311847,14.9559,2.085588,-0.1410376,1.806435,-2.479898
17.90,-0.01581842,14.22533,2.316668,-0.07597728,1.794799,-2.293063
17.92,0.3076906,13.55945,2.202283,-0.01184204,1.754883,-2.137422
17.94,0.1845685,13.10998,2.62606,0.001975728,1.623014,-1.89806
17.96,0.3255245,11.89807,2.28011,0.03628589,1.553479,-1.66842
17.98,0.5644721,10.92497,1.972643,0.1117613,1.530792,-1.465144
18.00,1.053379,10.27717,1.994425,0.185251,1.476877,-1.252691
18.02,1.457,9.685481,2.232984,0.2249558,1.335685,-1.060659
18.04,1.551986,9.37771,2.417896,0.2136708,1.130392,-0.8713179
18.06,1.51514,9.12139,2.358145,0.1584179,0.9605363,-0.6487761
18.08,1.520187,8.85704,2.148478,0.09312149,0.849309,-0.3819978
18.10,1.732515,8.431288,2.220903,0.04138574,0.7358991,-0.1200223
18.12,1.852129,8.009236,2.427344,-0.009786058,0.5583432,0.0914242
18.14,1.920417,8.209284,2.807104,-0.07443694,0.2995078,0.2897189
18.16,1.709343,8.72553,3.00625,-0.1675136,0.02765239,0.5211301
18.18,1.370133,9.024488,2.882789,-0.2787172,-0.1912552,0.8030862
18.20,1.210501,9.092903,2.67702,-0.3667473,-0.367708,1.100361
18.22,1.210631,9.221158,2.709029,-0.3880988,-0.5557595,1.362768
18.24,1.065863,9.480738,2.8845,-0.3663046,-0.7795154,1.558054
18.26,0.8102404,10.24296,3.084321,-0.360319,-1.047344,1.714579
18.28,0.5570009,11.30619,3.324243,-0.3844972,-1.352482,1.878044
18.30,0.2420346,12.50481,3.37655,-0.4181565,-1.656897,2.082325
18.32,-0.118814,13.62953,3.29627,-0.4334972,-1.922358,2.329388
18.34,-0.5839902,14.48647,2.990923,-0.4367735,-2.087933,2.567764
18.36,-0.8551209,15.22841,2.947698,-0.4670908,-2.20624,2.735816
18.38,-1.026691,15.82853,2.928374,-0.5774677,-2.340843,2.848682
18.40,-1.367298,16.00274,2.555698,-0.6982086,-2.45744,2.950537
18.42,-1.511053,15.77845,2.176423,-0.6837146,-2.520735,2.976396
18.44,-1.579729,15.22338,1.86183,-0.5740492,-2.588095,2.909436
18.46,-2.194128,13.92576,1.902739,-0.3751166,-2.839709,2.577395
18.48,-0.4674071,15.26721,1.757159,-0.2488721,-3.067392,2.662178
18.50,-0.2355462,15.78508,0.7764981,-0.1031916,-2.81159,2.973382
18.52,-0.04790684,15.6178,0.4873687,0.05596482,-2.391123,3.208089
18.54,0.05952387,14.59131,0.04303374,0.06953587,-1.924545,3.30014
18.56,0.2155057,13.53662,-0.1332164,0.01658606,-1.467952,3.235973
18.58,0.2909445,12.35649,0.06397963,-0.0004911138,-1.023703,3.027181
18.60,0.3700651,11.19678,0.3603948,-0.001308928,-0.6704157,2.731931
18.62,0.5190036,10.43189,0.4557432,-0.05159449,-0.3658685,2.462957
18.64,0.2198724,9.938253,0.2633311,-0.1433677,-0.05422125,2.224272
18.66,-0.1198814,9.453726,0.2752272,-0.2310212,0.2574665,2.021444
18.68,-0.3121988,8.780747,0.5458107,-0.3057067,0.4994823,1.82096
18.70,-0.3880721,7.918383,0.9349422,-0.3783022,0.5733307,1.585985
18.72,-0.3434094,7.095802,1.383892,-0.4351982,0.4803908,1.327719
18.74,-0.2763061,6.559345,1.350046,-0.4551412,0.3430932,1.074521
18.76,-0.3645923,6.155875,1.17478,-0.4398873,0.2320635,0.8161554
18.78,-0.5504639,5.770012,1.085351,-0.3783206,0.1576522,0.5507346
18.80,-0.5201159,5.417747,1.089786,-0.3035668,0.08784383,0.2829428
18.82,-0.42105,5.126585,1.124826,-0.2295871,-0.0003451029,-0.004434184
18.84,-0.411842,5.093246,1.124435,-0.151363,-0.09000804,-0.312429
18.86,-0.4088675,5.448519,1.097973,-0.06305467,-0.1437242,-0.5995615
18.88,-0.4837486,5.911012,0.9846219,0.01893788,-0.1460815,-0.8469839
18.90,-0.5723328,6.216263,0.8886159,0.07276432,-0.1014159,-1.094877
18.92,-0.6379621,6.541967,0.8305631,0.1320024,-0.02036906,-1.363403
18.94,-0.6707194,6.936936,0.801818,0.2210388,0.09461772,-1.66492
18.96,-0.6909057,7.503971,0.8772503,0.3482659,0.2211897,-2.015395
18.98,-0.7611896,8.24719,1.01731,0.467206,0.3146249,-2.406033
19.00,-0.8852167,9.405301,1.177905,0.5552275,0.3572963,-2.81018
19.02,-1.061981,10.76304,1.242997,0.6154468,0.3894684,-3.174636
19.04,-1.193249,11.91795,1.351754,0.659706,0.4152629,-3.468369
19.06,-1.35858,13.12181,1.597631,0.6528883,0.4167932,-3.692597
19.08,-1.668402,14.37676,1.901637,0.5316791,0.3278618,-3.861084
19.10,-1.660818,15.8473,2.210655,0.3051836,0.1560913,-3.946992
19.12,-1.237036,17.02606,2.277043,0.06838556,-0.001507536,-3.929114
19.14,-1.049463,17.59157,1.957075,-0.1208359,-0.01110834,-3.789263
19.16,-0.379985,17.94272,1.358312,-0.1914858,0.1572822,-3.456985
19.18,-0.2403255,17.10059,0.8747987,-0.374556,0.5558273,-3.368464
19.20,0.4981471,16.56827,0.6218465,-0.5621058,0.9746997,-3.344963
19.22,1.204056,16.17776,-0.5751404,-0.7067727,1.745225,-3.328898
19.24,1.354999,15.11998,-1.127744,-0.7200041,2.779584,-3.23826
19.26,-0.05865848,14.6092,-0.400012,-0.6744314,3.497914,-2.928181
19.28,-0.9811724,14.27955,0.9768564,-0.5980169,3.692938,-2.425231
19.30,-0.9937062,13.60184,2.360453,-0.3735687,3.555032,-1.912434
19.32,-0.9771464,12.53979,2.300698,-0.106432,3.430159,-1.524666
19.34,-0.8960062,11.3893,2.414577,0.07577979,3.237578,-1.274593
19.36,-0.4922407,10.56191,2.854281,0.1982632,2.92507,-1.139618
19.38,-0.1779933,10.07893,2.777489,0.2732026,2.606585,-1.060788
19.40,-0.0670398,9.718183,2.806004,0.2827937,2.285219,-0.9764846
19.42,0.2475468,9.390693,3.046475,0.2408077,1.899746,-0.8380013
19.44,0.5942101,9.299696,3.304576,0.1751907,1.426273,-0.6279082
19.46,0.6180952,9.16336,3.309117,0.06241767,0.9578201,-0.3734089
19.48,0.5902702,8.804341,3.217675,-0.07210991,0.5188143,-0.120015
19.50,0.8090548,8.530597,3.196349,-0.1544579,0.08152679,0.0863333
19.52,1.016121,8.469255,3.188141,-0.2156424,-0.3666177,0.2710133
19.54,0.8908563,8.464611,2.907972,-0.28451,-0.7409845,0.466942
19.56,0.71661,8.660667,2.591581,-0.3487525,-1.023587,0.6915404
19.58,0.5981557,8.679099,2.384703,-0.4044892,-1.224655,0.9168134
19.60,0.5108104,8.488287,2.322702,-0.4408946,-1.410511,1.088934
19.62,0.5736618,8.676415,2.536305,-0.4000848,-1.646098,1.208996
19.64,0.7110661,9.096692,2.835948,-0.2557691,-1.919845,1.309138
19.66,0.7267191,9.946588,2.95347,-0.1117911,-2.212622,1.463198
19.68,0.4837397,11.17225,2.937691,-0.01073265,-2.456998,1.733007
19.70,0.1492629,12.30873,2.711841,0.07469998,-2.55071,2.061391
19.72,-0.280145,13.15732,2.544671,0.1305441,-2.566867,2.369884
19.74,-0.5857571,13.95774,2.554529,0.1260106,-2.554333,2.627098
19.76,-0.4689011,14.82474,2.44115,0.1024479,-2.493133,2.831344
19.78,-0.566011,15.64978,2.518987,0.06227896,-2.378274,3.014153
19.80,-0.7506101,16.35654,2.146354,-0.04323985,-2.15431,3.15902
19.82,-0.9526353,16.74887,1.905988,-0.2395574,-1.853194,3.221442
19.84,-1.54334,16.10886,2.062173,-0.393937,-1.723542,3.04379
19.86,-1.151978,15.37313,2.427004,-0.4643336,-1.709049,2.809352
19.88,-1.895376,15.04108,1.738419,-0.4741834,-1.682862,2.571795
19.90,-2.772594,14.19254,2.190625,-0.4437754,-1.719299,2.192864
19.92,1.023652,16.59082,2.227028,-0.3553652,-1.683537,2.661849
19.94,-0.7094684,15.89107,0.344501,-0.2612639,-1.398256,3.186359
19.96,-0.4864654,15.01617,0.7736896,-0.2813383,-1.184669,3.499769
19.98,-0.4924102,13.12825,0.9027706,-0.3354273,-0.9043083,3.506789
20.00,-0.3302304,11.61472,0.554211,-0.360076,-0.6042365,3.262612
20.02,0.1806516,10.06718,0.7915428,-0.3880684,-0.3496089,2.855622
20.04,0.7702864,9.480576,0.8819461,-0.3916341,-0.149546,2.426976
20.06,0.7451926,8.889179,0.6889653,-0.3851909,0.07681714,2.048361
20.08,0.4896851,8.10569,0.665286,-0.3857689,0.3145095,1.737214
20.10,0.07655913,7.504345,0.6559907,-0.4006042,0.5212068,1.474843
20.12,-0.09536128,6.877983,0.8533133,-0.4230242,0.6332245,1.252692
20.14,-0.05570845,6.465794,1.141937,-0.4119043,0.6326263,1.068998
20.16,-0.09760021,6.037046,1.266556,-0.34719,0.5745746,0.8941508
20.18,-0.1779093,5.656251,1.244929,-0.24818,0.4820977,0.7057207
20.20,-0.1105422,5.392506,1.287339,-0.1437653,0.3429726,0.4925596
20.22,-0.0231403,5.30048,1.40813,-0.05028887,0.1658307,0.2362734
20.24,0.01370861,5.152102,1.46072,0.03987866,-0.01468938,-0.06122944
20.26,0.07340015,5.141488,1.341623,0.1438635,-0.1601237,-0.3709286
20.28,0.1143898,5.233037,1.112865,0.2650306,-0.2388722,-0.6675814
20.30,0.1211168,5.492792,0.9688724,0.3907075,-0.2698765,-0.9515908
20.32,0.1542225,6.068566,1.010971,0.4910826,-0.2991087,-1.223876
20.34,0.1893673,6.878365,1.123444,0.5465766,-0.3372246,-1.486258
20.36,0.1467931,7.645967,1.138085,0.5758569,-0.3771282,-1.752344
20.38,0.07644968,8.127012,1.081329,0.6346003,-0.4190912,-2.011918
20.40,0.05995823,8.700774,1.08149,0.7340744,-0.4535879,-2.246915
20.42,-0.01869778,9.398034,0.9814901,0.8300292,-0.4435071,-2.446163
20.44,-0.1524495,10.22104,0.6806698,0.8575011,-0.3464018,-2.630208
20.46,-0.2903834,11.15249,0.4632435,0.8306245,-0.1981837,-2.832666
20.48,-0.2800122,11.99693,0.5090714,0.8127244,-0.04322545,-3.058179
20.50,-0.202479,12.80975,0.6906382,0.8312762,0.1140589,-3.29497
20.52,-0.2608907,13.74422,0.7162158,0.8156503,0.3068142,-3.499617
20.54,-0.4065851,14.74486,0.6932594,0.7020014,0.5084555,-3.629145
20.56,-0.5095649,15.71495,0.8248715,0.484876,0.7063335,-3.65405
20.58,-0.5572844,16.41162,0.9977481,0.1991567,0.9035438,-3.56385
20.60,-0.5368833,16.59941,0.9525485,-0.09621339,1.114942,-3.402891
20.62,-0.2380029,16.55652,0.9105422,-0.3395722,1.301085,-3.196125
20.64,0.2588791,16.24131,0.6653872,-0.5156339,1.538917,-2.976478
20.66,0.4516107,15.55816,0.3073283,-0.6021651,1.841462,-2.764855
20.68,0.3841839,14.66896,0.134664,-0.605229,2.151585,-2.547007
20.70,0.5015714,13.83913,0.05506153,-0.531546,2.448403,-2.318629
20.72,0.5349458,13.278,0.594762,-0.3874508,2.5787,-2.066516
20.74,0.5422885,12.5957,1.348729,-0.2128096,2.508896,-1.813132
20.76,0.6846303,11.64468,1.502371,-0.0341299,2.37053,-1.610891
20.78,0.7986088,11.02731,1.405933,0.1151535,2.228442,-1.441253
20.80,0.8453708,10.71571,1.399069,0.1880567,2.096139,-1.256132
20.82,0.8605245,10.42344,1.41169,0.2060503,1.961775,-1.046229
20.84,0.965413,10.11335,1.618978,0.1930577,1.795856,-0.8238947
20.86,1.077538,9.870836,1.751107,0.1367437,1.594134,-0.595212
20.88,1.161478,9.640148,1.803274,0.05003758,1.363945,-0.3581499
20.90,1.180587,9.423728,1.866544,-0.042555,1.112538,-0.1321121
20.92,1.143648,9.31054,1.938138,-0.13654,0.8417797,0.07721466
20.94,1.069124,9.28256,2.008821,-0.2419953,0.5376806,0.2790801
20.96,0.9486216,9.210279,1.988099,-0.3372124,0.2282985,0.4758338
20.98,0.8944231,9.197332,1.977475,-0.4022061,-0.07186964,0.6756496
21.00,0.7781025,9.376629,1.863425,-0.4605366,-0.3439102,0.8795722
21.02,0.5441254,9.702068,1.739415,-0.5344759,-0.597311,1.079436
21.04,0.2667577,9.996189,1.600201,-0.6176969,-0.8062391,1.26603
21.06,0.09327142,10.39564,1.446698,-0.663296,-0.97422,1.435199
21.08,0.02249648,10.9568,1.370221,-0.6861483,-1.107124,1.604393
21.10,-0.2978774,11.53233,1.12887,-0.7391437,-1.177945,1.784588
21.12,-0.75975,11.70273,0.7646441,-0.8318039,-1.158003,1.952199
21.14,-0.9272978,11.67678,0.3367095,-0.8687673,-1.077686,2.079815
21.16,-0.8427824,11.95258,0.2339578,-0.8126975,-0.9858295,2.160491
21.18,-1.117884,12.2205,0.1359714,-0.740086,-0.8934002,2.198745
21.20,-1.818553,12.35452,-0.1226813,-0.7424907,-0.7860422,2.193072
21.22,-2.397234,11.89449,-0.3186734,-0.8124344,-0.6793832,2.11282
21.24,-2.192868,11.42925,-0.2554623,-0.7843019,-0.6424796,1.967333
21.26,-1.823221,11.88012,0.4072153,-0.5861785,-0.6870401,1.796974
21.28,-2.054187,11.84736,0.6446716,-0.3882996,-0.7156752,1.646726
21.30,-2.447464,11.19988,0.3823597,-0.3565251,-0.735532,1.545805
21.32,-2.362879,10.2641,0.1759056,-0.3969589,-0.7659118,1.446084
21.34,-2.35194,9.6804,0.4304715,-0.2879272,-0.8965978,1.243417
21.36,-1.968909,10.05081,0.6170641,-0.08193948,-1.011439,1.086367
21.38,-1.595248,10.32615,0.4455161,0.01120998,-1.028303,1.056644
21.40,-1.534478,9.901148,0.3868562,0.03254414,-1.010171,1.01043
21.42,-1.12135,9.50127,0.4377105,0.07253303,-0.9770209,0.9186631
21.44,-0.8310268,9.597449,0.4687322,0.1913051,-0.9122281,0.7667168
21.46,-0.6210048,9.620126,0.4961143,0.2783005,-0.7927884,0.5860696
21.48,-0.5537763,9.535201,0.2208012,0.2558639,-0.6284221,0.427838
21.50,-0.5887172,9.57894,-0.06367672,0.1254201,-0.3826045,0.301008
21.52,-0.5864728,9.404866,-0.1886538,-0.02970561,-0.07739702,0.1774477
21.54,-0.2918281,9.152902,-0.05008683,-0.12121,0.1940796,0.01613874
21.56,0.1595709,8.956776,0.2454948,-0.1417526,0.3633029,-0.1752336
21.58,0.5915946,8.76085,0.4393106,-0.1471922,0.4359741,-0.3510816
21.60,0.9855047,8.892624,0.4493752,-0.1372617,0.4161343,-0.4616209
21.62,1.242006,9.177666,0.4829098,-0.08190057,0.34891,-0.4920862
21.64,1.331624,9.359597,0.5561299,0.03808537,0.3014337,-0.4532383
21.66,1.37237,9.346738,0.5822363,0.1815581,0.2681539,-0.379398
21.68,1.474196,9.361928,0.7379776,0.2770124,0.1760785,-0.3175874
21.70,1.555057,9.599451,0.9248736,0.3131598,0.01219517,-0.2913555
21.72,1.596298,9.818574,0.9309078,0.3033954,-0.1424743,-0.2831931
21.74,1.615618,9.808507,0.8249077,0.2897116,-0.2428118,-0.2894777
21.76,1.662415,9.686728,0.7562581,0.3013016,-0.3010757,-0.3051171
21.78,1.695608,9.552106,0.8239269,0.3294914,-0.3639024,-0.3361771
21.80,1.661124,9.562576,0.8875407,0.3528947,-0.4511755,-0.3627349
21.82,1.586251,9.781383,0.8436574,0.3514459,-0.5428609,-0.3532537
21.84,1.439706,10.14097,0.7122636,0.3008771,-0.607834,-0.2949214
21.86,1.207195,10.29211,0.5247377,0.2227216,-0.6013732,-0.223663
21.88,1.113205,10.09626,0.3461393,0.1346154,-0.5218246,-0.1811667
21.90,1.187314,9.819753,0.2359334,0.08548281,-0.42038,-0.1897334
21.92,1.258351,9.613191,0.3291458,0.08628357,-0.3286417,-0.2484961
21.94,1.248238,9.572013,0.4154718,0.1063078,-0.277038,-0.31638
21.96,1.144724,9.865675,0.2282393,0.08100215,-0.2072417,-0.3400997
21.98,1.001016,10.03956,0.04863477,0.008312519,-0.1078101,-0.3403112
22.00,0.8413118,10.02726,-0.03491517,-0.08051253,0.00336978,-0.3544018
22.02,0.9483168,9.743946,0.07373292,-0.1219292,0.07060278,-0.3832
22.04,1.167057,9.487207,0.3397792,-0.0992597,0.06253942,-0.4293035
22.06,1.231534,9.516121,0.3969697,-0.03265349,0.01143088,-0.4716869
22.08,1.201555,9.679693,0.2663459,0.005481345,-0.03230005,-0.4782304
22.10,1.0725,9.877009,0.1468608,0.01486713,-0.05406664,-0.4473179
22.12,1.021389,10.04524,0.1213418,-0.003364561,-0.0740944,-0.3888039
22.14,1.008845,10.0035,0.07002631,-0.02571721,-0.0936273,-0.3393828
22.16,1.10043,9.859539,0.1168689,-0.01592203,-0.1352601,-0.3107244
22.18,1.219993,9.78857,0.147975,0.02067153,-0.1803513,-0.2941604
22.20,1.256599,9.883542,0.06455176,0.05781219,-0.1951433,-0.2570603
22.22,1.238306,9.955895,-0.01424291,0.06363764,-0.1716669,-0.1978839
22.24,1.177787,9.991294,-0.1088246,0.04244191,-0.1263918,-0.1360852
22.26,1.182716,9.902029,-0.1319171,0.00720218,-0.06275169,-0.08542302
22.28,1.269081,9.745844,-0.1278264,-0.01238725,0.02054761,-0.03534533
22.30,1.34943,9.667806,-0.1252966,-0.01183856,0.1055595,0.003010406
22.32,1.311004,9.813003,-0.08213303,0.008345318,0.1875535,0.03722608
22.34,1.148253,10.01108,-0.1192609,0.03247572,0.2733454,0.05855799
22.36,0.9746184,10.19646,-0.1230792,0.01555621,0.3575985,0.07653619
22.38,0.8061482,10.18347,-0.1410853,-0.0468874,0.4109188,0.09908146
22.40,0.8017212,10.04522,-0.09101526,-0.1244213,0.4178058,0.1213296
22.42,0.8419415,9.822609,0.02665423,-0.1634867,0.3960662,0.1318142
22.44,0.8402658,9.710158,0.1442565,-0.1475645,0.3668072,0.1343658
22.46,0.7624525,9.771094,0.2214273,-0.1022891,0.3287334,0.1287424
22.48,0.7277532,9.821743,0.2493958,-0.08992708,0.2845897,0.1348466
22.50,0.6868696,9.82335,0.1358558,-0.1221828,0.2483534,0.1527835
22.52,0.6554286,9.801477,0.07713112,-0.1571245,0.2324241,0.1770738
22.54,0.6960983,9.740491,0.0873581,-0.1542373,0.2448625,0.1990436
22.56,0.725659,9.681746,0.1468161,-0.1141667,0.2715518,0.2051094
22.58,0.7706212,9.627426,0.244532,-0.06733001,0.2757785,0.1879422
22.60,0.7946687,9.576167,0.3529935,-0.03929099,0.2549792,0.1622327
22.62,0.6922438,9.607235,0.3723035,-0.03738078,0.2416455,0.1436821
22.64,0.5409433,9.691091,0.3392999,-0.04242608,0.2383898,0.1153446
22.66,0.4967115,9.81464,0.4141662,-0.03744031,0.2132393,0.07130348
22.68,0.5295098,9.877068,0.487597,-0.02282165,0.1620102,0.01850366
22.70,0.5974902,9.965448,0.5462887,-0.009395486,0.09154606,-0.02328746
22.72,0.6178356,9.993626,0.5360871,0.0007181959,0.02770832,-0.05854532
22.74,0.6570795,9.867955,0.5829071,0.01300687,-0.0409652,-0.09804177
22.76,0.726391,9.774447,0.6408981,0.02479799,-0.1249999,-0.1297035
22.78,0.769522,9.85375,0.6185505,0.03200326,-0.2065187,-0.1350753
22.80,0.7597451,9.949202,0.5040065,0.02938329,-0.2633714,-0.1146747
22.82,0.8111675,9.994945,0.4532804,0.03896725,-0.3006977,-0.08554247
22.84,0.8689288,10.01168,0.4263454,0.06907745,-0.309288,-0.06249568
22.86,0.8829219,9.947526,0.3800874,0.09981023,-0.2952833,-0.05236797
22.88,0.8708262,9.916167,0.3079763,0.0982687,-0.2676377,-0.04278756
22.90,0.8084635,9.846185,0.1969714,0.07012739,-0.2204471,-0.01966685
22.92,0.8263515,9.805821,0.1561636,0.04488982,-0.1592126,0.002547051
22.94,0.8519858,9.768044,0.1700444,0.03636671,-0.09919918,0.01230871
22.96,0.8714485,9.710492,0.2173088,0.03834669,-0.05360149,0.006867483
22.98,0.8863792,9.660179,0.2537649,0.04204695,-0.02476169,-0.009576199
23.00,0.883352,9.6856,0.2828002,0.04262876,-0.005617434,-0.02117513
23.02,0.8453572,9.732481,0.285541,0.03376595,0.008701415,-0.02650109
23.04,0.8310789,9.746055,0.3185624,0.02536103,0.00748439,-0.03058727
23.06,0.8181738,9.760657,0.3823285,0.02294436,-0.01449261,-0.03687292
23.08,0.8192474,9.775058,0.4104452,0.02663086,-0.0449687,-0.03915355
23.10,0.8075735,9.837344,0.3973676,0.02900017,-0.07465386,-0.01983224
23.12,0.7635729,9.92994,0.3542286,0.02545649,-0.09759942,0.02343275
23.14,0.7187825,9.971117,0.325665,0.01903679,-0.11667,0.07461666
23.16,0.7357948,9.964375,0.3286045,0.01229728,-0.1394981,0.123496
23.18,0.754634,9.902559,0.3412737,0.008047774,-0.1706189,0.1555429
23.20,0.8080907,9.858326,0.335081,0.00795891,-0.2057376,0.1735004
23.22,0.8686654,9.854548,0.2937137,0.01726752,-0.2364318,0.1794182
23.24,0.8969132,9.902078,0.2529278,0.02730568,-0.2475262,0.1800713
23.26,0.8759286,9.916652,0.1654311,0.01955722,-0.2286447,0.1799594
23.28,0.8385506,9.887408,0.06170229,-0.02147072,-0.1904399,0.1687343
23.30,0.8941776,9.803013,-0.005446238,-0.07658864,-0.1338007,0.1340539
23.32,0.9507219,9.725183,0.01727508,-0.1134413,-0.07155193,0.0577372
23.34,0.9783862,9.633575,0.03528323,-0.123367,0.00839734,-0.02507749
23.36,0.9350893,9.528053,0.02950459,-0.1184547,0.09690526,-0.08380606
23.38,0.8840731,9.617633,0.02916945,-0.09049615,0.1828787,-0.1004133
23.40,0.8257377,9.818039,0.07118511,-0.05715794,0.2444829,-0.0752914
23.42,0.7659667,9.943467,0.1257744,-0.03613715,0.2716258,-0.03601244
23.44,0.7401674,9.926028,0.1717868,-0.03339052,0.2709953,0.007457122
23.46,0.7013894,9.836224,0.2682437,-0.03120793,0.2470057,0.02806305
23.48,0.6918083,9.778559,0.3768845,-0.02192455,0.2103728,0.02651704
23.50,0.7061284,9.749915,0.4119243,-0.01193526,0.1607589,0.01559297
23.52,0.6892409,9.813308,0.394863,-0.01037255,0.1193734,0.005080188
23.54,0.673629,9.855153,0.3909802,-0.01084445,0.08182356,-0.006501263
23.56,0.7440448,9.802108,0.4130036,-0.01065516,0.0459893,-0.01581715
23.58,0.7818468,9.775708,0.4629849,-0.0005255424,0.01475932,-0.03363372
23.60,0.8190404,9.759239,0.4585636,0.003863981,-0.01314947,-0.06855182
23.62,0.8620487,9.743736,0.4403021,0.0004619019,-0.02302377,-0.1086813
23.64,0.8525572,9.618155,0.4330195,-0.0053617,-0.01857476,-0.1428005
23.66,0.835263,9.585637,0.4011295,0.002637723,0.004110843,-0.1481175
23.68,0.8184784,9.716312,0.4024511,0.02097485,0.03669827,-0.1269386
23.70,0.837218,9.881684,0.4385385,0.03246139,0.05213734,-0.09430033
23.72,0.8607067,10.01148,0.4795851,0.01815249,0.04298459,-0.06031943
23.74,0.8416091,10.0022,0.4653113,-0.02104197,0.02743366,-0.03817427
23.76,0.8251175,9.886971,0.4297672,-0.0614656,0.02464294,-0.02188352
23.78,0.8471642,9.786923,0.4364772,-0.08285031,0.0267191,-0.01476393
23.80,0.8527758,9.692785,0.428852,-0.08294889,0.03062986,-0.01251723
23.82,0.8604946,9.67842,0.3910806,-0.06553023,0.03150248,-0.01779886
23.84,0.8483834,9.690339,0.4044302,-0.03368381,0.03319524,-0.03158668
23.86,0.8461979,9.712164,0.406956,-0.004893358,0.02999012,-0.03970589
23.88,0.8055848,9.760824,0.3662937,0.004204988,0.02739566,-0.03415147
23.90,0.7680526,9.795961,0.351081,0.0007711196,0.02497098,-0.0190395
23.92,0.7482817,9.797527,0.3693017,0.005335837,0.02151976,-0.0005350037
23.94,0.7481613,9.797588,0.3998342,0.01521041,0.01722179,0.007231783
23.96,0.7661446,9.778547,0.4010861,0.0230365,0.01178348,-0.00153692
23.98,0.8025435,9.785872,0.4205496,0.01834479,0.00742857,-0.01244344
24.00,0.8063599,9.856336,0.4169024,0.009519827,0.002582769,-0.02131864
24.02,0.80695,9.950249,0.3990563,-0.009785774,0.005747449,-0.01517032
24.04,0.7999692,9.978332,0.3697414,-0.02572573,0.01890355,0.0008886369
24.06,0.792476,9.953047,0.347728,-0.04235564,0.03561501,0.007673084
24.08,0.8073794,9.84629,0.3623496,-0.04820199,0.04280579,0.004642992
24.10,0.8145419,9.791093,0.3379159,-0.04617513,0.04827533,0.005696216
24.12,0.7704778,9.799304,0.3186103,-0.03310514,0.05977237,0.007775844
24.14,0.7458989,9.801365,0.3320199,-0.01946182,0.07054422,0.01751705
24.16,0.7401161,9.786025,0.3413748,-0.01315431,0.07743371,0.02133276
24.18,0.7392499,9.747295,0.3819092,-0.01301451,0.07173478,0.0206082
24.20,0.7493466,9.741389,0.4395418,0.00357276,0.06088949,0.01246488
24.22,0.7333937,9.765187,0.4721617,0.02201337,0.04238457,0.001060557
24.24,0.7140473,9.858525,0.4678072,0.02167025,0.02391945,0.004654791
24.26,0.6645399,9.897861,0.4104069,0.01025707,0.02246531,0.02197964
24.28,0.6455668,9.916961,0.4205569,0.002757732,0.0283137,0.04094969
24.30,0.6717235,9.846855,0.4719749,0.005974429,0.03274988,0.04635888
24.32,0.7145001,9.759773,0.4845406,0.004665775,0.02791741,0.0327096
24.34,0.7280983,9.707318,0.494523,0.005276607,0.01995139,0.01091012
24.36,0.7037264,9.70399,0.5086702,0.006801344,0.01002488,-0.01746869
24.38,0.6935312,9.733329,0.5236689,0.0133528,0.000895331,-0.03188305
24.40,0.6930034,9.797128,0.517559,0.01728131,-0.008845275,-0.0262708
24.42,0.6700023,9.868824,0.5055853,0.02571863,-0.009223511,-0.01131477
24.44,0.6898457,9.885715,0.542288,0.0259908,-0.01250328,0.003007811
24.46,0.7126309,9.825808,0.5352002,0.01085179,-0.01485005,0.01112667
24.48,0.7221793,9.800862,0.5154809,-0.003891727,-0.02180435,0.00756174
24.50,0.7317405,9.807972,0.541903,-0.01669424,-0.02499123,0.002759638
24.52,0.7207724,9.761255,0.4855821,-0.01737117,-0.01956353,-0.004861902
24.54,0.7270201,9.771562,0.4923179,-0.007071063,-0.01407864,-0.01493247
24.56,0.7436684,9.803901,0.5149841,-0.00259209,-0.01556302,-0.0191692
24.58,0.7720265,9.782095,0.4775148,-0.007072895,-0.02361409,-0.02524231
24.60,0.784313,9.798161,0.4892254,-0.008814295,-0.03991753,-0.02828607
24.62,0.7495735,9.817604,0.4888295,-0.004090081,-0.04226944,-0.02692801
24.64,0.7137306,9.846277,0.4551367,0.002067565,-0.03313095,-0.02025375
24.66,0.7209769,9.806442,0.4397829,-0.00663542,-0.03055674,-0.01513784
24.68,0.7401993,9.785867,0.4469368,-0.01508012,-0.0288694,-0.01514035
24.70,0.7478681,9.761412,0.4543346,-0.009435928,-0.03205068,-0.02328841
24.72,0.7590737,9.802924,0.4647737,0.004471531,-0.03278786,-0.03226655
24.74,0.7620074,9.857434,0.4417737,0.01214573,-0.03257667,-0.03147499
24.76,0.7522686,9.879603,0.4056391,0.00201402,-0.02457953,-0.01280007
24.78,0.7381353,9.84562,0.3970801,-0.01220899,-0.01232114,0.003841109
24.80,0.762877,9.779233,0.411834,-0.01474804,-0.001011246,0.01453879
24.82,0.773703,9.742457,0.4512263,-0.002744281,0.009673326,0.01141113
24.84,0.7577012,9.736162,0.4448045,0.004819361,0.009715974,0.001360033
24.86,0.7141305,9.719241,0.4203112,0.00402795,0.01114194,-0.007344009
24.88,0.6990014,9.769495,0.4343523,-0.0001985095,0.01878801,-0.009021816
24.90,0.6799651,9.760374,0.4407835,-0.002883278,0.03642806,-0.001141667
24.92,0.7134901,9.785212,0.4640433,-0.004897912,0.044342,0.011852
24.94,0.7158055,9.800362,0.4835883,-0.01020306,0.04822202,0.0214869
24.96,0.7141011,9.798087,0.5136769,-0.01537987,0.03978384,0.01629493
24.98,0.7390054,9.826544,0.533987,-0.01807505,0.02380539,0.004358308
25.00,0.7357274,9.864947,0.5068024,-0.01413149,0.008655909,0.0002766503
25.02,0.6788492,9.911278,0.4737737,-0.01389809,0.01055764,0.005640634
25.04,0.6710486,9.919249,0.4773235,-0.01884278,0.01248753,0.01856941
25.06,0.7078803,9.853847,0.4481439,-0.03432586,0.01041875,0.03249414
25.08,0.7195784,9.830587,0.4188531,-0.03657021,0.01481929,0.03857427
25.10,0.7206689,9.804211,0.4389247,-0.02517644,0.02344694,0.03034977
25.12,0.7335024,9.746346,0.4439734,-0.006790562,0.02497551,0.0137011
25.14,0.7235163,9.74184,0.4603482,0.01114618,0.02267145,-0.009037964
25.16,0.7116931,9.787229,0.4493886,0.0227666,0.01968491,-0.02390185
25.18,0.7150455,9.844492,0.4428574,0.02815882,0.01740501,-0.02415857
25.20,0.7148843,9.915876,0.4626941,0.02906719,0.01626298,-0.01098692
25.22,0.7083288,9.922817,0.4711074,0.02634042,0.01135841,0.005428137
25.24,0.7029551,9.922761,0.4861984,0.02056874,0.005539528,0.01366979
25.26,0.7183617,9.871225,0.509263,0.009076314,-0.00158463,0.01103816
25.28,0.7353481,9.78592,0.4750876,-0.004566418,-0.009411655,0.002333012
25.30,0.7482225,9.774204,0.4627995,-0.007565308,-0.01574816,-0.004532767
25.32,0.7282825,9.749429,0.4437228,-0.0003775535,-0.01351815,-0.01051451
25.34,0.7480999,9.716563,0.4309253,0.01367154,-0.01606321,-0.01109512
25.36,0.7624719,9.748087,0.4530862,0.02240506,-0.02080003,-0.008595616
25.38,0.7669686,9.775701,0.4470312,0.030397,-0.02774079,-0.0017738
25.40,0.766912,9.820189,0.4424467,0.03309334,-0.02614287,0.005501046
25.42,0.7133737,9.848869,0.4375968,0.03288671,-0.01167066,0.006321943
25.44,0.6540076,9.809221,0.4544761,0.02595228,-0.0005747901,-0.01044769
25.46,0.665159,9.743512,0.4827903,0.01053234,-0.003563633,-0.03373311
25.48,0.7174512,9.701484,0.4960995,-0.006171558,-0.018363,-0.04419424
25.50,0.7112856,9.726752,0.4674791,-0.01407993,-0.02437185,-0.03296681
25.52,0.6980174,9.786804,0.4534213,-0.005738945,-0.02463247,-0.009363945
25.54,0.6855663,9.830874,0.4567528,0.009950895,-0.02262619,0.01433364
25.56,0.6846208,9.825278,0.4405139,0.01293728,-0.01822162,0.02139422
25.58,0.6847448,9.796982,0.4472437,0.005186231,-0.01363239,0.01424122
25.60,0.7148178,9.795405,0.4396524,-0.004467915,-0.006710411,0.002378352
25.62,0.7101601,9.814698,0.418832,-0.008951737,0.01140644,-0.0003076349
25.64,0.6727316,9.856216,0.4009861,-0.01120078,0.0316636,0.002109451
25.66,0.6889864,9.848935,0.418267,-0.01992624,0.04206348,0.00895561
25.68,0.7080159,9.805839,0.4108137,-0.02955098,0.03721182,0.01036535
25.70,0.7048635,9.794538,0.4333966,-0.02792978,0.02825565,0.006888879
25.72,0.6613013,9.813344,0.4226762,-0.01500769,0.02503876,-0.0007643587
25.74,0.6050825,9.825723,0.3908004,-0.005626146,0.02884845,-0.003025093
25.76,0.5911722,9.819791,0.3918898,-0.00776395,0.02671335,-0.008099677
25.78,0.640561,9.757936,0.4037563,-0.01097527,0.01970074,-0.01530564
25.80,0.6761196,9.756021,0.4263186,-0.0002076567,0.01138415,-0.02236932
25.82,0.6714622,9.80027,0.4350518,0.01062836,0.0104304,-0.02185514
25.84,0.6723595,9.812154,0.4122887,0.01210653,0.01185946,-0.01381742
25.86,0.6586664,9.858575,0.4234694,0.00416871,0.0103701,-0.002769188
25.88,0.6577595,9.843415,0.4129148,-0.002289248,0.01927427,0.001936614
25.90,0.6851393,9.815529,0.4203533,-0.005901585,0.02626002,0.001252791
25.92,0.708856,9.801231,0.418462,-0.0007730224,0.03135419,-0.007910288
25.94,0.7101399,9.792504,0.4277361,0.003895,0.0326711,-0.01755347
25.96,0.6955603,9.796482,0.4142319,0.00844251,0.03096686,-0.02565188
25.98,0.6799049,9.789356,0.4399325,0.01447195,0.02755095,-0.02704819
26.00,0.7013533,9.780952,0.4572496,0.01450236,0.01820373,-0.0260562
26.02,0.714265,9.786225,0.4835304,0.01594586,-0.001128506,-0.0216132
26.04,0.7232249,9.793,0.4743564,0.01495557,-0.01801545,-0.01681997
26.06,0.7216493,9.808061,0.4723127,0.01827198,-0.02736014,-0.01546478
26.08,0.7433218,9.813165,0.4754804,0.02209631,-0.03842909,-0.01059218
26.10,0.7425048,9.821351,0.4614432,0.01826184,-0.04081967,-0.007300456
26.12,0.7279602,9.858163,0.4196282,0.01209045,-0.03458851,0.008022054
26.14,0.6956847,9.881504,0.40361,0.004161686,-0.01615861,0.01556715
26.16,0.6977366,9.833571,0.4175431,-0.006452215,0.001236121,0.01747368
26.18,0.7044032,9.764335,0.4007373,-0.0117593,0.01477448,0.008531948
26.20,0.7084892,9.724209,0.4360289,-0.01175038,0.01882525,-0.009262409
26.22,0.7171713,9.758592,0.4608596,-0.002381736,0.01227617,-0.02049001
26.24,0.7028617,9.817863,0.4521924,0.007814556,0.004963063,-0.01556507
26.26,0.6493022,9.8485,0.4478439,0.01212267,0.0007388356,-0.002729707
26.28,0.6522365,9.819285,0.483853,0.01186915,-0.004089389,0.007759135
26.30,0.6998906,9.774884,0.4975889,0.0001882576,-0.02117672,0.01222075
26.32,0.6854647,9.807283,0.4775278,-0.003701872,-0.02916831,0.01287737
26.34,0.6433157,9.871565,0.4559531,-0.004611488,-0.0292118,0.01940048
26.36,0.6182236,9.861917,0.4129633,-0.008184329,-0.01618719,0.02399336
26.38,0.6303645,9.833965,0.4140605,-0.01222242,-0.007058841,0.02343856
26.40,0.6548578,9.804114,0.4341378,-0.0121114,-0.003193484,0.01597703
26.42,0.6575376,9.790953,0.4250694,-0.01259416,0.0007852329,0.006817066
26.44,0.6627203,9.793489,0.4293325,-0.01548686,0.0003302998,-0.002258735
26.46,0.6546786,9.778089,0.4260445,-0.01650065,6.586326e-06,-0.00449664
26.48,0.6447971,9.799146,0.4481684,-0.0122463,-0.01095878,-0.007981959
26.50,0.6353313,9.793179,0.4532391,-0.00557348,-0.02215634,-0.005119239
26.52,0.6475978,9.799993,0.4243454,-0.003573355,-0.02938263,0.009186046
26.54,0.6576885,9.803946,0.4113816,0.003654875,-0.03721993,0.01526686
26.56,0.6627219,9.776289,0.4338601,0.01725519,-0.03835026,0.0162178
26.58,0.6880082,9.768645,0.4380113,0.03306849,-0.03987702,0.006341039
26.60,0.6736066,9.820899,0.4317508,0.02911562,-0.03293563,-0.003382702
26.62,0.645393,9.886178,0.4125344,0.008024535,-0.02029422,-0.003421297
26.64,0.6524478,9.859114,0.4055141,-0.01840016,-0.01196372,0.002146293
26.66,0.6774552,9.837317,0.4276726,-0.0266568,-0.008383192,0.007132282
26.68,0.6849856,9.803388,0.4213602,-0.02348011,-0.003217913,0.0124346
26.70,0.6731188,9.794226,0.403335,-0.0132363,0.0004365087,0.01142252
26.72,0.6619512,9.78791,0.4067462,-0.005788621,0.003386364,0.01121593
26.74,0.6535158,9.766749,0.402661,0.0004114113,0.005752634,0.008773633
26.76,0.6663326,9.766744,0.4238676,0.006913547,0.004838453,0.006467463
26.78,0.6822733,9.782828,0.4403599,0.006534615,0.00185466,0.001194239
26.80,0.6762773,9.819727,0.4280566,0.002805564,0.002414277,0.004901812
26.82,0.6712931,9.815044,0.4309282,-0.003492981,0.008190094,0.007613494
26.84,0.6421669,9.810723,0.4427194,-0.009058566,0.006157015,0.008140443
26.86,0.6772937,9.814595,0.4503202,-0.01047851,-0.001400678,0.004901212
26.88,0.7027235,9.813358,0.448275,0.003448012,-0.009684106,-0.0008756272
26.90,0.657553,9.840589,0.4405303,0.01437819,-0.003595898,-0.005463532
26.92,0.6564165,9.808891,0.4522465,0.01117516,0.003704935,-0.002731001
26.94,0.6772407,9.794387,0.420131,-0.01375082,0.0004043232,0.007950384
26.96,0.6661574,9.804767,0.410044,-0.02653829,0.005148951,0.0156891
26.98,0.65614,9.796267,0.4040245,-0.02317511,0.01717409,0.0156065
27.00,0.6601062,9.772333,0.4011808,-0.007044073,0.02750309,0.00405473
27.02,0.6588134,9.773807,0.4236499,0.004245368,0.02730421,-0.007933544
27.04,0.6797106,9.776153,0.4367557,0.007731155,0.02288818,-0.01486361
27.06,0.6960222,9.818437,0.4607841,0.00895638,0.01353126,-0.01755638
27.08,0.6909397,9.868881,0.4604467,0.01133721,0.008344083,-0.01070696
27.10,0.6865308,9.844561,0.4602137,0.005064966,0.002834611,-0.001511303
27.12,0.6979843,9.851847,0.4632465,0.0001126835,-0.004509125,0.003148676
27.14,0.7091985,9.857723,0.4540295,0.004703605,-0.00424122,0.002228814
27.16,0.7173656,9.883483,0.4220105,0.007200704,-0.001429087,0.003628834
27.18,0.7431907,9.893816,0.3801132,-0.00181843,0.008016495,0.007420907
27.20,0.7444507,9.826815,0.3184871,-0.0134245,0.019472,0.01118064
27.22,0.7674969,9.778576,0.3288548,-0.01411194,0.03297804,0.01076207
27.24,0.7877843,9.718127,0.3558611,0.002361759,0.04800344,0.004919105
27.26,0.7969657,9.725657,0.3642277,0.02266858,0.05526714,0.002265515
27.28,0.7880114,9.751848,0.4082245,0.03384949,0.04917253,0.001260549
27.30,0.7734666,9.799833,0.4096796,0.03089958,0.04228761,0.003572095
27.32,0.7323397,9.835403,0.4212432,0.02700222,0.03571478,0.0147879
27.34,0.7224897,9.860091,0.4499777,0.02881435,0.03619559,0.02209771
27.36,0.7297439,9.843769,0.4708677,0.02893159,0.02788325,0.02507651
27.38,0.7345448,9.819095,0.4649632,0.02472879,0.01732059,0.02174521
27.40,0.7325301,9.812564,0.4680419,0.02364032,0.01204014,0.01975537
27.42,0.7556762,9.807326,0.4796264,0.01922316,0.004715309,0.0113005
27.44,0.7295918,9.790887,0.4830058,0.01382282,-0.00197751,0.004833789
27.46,0.7419877,9.77897,0.465068,0.005719836,-0.008657317,0.00406798
27.48,0.7121427,9.774991,0.451045,0.004100789,-0.009635069,0.00594737
27.50,0.724308,9.796354,0.4451499,0.00771371,-0.01206012,0.0111192
27.52,0.7600377,9.82818,0.4398076,0.01903333,-0.01135764,0.01595574
27.54,0.7309787,9.851123,0.4387003,0.02210056,-0.002494439,0.01975364
27.56,0.712108,9.841863,0.4234705,0.01497238,0.008322135,0.02036054
27.58,0.7601801,9.783607,0.4476063,-0.005475201,0.0157243,0.01667814
27.60,0.7612227,9.79095,0.4088989,-0.020823,0.0246688,0.01582548
27.62,0.7367254,9.840021,0.4055538,-0.02015931,0.03839266,0.01636617
27.64,0.7163753,9.837071,0.3884816,-0.0127414,0.05348847,0.01861586
27.66,0.6948339,9.797321,0.4072924,-0.005791263,0.05979456,0.01846982
27.68,0.7027339,9.778222,0.4285476,-0.001996583,0.0537268,0.008255211
27.70,0.7034037,9.764832,0.4480344,-0.002982593,0.04614421,-0.002559104
27.72,0.6958534,9.791758,0.448513,-0.006517749,0.03391537,-0.00790752
27.74,0.6794634,9.828076,0.4656645,-0.006400864,0.02410001,-0.007679292
27.76,0.6869654,9.834342,0.467496,-0.01381062,0.008567362,-0.004687152
27.78,0.6955842,9.813047,0.4328994,-0.02074004,-0.004640334,-0.002168723
27.80,0.7079846,9.78651,0.440701,-0.02242924,-0.01427253,-0.005998264
27.82,0.7347729,9.753561,0.4176352,-0.01496581,-0.02478581,-0.01703355
27.84,0.7297119,9.739155,0.3957364,-0.005487482,-0.02855716,-0.02664832
27.86,0.7288505,9.772333,0.3811802,0.002594027,-0.0261691,-0.03094847
27.88,0.7301518,9.817634,0.3574101,0.00318087,-0.02120062,-0.03462327
27.90,0.7502452,9.809437,0.3620247,-0.003516508,-0.01740238,-0.03407506
27.92,0.7761757,9.792501,0.3525607,-0.007635756,-0.01702332,-0.0323661
27.94,0.7899811,9.789875,0.3705854,-0.003995989,-0.01554639,-0.03501139
27.96,0.8016348,9.803543,0.3703074,-0.001072158,-0.01510848,-0.03405669
27.98,0.7813768,9.859756,0.3316938,0.001647706,-0.01428913,-0.02380906
28.00,0.7617972,9.86628,0.3153266,-0.001819929,-0.007641135,-0.009899099
28.02,0.7637305,9.825123,0.3144602,0.001034885,0.005896348,0.001173452
28.04,0.7606446,9.772462,0.3141433,0.009558113,0.0196469,-0.0003103481
28.06,0.7564878,9.755901,0.3473201,0.0152722,0.0318618,-0.01086993
28.08,0.7425709,9.746658,0.3663468,0.01788691,0.0312303,-0.02988675
28.10,0.7337801,9.759241,0.4049243,0.01579559,0.01921685,-0.04742932
28.12,0.7214801,9.799392,0.4232428,0.02278656,0.002112189,-0.04852199
28.14,0.696171,9.835546,0.4350517,0.03224217,-0.0136319,-0.03696599
28.16,0.6580475,9.869591,0.4329226,0.03577805,-0.02989235,-0.01726902
28.18,0.6438805,9.875816,0.4319463,0.03251477,-0.04899087,-0.003000957
28.20,0.6425517,9.871082,0.4413079,0.03655761,-0.0618655,-0.002503136
28.22,0.6562511,9.858053,0.4297585,0.04282433,-0.06404255,-0.007274376
28.24,0.6856292,9.86942,0.4019221,0.04243765,-0.06055524,-0.008503632
28.26,0.6612896,9.896372,0.3498884,0.0265572,-0.04410983,-0.005173805
28.28,0.6027022,9.890392,0.2973093,0.007010524,-0.01611325,0.004483492
28.30,0.584819,9.85125,0.2896946,-0.004411863,0.02003415,0.01220757
28.32,0.5642477,9.755862,0.3122461,-0.005759332,0.05481307,0.01302318
28.34,0.5732263,9.681333,0.3500836,0.00327164,0.07802048,-0.005366322
28.36,0.5832604,9.648787,0.3990013,0.01293085,0.08119767,-0.03124748
28.38,0.5756572,9.683982,0.439595,0.02270482,0.06177147,-0.05217882
28.40,0.5448877,9.722634,0.4470858,0.03120025,0.04496137,-0.05677626
28.42,0.503481,9.775591,0.4608396,0.03876431,0.03069527,-0.04879815
28.44,0.4895224,9.778456,0.4849012,0.03334973,0.01179071,-0.03343363
28.46,0.5018672,9.76514,0.4698452,0.01774314,-0.01044403,-0.02983111
28.48,0.5384011,9.761655,0.4805352,0.002973098,-0.0331262,-0.0320495
28.50,0.5881994,9.789857,0.4697662,0.006129004,-0.04371637,-0.03768983
28.52,0.5894634,9.854568,0.4351261,0.008403989,-0.04507571,-0.03624298
28.54,0.5834699,9.926362,0.3933077,-0.004544177,-0.0324166,-0.02302658
28.56,0.5828295,9.974792,0.3542016,-0.03051378,-0.01609284,-0.005959832
28.58,0.5938637,9.973831,0.3084393,-0.04891789,0.01514915,0.01043731
28.60,0.6074606,9.931889,0.3024887,-0.05496633,0.05453119,0.01249604
28.62,0.6213352,9.916003,0.309179,-0.05506966,0.08736077,0.007302944
28.64,0.6084199,9.907823,0.3025421,-0.05284071,0.1174948,-0.004538717
28.66,0.5395085,9.984311,0.312137,-0.04830338,0.1425353,-0.01950546
28.68,0.5269375,10.05492,0.3611066,-0.03717318,0.1557211,-0.03658681
28.70,0.5560488,10.03095,0.3923782,-0.03183778,0.1495301,-0.05090735
28.72,0.5791606,9.964728,0.4309089,-0.03887253,0.125077,-0.0584116
28.74,0.5712239,9.844514,0.4364614,-0.05187903,0.09538084,-0.06014225
28.76,0.5883746,9.762687,0.4150948,-0.04917939,0.07074337,-0.05003442
28.78,0.5840284,9.733629,0.4348212,-0.02606129,0.04244404,-0.0395392
28.80,0.6182424,9.743669,0.4490993,-0.004191111,0.01353386,-0.03054068
28.82,0.6038743,9.778874,0.4247308,0.01269414,-0.005804501,-0.01969714
28.84,0.5479075,9.807482,0.3970886,0.01817901,-0.01294688,-0.01851887
28.86,0.5730984,9.763131,0.4247049,0.009484845,-0.01508073,-0.03711494
28.88,0.6231665,9.698155,0.4359159,-0.00268829,-0.0241353,-0.05441093
28.90,0.6129048,9.711872,0.4057752,-0.01014338,-0.03155302,-0.0685918
28.92,0.5969348,9.734626,0.3843535,-0.005842578,-0.03568079,-0.07341793
28.94,0.6048859,9.777716,0.3972411,0.01192937,-0.0368291,-0.05558922
28.96,0.6052465,9.822674,0.4166214,0.03153595,-0.04514201,-0.03522269
28.98,0.6135348,9.828131,0.4357152,0.04303725,-0.05121807,-0.0172496
29.00,0.6022601,9.83629,0.4417754,0.03874007,-0.0492953,0.0001495275
29.02,0.6011567,9.865739,0.4367847,0.0244787,-0.03792486,0.01175067
29.04,0.5984555,9.816677,0.4153275,0.0006168917,-0.02087438,0.01823392
29.06,0.5764616,9.791339,0.3977098,-0.01483684,0.0005519612,0.01789177
29.08,0.5395715,9.857566,0.4034284,-0.006834803,0.02911557,0.01544113
29.10,0.5003154,9.886599,0.4386045,-0.005327621,0.05113461,0.005955712
29.12,0.4417404,9.898494,0.4247218,-0.01804447,0.07368206,0.007052082
29.14,0.4091057,9.856579,0.4126953,-0.0404261,0.0970918,0.01308712
29.16,0.4278179,9.818756,0.428645,-0.04824734,0.1181486,0.02151776
29.18,0.4307033,9.760956,0.4702568,-0.04871837,0.1239844,0.0284951
29.20,0.4451796,9.73316,0.4789245,-0.04924084,0.127794,0.02071351
29.22,0.458664,9.730484,0.5082808,-0.03842592,0.1164175,0.0120394
29.24,0.4467545,9.772371,0.5771224,-0.0324129,0.09422453,9.783101e-05
29.26,0.3866901,9.777506,0.5698182,-0.04294266,0.07711963,-0.003402034
29.28,0.3496896,9.774882,0.5649489,-0.06116046,0.05394354,-0.0001286291
29.30,0.3629914,9.773461,0.57781,-0.07166377,0.02476072,0.004087566
29.32,0.3987555,9.756871,0.5919466,-0.06453118,-0.006979482,0.008204594
29.34,0.4126569,9.752063,0.5898176,-0.04387175,-0.03347902,0.008559406
29.36,0.4314629,9.739444,0.5875213,-0.02702358,-0.05395688,0.004337303
29.38,0.4729578,9.729429,0.5739787,-0.02331913,-0.07247311,-0.004935964
29.40,0.4722382,9.75868,0.5475945,-0.02637955,-0.07784083,-0.003246937
29.42,0.4583097,9.799639,0.4975433,-0.03124631,-0.06070077,0.004702617
29.44,0.474654,9.832489,0.4610192,-0.0314863,-0.03017198,0.01532689
29.46,0.4912797,9.811996,0.4541574,-0.02643275,0.004050557,0.01781757
29.48,0.4437901,9.801126,0.474339,-0.02631889,0.04170303,0.007882079
29.50,0.427385,9.755643,0.4812429,-0.04475775,0.06753819,-0.01034743
29.52,0.4655297,9.749673,0.5045798,-0.06552634,0.07537418,-0.02939102
29.54,0.5066825,9.830667,0.5683799,-0.06403907,0.07060688,-0.03611042
29.56,0.4781802,9.857896,0.5848643,-0.05227977,0.06192428,-0.0262689
29.58,0.4770321,9.83673,0.578387,-0.0404612,0.05742426,-0.008623639
29.60,0.4547323,9.818474,0.5887026,-0.0353618,0.04889582,0.008434034
29.62,0.4639988,9.832941,0.608079,-0.02754891,0.03573435,0.01155456
29.64,0.4970712,9.799409,0.6316785,-0.01983592,0.0190913,0.00299682
29.66,0.508764,9.77317,0.6472707,-0.01393267,-0.003600837,-0.0131623
29.68,0.4830456,9.780671,0.6441513,-0.01741202,-0.02221025,-0.01917831
29.70,0.4101375,9.826131,0.5708902,-0.02646888,-0.02687313,-0.007159551
29.72,0.3824567,9.828587,0.554009,-0.03861493,-0.01624385,0.009566342
29.74,0.4155525,9.781274,0.5795721,-0.03516478,-0.01216467,0.01758417
29.76,0.4705185,9.762129,0.6251092,-0.01800442,-0.01103762,0.00738233
29.78,0.4770538,9.784498,0.6405109,-0.002619415,-0.01527031,-0.00873893
29.80,0.4958932,9.83329,0.653712,-0.00225506,-0.01894882,-0.016771
29.82,0.4875021,9.892786,0.6311106,-0.01013514,-0.01831741,-0.01182932
29.84,0.4975522,9.909509,0.6122589,-0.02036892,-0.009659423,0.007294902
29.86,0.518406,9.9042,0.601916,-0.02298811,0.008491119,0.02966546
29.88,0.5089889,9.869554,0.58775,-0.0208803,0.03138975,0.04357277
29.90,0.4968815,9.794129,0.5935559,-0.02238221,0.05510253,0.04498208
29.92,0.4831936,9.749445,0.6160724,-0.02628109,0.07466848,0.02546637
29.94,0.4888445,9.706032,0.6733909,-0.02602751,0.0844554,-0.0002179522
29.96,0.5200322,9.777503,0.7346477,-0.0147683,0.0837074,-0.01387865
29.98,0.5287607,9.880128,0.78114,-0.006749647,0.0692905,-0.009885612
30.00,0.5109552,9.948146,0.7968389,-0.007338907,0.05144833,0.01355567
30.02,0.4812227,9.950972,0.7816883,-0.02203332,0.03586653,0.04374207
30.04,0.4484151,9.88343,0.7487978,-0.03888929,0.03686345,0.06176889
30.06,0.4450948,9.776799,0.7623418,-0.04122656,0.03965867,0.05682999
30.08,0.5020464,9.703809,0.8200878,-0.03030918,0.02743592,0.02643749
30.10,0.5309201,9.727046,0.8358481,-0.02443828,0.0008385973,-0.0004834778
30.12,0.4374709,9.805674,0.8031369,-0.03268737,-0.008173855,-0.003380345
30.14,0.4204218,9.883311,0.8007281,-0.0501436,-0.008752901,0.01574673
30.16,0.4679661,9.876277,0.8207185,-0.06524739,-0.01271857,0.03951514
30.18,0.4900679,9.80547,0.8162067,-0.06768978,-0.01448629,0.0508844
30.20,0.5119866,9.714832,0.8327411,-0.05284256,-0.01871566,0.03986197
30.22,0.5114096,9.674269,0.8553762,-0.03742104,-0.02058904,0.01591591
30.24,0.5546798,9.710553,0.8408406,-0.02843936,-0.02435975,-0.00394369
30.26,0.5876145,9.786645,0.8373399,-0.02942994,-0.02607157,0.003499582
30.28,0.5477912,9.848398,0.7231524,-0.03015408,0.005578953,0.02546208
30.30,0.5344626,9.808749,0.6340903,-0.03608736,0.05090875,0.04146219
30.32,0.5407721,9.789403,0.7082958,-0.05354464,0.0803775,0.0413339
30.34,0.558134,9.76449,0.7924728,-0.06083631,0.08493133,0.02556358
30.36,0.5801283,9.729123,0.8525287,-0.05966987,0.07833479,0.01363206
30.38,0.5798367,9.713755,0.8730884,-0.0509313,0.06228797,0.007561216
