time_s,ax,ay,az,gx,gy,gz
0.00,0.6174557,9.870396,1.723536,0.01446084,0.002285911,0.02753694
0.02,0.6607976,9.785738,1.722303,0.004844761,0.003774444,0.02847509
0.04,0.7039463,9.679634,1.71396,-0.004069724,-0.008683817,0.01528716
0.06,0.693803,9.623071,1.679561,-0.008811665,-0.01545623,0.003215838
0.08,0.695895,9.513979,1.649857,0.002639391,-0.01284594,-0.009867929
0.10,0.7537746,9.550314,1.684472,0.01924617,-0.02055228,-0.01464256
0.12,0.7629651,9.640444,1.764339,0.02313704,-0.03792573,-0.01182962
0.14,0.7230868,9.69024,1.730748,0.01708176,-0.05212894,0.003159432
0.16,0.708577,9.727186,1.709495,0.0151071,-0.05401582,0.01456624
0.18,0.6999889,9.733274,1.708229,0.01681315,-0.05108633,0.02238509
0.20,0.6933001,9.746877,1.702741,0.01029218,-0.04511816,0.02835789
0.22,0.6685271,9.734581,1.693125,-0.003611415,-0.03985103,0.03417211
0.24,0.6559605,9.67582,1.668717,-0.0127959,-0.0345514,0.03215189
0.26,0.706745,9.587949,1.685181,-0.005230816,-0.03251144,0.02065246
0.28,0.7431064,9.518767,1.673278,0.005137429,-0.04209802,0.01036116
0.30,0.7098828,9.551426,1.650249,0.02086208,-0.06245858,0.00520958
0.32,0.7104377,9.639636,1.678185,0.04634733,-0.09357256,0.01722006
0.34,0.717302,9.69312,1.66522,0.08410368,-0.1352016,0.04718765
0.36,0.7319486,9.643647,1.626466,0.1195011,-0.1800577,0.07972131
0.38,0.734255,9.470636,1.546385,0.1556857,-0.2264683,0.1115431
0.40,0.7234602,9.425125,1.464025,0.1895395,-0.2561454,0.1392317
0.42,0.7079883,9.565626,1.515121,0.2002345,-0.2666235,0.1589298
0.44,0.6772946,9.610476,1.417311,0.2063109,-0.238209,0.1448207
0.46,0.7477273,9.523331,1.308502,0.2034678,-0.1920406,0.08583431
0.48,0.9550396,9.329995,1.351512,0.199595,-0.1555191,-3.996586e-05
0.50,0.9244307,9.548862,1.236724,0.1909585,-0.1112964,-0.07655799
0.52,0.898159,9.807762,1.298954,0.1664257,-0.04898196,-0.1117941
0.54,0.8094499,9.993478,1.253734,0.1194253,0.02233945,-0.1081073
0.56,0.8256073,9.898591,1.228516,0.05675334,0.07421537,-0.08149935
0.58,0.8255762,9.768139,1.240946,0.01835697,0.1190664,-0.04377019
0.60,0.824507,9.827612,1.306428,0.01287534,0.1459448,-0.01371578
0.62,0.8297971,9.821025,1.348765,0.01486434,0.143656,-0.001084462
0.64,0.8430847,9.858026,1.437324,0.01410096,0.1188482,0.0003222624
0.66,0.8109465,9.88809,1.479586,-0.002502108,0.08906902,0.003149673
0.68,0.8527997,9.873113,1.46541,-0.02313604,0.05455013,0.0116233
0.70,0.8369974,9.746899,1.412475,-0.04019599,0.02482138,0.01592536
0.72,0.806183,9.649315,1.343996,-0.05121079,0.01447387,0.01658939
0.74,0.8062056,9.567197,1.335863,-0.04400002,0.01231265,0.01001239
0.76,0.8277787,9.571002,1.315224,-0.02950562,0.01770818,-0.001761376
0.78,0.822133,9.693462,1.286216,-0.02335389,0.02481491,-0.01211967
0.80,0.8098499,9.718009,1.27238,-0.02076443,0.0402977,-0.02318285
0.82,0.8132422,9.651069,1.218512,-0.0165413,0.07302552,-0.03134108
0.84,0.7713175,9.551446,1.166354,0.004882996,0.1168999,-0.04481375
0.86,0.7573894,9.589245,1.205995,0.04806603,0.1515472,-0.06648458
0.88,0.8077223,9.671245,1.368692,0.09301615,0.1520331,-0.09484731
0.90,0.8180802,9.807899,1.43696,0.1144904,0.1352649,-0.1110298
0.92,0.7404659,9.878056,1.391642,0.1215415,0.1190997,-0.1175294
0.94,0.7521026,9.884803,1.450285,0.1369896,0.1041347,-0.1103696
0.96,0.7871139,9.902978,1.50181,0.1546878,0.08192801,-0.09618915
0.98,0.7860035,9.899545,1.506596,0.1593845,0.05155628,-0.08065997
1.00,0.7776699,9.952471,1.503848,0.1470575,0.02248352,-0.06203879
1.02,0.7690984,9.987435,1.511048,0.1267354,0.002786923,-0.03486561
1.04,0.7787905,9.929784,1.50647,0.09136391,-0.01617425,-0.001621418
1.06,0.7682101,9.866472,1.43886,0.05084857,-0.0221424,0.0324477
1.08,0.7246305,9.819566,1.369689,0.01968276,-0.01369802,0.05864376
1.10,0.6929631,9.811907,1.350814,0.005564169,-0.001640338,0.06759384
1.12,0.7459714,9.837153,1.404472,-0.003013474,-0.008509218,0.06112697
1.14,0.773868,9.816207,1.426834,-0.01720863,-0.03492778,0.05576665
1.16,0.7275399,9.797521,1.359318,-0.03196075,-0.05739129,0.06555896
1.18,0.6548452,9.805219,1.266916,-0.03689467,-0.06564724,0.09631931
1.20,0.5703524,9.806681,1.268506,-0.04207068,-0.06884947,0.1286733
1.22,0.469646,9.783595,1.314682,-0.06421661,-0.0961125,0.136589
1.24,0.4343538,9.85402,1.462808,-0.1046943,-0.1676188,0.1097999
1.26,0.4562156,9.798838,1.552511,-0.1462548,-0.2589268,0.07286637
1.28,0.4486398,9.618666,1.391486,-0.1688356,-0.3234369,0.04404893
1.30,0.4139887,9.499273,1.192711,-0.1546835,-0.353255,0.02786077
1.32,0.4515819,9.535483,1.151943,-0.1173423,-0.3737649,0.02970382
1.34,0.5308905,9.653653,1.136953,-0.07251555,-0.4030063,0.04361914
1.36,0.6151314,9.755447,1.06797,-0.04370975,-0.4219141,0.06624231
1.38,0.6713741,9.781024,0.9360306,-0.02622053,-0.3990089,0.0931277
1.40,0.6793509,9.712686,0.7746969,-0.01233082,-0.3239859,0.121839
1.42,0.722072,9.576153,0.6848004,0.001921048,-0.2078848,0.1279505
1.44,0.7884908,9.477346,0.65749,0.01605561,-0.07280051,0.1060188
1.46,0.8523077,9.407806,0.7176507,0.02099879,0.04576912,0.06012157
1.48,0.8878715,9.488838,0.7881258,0.02482502,0.1471046,0.01212723
1.50,0.8836601,9.583968,0.8978884,0.03104717,0.2187134,-0.01370873
1.52,0.861053,9.739745,1.011694,0.04068775,0.2583295,-0.01220071
1.54,0.8164885,9.778104,1.107258,0.05078539,0.2842017,0.007357518
1.56,0.7895741,9.770129,1.109356,0.05754546,0.2980596,0.02638109
1.58,0.8005068,9.696626,1.192088,0.05300542,0.2977423,0.02512928
1.60,0.8203285,9.672444,1.2683,0.0326981,0.2730923,0.005622439
1.62,0.8375578,9.640501,1.351499,0.01241674,0.2320222,-0.02282158
1.64,0.8817778,9.626027,1.406602,0.003827299,0.1750381,-0.04261124
1.66,0.868406,9.652791,1.382201,0.01546798,0.1235412,-0.04406061
1.68,0.8377041,9.710163,1.382371,0.03764538,0.07356457,-0.03242894
1.70,0.8738529,9.714174,1.411553,0.06856018,0.01523222,-0.02069979
1.72,0.951429,9.726618,1.419878,0.1011847,-0.04874564,-0.009632601
1.74,0.9850022,9.830932,1.423642,0.111764,-0.1090764,-0.0007000963
1.76,0.9883845,9.87341,1.367852,0.08819948,-0.1492357,0.008333105
1.78,0.9613659,9.784097,1.2254,0.05797879,-0.1485705,0.01344297
1.80,0.9929491,9.738078,1.138091,0.03955549,-0.1170865,0.01543202
1.82,1.033539,9.708459,1.094596,0.02789136,-0.07886136,0.007495012
1.84,1.121812,9.695037,1.071239,0.017656,-0.05559963,-0.01099657
1.86,1.144285,9.789557,1.033957,0.01817211,-0.03069939,-0.02933719
1.88,1.08817,9.749234,1.049424,0.01047446,0.0009289479,-0.03984655
1.90,1.062057,9.622741,1.021484,-0.01116396,0.03994767,-0.04494126
1.92,1.076976,9.674293,0.9919755,-0.03681928,0.06366169,-0.04867315
1.94,1.110924,9.71929,1.070189,-0.0500182,0.06662152,-0.04887944
1.96,1.120644,9.728361,1.130318,-0.03722642,0.05847124,-0.04633662
1.98,1.117164,9.726496,1.144269,-0.01371755,0.04276253,-0.03897768
2.00,1.095294,9.687731,1.152637,0.005072749,0.02498252,-0.03502839
2.02,1.097622,9.729855,1.178831,0.0133745,-0.001028593,-0.03628413
2.04,1.088216,9.812184,1.21326,0.01048518,-0.03381866,-0.04110754
2.06,1.09408,9.802926,1.214889,0.004084804,-0.06885985,-0.04582686
2.08,1.059117,9.832439,1.191438,0.005092077,-0.09667435,-0.03173304
2.10,1.042025,9.868403,1.148876,0.00779126,-0.1127304,-0.004824955
2.12,1.030367,9.87157,1.136425,0.01127515,-0.1233615,0.02583643
2.14,1.028314,9.892896,1.104435,0.01338984,-0.1324447,0.05172533
2.16,1.027463,9.880576,1.077939,0.01441231,-0.1309162,0.06496417
2.18,1.016241,9.827241,1.047795,0.01944818,-0.1169827,0.06454524
2.20,0.9874216,9.777937,0.9932866,0.02109531,-0.0809667,0.0579729
2.22,0.9619479,9.806138,0.9634966,0.01079158,-0.04144252,0.05960586
2.24,0.9459611,9.83938,0.9607261,0.0001413554,-0.007048587,0.063009
2.26,0.9312066,9.817998,0.9947727,-0.008417598,0.0205862,0.06605934
2.28,0.9268215,9.747283,1.018702,-0.006685266,0.04066845,0.06646034
2.30,0.9093763,9.676475,1.025946,-0.006790403,0.04986164,0.06117979
2.32,0.8657674,9.622859,1.024475,-0.01303643,0.05406231,0.05247058
2.34,0.8555042,9.575891,1.0586,-0.006747642,0.05061641,0.03836797
2.36,0.8379934,9.568358,1.110829,0.01266732,0.03271338,0.03263164
2.38,0.8429354,9.630821,1.138501,0.02891922,0.009089543,0.02724447
2.40,0.8358992,9.658363,1.146575,0.03618589,-0.01817963,0.02719762
2.42,0.8434001,9.651279,1.135006,0.03441567,-0.03684663,0.03408396
2.44,0.8638855,9.67135,1.111549,0.03977079,-0.03912637,0.0397236
2.46,0.8500167,9.691107,1.095141,0.05722424,-0.0206131,0.03402851
2.48,0.8474886,9.697358,1.105785,0.05279152,-0.000377071,0.02142961
2.50,0.8582924,9.689519,1.112407,0.02819865,0.0156459,-0.0007625557
2.52,0.8809963,9.691054,1.115087,-0.003817477,0.02930528,-0.02678641
2.54,0.8907657,9.668518,1.144397,-0.01312611,0.0401437,-0.04731496
2.56,0.9080972,9.626743,1.161015,-0.006451239,0.0432527,-0.05605737
2.58,0.9023851,9.674975,1.162753,0.001470829,0.02966374,-0.05057914
2.60,0.871742,9.762413,1.156073,0.002211354,0.02042008,-0.03710639
2.62,0.8606726,9.81083,1.176972,0.004091041,0.007719463,-0.02945513
2.64,0.9019852,9.797177,1.203255,0.005119961,-0.005396523,-0.02914844
2.66,0.9186007,9.763498,1.187006,0.002492228,-0.01972625,-0.04256165
2.68,0.9235604,9.738977,1.171112,-0.01178745,-0.036309,-0.0542338
2.70,0.9199026,9.758381,1.160268,-0.02515776,-0.05801597,-0.06153143
2.72,0.9418225,9.736878,1.138306,-0.03132401,-0.07584939,-0.05471713
2.74,0.9780744,9.698811,1.092383,-0.02819842,-0.09471837,-0.03604481
2.76,0.9722229,9.712048,1.041125,-0.01923703,-0.09958961,-0.006479154
2.78,0.965813,9.690874,0.997846,-0.003616852,-0.08991087,0.0115016
2.80,0.9849275,9.673185,0.9966909,0.009635255,-0.07527599,0.01752044
2.82,1.01518,9.672275,0.998426,0.01289622,-0.05656258,0.008762168
2.84,1.029027,9.663853,0.9679263,0.004214142,-0.03449602,-0.00481551
2.86,1.03225,9.698637,0.9770213,-0.009496551,-0.01614408,-0.01530821
2.88,1.018229,9.776073,1.027338,-0.01814153,-0.009019895,-0.01276581
2.90,0.9657414,9.805728,1.049016,-0.01468264,-0.008325294,0.0009481409
2.92,0.9360675,9.852422,1.043203,-0.007469098,-0.01326541,0.01100383
2.94,0.9086793,9.85505,1.084488,-0.003308443,-0.01960558,0.01807918
2.96,0.8994243,9.829176,1.084668,-0.01436682,-0.03245351,0.01912846
2.98,0.8718114,9.762312,1.050297,-0.02550347,-0.04026868,0.009746405
3.00,0.8629522,9.701373,1.054892,-0.02321718,-0.04617502,-0.003519463
3.02,0.8637281,9.729443,1.057579,-0.01429133,-0.05648495,-0.01379639
3.04,0.8634891,9.785902,1.043867,-0.0009374882,-0.06293177,-0.02263244
3.06,0.848555,9.776941,1.051136,0.01184399,-0.06377887,-0.02767081
3.08,0.831782,9.74221,1.078311,0.007640147,-0.06807746,-0.03070695
3.10,0.8546675,9.716087,1.029249,-0.005237714,-0.06943888,-0.02967674
3.12,0.8827544,9.730248,1.028996,-0.001984839,-0.0664869,-0.03073316
3.14,0.8914543,9.753995,1.038116,0.02026791,-0.05052947,-0.02904424
3.16,0.9026735,9.744422,1.013107,0.03014656,-0.02928347,-0.03038535
3.18,0.9114245,9.72176,1.014427,0.02387192,-0.01344819,-0.02985553
3.20,0.910651,9.70424,1.03151,0.01606763,-0.0004000074,-0.03383173
3.22,0.91329,9.721054,1.086423,0.01609715,0.007351588,-0.03046284
3.24,0.9198673,9.70704,1.096833,0.01710582,0.002494805,-0.03018571
3.26,0.9479635,9.719118,1.104001,0.01711451,-0.009985478,-0.02491582
3.28,0.9270526,9.707903,1.108195,0.02394652,-0.02330919,-0.01555692
3.30,0.8990006,9.77501,1.105732,0.02301145,-0.02858384,-0.001375928
3.32,0.8969491,9.8161,1.078126,0.0162537,-0.02603141,0.008693295
3.34,0.8988737,9.79549,1.057068,0.008884836,-0.01644361,0.01157773
3.36,0.9134923,9.770153,1.060176,0.001588599,-0.004794799,0.0003554229
3.38,0.9288244,9.760108,1.070104,-0.002049936,-0.004799656,-0.01387635
3.40,0.9306195,9.752959,1.069125,-0.009514196,-0.01731873,-0.01813717
3.42,0.8835636,9.803544,1.062867,-0.01232826,-0.02716403,-0.008286759
3.44,0.8627429,9.820653,1.056384,-0.0142991,-0.03368697,0.01061257
3.46,0.8527368,9.819463,1.016572,-0.01601606,-0.03405853,0.02734251
3.48,0.8373422,9.771971,0.9710143,-0.01997577,-0.02727178,0.03047191
3.50,0.8407807,9.743814,0.9790154,-0.02116243,-0.01522574,0.020277
3.52,0.8368427,9.683832,0.9431792,-0.017553,0.0003846206,0.0038648
3.54,0.844714,9.646829,0.9412902,-0.01017161,0.01463139,-0.005102618
3.56,0.8166643,9.652568,0.9439759,-0.004194898,0.02836363,-0.009994677
3.58,0.82896,9.670622,0.9650038,2.452822e-05,0.03288205,-0.006864609
3.60,0.8564355,9.745679,0.9621245,0.007711537,0.03024938,-0.003331862
3.62,0.8497165,9.750561,0.9711953,0.02278017,0.03281832,-0.003295284
3.64,0.8469388,9.724799,0.9950815,0.02883383,0.03540367,-0.008599622
3.66,0.8431669,9.733627,0.9937587,0.01771017,0.0352647,-0.01810492
3.68,0.8458158,9.774458,1.00262,0.006000022,0.03124482,-0.02402348
3.70,0.8710636,9.778719,1.025212,0.007452928,0.02953066,-0.02899323
3.72,0.8969728,9.723701,1.031995,0.01980272,0.02160608,-0.03159151
3.74,0.9209786,9.705891,1.022109,0.02918527,0.01563894,-0.02917083
3.76,0.901476,9.692783,0.9770002,0.03009633,0.02044621,-0.02103354
3.78,0.9044665,9.69117,0.9594938,0.03322656,0.0322299,-0.01172347
3.80,0.9169375,9.747767,0.9849021,0.03785531,0.04778904,-0.00403856
3.82,0.927479,9.779606,0.9941902,0.0354946,0.05913629,-0.0005242919
3.84,0.9279057,9.771749,1.01081,0.0251817,0.06258351,-0.004109069
3.86,0.9416464,9.724918,1.06449,0.01710831,0.0601425,-0.01421139
3.88,0.9325212,9.719467,1.082946,0.01496364,0.04915787,-0.01633254
3.90,0.9082891,9.789221,1.09144,0.01133834,0.03478915,-0.01029956
3.92,0.8838683,9.854344,1.10293,0.009331798,0.0199937,0.0006187312
3.94,0.9063284,9.81836,1.101416,0.00918233,0.002595688,0.01367014
3.96,0.9104304,9.789415,1.099657,0.006440564,-0.008641083,0.01802717
3.98,0.8857723,9.769079,1.0723,-0.005165404,-0.0174268,0.01313375
4.00,0.8856751,9.738728,1.040779,-0.01956223,-0.02104792,0.003995578
4.02,0.8882729,9.7086,1.030937,-0.02208872,-0.02411866,-0.005232126
4.04,0.8883308,9.719585,1.035321,-0.01462879,-0.02727354,-0.006818034
4.06,0.8911539,9.724587,1.023533,-0.008113815,-0.03589249,-0.01115099
4.08,0.884851,9.736483,1.024016,-0.003787257,-0.04301103,-0.00454667
4.10,0.861082,9.741106,1.00274,-0.002704007,-0.04049081,0.00311986
4.12,0.8504909,9.714952,0.982924,-0.002461752,-0.03588636,0.005671452
4.14,0.867725,9.689246,1.009412,-0.0008820756,-0.03330493,-0.001814375
4.16,0.8878424,9.727584,1.01961,0.001998521,-0.03850709,-0.005550634
4.18,0.8542733,9.760276,0.9974536,0.008185962,-0.03570333,-0.006645024
4.20,0.8468491,9.776889,1.014496,0.01066906,-0.03124456,-0.009670861
4.22,0.8471109,9.761295,1.024329,-0.003962725,-0.03186613,-0.003458631
4.24,0.8573291,9.770631,0.9831584,-0.01681223,-0.0312533,0.003388545
4.26,0.8438308,9.781754,0.9650899,-0.01644386,-0.02490254,0.009399542
4.28,0.8386105,9.738813,0.9658507,0.0005449534,-0.02215001,0.01286398
4.30,0.8567213,9.739197,0.9847346,0.01642048,-0.02105696,0.01328281
4.32,0.841166,9.750236,0.9718298,0.01429756,-0.01363722,0.01254451
4.34,0.8223168,9.741937,0.9564,0.001993694,-0.003571005,0.00861639
4.36,0.8290891,9.721699,0.9634881,-0.002152986,0.004745626,0.006585278
4.38,0.823627,9.73961,0.9712847,0.002547735,0.01334076,0.003931415
4.40,0.8101915,9.738874,0.9850358,0.004813904,0.01292524,0.001678581
4.42,0.8103175,9.737566,1.002526,0.009332062,0.008071934,0.001699635
4.44,0.806275,9.750796,1.009642,0.009803859,0.003198531,0.00320711
4.46,0.8076329,9.758903,1.008261,0.008017506,0.004753586,0.002132903
4.48,0.8266112,9.728919,0.9810306,0.008711766,0.01270183,0.003526151
4.50,0.8474292,9.737284,1.001906,0.01147075,0.01667215,0.002740032
4.52,0.831752,9.792625,1.035574,0.008662946,0.01876757,-0.001087926
4.54,0.8252519,9.800934,1.031322,-0.01030931,0.01208651,-0.01026666
4.56,0.8283167,9.761524,1.022638,-0.0257314,0.004767434,-0.01507507
4.58,0.8412614,9.717123,1.015004,-0.02286828,-0.003421397,-0.01646748
4.60,0.8572616,9.718079,1.028519,-0.009489806,-0.01783656,-0.01320226
4.62,0.8730687,9.726788,1.000579,0.00057382,-0.03126655,-0.00418226
4.64,0.8698424,9.747365,0.9676065,0.002346239,-0.03404556,0.002752705
4.66,0.8708787,9.752068,0.9653348,0.002449568,-0.03010066,0.006576481
4.68,0.8709963,9.746344,0.9579028,0.001663494,-0.01531382,0.007812849
4.70,0.8755363,9.716132,0.9325876,0.005566286,0.003719734,0.007317107
4.72,0.8471303,9.725258,0.9626636,0.002807532,0.02216848,-0.001283909
4.74,0.8636569,9.759635,0.9908375,-0.003375431,0.02695626,-0.008119813
4.76,0.8458458,9.798266,1.003083,-0.00053198,0.02441827,-0.01216292
4.78,0.815841,9.813347,1.043094,0.002485661,0.02415921,-0.01359961
4.80,0.8210354,9.79001,1.059877,-0.004177415,0.01264881,-0.01045442
4.82,0.8426993,9.783633,1.048146,-0.02073051,-0.01090795,-0.005417239
4.84,0.8415555,9.766573,1.013586,-0.02750353,-0.02539722,-0.002809365
4.86,0.83926,9.747391,1.026882,-0.01228518,-0.03362695,-0.001640959
4.88,0.8443683,9.678328,0.992489,0.007272337,-0.03618887,-0.00635605
4.90,0.8683307,9.709912,0.9927689,0.01142985,-0.03723263,-0.0086856
4.92,0.8469797,9.706661,0.9618623,0.006801261,-0.03104203,-0.01374156
4.94,0.8850914,9.727521,0.9618104,0.01190472,-0.02485583,-0.00651205
4.96,0.8619249,9.844247,1.013631,0.01809247,-0.008055337,0.005582884
4.98,0.8420805,9.823418,0.9920958,0.006489866,0.004687897,0.008852336
5.00,0.8780559,9.725269,0.9857739,-0.00576333,0.0122158,0.005035857
5.02,0.8765235,9.690122,1.034155,-0.009231444,0.01794263,0.00377667
5.04,0.8386071,9.724171,1.02176,-0.005251571,0.01495934,0.01029661
5.06,0.8328604,9.708765,1.015565,0.004916084,0.01785514,0.01602245
5.08,0.8200465,9.703081,1.043028,0.01607712,0.01920389,0.01640353
5.10,0.8390513,9.66721,1.057896,0.02516626,0.01144908,0.0104375
5.12,0.8706449,9.700145,1.095152,0.0241148,-0.006211813,0.001063988
5.14,0.8661312,9.782637,1.094795,0.01313674,-0.03265385,0.008420932
5.16,0.8400577,9.850603,1.078955,-0.002933454,-0.04652025,0.03357665
5.18,0.8436388,9.84621,1.007651,-0.008116283,-0.04440387,0.06025973
5.20,0.8646321,9.796701,0.9777998,-0.01460984,-0.02826538,0.06729446
5.22,0.8835728,9.736661,0.9567984,-0.01506305,-0.01051764,0.05108457
5.24,0.8943294,9.728233,0.9287244,-0.01720825,0.003999418,0.0243874
5.26,0.8852031,9.773598,0.9728481,-0.01795622,0.01146203,0.0036359
5.28,0.8707045,9.774819,0.9478436,-0.02552542,0.01946867,-0.0007151571
5.30,0.8342899,9.767705,0.9060873,-0.03256352,0.03458379,0.008708651
5.32,0.8325559,9.722178,0.9178398,-0.0283887,0.04091994,0.01351474
5.34,0.8762339,9.740188,0.9641095,-0.0210847,0.02818505,0.01085957
5.36,0.8695559,9.747099,0.964646,-0.007893801,0.01627256,0.001743172
5.38,0.8349009,9.766826,0.958514,0.00406334,0.01433817,-0.01028445
5.40,0.855161,9.760622,0.99417,0.003854161,0.006151318,-0.01148674
5.42,0.8668661,9.746279,0.9722182,-0.008951261,-0.002459672,-0.005693285
5.44,0.8854944,9.767728,0.9380014,-0.00933811,-0.002401658,0.00262118
5.46,0.8844765,9.784964,0.9517124,0.006051327,0.00792522,0.00945854
5.48,0.8974482,9.73525,0.9497508,0.02343551,0.02393205,0.007867019
5.50,0.913948,9.692775,0.9815614,0.02316723,0.03150555,-0.0044684
5.52,0.9152694,9.688768,1.000234,0.01494202,0.03220426,-0.0181032
5.54,0.888329,9.736533,1.017587,0.01813836,0.03675274,-0.02517486
5.56,0.8802791,9.796367,1.048223,0.01999025,0.03649729,-0.02149391
5.58,0.8623203,9.848899,1.080757,0.008160933,0.02739199,-0.01383067
5.60,0.8658671,9.807781,1.085162,-0.004730618,0.01203502,-0.009417597
5.62,0.8813237,9.732872,1.092419,-0.008460345,-0.003473992,-0.005150903
5.64,0.9096184,9.712795,1.076502,-0.002243398,-0.01433711,-0.002835189
5.66,0.8844801,9.739771,1.062688,0.002473203,-0.02071156,-0.003460393
5.68,0.8842463,9.721657,1.030589,0.008150362,-0.02015502,-0.004968079
5.70,0.894641,9.725594,1.008985,0.008893091,-0.01480187,-0.007941302
5.72,0.9042122,9.703728,1.026408,0.008844191,-0.007947797,-0.01260646
5.74,0.910478,9.769766,1.021508,0.002338481,-0.001588722,-0.007057702
5.76,0.8841587,9.762503,1.016463,-0.005137617,0.005189479,-0.002676211
5.78,0.8887345,9.767963,1.023781,-0.009315471,0.008784503,0.0009671312
5.80,0.8908458,9.76883,1.051254,-0.0127955,0.00732566,4.326846e-05
5.82,0.87523,9.768749,1.032753,-0.01154148,-0.006512996,-0.003229743
5.84,0.8879574,9.759365,1.033115,-0.003647175,-0.02169243,-0.002020543
5.86,0.8822226,9.728871,1.016485,0.006337715,-0.03387817,-0.002410618
5.88,0.874227,9.750361,0.9886562,0.01880394,-0.0394176,0.003577428
5.90,0.8524926,9.809473,0.9752875,0.0164254,-0.03359437,0.01034237
5.92,0.8361968,9.816159,0.944675,-1.426258e-05,-0.01629684,0.007745701
5.94,0.8499064,9.764972,0.9207082,-0.01642316,-0.0009713966,-0.009857262
5.96,0.8686127,9.692807,0.9663976,-0.02107994,0.003047161,-0.03444903
5.98,0.8840465,9.752176,0.9768986,-0.01326141,-0.004157451,-0.04749413
6.00,0.848487,9.789468,0.9638933,-0.002315901,-0.008671718,-0.04395637
6.02,0.8189848,9.759519,0.9454231,0.005193533,-0.007653676,-0.03131586
6.04,0.8339379,9.718925,0.9743924,0.004511782,-0.01358419,-0.01703192
6.06,0.8652961,9.708705,0.9700804,0.007728748,-0.0266574,-0.008584225
6.08,0.8846251,9.744303,0.980257,0.01736788,-0.03433744,-0.003085167
6.10,0.8697779,9.771997,0.9849969,0.0319843,-0.03411654,0.002801861
6.12,0.8662289,9.747345,0.9607484,0.03750583,-0.02427571,0.006241035
6.14,0.8890308,9.720635,0.9541781,0.0335629,-0.01425856,0.003354074
6.16,0.8956985,9.732902,0.9782282,0.02708933,-0.00750184,0.0007099744
6.18,0.8963009,9.775836,1.012988,0.02519574,-0.006750901,0.001900708
6.20,0.8835822,9.784733,1.010937,0.02500509,-0.007342871,0.009218958
6.22,0.8787449,9.769069,1.006674,0.02751635,-0.0120649,0.01974021
6.24,0.8844795,9.777107,1.030078,0.02134447,-0.02025881,0.03452902
6.26,0.8896945,9.809528,1.00443,0.01198833,-0.02594652,0.04886226
6.28,0.8746842,9.789611,0.9640969,0.008737941,-0.01778878,0.04728545
6.30,0.8865522,9.729034,0.9326972,0.01139094,-0.002358541,0.03549917
6.32,0.8825826,9.69101,0.9585949,0.01254978,0.01275096,0.008214973
6.34,0.8844843,9.727358,0.9682171,-0.0007301601,0.0185081,-0.02064853
6.36,0.8735701,9.750449,0.9722642,-0.01867509,0.01749018,-0.03494186
6.38,0.8379616,9.750561,0.9708093,-0.02405939,0.01570684,-0.03124018
6.40,0.8382065,9.757227,0.9763345,-0.01545832,0.01161114,-0.0175761
6.42,0.8613904,9.749372,0.9737157,-0.01089489,-0.003930915,-0.004561884
6.44,0.8616649,9.72173,0.9866374,-0.00327479,-0.01838884,-0.003532532
6.46,0.8722719,9.694965,0.982204,0.003389716,-0.02883036,-0.01112676
6.48,0.872961,9.705137,0.9632138,0.005516133,-0.03432178,-0.0232293
6.50,0.861835,9.755804,0.9587306,0.00252805,-0.03390719,-0.0300786
6.52,0.8764127,9.796512,0.9673923,-0.00520197,-0.03525289,-0.02602924
6.54,0.8808721,9.791616,0.9674911,-0.006793654,-0.03517075,-0.01795442
6.56,0.8818014,9.760114,0.9520916,-0.009138241,-0.02949745,-0.007626426
6.58,0.8692785,9.745195,0.9427425,-0.01242343,-0.0266187,-0.00202435
6.60,0.877741,9.753317,0.9615346,-0.01301003,-0.0217469,-0.002456502
6.62,0.8770453,9.769121,0.9308235,-0.005192892,-0.02008407,-0.004115045
6.64,0.8798472,9.753266,0.9498895,0.003511215,-0.01079804,-0.0153309
6.66,0.8526131,9.76465,0.9673387,-0.001071969,-0.005941819,-0.01630962
6.68,0.847363,9.802916,0.9727046,-0.01640141,-0.007305279,-0.01344196
6.70,0.8502857,9.824035,0.9749078,-0.0269732,-0.0142915,-0.002487564
6.72,0.8470128,9.794765,0.9581241,-0.01983063,-0.02100364,0.01307267
6.74,0.8568025,9.709854,0.9498838,-0.004365865,-0.02404501,0.02042578
6.76,0.864833,9.674047,0.935964,0.01024085,-0.02504638,0.01963235
6.78,0.8456911,9.68765,0.9156565,0.01508569,-0.01989476,0.01691218
6.80,0.8445771,9.73806,0.9121672,0.02062113,-0.01055404,0.01728422
6.82,0.8419026,9.804607,0.9237383,0.02602516,0.001704111,0.0200313
6.84,0.8248342,9.842785,0.9248362,0.01969636,0.01151249,0.02280407
6.86,0.7880108,9.830438,0.9106659,-0.0009293862,0.02592953,0.02197883
6.88,0.7955549,9.805518,0.9474532,-0.01631458,0.0332647,0.00955091
6.90,0.8308746,9.755175,0.9690013,-0.02481379,0.02803282,-0.01084999
6.92,0.8404846,9.691421,0.9255841,-0.01850214,0.02405551,-0.02967823
6.94,0.8140857,9.71565,0.9310702,-0.002583699,0.01976399,-0.03217131
6.96,0.7936663,9.741776,0.9385058,0.01084535,0.01457439,-0.02410289
6.98,0.8155832,9.731041,0.9523216,0.01865621,0.00568263,-0.01760686
7.00,0.8437394,9.722589,0.9614378,0.02002406,-0.005281592,-0.01151499
7.02,0.8373181,9.762596,0.9810299,0.02036954,-0.01062685,-0.01355897
7.04,0.8478998,9.760958,0.9713697,0.01870733,-0.006656303,-0.0183942
7.06,0.8557114,9.781747,0.9671329,0.01196081,-0.006704212,-0.01974385
7.08,0.8467054,9.802821,0.9516683,0.00646559,0.004827405,-0.02286034
7.10,0.8466037,9.785062,0.9680073,0.004117102,0.01125268,-0.02087344
7.12,0.8511182,9.768743,0.9654793,0.0005774667,0.01585545,-0.02279338
7.14,0.8527423,9.754543,0.9779164,-0.001739547,0.01302007,-0.01802207
7.16,0.8540164,9.751418,0.985037,-0.003950111,0.005310664,-0.01146039
7.18,0.8541299,9.74458,0.9812503,-0.005182228,-0.003152139,-0.0002175223
7.20,0.8486651,9.706184,0.9716994,-0.0002429442,-0.008560853,0.002918247
7.22,0.8426852,9.695804,0.9752575,0.007973235,-0.01198557,0.0030845
7.24,0.8584573,9.703405,0.9687405,0.02778905,-0.01354818,0.004620794
7.26,0.8460617,9.715194,0.9992514,0.0378681,-0.01476039,-0.0009186449
7.28,0.8275424,9.728312,1.06392,0.0368588,-0.02957431,-0.006515215
7.30,0.8121841,9.872118,1.066261,0.001836139,-0.05380848,0.0003905548
7.32,0.8058212,9.92425,1.021656,-0.03923721,-0.06689398,0.02320519
7.34,0.8065268,9.826967,0.9577814,-0.03688906,-0.0592569,0.03579947
7.36,0.836391,9.728836,0.9724591,-0.006157777,-0.03648219,0.02779023
7.38,0.8687891,9.694935,0.9483054,0.0004317876,-0.02571204,0.004512413
7.40,0.8501983,9.695415,0.9170454,-0.02480583,-0.02520166,-0.02455361
7.42,0.8442959,9.693213,0.9439971,-0.04146817,-0.02851346,-0.03793578
7.44,0.8126178,9.741601,0.9300255,-0.03350836,-0.0296365,-0.03125543
7.46,0.7977006,9.795492,0.9271166,-0.01558776,-0.02577467,-0.01747649
7.48,0.8097434,9.810472,0.8878598,-0.005908022,-0.02849689,-0.005675511
7.50,0.828257,9.798009,0.9356892,-0.00294103,-0.03803425,-0.003243448
7.52,0.8246295,9.782287,0.9441037,-0.004891111,-0.05136193,-0.007288666
7.54,0.8231846,9.761202,0.9472387,-0.0008480926,-0.06016937,-0.01090187
7.56,0.8225763,9.791956,0.9101995,0.00239654,-0.0598543,-0.003162029
7.58,0.8287126,9.758298,0.8793108,0.0120579,-0.05064721,0.00529559
7.60,0.8527172,9.735604,0.8799376,0.02500877,-0.0439031,0.01274325
7.62,0.8584898,9.766427,0.9177537,0.03149888,-0.04114271,0.01386266
7.64,0.8511421,9.769472,0.9243778,0.02843693,-0.03767112,0.01190071
7.66,0.8323128,9.777357,0.9367894,0.01917955,-0.03442597,0.008550823
7.68,0.8336122,9.766891,0.9187798,0.01149079,-0.02884873,0.008161163
7.70,0.8225428,9.776311,0.8929071,0.0168814,-0.01838819,0.01249466
7.72,0.8424609,9.802207,0.9083152,0.02481347,-0.00838002,0.02295003
7.74,0.8357387,9.79855,0.9240128,0.02664089,-0.002917648,0.03356953
7.76,0.8403977,9.796455,0.9073422,0.02143845,0.003667986,0.03443853
7.78,0.8237438,9.778471,0.9255834,0.01459413,0.01130974,0.02999037
7.80,0.8303069,9.744092,0.9508597,0.007538511,0.01340841,0.02039359
7.82,0.7770107,9.740957,0.9502131,0.005926785,0.01174166,-0.00100245
7.84,0.7787703,9.742969,1.007342,-0.002837401,-0.004953619,-0.02444862
7.86,0.7815641,9.791875,1.023178,-0.002203843,-0.0384711,-0.04362087
7.88,0.7641151,9.867439,1.015039,0.003263095,-0.06927671,-0.05109506
7.90,0.7621644,9.86194,1.027034,0.007514297,-0.1053546,-0.0485517
7.92,0.778282,9.776443,1.017899,0.001352537,-0.1394656,-0.04652499
7.94,0.8028228,9.699691,0.9617364,-0.0119087,-0.1680786,-0.05656657
7.96,0.8118637,9.656012,0.9135312,-0.007755647,-0.1814928,-0.0775402
7.98,0.7886381,9.620665,0.9019356,0.01245916,-0.1853068,-0.1018264
8.00,0.765561,9.61547,0.8896638,0.03249149,-0.1762886,-0.1134017
8.02,0.7366197,9.60539,0.8602834,0.03891524,-0.1667794,-0.1123001
8.04,0.6718085,9.541752,0.8253644,0.02654467,-0.1561554,-0.1051058
8.06,0.6099834,9.561508,0.8310212,0.01221413,-0.1468159,-0.09486071
8.08,0.5607873,9.511076,0.8318388,0.001261747,-0.140041,-0.08510571
8.10,0.5254031,9.405192,0.8046139,-0.00102142,-0.1331358,-0.0793241
8.12,0.4760866,9.213646,0.7337533,-0.007238102,-0.1197526,-0.07448093
8.14,0.4304101,8.936304,0.6659347,-0.01496698,-0.09551437,-0.07610029
8.16,0.3931797,8.547026,0.6282439,-0.02651611,-0.06498958,-0.08355591
8.18,0.3776613,8.129175,0.5471652,-0.03418973,-0.0293848,-0.09330017
8.20,0.3473273,7.767065,0.4847514,-0.03861193,-0.0003108205,-0.09772922
8.22,0.2722163,7.445073,0.4318396,-0.0478006,0.02759726,-0.09151293
8.24,0.1576989,7.056232,0.2855566,-0.04101567,0.06198783,-0.08771607
8.26,0.1051994,6.616737,0.2399891,-0.02221054,0.09068417,-0.09280184
8.28,0.1092551,6.148325,0.2773209,-0.0152677,0.09192249,-0.09892352
8.30,0.08717693,5.75087,0.3203289,-0.03362862,0.06365996,-0.09699496
8.32,0.009450611,5.399934,0.2986938,-0.07822762,0.04055398,-0.08236466
8.34,-0.1103039,5.13271,0.1597755,-0.1376875,0.05145242,-0.06024723
8.36,-0.1694393,4.959776,0.1180876,-0.1869416,0.07181827,-0.0497491
8.38,-0.1520312,4.943664,0.1855441,-0.204496,0.08102954,-0.05117271
8.40,-0.1130908,5.353852,0.2942445,-0.1725386,0.05571999,-0.06013548
8.42,-0.1823064,5.979762,0.4165623,-0.09395357,-0.006305192,-0.06300524
8.44,-0.3193946,6.68666,0.5881312,0.004056106,-0.08790037,-0.04546642
8.46,-0.4765416,7.793383,0.63516,0.1276687,-0.1798037,0.003009332
8.48,-0.5897416,9.446733,0.6714044,0.3262841,-0.2659603,0.05919006
8.50,-1.011678,11.37811,0.7098185,0.6127319,-0.2927811,0.1069173
8.52,-0.8670158,12.63184,1.167443,0.8119856,-0.3271632,0.143642
8.54,-0.4172535,12.97438,1.212797,0.76704,-0.4109283,0.1940005
8.56,-0.2578518,12.95494,0.6703401,0.507005,-0.4307714,0.2845579
8.58,-0.4983704,13.35346,0.05559257,0.2574198,-0.2623636,0.3678824
8.60,-1.009401,14.1079,-0.3508417,0.1653986,0.08377903,0.3416296
8.62,-0.4378077,14.84072,0.1153432,0.1585343,0.3293598,0.2370787
8.64,0.6508909,15.10706,0.8242799,0.1140937,0.3101102,0.1301204
8.66,1.21697,15.01839,0.8207248,0.02251829,0.1669105,0.1098988
8.68,1.029785,15.79245,0.3384424,0.05827832,0.1232805,0.2356767
8.70,0.1441698,17.38298,0.08235753,0.2992378,0.2792711,0.3587997
8.72,-0.3937853,18.42762,0.353562,0.572973,0.5123172,0.3386296
8.74,0.6954562,16.38411,0.8693987,0.6179925,0.5743414,0.2170872
8.76,2.043842,12.62958,0.4828489,0.3887426,0.4967188,0.1612858
8.78,2.679433,9.417046,0.0793379,-0.1116767,0.3967575,0.2885397
8.80,2.902142,7.404087,-0.230411,-0.6033515,0.2495103,0.474438
8.82,3.415364,6.939744,0.1238281,-0.7917251,-0.05401835,0.6280803
8.84,3.854961,7.616547,0.8046678,-0.5609994,-0.3606099,0.7629206
8.86,3.214939,7.964437,0.7358879,-0.1012713,-0.4257383,0.825725
8.88,2.187534,8.260967,0.09063845,0.2786543,-0.2807264,0.8272367
8.90,1.646805,8.92753,-0.02687505,0.4368296,-0.1169346,0.7443009
8.92,1.81821,10.02992,0.6867613,0.4713893,-0.05968192,0.5725147
8.94,2.384132,10.42651,1.181777,0.4206014,-0.06671754,0.3263381
8.96,2.946452,9.603686,0.8742401,0.293672,-0.04835184,0.06196874
8.98,3.20086,8.576143,0.325634,0.1516796,0.04661144,-0.1537957
9.00,3.206081,8.344134,0.1670328,0.08229025,0.1913939,-0.2754996
9.02,3.124837,8.782177,0.2606148,0.08573007,0.3098087,-0.2911197
9.04,3.043604,9.444246,0.4196984,0.09034716,0.3601626,-0.2340566
9.06,2.946469,9.801656,0.5313631,0.03150232,0.3571916,-0.1222751
9.08,2.71778,9.732979,0.4715191,-0.07546715,0.3594562,0.02334796
9.10,2.58975,9.710847,0.4991484,-0.1633149,0.3440353,0.1477799
9.12,2.526405,9.874712,0.5962576,-0.1888469,0.2902679,0.2052608
9.14,2.482528,9.914583,0.7393287,-0.1492915,0.2170169,0.1843374
9.16,2.423412,10.00104,0.755168,-0.1109156,0.1406167,0.1185926
9.18,2.34121,9.962126,0.7012982,-0.1433836,0.06585394,0.03218937
9.20,2.299696,9.745767,0.5433346,-0.2151658,-0.00558169,-0.04435761
9.22,2.268889,9.586374,0.4812548,-0.2390371,-0.05511832,-0.09131725
9.24,2.221653,9.476274,0.5071887,-0.1902603,-0.1034077,-0.1189368
9.26,2.291098,9.399703,0.5205869,-0.110208,-0.1693627,-0.1261248
9.28,2.267747,9.328127,0.4530622,-0.0482795,-0.2543129,-0.1408075
9.30,2.277676,9.454295,0.5044153,-0.01639656,-0.3802655,-0.1589868
9.32,2.363223,9.678562,0.6020712,0.01149126,-0.529242,-0.1534399
9.34,2.364919,9.77669,0.4753912,0.05657898,-0.6253197,-0.1244868
9.36,2.338445,9.829926,0.2701546,0.08500107,-0.638182,-0.08258143
9.38,2.319386,9.815775,-0.07303549,0.05781443,-0.5614781,-0.0512981
9.40,2.289195,9.800199,-0.3004691,-0.009654763,-0.4139628,-0.04373198
9.42,2.276201,9.732752,-0.3813953,-0.07648521,-0.2274398,-0.06523053
9.44,2.222095,9.606143,-0.3310742,-0.1114582,-0.06465297,-0.07886627
9.46,2.135193,9.612423,-0.1991773,-0.1080256,0.04753839,-0.07344197
9.48,1.978993,9.591832,-0.1509661,-0.09356724,0.1202711,-0.03450314
9.50,1.773639,9.558552,-0.1663637,-0.06544293,0.1898544,0.01822838
9.52,1.623259,9.540494,-0.06359192,-0.04605464,0.2406863,0.05484541
9.54,1.558402,9.542419,0.06216348,-0.04209147,0.2574373,0.06195155
9.56,1.538716,9.512677,0.0916039,-0.04846385,0.2409915,0.0326305
9.58,1.540227,9.546489,0.1527983,-0.04319923,0.2041268,-0.01898219
9.60,1.559485,9.577483,0.2353511,-0.01758634,0.1645491,-0.07160056
9.62,1.569301,9.651984,0.2335677,0.01607437,0.1361736,-0.1183809
9.64,1.539744,9.767795,0.1927535,0.03953573,0.1092357,-0.1541342
9.66,1.511061,9.986596,0.1699943,0.05484831,0.08706421,-0.1826146
9.68,1.509658,10.06649,0.2359137,0.05942967,0.05675014,-0.2197016
9.70,1.588434,9.949642,0.2844596,0.07983472,0.02048379,-0.2638895
9.72,1.75326,9.713018,0.2658851,0.08923741,-0.01825859,-0.3205848
9.74,1.768265,9.325315,0.2456167,0.06034146,-0.06546339,-0.3833295
9.76,1.69138,8.942429,0.2449045,0.0117254,-0.09875843,-0.4405236
9.78,1.692979,9.053031,0.2734187,0.01168697,-0.1128743,-0.4914647
9.80,1.733651,9.366872,0.2886947,0.05635628,-0.117438,-0.5191509
9.82,1.770642,9.698263,0.2910564,0.1006844,-0.1291097,-0.5287061
9.84,1.789607,9.738593,0.2923453,0.112759,-0.1361905,-0.5086693
9.86,1.743604,9.655788,0.2358511,0.104242,-0.1244101,-0.4799907
9.88,1.662365,9.61609,0.191715,0.08534061,-0.09017249,-0.4690412
9.90,1.654799,9.779564,0.21582,0.07761297,-0.06162595,-0.4814937
9.92,1.689071,10.31735,0.4057607,0.07322875,-0.06348922,-0.4833975
9.94,1.64782,10.47664,0.6337913,0.03618747,-0.0778412,-0.4652058
9.96,1.515611,10.33349,0.6058486,-0.0275318,-0.132761,-0.424561
9.98,1.355108,10.41469,0.6931456,-0.04668466,-0.2460029,-0.3768856
10.00,1.218207,10.95574,0.8960539,-0.003086497,-0.4437047,-0.2746193
10.02,1.231896,11.93078,0.9174858,0.02184587,-0.6638102,-0.08002336
10.04,1.163005,12.52663,0.2469,-0.02355436,-0.7482316,0.1436673
10.06,1.190497,12.66611,-0.5039724,-0.05343015,-0.677945,0.2934418
10.08,1.378043,12.63347,-0.9300631,0.007012212,-0.4917972,0.3100993
10.10,2.041905,12.82461,-0.5600203,0.1630238,-0.3553559,0.259439
10.12,2.319827,12.92138,-0.1672624,0.3038472,-0.2948856,0.1748227
10.14,2.043097,12.79168,-0.2950966,0.3066181,-0.1985949,0.08339705
10.16,1.543675,12.58977,-0.5795289,0.1553696,-0.04221167,0.02040205
10.18,0.9335096,12.15277,-0.7317501,-0.05614404,0.1897795,-0.01771319
10.20,0.3424769,12.0619,-0.672335,-0.1875582,0.4474314,-0.03108455
10.22,-0.0140152,12.31171,-0.2587375,-0.1935839,0.6250877,-0.01807287
10.24,-0.08420742,12.53467,0.3118018,-0.1391269,0.6690316,0.03754213
10.26,-0.1097514,12.48894,0.5600869,-0.09436934,0.5882089,0.1048098
10.28,-0.03088821,11.96867,0.5669556,-0.08601969,0.4369041,0.1700839
10.30,0.1126059,11.50383,0.5760542,-0.07702331,0.2666601,0.2350507
10.32,0.2121311,11.21833,0.6148994,-0.04654969,0.1143115,0.2897088
10.34,0.2480376,10.81731,0.6093184,-0.02088872,-0.003409031,0.3297033
10.36,0.3284019,10.35379,0.5818195,-0.03266263,-0.09181659,0.3194144
10.38,0.4449214,9.805177,0.3990261,-0.09416424,-0.1246308,0.2610227
10.40,0.4234178,9.180635,0.1805762,-0.171456,-0.1049026,0.1686144
10.42,0.4131093,8.548196,0.121222,-0.2396406,-0.05489491,0.08644814
10.44,0.5075575,8.063058,0.156003,-0.2695242,-0.009415962,0.02909828
10.46,0.563107,7.751723,0.1818264,-0.2511168,0.01142166,-0.03341497
10.48,0.6151978,7.532735,0.2241689,-0.1981902,-0.003415923,-0.09849282
10.50,0.7670648,7.48569,0.2993156,-0.14879,-0.05423095,-0.1281894
10.52,0.9043484,7.274277,0.4215204,-0.1191888,-0.136701,-0.1441632
10.54,0.905786,7.703359,0.3408761,-0.07108608,-0.2113963,-0.1437117
10.56,0.8185664,8.174781,0.2808967,-0.005812583,-0.255678,-0.1148643
10.58,0.6781355,8.103517,0.2472644,0.0500466,-0.2582354,-0.04155179
10.60,0.6321031,7.7816,0.2401068,0.0591546,-0.2326698,0.06066746
10.62,0.6121573,7.528839,0.1359813,0.02214534,-0.1681368,0.1684227
10.64,0.5320232,7.108309,-0.05469364,-0.04316276,-0.05188504,0.2446329
10.66,0.5089128,6.895872,-0.1996886,-0.1140436,0.08102117,0.2829169
10.68,0.5892992,6.82265,-0.2074693,-0.1551568,0.1799195,0.2640166
10.70,0.7047772,6.943595,-0.07825745,-0.1346111,0.2292075,0.2045314
10.72,0.7873672,7.403586,0.01851473,-0.02854054,0.2393659,0.1298369
10.74,0.6870665,8.142019,0.1117934,0.1307391,0.2354929,0.06591744
10.76,0.5182737,8.933939,0.2008121,0.2784424,0.2244953,0.02234022
10.78,0.477343,9.475003,0.3189398,0.3633723,0.1935754,-0.007454751
10.80,0.5404648,9.61607,0.4207267,0.3840544,0.1387224,-0.04088081
10.82,0.6382438,9.504543,0.4591573,0.3593781,0.07630939,-0.0679465
10.84,0.6650291,9.313399,0.4327966,0.3084257,0.02376358,-0.09737851
10.86,0.6795943,9.358184,0.3559327,0.2582894,-0.01942006,-0.1103189
10.88,0.7233462,9.522418,0.357314,0.2175,-0.07504205,-0.106325
10.90,0.7633991,9.678988,0.380678,0.1813986,-0.1341384,-0.07138164
10.92,0.7625229,9.763893,0.2782091,0.1483371,-0.1689729,-0.01737061
10.94,0.7507128,9.709045,0.1069697,0.120952,-0.1618884,0.04487176
10.96,0.744643,9.559468,-0.01038004,0.1020868,-0.1053687,0.08907694
10.98,0.7783272,9.453151,-0.1075645,0.08802774,-0.01773596,0.09266795
11.00,0.8422929,9.542271,-0.1308612,0.07110083,0.06180346,0.05618067
11.02,0.8905548,9.615164,-0.1117244,0.03672564,0.1263315,-0.0007658427
11.04,0.8893731,9.594293,-0.08320692,-0.00762067,0.1826257,-0.0612305
11.06,0.8635826,9.510334,-0.08861162,-0.02845038,0.2462135,-0.09493645
11.08,0.8490019,9.513181,-0.0577788,-0.02762425,0.2930197,-0.1114421
11.10,0.853336,9.591899,0.01055702,-0.02225784,0.3064191,-0.1138174
11.12,0.8185707,9.677205,0.08318172,-0.02442742,0.2899852,-0.1077347
11.14,0.8050661,9.761976,0.1512748,-0.02136471,0.2498658,-0.09198291
11.16,0.8084956,9.850671,0.1899174,-0.01410078,0.2020974,-0.06715819
11.18,0.8131233,9.860853,0.2051655,-0.0199954,0.1529401,-0.03983634
11.20,0.8171074,9.813903,0.1593906,-0.0335385,0.1053706,-0.01947705
11.22,0.870355,9.829688,0.1453031,-0.04428261,0.06014473,-0.01450068
11.24,0.9301716,9.930897,0.1516291,-0.04272806,0.01474408,-0.01601417
11.26,0.9393709,10.04329,0.1186073,-0.04707785,-0.01548022,-0.02172726
11.28,0.9108559,9.990413,0.01154838,-0.06943963,-0.01842488,-0.02707808
11.30,0.9134237,9.896803,-0.08742552,-0.0944301,0.0007343683,-0.02584359
11.32,0.9238343,9.819511,-0.1330665,-0.107842,0.03217169,-0.02040688
11.34,0.9368858,9.802579,-0.1698036,-0.1067882,0.06248528,-0.01049343
11.36,0.9364542,9.775407,-0.1757855,-0.09296138,0.08482882,-0.001765253
11.38,0.9375236,9.758835,-0.1795217,-0.0699907,0.1101436,-0.000261251
11.40,0.9204886,9.784499,-0.1423908,-0.04939763,0.1302496,-0.0009955283
11.42,0.9134403,9.793212,-0.1062786,-0.0377727,0.1440626,-0.003399232
11.44,0.8842847,9.754347,-0.07761315,-0.02991065,0.14521,-0.01325841
11.46,0.8790157,9.743324,-0.02484327,-0.006662324,0.1326094,-0.028879
11.48,0.9187908,9.83213,0.09629356,0.02527173,0.1055829,-0.03236518
11.50,0.9083395,9.887033,0.1451081,0.04172041,0.05927845,-0.02272702
11.52,0.8520813,9.960538,0.1594397,0.02676152,0.01723556,-0.007504863
11.54,0.7952291,9.953822,0.1696966,-0.005875747,-0.008845065,0.00970716
11.56,0.8054417,9.924183,0.104805,-0.02099961,-0.01407335,0.01657204
11.58,0.8761895,9.797424,0.1026852,-0.006732196,-0.008102291,0.004439034
11.60,0.915298,9.709023,0.1471511,0.02242098,-0.002063106,-0.02363102
11.62,0.9339877,9.691233,0.1879376,0.04480067,-0.01138211,-0.04260064
11.64,0.9162163,9.775913,0.1929665,0.04707696,-0.02162013,-0.04014694
11.66,0.8770934,9.831128,0.1652024,0.04113715,-0.01984948,-0.0178552
11.68,0.872052,9.815116,0.1706535,0.03835125,-0.0067893,0.008241877
11.70,0.8808527,9.789437,0.2111568,0.03432842,0.00331075,0.02588978
11.72,0.8860077,9.78141,0.2112593,0.02145309,0.01075548,0.02582986
11.74,0.8875539,9.78884,0.1937353,0.01225103,0.0102195,0.007606091
11.76,0.8980525,9.851774,0.2230342,0.01194923,0.01016877,-0.007589156
11.78,0.8847384,9.892976,0.2089468,0.006490098,0.008879375,-0.01105313
11.80,0.8523749,9.899801,0.15043,-0.008598847,0.0142305,-0.00510115
11.82,0.8358451,9.859082,0.07952924,-0.02694423,0.02449832,0.00872154
11.84,0.8489517,9.86879,0.09885255,-0.03464906,0.03393826,0.00900367
11.86,0.8871465,9.861439,0.1116417,-0.0272661,0.03720674,0.005234866
11.88,0.8719255,9.84372,0.08512462,-0.02451002,0.04328027,-0.002761201
11.90,0.8388617,9.777027,0.0316809,-0.03362889,0.0508898,-0.01042456
11.92,0.8145001,9.751821,0.01331839,-0.04172499,0.06444743,-0.009989815
11.94,0.789716,9.715056,0.05704676,-0.03004448,0.07361445,-0.01754592
11.96,0.792729,9.688676,0.1110294,-0.0103733,0.06111064,-0.03162863
11.98,0.8041525,9.681162,0.1704908,-0.006645464,0.02609241,-0.05252912
12.00,0.7904418,9.649105,0.1684968,-0.005121081,-0.01563375,-0.06029243
12.02,0.7840387,9.700042,0.1767327,0.0007134043,-0.0586111,-0.05592133
12.04,0.7585514,9.792861,0.1920458,0.01585396,-0.08872305,-0.04137663
12.06,0.7343646,9.804139,0.1727306,0.03021238,-0.1050676,-0.02451068
12.08,0.7204584,9.747081,0.1440946,0.02156758,-0.1138965,-0.01626679
12.10,0.6933575,9.721326,0.1446176,0.007805055,-0.1124204,-0.02701836
12.12,0.6872248,9.784451,0.1982179,-0.02234349,-0.1224054,-0.04267075
12.14,0.6242271,9.676731,0.1785385,-0.06209823,-0.1181601,-0.05011144
12.16,0.5560039,9.274475,0.1467727,-0.1240534,-0.09277267,-0.04169676
12.18,0.4999332,8.71015,0.05408295,-0.1818061,-0.04123656,-0.02092345
12.20,0.4546562,8.02328,-0.04168115,-0.227831,0.02568345,0.003308216
12.22,0.4323302,7.309942,-0.0690295,-0.2532391,0.08754199,0.01238703
12.24,0.4521897,6.588709,-0.009482502,-0.277953,0.1164368,0.01818876
12.26,0.450676,5.878456,0.05418429,-0.295307,0.1144214,0.02974559
12.28,0.4242727,5.242412,0.07350318,-0.3037904,0.1024506,0.05752368
12.30,0.4685116,4.718268,0.1067794,-0.3016124,0.07542578,0.1091943
12.32,0.4040242,4.421023,0.04185178,-0.2808132,0.04954034,0.1793399
12.34,0.3767974,4.236872,0.009459235,-0.2490304,0.04094527,0.2627789
12.36,0.2886548,4.120049,-0.03241355,-0.2265226,0.06173501,0.342583
12.38,0.04191379,4.049139,-0.2348665,-0.1873606,0.1270777,0.3628593
12.40,-0.0786838,4.355094,-0.2549483,-0.1198624,0.194234,0.3182715
12.42,0.03151486,4.953529,-0.01000975,-0.0309575,0.2273157,0.2358402
12.44,0.2113257,5.833107,0.4167732,0.05398268,0.2217047,0.12669
12.46,0.06042396,7.039899,0.489245,0.1445151,0.2120295,0.006584233
12.48,-0.240911,8.769114,0.5662511,0.2470583,0.1547694,-0.1084307
12.50,-0.4144233,10.75213,0.7405608,0.4330633,0.07709694,-0.2281313
12.52,-0.4116052,13.25767,1.208897,0.6502177,-0.07151769,-0.3375507
12.54,-0.2312846,15.05006,1.463134,0.703792,-0.3058638,-0.4079332
12.56,-0.09933383,15.33825,1.248513,0.5572544,-0.5638309,-0.4139025
12.58,-0.04966168,15.35536,0.694502,0.337874,-0.6832262,-0.3132017
12.60,-0.1094045,16.05094,0.100786,0.1165197,-0.6199855,-0.1364026
12.62,-0.03334787,16.54374,-0.3283596,-0.1428607,-0.4686078,0.03868347
12.64,0.2710491,16.26049,-0.3630514,-0.42509,-0.3164916,0.1373807
12.66,0.6466224,16.43966,-0.6988857,-0.4406764,-0.104002,0.1883066
12.68,0.4672502,18.63787,-0.991793,-0.09234223,0.2131614,0.1619757
12.70,0.8414768,20.2916,0.05426592,0.1766217,0.4591107,0.08803683
12.72,1.720927,17.94515,1.407249,-0.1607397,0.4680402,0.01775394
12.74,2.082519,12.93418,0.8103625,-0.8927815,0.363725,0.06229821
12.76,2.233614,10.34323,-0.1484222,-1.365427,0.3291537,0.2896303
12.78,2.421945,8.403249,0.1914263,-1.387676,0.3399763,0.582755
12.80,2.929509,7.346854,0.6732062,-1.030834,0.2727909,0.7785099
12.82,3.18027,6.747508,0.9123079,-0.516458,0.1236588,0.8158586
12.84,3.178468,6.604027,1.09202,0.05648188,0.009111048,0.6932033
12.86,2.865571,6.994407,1.204494,0.5534995,0.01003361,0.4452763
12.88,2.717751,7.762749,1.367504,0.8208029,0.0429704,0.1769252
12.90,2.648479,8.354698,1.411905,0.8460498,0.071636,-0.04555218
12.92,2.567533,8.402267,1.208512,0.7708468,0.1487925,-0.2128846
12.94,2.5165,8.565186,1.020957,0.7095109,0.277466,-0.3111118
12.96,2.59749,9.09035,0.997964,0.6401871,0.3815905,-0.349663
12.98,2.530522,9.499095,1.077781,0.5370967,0.4291364,-0.3547965
13.00,2.358674,9.911819,1.125054,0.4198548,0.4484836,-0.32892
13.02,2.236711,10.38008,1.106369,0.3240616,0.4534423,-0.2725155
13.04,2.173207,10.71652,1.110607,0.2307451,0.4242989,-0.1805663
13.06,2.15408,10.93222,1.060778,0.1296276,0.3817497,-0.06501803
13.08,2.08357,10.81139,0.9958606,0.03217448,0.3313461,0.05159527
13.10,2.06878,10.56625,0.9674045,-0.04574577,0.267351,0.168459
13.12,2.08794,10.27897,0.915658,-0.11864,0.1722785,0.2793
13.14,2.042637,10.05578,0.8417702,-0.1840953,0.05702336,0.3797429
13.16,1.9709,9.918425,0.7560688,-0.2342845,-0.03633134,0.4561844
13.18,1.899414,9.893191,0.5869353,-0.2647931,-0.08188047,0.4956999
13.20,1.898352,9.806686,0.4439339,-0.268642,-0.09180558,0.4950037
13.22,1.936849,9.581034,0.3211963,-0.2575989,-0.08527584,0.4754575
13.24,1.90632,9.425359,0.2192753,-0.2253585,-0.0581274,0.4475586
13.26,1.817618,9.332921,0.1706306,-0.1723322,-0.02693042,0.4245566
13.28,1.719647,9.378297,0.1568663,-0.1080161,0.007172545,0.3901409
13.30,1.641006,9.445548,0.1802866,-0.04749071,0.04130656,0.3296308
13.32,1.643585,9.391002,0.3014373,-0.01225797,0.04934021,0.2351008
13.34,1.690326,9.205776,0.4113792,-0.007513341,0.02183621,0.1368844
13.36,1.708511,9.108762,0.3937577,0.003371842,-0.01684744,0.05103023
13.38,1.704402,9.108028,0.357338,0.04660669,-0.04648137,-0.0174223
13.40,1.744362,9.25795,0.385335,0.1011889,-0.06833132,-0.06735073
13.42,1.789884,9.472998,0.4186243,0.1277556,-0.08960827,-0.1009275
13.44,1.846858,9.560107,0.4047959,0.1208648,-0.08891603,-0.1130801
13.46,1.838344,9.51928,0.33968,0.1007546,-0.05374486,-0.1091028
13.48,1.83406,9.566311,0.3004102,0.08253781,0.01173183,-0.1009532
13.50,1.848931,9.705977,0.3248956,0.07921997,0.07804545,-0.09046256
13.52,1.844959,9.815186,0.4372145,0.08122797,0.1309981,-0.0837872
13.54,1.816214,9.908782,0.540774,0.06554419,0.1642417,-0.07576062
13.56,1.775404,9.90107,0.5896911,0.02442922,0.1698485,-0.06829479
13.58,1.776855,9.767304,0.6287495,-0.01788685,0.1597848,-0.06010988
13.60,1.792829,9.602492,0.6738963,-0.03541829,0.1342803,-0.03947195
13.62,1.767016,9.597171,0.6624628,-0.03574704,0.1049615,-0.01486869
13.64,1.714588,9.744267,0.6433712,-0.03397712,0.08787481,-0.0005515732
13.66,1.697268,9.767197,0.6195614,-0.04297073,0.09721386,-0.0146649
13.68,1.706849,9.540714,0.5696552,-0.05709254,0.1229731,-0.07625019
13.70,1.797783,9.355221,0.5270731,-0.05271157,0.1443004,-0.1476207
13.72,1.802828,9.35021,0.5337884,-0.03709514,0.1491937,-0.188519
13.74,1.656033,9.555222,0.5530393,-0.01684599,0.150547,-0.1959061
13.76,1.541294,9.696958,0.6278852,-0.005126531,0.1383811,-0.1780723
13.78,1.519863,9.633425,0.7134737,-0.000411693,0.114489,-0.1565758
13.80,1.590413,9.540101,0.7220408,0.007361591,0.08118479,-0.1485869
13.82,1.643399,9.529225,0.7074397,0.02683771,0.0360409,-0.1508372
13.84,1.657797,9.577582,0.7636938,0.05539748,-0.01053249,-0.1587046
13.86,1.658266,9.640988,0.7994278,0.07328766,-0.05446507,-0.1621228
13.88,1.668385,9.627547,0.7628656,0.07610137,-0.09161174,-0.1686221
13.90,1.741559,9.5956,0.7069746,0.06484343,-0.1144678,-0.177934
13.92,1.802414,9.555234,0.687079,0.06005073,-0.1238753,-0.18213
13.94,1.861262,9.652102,0.702536,0.05483496,-0.1196106,-0.1752674
13.96,1.89527,9.827242,0.7332833,0.02646807,-0.1102168,-0.1443163
13.98,1.903205,9.946691,0.6494542,-0.01289716,-0.07911645,-0.1008627
14.00,1.918815,9.904017,0.5488583,-0.0455163,-0.01889961,-0.0637226
14.02,1.971646,9.786874,0.5252351,-0.06646697,0.04824308,-0.05489393
14.04,2.014652,9.732276,0.5105327,-0.07439208,0.1037582,-0.06886458
14.06,2.019647,9.769045,0.5424895,-0.08229449,0.1307455,-0.08612054
14.08,1.886714,9.833547,0.6063614,-0.08475401,0.1327312,-0.08171099
14.10,1.725177,9.798058,0.6301144,-0.07380284,0.1091327,-0.05223193
14.12,1.672911,9.695618,0.6551421,-0.03588901,0.06564694,-0.0306548
14.14,1.699489,9.570651,0.7599765,0.008082041,-0.01649687,-0.03060037
14.16,1.723604,9.556522,0.8144571,0.04402545,-0.1198395,-0.04646036
14.18,1.682706,9.576579,0.808715,0.06201453,-0.2207499,-0.07312921
14.20,1.663829,9.605379,0.7794038,0.07673603,-0.2989846,-0.09070148
14.22,1.669646,9.604245,0.6701725,0.09457732,-0.3529207,-0.09099859
14.24,1.605011,9.698725,0.5902772,0.11489,-0.3984962,-0.06863594
14.26,1.484006,9.880424,0.5833084,0.1246869,-0.4123098,-0.05612044
14.28,1.504763,10.05921,0.5767348,0.1367466,-0.4190688,-0.04298827
14.30,1.532149,10.03957,0.4935909,0.1180489,-0.4266724,-0.04612428
14.32,1.540261,9.955251,0.4176635,0.07149496,-0.419099,-0.05702583
14.34,1.516963,9.905105,0.3200301,0.03614155,-0.3920726,-0.07242823
14.36,1.499749,9.801068,0.2665663,0.003704421,-0.3569747,-0.09579035
14.38,1.431649,9.687931,0.2477207,-0.0312725,-0.306944,-0.1342449
14.40,1.455649,9.605158,0.2423322,-0.06321776,-0.2611171,-0.1987655
14.42,1.442518,9.4269,0.1766572,-0.06482662,-0.2163771,-0.2922231
14.44,1.52587,9.31325,0.141304,-0.01593335,-0.1726295,-0.3933247
14.46,1.553956,9.588207,0.1086547,0.04857102,-0.1469331,-0.4596227
14.48,1.386671,10.03675,0.1346974,0.07709307,-0.1237235,-0.4630406
14.50,1.129944,10.21408,0.1298278,0.06848246,-0.08841875,-0.430087
14.52,1.006762,10.22206,0.1209836,0.08601023,-0.05590177,-0.4045781
14.54,1.072571,10.25223,0.1369976,0.1890562,-0.06133677,-0.4227059
14.56,1.2517,10.5511,0.305067,0.3686059,-0.1204036,-0.4769344
14.58,1.404186,11.42758,0.4705386,0.5701485,-0.2078698,-0.5363529
14.60,1.432516,12.65709,0.5058985,0.7007684,-0.2897754,-0.567578
14.62,1.403316,13.32012,0.4811372,0.7099608,-0.349712,-0.5547055
14.64,1.451771,13.42124,0.2999454,0.6322364,-0.3498735,-0.4703211
14.66,1.337457,13.21738,0.1484563,0.5085518,-0.2961799,-0.3054865
14.68,1.122571,13.27906,-0.05082601,0.3456171,-0.1772437,-0.07231349
14.70,0.9198485,13.56045,-0.2201072,0.1527883,-0.008155224,0.165391
14.72,0.5285771,13.73571,-0.3905731,-0.03667936,0.1897565,0.3241137
14.74,0.6231284,13.42159,-0.3195711,-0.1763884,0.3584352,0.3773873
14.76,1.023113,12.91537,-0.0315795,-0.2456966,0.4325413,0.3401712
14.78,1.150632,12.44,0.05844184,-0.257519,0.4299255,0.2623722
14.80,1.134953,12.2052,0.01520902,-0.2452673,0.402309,0.2210932
14.82,1.010691,12.2271,-0.07544629,-0.2189382,0.3723655,0.2678093
14.84,0.8632318,12.32642,-0.1358847,-0.2000934,0.3373136,0.3950378
14.86,0.7133439,11.90039,-0.1712422,-0.2137352,0.3200794,0.5538284
14.88,0.5773951,11.02448,-0.2273886,-0.2664828,0.3450712,0.6968274
14.90,0.4928139,9.847873,-0.3710891,-0.3509987,0.410105,0.7902343
14.92,0.4786123,8.776325,-0.4087448,-0.4208153,0.4711509,0.8413122
14.94,0.4408823,7.981397,-0.385665,-0.4468252,0.5249043,0.8269216
14.96,0.4080029,7.348717,-0.3343771,-0.42046,0.5569052,0.7516
14.98,0.4691146,6.85367,-0.2498481,-0.350311,0.5509113,0.6513002
15.00,0.5860485,6.65386,-0.07211883,-0.256586,0.4832422,0.5551726
15.02,0.6292802,6.690052,0.03752371,-0.1550595,0.3835507,0.4929366
15.04,0.5666032,6.846028,0.05787346,-0.07525434,0.2993349,0.4807056
15.06,0.4250658,7.036285,-0.08058664,-0.004080981,0.2821856,0.5037786
15.08,0.3823689,7.233428,-0.2275885,0.06679826,0.3364959,0.5180333
15.10,0.3281286,7.538743,-0.275425,0.1266131,0.4112766,0.4934363
15.12,0.4852884,7.832433,-0.1069045,0.1699874,0.4594764,0.4209552
15.14,0.6188567,7.921887,0.006754446,0.191418,0.4767137,0.3034136
15.16,0.7414603,7.930606,0.02467911,0.1804204,0.4833187,0.1438116
15.18,0.8826839,7.871995,0.04577032,0.1642121,0.4731917,-0.02975581
15.20,1.053275,7.978124,0.07901981,0.1593874,0.4559562,-0.1666611
15.22,1.097613,8.148902,0.07015818,0.1459544,0.4299866,-0.2517987
15.24,1.159063,8.134157,0.07642518,0.09582534,0.3888956,-0.2834896
15.26,1.257007,7.969453,0.03454271,0.02553904,0.3411366,-0.2750751
15.28,1.344682,7.896959,-0.03424895,-0.004447038,0.2875344,-0.2496691
15.30,1.43514,8.077081,-0.01319844,0.03899468,0.2306897,-0.2245801
15.32,1.586336,8.297835,0.09440528,0.1448572,0.1627719,-0.2146718
15.34,1.76296,8.406066,0.1800282,0.2417268,0.07711433,-0.2159809
15.36,1.831433,8.414432,0.1493226,0.2782875,0.005725498,-0.2288727
15.38,1.811736,8.52073,0.08315814,0.2711268,-0.04146952,-0.2532287
15.40,1.803321,8.766823,0.002506437,0.2668981,-0.04919659,-0.2690427
15.42,1.793957,9.193355,0.05090418,0.28693,-0.04560825,-0.2800139
15.44,1.793419,9.657012,0.1718028,0.3074328,-0.05651149,-0.2886203
15.46,1.769464,9.93234,0.2653861,0.2662903,-0.07597902,-0.2928941
15.48,1.704518,9.959277,0.1915087,0.1627744,-0.09174027,-0.2784049
15.50,1.618797,9.975179,0.09540033,0.0532077,-0.09759031,-0.2476169
15.52,1.615635,10.05854,0.1219848,0.007624628,-0.1022635,-0.1950543
15.54,1.676911,10.21664,0.1883485,0.02067394,-0.1184624,-0.1286947
15.56,1.725882,10.28415,0.1812496,0.02942357,-0.1500517,-0.04482548
15.58,1.673926,10.20393,0.06553842,-0.001581425,-0.1688194,0.03203091
15.60,1.604438,10.01755,-0.0568707,-0.05685025,-0.1546439,0.08660383
15.62,1.572897,9.9124,-0.1333958,-0.09199665,-0.1163111,0.1114869
15.64,1.566232,9.781569,-0.1086852,-0.1017204,-0.08420042,0.09970429
15.66,1.571735,9.652493,-0.0292494,-0.09521762,-0.0785528,0.05708702
15.68,1.528576,9.590345,0.04945268,-0.08911022,-0.1014977,0.000606398
15.70,1.404758,9.557926,0.09146285,-0.08110275,-0.14216,-0.05304191
15.72,1.277143,9.664429,0.1726886,-0.05910437,-0.1875353,-0.09394512
15.74,1.224796,9.694933,0.2491997,-0.04020505,-0.2478358,-0.1163884
15.76,1.241913,9.653327,0.2900764,-0.03136295,-0.3344874,-0.1188753
15.78,1.283177,9.593085,0.3121202,-0.0338923,-0.4395526,-0.09903929
15.80,1.225619,9.618615,0.2208135,-0.02175772,-0.5213217,-0.0607878
15.82,1.178432,9.789751,0.1518538,0.01091255,-0.5690439,-0.01584538
15.84,1.153162,9.903889,0.1489831,0.03521291,-0.5930212,0.01529841
15.86,1.170591,9.926746,0.07539536,0.02410451,-0.598581,0.03217911
15.88,1.167274,9.863064,-0.04292378,-0.007892501,-0.5807984,0.03394262
15.90,1.162017,9.859093,-0.1133297,-0.03338641,-0.5329553,0.02890773
15.92,1.135682,9.87629,-0.1920537,-0.0389551,-0.4566753,0.0229388
15.94,1.118576,9.864079,-0.2607782,-0.03992402,-0.3619297,0.01413519
15.96,1.122846,9.809463,-0.2866374,-0.05456208,-0.2706669,0.01127119
15.98,1.121394,9.741467,-0.3062315,-0.08738045,-0.1858043,0.01674249
16.00,1.095814,9.707007,-0.307674,-0.1090164,-0.1078851,0.02687557
16.02,1.075744,9.700699,-0.2851408,-0.103884,-0.04377197,0.03695047
16.04,1.056857,9.723183,-0.2398517,-0.08265276,0.01720348,0.04517885
16.06,1.037529,9.70772,-0.2527945,-0.07253933,0.07733218,0.044036
16.08,1.004418,9.671731,-0.2835308,-0.07755354,0.1290689,0.03748066
16.10,0.9609479,9.721985,-0.2269702,-0.09116369,0.1627678,0.02358805
16.12,0.8902574,9.78721,-0.1562684,-0.09404164,0.1850702,0.01197578
16.14,0.8613051,9.74918,-0.09061743,-0.08286587,0.1903075,0.00431987
16.16,0.8914704,9.620646,-0.05156858,-0.06723597,0.1805079,-0.004918279
16.18,0.9438119,9.50276,0.001155784,-0.03917514,0.1584541,-0.0196714
16.20,0.9672225,9.535446,0.03164966,-0.006964277,0.1392469,-0.03151212
16.22,0.9666809,9.576103,0.03996848,0.01692053,0.131768,-0.04440454
16.24,0.9997711,9.582863,0.0832529,0.02426918,0.1206652,-0.06627616
16.26,1.072445,9.625876,0.155531,0.02917189,0.09699754,-0.0924295
16.28,1.148606,9.693252,0.2198715,0.03281495,0.06063503,-0.1130436
16.30,1.173971,9.788779,0.2044632,0.03746539,0.02611188,-0.1290719
16.32,1.188726,9.921798,0.1871616,0.03732469,-0.002755105,-0.1411846
16.34,1.181723,9.950457,0.2148003,0.03302779,-0.01711971,-0.1602099
16.36,1.11558,9.874743,0.2331997,0.007211586,-0.02130474,-0.2001174
16.38,1.189168,9.80624,0.2871603,-0.04102232,-0.06298739,-0.2558335
16.40,1.366909,9.711236,0.3421884,-0.08274806,-0.1475637,-0.2924118
16.42,1.41366,9.658298,0.2829624,-0.08864927,-0.2190275,-0.2835505
16.44,1.390353,9.726217,0.186929,-0.03882508,-0.264188,-0.2298483
16.46,1.387194,9.882071,0.1318246,0.03521857,-0.2768863,-0.1471533
16.48,1.350946,10.02873,0.05065894,0.08097707,-0.2652845,-0.05716049
16.50,1.322448,10.0728,-0.04788095,0.07738841,-0.2186903,0.006420051
16.52,1.335191,9.9807,-0.1037791,0.04265735,-0.1457007,0.02887108
16.54,1.357097,9.82413,-0.1185403,0.00637946,-0.04976987,0.01637601
16.56,1.381553,9.73234,-0.08115734,-0.02480498,0.04081914,-0.01408487
16.58,1.361431,9.723737,-0.05209161,-0.06068491,0.1135502,-0.03883877
16.60,1.289261,9.779255,-0.07878028,-0.08533308,0.1754965,-0.03552684
16.62,1.18666,9.863708,-0.08957744,-0.07855447,0.2354012,-0.006715137
16.64,1.100151,9.900496,0.02111104,-0.03917502,0.286004,0.03286871
16.66,1.077256,9.888619,0.1259382,-0.02288571,0.3051611,0.06177845
16.68,1.031235,9.811302,0.1489417,-0.03950692,0.2964243,0.07181322
16.70,0.995898,9.749195,0.161011,-0.06229768,0.2775505,0.0648503
16.72,0.9890314,9.722998,0.2529293,-0.06398468,0.2424335,0.04628926
16.74,0.9620947,9.743081,0.3180588,-0.05652282,0.1970025,0.03062212
16.76,0.9063329,9.752405,0.2843192,-0.0616036,0.1523672,0.01410184
16.78,0.8633394,9.710199,0.2301706,-0.07813639,0.1044765,-0.005472592
16.80,0.8642915,9.670769,0.2410866,-0.07901874,0.06044543,-0.03159134
16.82,0.9018456,9.578684,0.277555,-0.05545447,0.005438323,-0.05942168
16.84,0.9203334,9.506316,0.2801249,-0.02254143,-0.04690958,-0.0800566
16.86,0.9000773,9.511336,0.2555781,-0.006134051,-0.09177813,-0.07970608
16.88,0.8264862,9.469215,0.1876548,-0.009091995,-0.1214052,-0.06504587
16.90,0.7887089,9.340343,0.1623774,-0.01461885,-0.1384782,-0.05033448
16.92,0.7888597,9.129172,0.1790558,-0.01947656,-0.1603213,-0.0453833
16.94,0.8128829,8.896077,0.2226937,-0.02490898,-0.190133,-0.04265606
16.96,0.7679026,8.774813,0.1994843,-0.02203907,-0.2101667,-0.03188594
16.98,0.7542143,8.641286,0.1929298,-0.02105565,-0.2308208,-0.01216994
17.00,0.7437837,8.211504,0.2449646,-0.03424615,-0.247167,0.01567434
17.02,0.7466078,7.680675,0.2403589,-0.06293979,-0.2553021,0.04012153
17.04,0.7253271,6.998014,0.1829236,-0.09883307,-0.2318182,0.05776865
17.06,0.6256697,6.284423,0.05259531,-0.1252254,-0.1669572,0.0549863
17.08,0.5364944,5.653188,-0.06121382,-0.1497477,-0.09563515,0.03501223
17.10,0.5119244,5.134813,-0.1208543,-0.1552193,-0.02753265,0.005202885
17.12,0.4328748,4.846181,-0.1198852,-0.1450167,0.03988332,-0.001249074
17.14,0.274197,4.879706,-0.1021368,-0.147759,0.1051875,0.02492903
17.16,0.03742369,5.050379,-0.1905108,-0.1567464,0.1658412,0.0504773
17.18,-0.015506,5.299129,-0.1199373,-0.1388672,0.1992302,0.02841157
17.20,-0.01660052,5.348805,0.1370203,-0.1030094,0.1695397,-0.06795528
17.22,0.04650779,5.814216,0.4669281,-0.07760169,0.0007660155,-0.1865576
17.24,0.1861449,6.565549,0.8272178,-0.05644763,-0.3177857,-0.2910822
17.26,0.2280355,7.462044,0.8360294,0.01586245,-0.6224027,-0.3681703
17.28,-0.02728673,8.990296,0.3616507,0.2012313,-0.7545132,-0.3936982
17.30,-0.3150464,10.63525,0.005930622,0.437218,-0.7374513,-0.3758337
17.32,-0.3174961,12.07243,0.1187276,0.5878435,-0.680414,-0.350352
17.34,0.06877853,13.18722,0.2419378,0.5698134,-0.6978304,-0.3280239
17.36,0.2956897,14.09938,0.2222716,0.4182308,-0.7391408,-0.2606346
17.38,0.1308941,14.42399,-0.09477598,0.2355131,-0.6795473,-0.1371411
17.40,-0.0598901,14.83239,-0.240484,0.1405015,-0.5255365,0.04037426
17.42,0.0003876039,15.38232,-0.1485414,0.1109383,-0.3363437,0.2170323
17.44,0.001716106,16.10778,-0.2826465,0.07811631,-0.1426297,0.3412629
17.46,0.3737342,16.02531,-0.3228014,-0.01737115,0.01445708,0.4159276
17.48,0.8020038,15.30008,-0.3939517,-0.1098082,0.1843185,0.4878551
17.50,0.6538524,15.32935,-0.7669157,-0.07218497,0.4875916,0.577759
17.52,0.2778019,16.34097,-1.051117,0.08115759,0.8741583,0.6279812
17.54,0.2023565,17.33789,-0.8689522,0.1815579,1.180388,0.5654736
17.56,0.4473838,16.37595,-0.3597887,0.001222047,1.274354,0.4161139
17.58,1.15045,12.74592,-0.0318671,-0.3565848,1.065345,0.3059345
17.60,1.594019,9.776782,0.1864325,-0.5414534,0.8063338,0.2953059
17.62,1.903424,7.961019,0.1500459,-0.4638421,0.6507362,0.3409123
17.64,2.350526,7.251422,-0.03684659,-0.2951514,0.523814,0.4120076
17.66,2.768725,7.264113,-0.0878774,-0.1247894,0.3864575,0.4968646
17.68,2.742404,7.594812,-0.1167375,0.1315237,0.3322587,0.5830833
17.70,2.295032,8.131836,0.1668503,0.4693335,0.3990041,0.6163508
17.72,2.009721,8.707644,0.6089513,0.7437558,0.5316834,0.5253565
17.74,2.212502,8.889018,1.051948,0.7232108,0.611369,0.3062464
17.76,2.674634,8.486254,1.401753,0.4197453,0.5674139,0.08007512
17.78,2.944807,8.104884,1.482363,0.09073278,0.4919041,-0.05946293
17.80,3.250716,8.543501,1.525854,-0.06825112,0.425129,-0.07721352
17.82,3.35283,9.207256,1.661075,-0.09969851,0.3230931,0.0007430469
17.84,3.081997,9.913999,1.660023,-0.1347906,0.1833698,0.1256211
17.86,2.74565,10.33863,1.570296,-0.228584,0.03044798,0.2773618
17.88,2.65615,10.21119,1.368159,-0.3117521,-0.09012498,0.4014219
17.90,2.786595,9.741119,1.074615,-0.2995458,-0.1641982,0.4583325
17.92,2.962257,9.61344,0.7835187,-0.2010087,-0.2047214,0.466239
17.94,2.965737,9.664415,0.5239646,-0.08705258,-0.2038306,0.4272855
17.96,2.91282,9.638791,0.4056929,-0.02984305,-0.1856637,0.3612532
17.98,2.870297,9.341957,0.3659926,-0.05574363,-0.1699708,0.2801911
18.00,2.852792,8.975952,0.2441651,-0.1370291,-0.1679291,0.2062067
18.02,2.893515,8.680661,0.1104359,-0.1957799,-0.1727238,0.1209597
18.04,3.035662,8.759819,0.01976941,-0.1766858,-0.187112,0.04022877
18.06,2.995782,9.13023,0.1481438,-0.09498862,-0.253209,-0.0267338
18.08,2.79992,9.446035,0.3571804,-0.005292191,-0.3645153,-0.04508822
18.10,2.728024,9.538891,0.259322,0.0568614,-0.4617181,-0.02469718
18.12,2.806749,9.343267,-0.0464297,0.07974779,-0.4835299,-0.007164414
18.14,2.762195,9.372381,-0.3511474,0.09799975,-0.4294467,0.02925492
18.16,2.517061,9.683624,-0.4173072,0.1263961,-0.3439944,0.07789475
18.18,2.397573,9.838686,-0.3319016,0.1482388,-0.2201134,0.1075574
18.20,2.304536,9.700421,-0.3431843,0.1437161,-0.07387695,0.10578
18.22,2.105316,9.435338,-0.3568994,0.1135252,0.07081586,0.05946117
18.24,1.890038,9.155618,-0.1484025,0.07401,0.1636498,-0.02181102
18.26,1.759253,9.074259,0.0664001,0.03809476,0.1920006,-0.1071515
18.28,1.852477,9.316079,0.127438,0.01951596,0.1781638,-0.1740663
18.30,1.991113,9.544267,0.1626523,0.01640553,0.1378567,-0.2344865
18.32,2.103881,9.614649,0.146566,0.02313771,0.1118788,-0.2738045
18.34,2.169708,9.565864,0.05687251,0.03514336,0.1290733,-0.289656
18.36,2.231475,9.607797,-0.009635331,0.03930042,0.1659403,-0.2825625
18.38,2.261491,9.733845,-0.006488139,0.02152812,0.2165161,-0.2681091
18.40,2.274988,9.73934,0.01451271,-0.00177973,0.2525903,-0.2465696
18.42,2.315132,9.579768,0.06518514,-0.01366643,0.2687339,-0.2268658
18.44,2.377452,9.474284,0.1811082,0.007190342,0.2540053,-0.2047978
18.46,2.375247,9.54388,0.2598622,0.04290821,0.2095155,-0.1887555
18.48,2.268269,9.657057,0.3603721,0.06625055,0.139217,-0.1871476
18.50,2.118259,9.754435,0.5093112,0.06896184,0.04609945,-0.1970225
18.52,2.148427,9.63034,0.5833822,0.05502231,-0.06325632,-0.2093908
18.54,2.233212,9.465383,0.5624642,0.05794977,-0.1718552,-0.2038743
18.56,2.217355,9.508682,0.5172223,0.07847523,-0.2603754,-0.1606409
18.58,2.160761,9.676465,0.4449577,0.09246764,-0.3106718,-0.09356808
18.60,2.122854,9.83472,0.3196059,0.07121525,-0.3175177,-0.02724171
18.62,2.13407,9.841066,0.1627108,0.02890495,-0.2683603,0.02648117
18.64,2.202614,9.765862,0.02118814,-0.01538643,-0.1787256,0.04932789
18.66,2.271734,9.714627,-0.04680085,-0.0485788,-0.06754818,0.03886979
18.68,2.25739,9.756603,-0.01863168,-0.06942287,0.007790362,0.01459092
18.70,2.084013,9.856032,0.1018015,-0.07956954,0.02455552,0.01819738
18.72,1.934569,9.884793,0.1300566,-0.09213319,0.009153169,0.03370968
18.74,1.926096,9.818769,0.06761419,-0.1184582,-0.01412361,0.04548179
18.76,2.014787,9.662814,0.05767168,-0.134677,-0.03678799,0.04035444
18.78,2.038226,9.48305,0.05676762,-0.1130841,-0.0568424,0.0164341
18.80,1.984048,9.412229,0.06878272,-0.06270525,-0.0792657,-0.01670653
18.82,1.855853,9.500916,0.07613683,-0.02643167,-0.1149077,-0.03804949
18.84,1.754755,9.650119,0.118268,-0.01290039,-0.1550842,-0.04986008
18.86,1.773901,9.593756,0.1095148,-0.02145617,-0.1639362,-0.06598735
18.88,1.832397,9.413891,-0.007415973,-0.03266525,-0.1055321,-0.09247443
18.90,1.837007,9.350902,-0.04708845,-0.03815727,-0.01948202,-0.1206809
18.92,1.826976,9.461336,0.02884579,-0.04054433,0.03618728,-0.1416605
18.94,1.78152,9.632629,0.1533338,-0.04266838,0.05072778,-0.1488009
18.96,1.752456,9.725954,0.2716994,-0.05520481,0.02723552,-0.1491017
18.98,1.7807,9.764353,0.2314057,-0.06431535,0.007236196,-0.1384147
19.00,1.837949,9.743886,0.1412842,-0.06072784,0.00797374,-0.1318317
19.02,1.877883,9.69029,0.147926,-0.05047692,0.01202855,-0.119864
19.04,1.8732,9.673269,0.1661389,-0.03904606,-0.001870802,-0.09913412
19.06,1.830482,9.718318,0.1654627,-0.03279472,-0.02314456,-0.07293919
19.08,1.828216,9.740602,0.1769226,-0.03018855,-0.04678014,-0.04895537
19.10,1.824788,9.718214,0.1726494,-0.0232608,-0.05872488,-0.03125316
19.12,1.804542,9.643025,0.1519088,-0.01404145,-0.06443214,-0.02728796
19.14,1.768192,9.495483,0.1617225,0.0007699972,-0.07145425,-0.03720075
19.16,1.744374,9.390618,0.2274454,0.008738584,-0.09693082,-0.05631601
19.18,1.730335,9.42919,0.2658823,0.006460222,-0.1298584,-0.07521364
19.20,1.698438,9.380549,0.217474,0.00489076,-0.1547387,-0.08972622
19.22,1.693456,9.393298,0.2000329,0.009138869,-0.1802036,-0.108214
19.24,1.69281,9.513247,0.2109106,0.02165606,-0.2045483,-0.1246087
19.26,1.71054,9.668637,0.2188655,0.03872245,-0.2281936,-0.1460367
19.28,1.780819,9.832216,0.2853506,0.03647072,-0.2625017,-0.1704651
19.30,1.796394,10.02544,0.340781,0.004150673,-0.3038556,-0.1882533
19.32,1.741463,10.16958,0.3428256,-0.05466847,-0.3361983,-0.1971298
19.34,1.692078,10.2104,0.2977274,-0.1328769,-0.3563129,-0.1868203
19.36,1.61105,9.938874,0.1936417,-0.1962361,-0.3500021,-0.170187
19.38,1.581979,9.628049,0.1521331,-0.2132856,-0.3208315,-0.1647124
19.40,1.617349,9.43731,0.1371669,-0.1846257,-0.2888108,-0.1760351
19.42,1.628849,9.337298,0.1323438,-0.1391569,-0.2611925,-0.200345
19.44,1.616205,9.228423,0.125943,-0.09874682,-0.2407266,-0.2378311
19.46,1.579027,9.147391,0.1668469,-0.06296242,-0.2219409,-0.2839737
19.48,1.527343,9.07897,0.1872029,-0.02441277,-0.1948702,-0.3281427
19.50,1.453045,9.122876,0.1818958,0.00790021,-0.1580079,-0.3561493
19.52,1.371953,9.121138,0.2033937,0.0336166,-0.1245731,-0.378806
19.54,1.308288,9.075616,0.241697,0.06564576,-0.1111752,-0.4000985
19.56,1.214791,9.163919,0.3520171,0.1058432,-0.1304065,-0.4095388
19.58,1.074828,9.453753,0.5137206,0.1465359,-0.1908376,-0.3858599
19.60,0.8920135,9.887671,0.7110667,0.1670894,-0.3060437,-0.332999
19.62,0.7517873,10.23569,0.7299823,0.1613189,-0.4306569,-0.2586772
19.64,0.622876,10.67815,0.5266618,0.110117,-0.521176,-0.1836458
19.66,0.4744884,10.95827,0.3146148,0.03390973,-0.5673324,-0.1031541
19.68,0.8400993,11.03671,0.2423905,0.00683992,-0.5921685,-0.06773728
19.70,1.199372,11.71775,0.08257684,0.06294485,-0.5958421,-0.08083203
19.72,1.381579,13.10472,0.06072655,0.1945699,-0.5901015,-0.1276234
19.74,1.580496,14.29581,0.0419461,0.300871,-0.5754551,-0.1890052
19.76,1.768078,14.44068,-0.1530827,0.2922082,-0.5377003,-0.2535574
19.78,1.88267,13.67669,-0.4979827,0.1765247,-0.4612416,-0.3110477
19.80,1.781044,13.30928,-0.6593126,0.06425299,-0.3300579,-0.3503013
19.82,1.499706,13.56725,-0.4056552,0.01319791,-0.1790973,-0.3473573
19.84,1.362759,13.52732,-0.3289652,-0.003618545,-0.02278829,-0.2940705
19.86,1.250926,13.27556,-0.4667861,-0.03445568,0.1363014,-0.1959546
19.88,1.06087,12.93054,-0.6420671,-0.06344038,0.3015825,-0.07227854
19.90,0.8421207,12.60843,-0.5869403,-0.05675295,0.46344,0.05945728
19.92,0.8120157,12.3368,-0.3034685,0.0009544238,0.5543509,0.1854786
19.94,0.8704545,11.92243,-0.1325275,0.06651269,0.5667202,0.2892621
19.96,0.9509645,11.53698,-0.08279166,0.1010023,0.5146279,0.3706547
19.98,0.9449404,11.20925,-0.08931775,0.09179381,0.4321522,0.4420148
20.00,0.8426371,10.79254,-0.08304986,0.05960995,0.3634247,0.5255522
20.02,0.7004699,10.11769,-0.1083549,0.002419309,0.3383485,0.61791
20.04,0.5671424,9.247837,-0.2011337,-0.06438529,0.356355,0.7069156
20.06,0.4600155,8.519357,-0.3019453,-0.1236288,0.4118406,0.7657813
20.08,0.352016,7.937597,-0.2791426,-0.1680103,0.4720984,0.7807463
20.10,0.2216581,7.594262,-0.1622387,-0.1938591,0.5029756,0.7436579
20.12,0.158534,7.462221,-0.01571764,-0.1855621,0.4799394,0.6585316
20.14,0.1910003,7.374574,0.2088718,-0.1261166,0.3958971,0.5523269
20.16,0.2637286,7.509068,0.3660268,0.001650452,0.2781769,0.4576856
20.18,0.2275293,7.746345,0.4310241,0.1713677,0.1689465,0.3921246
20.20,0.1385764,7.835811,0.5191863,0.3187439,0.07507065,0.3538681
20.22,0.09922101,8.018696,0.5120133,0.4119019,-0.004571464,0.3388823
20.24,0.09229188,8.200115,0.4661062,0.4461542,-0.07541898,0.3271707
20.26,0.1553255,8.326185,0.384517,0.4270114,-0.1298719,0.3000783
20.28,0.2095033,8.609182,0.2712061,0.3625366,-0.1554248,0.2525453
20.30,0.2860765,8.809668,0.1998776,0.2790118,-0.1618342,0.1731759
20.32,0.4844197,8.861528,0.1495457,0.1871696,-0.1576163,0.05948581
20.34,0.6248497,8.723864,0.01926616,0.1048825,-0.1430597,-0.06673136
20.36,0.6573442,8.640255,-0.08920702,0.04279048,-0.1130785,-0.1837702
20.38,0.6472762,8.553722,-0.2153316,-0.01121693,-0.05044188,-0.275337
20.40,0.6583843,8.417469,-0.3520962,-0.04454537,0.03192129,-0.3436585
20.42,0.7291653,8.184116,-0.3748772,-0.07081567,0.1000942,-0.3870853
20.44,0.8543296,7.790706,-0.3239883,-0.09497029,0.1361867,-0.4042613
20.46,1.025623,7.234794,-0.3704865,-0.1126744,0.1647167,-0.4033437
20.48,1.113455,6.832659,-0.559666,-0.1330544,0.2077616,-0.3664847
20.50,1.363609,6.155832,-0.592725,-0.1932057,0.2438669,-0.2934214
20.52,1.567005,6.049509,-0.6394529,-0.2590327,0.2626441,-0.1935138
20.54,1.537493,6.925245,-0.7688073,-0.2742389,0.2758017,-0.09471504
20.56,1.369907,8.334018,-0.7816566,-0.1890926,0.2986786,-0.0376214
20.58,1.413736,9.68059,-0.6273694,0.007740719,0.3024454,-0.02463157
20.60,1.654453,10.87983,-0.4500371,0.244794,0.2955832,-0.03254452
20.62,1.790442,11.44221,-0.4517054,0.4121001,0.3107355,-0.05472342
20.64,1.711245,11.37281,-0.4931233,0.4371239,0.3637055,-0.09364095
20.66,1.616404,10.93737,-0.4747412,0.2942172,0.4288343,-0.1277827
20.68,1.52079,10.07633,-0.4671736,0.03507543,0.4913394,-0.1439874
20.70,1.496015,9.346723,-0.5165512,-0.2327043,0.5390465,-0.1300103
20.72,1.501565,9.393991,-0.47765,-0.3820974,0.5355009,-0.07013363
20.74,1.470033,9.754793,-0.3176555,-0.3813108,0.4641244,0.01623938
20.76,1.542769,10.01751,-0.1059051,-0.2558617,0.3202681,0.1128454
20.78,1.637931,10.02892,-0.03584769,-0.07830698,0.1477876,0.2026171
20.80,1.648242,9.966187,0.00559483,0.06394871,-0.01219776,0.2651311
20.82,1.560064,9.858369,-0.07333878,0.1137292,-0.1156853,0.2987687
20.84,1.437479,9.684275,-0.2562584,0.08298804,-0.1508554,0.2867202
20.86,1.464274,9.593461,-0.3284106,0.0206071,-0.1509845,0.2404716
20.88,1.601827,9.574237,-0.2326016,-0.03035225,-0.1580106,0.1693175
20.90,1.753534,9.601795,-0.1729026,-0.06899509,-0.1885712,0.1115599
20.92,1.752645,9.631404,-0.2513097,-0.08838811,-0.2106967,0.07383068
20.94,1.711755,9.706799,-0.3187062,-0.07174943,-0.2123419,0.06549685
20.96,1.667297,9.803687,-0.3386585,-0.03348654,-0.1829112,0.07454241
20.98,1.621708,9.820948,-0.3811592,-0.00748975,-0.1335104,0.08182999
21.00,1.631009,9.743155,-0.4436091,-0.02484477,-0.09214331,0.07500776
21.02,1.626871,9.671532,-0.4613557,-0.05093286,-0.05654645,0.05672956
21.04,1.606379,9.646231,-0.3828946,-0.0389964,-0.02323544,0.02680721
21.06,1.576499,9.674688,-0.2408061,0.005529258,-0.007218066,-0.01489483
21.08,1.58145,9.742337,-0.1319597,0.03749793,-0.03839512,-0.06064441
21.10,1.60972,9.793399,-0.1136906,0.03091423,-0.1036887,-0.09231739
21.12,1.577631,9.838648,-0.1449919,0.001362565,-0.1712625,-0.09610868
21.14,1.472648,9.88361,-0.1795546,-0.003506651,-0.2025848,-0.0676413
21.16,1.392306,9.884229,-0.2339123,0.01658623,-0.183802,-0.02794689
21.18,1.371078,9.829126,-0.2795134,0.03977304,-0.1423327,0.0005604421
21.20,1.43215,9.806356,-0.2771236,0.04575545,-0.1103041,0.0109412
21.22,1.493923,9.737266,-0.2449496,0.03666423,-0.09014325,0.002130925
21.24,1.478037,9.693279,-0.2281618,0.03281465,-0.05394094,-0.01726098
21.26,1.422292,9.693067,-0.2354093,0.04257099,0.006123336,-0.04146671
21.28,1.389121,9.699223,-0.2206386,0.04340442,0.06309424,-0.07082189
21.30,1.393575,9.710731,-0.1578947,0.01720334,0.09373195,-0.1040757
21.32,1.417594,9.707006,-0.09610142,-0.01506507,0.09513802,-0.1261187
21.34,1.397778,9.745992,-0.0460756,-0.02807816,0.09379937,-0.132999
21.36,1.367679,9.843011,0.001813538,-0.01751864,0.1001771,-0.118111
21.38,1.374182,9.824624,0.05330902,-0.007636967,0.09998827,-0.09675295
21.40,1.381742,9.766849,0.1040562,-0.01784897,0.07239947,-0.07367651
21.42,1.34592,9.620093,0.1078009,-0.03810929,0.03977595,-0.0608756
21.44,1.308761,9.553576,0.1183988,-0.04259776,0.009047513,-0.05621876
21.46,1.313272,9.548759,0.1483886,-0.02627618,-0.02842501,-0.05957777
21.48,1.328813,9.589646,0.1468324,-0.007521173,-0.06985078,-0.05369699
21.50,1.301014,9.648819,0.1131895,-0.00199593,-0.106431,-0.03422972
21.52,1.251232,9.688229,0.03275901,0.0009028144,-0.1311025,-0.004367034
21.54,1.269268,9.700145,0.002302764,0.002105091,-0.1378149,0.01515766
21.56,1.280423,9.701772,-0.007188562,0.006931628,-0.143288,0.02552284
21.58,1.296167,9.715049,-0.001919053,0.01251208,-0.1502037,0.02620547
21.60,1.294097,9.755507,-0.008890401,0.003318202,-0.1622115,0.02691425
21.62,1.277302,9.742779,-0.05848674,-0.0003355172,-0.1720166,0.03272663
21.64,1.215929,9.636798,-0.0999755,0.002198795,-0.176083,0.04581991
21.66,1.228722,9.567049,-0.1206444,0.01908615,-0.1785243,0.06592082
21.68,1.26816,9.573368,-0.1497961,0.03457662,-0.1875757,0.08358952
21.70,1.265668,9.469293,-0.1253985,0.0265608,-0.1988936,0.07441144
21.72,1.227076,9.445943,-0.1603074,-0.008605885,-0.2087675,0.03439653
21.74,1.239838,9.536459,-0.1801893,-0.03723516,-0.2222166,-0.02895803
21.76,1.325989,9.66138,-0.1234109,-0.01863398,-0.2496931,-0.08910394
21.78,1.35625,9.844252,-0.08761917,0.03232042,-0.2755482,-0.1301389
21.80,1.359955,10.0688,-0.09380282,0.06904485,-0.3071167,-0.133038
21.82,1.244073,9.964881,-0.1834998,0.04845733,-0.3193713,-0.102327
21.84,1.114064,9.825994,-0.3114528,-0.01495366,-0.3056924,-0.0463784
21.86,1.06067,9.688701,-0.379665,-0.07286834,-0.2751335,0.005312535
21.88,1.025824,9.335516,-0.3826955,-0.1056714,-0.2347767,0.04582072
21.90,1.076323,8.948321,-0.4230564,-0.1288722,-0.1875293,0.07567333
21.92,1.05209,8.609005,-0.5151309,-0.1443903,-0.1311687,0.09583373
21.94,1.031821,8.341412,-0.6118634,-0.1485304,-0.06596223,0.09677812
21.96,0.9877098,8.146936,-0.6463882,-0.1416281,0.01218531,0.05950507
21.98,0.9168024,7.688943,-0.59283,-0.1571983,0.08280244,0.01026258
22.00,0.8909392,6.972454,-0.519764,-0.2188311,0.1419284,-0.03607833
22.02,0.8772206,6.209312,-0.5619047,-0.3036153,0.208994,-0.05848534
22.04,0.7546663,5.506842,-0.6395357,-0.3913258,0.2934372,-0.04573767
22.06,0.6571561,4.825136,-0.67237,-0.4591753,0.404814,-0.007775964
22.08,0.5796735,4.315011,-0.691382,-0.4805306,0.5115394,0.03059249
22.10,0.597202,4.069024,-0.4949554,-0.461344,0.5657412,0.06786019
22.12,0.6806636,4.127594,-0.2229117,-0.418125,0.5627648,0.1048063
22.14,0.6021523,4.524395,-0.1204536,-0.3675605,0.5126443,0.13066
22.16,0.4768765,5.015814,-0.1025687,-0.2774385,0.4025239,0.1311797
22.18,0.4289139,5.838456,0.08188678,-0.1233154,0.2235886,0.1121445
22.20,0.5419889,7.391493,0.4017535,0.1171358,-0.01450005,0.08490659
22.22,0.6180775,9.476075,0.7813851,0.3821253,-0.2640155,0.02966801
22.24,0.6111887,11.16514,0.6744222,0.5681174,-0.4342895,-0.05832308
22.26,0.755433,12.04142,0.2967708,0.5923195,-0.4953903,-0.2017216
22.28,1.115488,12.36683,0.0596672,0.5036421,-0.4997298,-0.3702743
22.30,1.259129,12.69205,-0.1199047,0.4418622,-0.4314373,-0.4836084
22.32,1.346644,13.91231,-0.1773672,0.4008404,-0.3473796,-0.4715857
22.34,1.409702,15.39176,-0.09873178,0.2587839,-0.2870664,-0.3265829
22.36,1.211441,15.95277,-0.2834262,0.009906516,-0.1935242,-0.147284
22.38,0.8347955,15.22927,-0.5343786,-0.1775102,-0.0228206,-0.02805944
22.40,0.2680938,14.61106,-0.4529652,-0.1560131,0.1914145,0.08769054
22.42,0.5995309,15.2433,0.09047566,-0.05257297,0.3066124,0.325729
22.44,1.092624,16.96806,0.1531024,0.02281738,0.2792781,0.6484643
22.46,1.14686,19.03236,0.03952749,0.1523326,0.2771557,0.8920018
22.48,0.5365018,19.22865,0.164572,0.4388054,0.5069388,0.9166077
22.50,0.974447,15.44028,0.2490006,0.5648602,0.8736199,0.7800937
22.52,2.462588,10.66537,0.1064022,0.2742386,1.028,0.710179
22.54,3.193068,7.282503,-0.2616623,-0.1812004,1.04288,0.6813821
22.56,3.848493,5.37149,-0.2467692,-0.4307058,1.028396,0.594272
22.58,4.553954,4.856893,0.26972,-0.4117526,0.8767036,0.4264448
22.60,4.728848,5.883538,0.7204326,-0.1777312,0.6130936,0.2843784
22.62,4.092334,7.207731,0.8615478,0.174862,0.3764066,0.1895044
22.64,3.515889,8.134627,0.9056889,0.503866,0.215088,0.1202123
22.66,3.009923,8.960071,0.9862211,0.718689,0.1291413,0.05185241
22.68,2.867002,9.391427,1.048916,0.8004887,0.05096209,-0.0173337
22.70,3.279487,9.242886,1.441527,0.7225008,-0.119363,-0.06093929
22.72,3.522608,9.342389,1.564811,0.5314522,-0.369682,-0.05138858
22.74,3.391193,9.649528,1.186316,0.29377,-0.5707003,-0.000893819
22.76,3.552471,10.36874,1.050897,0.06531511,-0.7094426,0.1008308
22.78,3.532101,10.97533,0.9392974,-0.127638,-0.782253,0.1878388
22.80,3.363433,10.35566,0.5091243,-0.3032932,-0.7580686,0.2208659
22.82,3.343702,9.691026,-0.06730133,-0.4659807,-0.6443266,0.2288225
22.84,3.373262,9.384714,-0.430405,-0.5801792,-0.472829,0.2320674
22.86,3.520822,9.333295,-0.5446773,-0.6096783,-0.3057035,0.2292562
22.88,3.599046,9.313451,-0.5262225,-0.5648073,-0.1652154,0.2033769
22.90,3.474843,9.152177,-0.5321866,-0.4727736,-0.07539933,0.1640538
22.92,3.21757,9.055138,-0.4959103,-0.3862562,-0.0383243,0.1411233
22.94,2.973746,8.918759,-0.4660052,-0.2878889,-0.03697153,0.1334024
22.96,2.851586,8.924816,-0.3997594,-0.1600161,-0.06720927,0.1259119
22.98,2.829247,9.140322,-0.2500425,-0.04663622,-0.1371145,0.1091773
23.00,2.803016,9.309103,-0.1505467,-0.001414718,-0.2337122,0.07529309
23.02,2.720893,9.356778,-0.1590396,-0.01748614,-0.3195094,0.03606578
23.04,2.612561,9.48319,-0.2671043,-0.02744516,-0.3465553,-0.003792926
23.06,2.529511,9.877079,-0.3634789,-0.0002206684,-0.3173956,-0.05289518
23.08,2.447267,10.22399,-0.4159048,0.03898661,-0.2616793,-0.09613924
23.10,2.374873,10.24727,-0.3937357,0.04076712,-0.2079365,-0.1019399
23.12,2.34696,9.697686,-0.3849201,-0.006670274,-0.1538748,-0.06492325
23.14,2.30105,9.001685,-0.4686068,-0.06166912,-0.08913145,-0.02134444
23.16,2.294645,8.528157,-0.5606179,-0.08595633,0.001904219,-0.0001094379
23.18,2.367931,8.443089,-0.620352,-0.05352795,0.1180107,-0.02248588
23.20,2.354857,8.63801,-0.5721806,0.02529721,0.2203332,-0.08766595
23.22,2.27493,8.939619,-0.3778284,0.1122122,0.2745737,-0.173037
23.24,2.178502,9.124132,-0.1255511,0.1706578,0.2889088,-0.2445778
23.26,2.107593,9.202031,-0.0328398,0.201609,0.28035,-0.3008528
23.28,2.136169,9.326275,-0.02800718,0.2119502,0.2556632,-0.3535022
23.30,2.224233,9.501131,0.03633712,0.223289,0.2085174,-0.4064234
23.32,2.281464,9.695118,0.1059777,0.2313954,0.1477902,-0.4505887
23.34,2.323345,9.893064,0.1545758,0.2038838,0.06590576,-0.4737116
23.36,2.388677,10.20128,0.05411026,0.1364142,0.004779281,-0.4463252
23.38,2.324798,10.31935,-0.1914599,0.04040311,0.003232231,-0.3927402
23.40,2.30974,10.08452,-0.2995487,-0.03656112,0.04514596,-0.3387514
23.42,2.434675,9.672259,-0.3305956,-0.0640578,0.1078094,-0.3138408
23.44,2.537755,9.373324,-0.3311531,-0.04449226,0.1631409,-0.3095647
23.46,2.526637,9.323241,-0.2887274,-0.01845292,0.1886673,-0.3110959
23.48,2.442182,9.276272,-0.1043576,0.01334316,0.1696462,-0.3056712
23.50,2.361464,9.19457,-0.002524224,0.0521799,0.117422,-0.2982447
23.52,2.295637,9.143041,0.03592197,0.09306631,0.06265235,-0.2797375
23.54,2.207333,9.237118,0.04387172,0.1374133,0.01155334,-0.2408008
23.56,2.121574,9.548636,0.1516806,0.1556382,-0.0446861,-0.1806738
23.58,2.050138,9.88334,0.2248844,0.1412372,-0.1019513,-0.1128131
23.60,2.002391,9.867494,0.05463495,0.0941434,-0.1343762,-0.06050639
23.62,1.984453,9.747539,0.02543044,0.0413854,-0.1540046,-0.03606446
23.64,2.00172,9.634904,0.07715186,-0.01452031,-0.1755241,-0.03390045
23.66,1.973522,9.585015,0.007590085,-0.08678442,-0.1948835,-0.04451521
23.68,1.947305,9.530151,-0.1599075,-0.1679833,-0.2067603,-0.07194122
23.70,1.97197,9.469027,-0.2153149,-0.2261984,-0.1958442,-0.126994
23.72,1.993012,9.326996,-0.2444781,-0.2353729,-0.1705444,-0.2032125
23.74,1.96459,9.221861,-0.2207263,-0.208381,-0.1584054,-0.2847159
23.76,1.964272,9.207444,-0.1509481,-0.1721196,-0.1668752,-0.3603002
23.78,1.87949,9.280756,-0.114948,-0.1497355,-0.1989593,-0.4157077
23.80,1.765346,9.380773,-0.09832644,-0.1303154,-0.240479,-0.4533041
23.82,1.615867,9.55765,0.0490521,-0.1174755,-0.3148266,-0.4654352
23.84,1.599976,9.591438,-0.01097097,-0.09022177,-0.3748867,-0.447059
23.86,1.53137,9.708611,-0.126831,-0.03071817,-0.4122285,-0.43518
23.88,1.50261,10.20985,-0.08507517,0.04712285,-0.4529918,-0.430532
23.90,1.460107,11.13251,0.009222896,0.1578134,-0.495276,-0.4555315
23.92,1.544932,12.63858,0.07862794,0.3311812,-0.5433836,-0.5228304
23.94,1.657254,14.76271,0.1451576,0.4562258,-0.6264368,-0.5868192
23.96,1.615488,15.36716,0.02561108,0.3938759,-0.6837301,-0.5697523
23.98,1.551403,14.064,-0.4424157,0.1757825,-0.6590251,-0.4800375
24.00,1.404387,13.11775,-0.8384425,-0.03879905,-0.5170492,-0.3523133
24.02,1.113362,13.25109,-0.9722036,-0.1213222,-0.2804179,-0.1965507
24.04,1.033208,13.86994,-0.6692359,-0.09033769,-0.09104997,-0.02093612
24.06,0.9589726,14.26541,-0.5302346,-0.04367878,0.02439755,0.1602427
24.08,0.9758546,14.06199,-0.5775993,-0.04187256,0.08267787,0.3170153
24.10,0.6980021,13.75678,-0.6894835,-0.02370902,0.1782473,0.4048153
24.12,0.4382286,13.17194,-0.4971393,0.01271853,0.296134,0.4291118
24.14,0.4678137,12.41644,-0.3152953,0.03955401,0.3948516,0.4208781
24.16,0.6644721,11.67261,-0.3014801,-0.007579837,0.423233,0.3898464
24.18,0.7436407,11.1371,-0.3591021,-0.09914161,0.3867038,0.360419
24.20,0.7290879,10.86785,-0.3763189,-0.1859404,0.3324483,0.3820738
24.22,0.6147878,10.14078,-0.2238404,-0.2303918,0.2701583,0.4219231
24.24,0.3383882,9.515504,-0.2487462,-0.2204272,0.2348122,0.4692
24.26,0.126843,8.851664,-0.2106864,-0.2060155,0.2066525,0.5328938
24.28,0.02043913,8.074403,-0.218511,-0.211287,0.1900682,0.5829967
24.30,0.07917178,7.434238,-0.2517881,-0.2296644,0.1580494,0.5950547
24.32,0.194333,7.108989,-0.2460066,-0.229575,0.09376813,0.5794322
24.34,0.3215624,6.79207,-0.1796269,-0.1816587,0.01146904,0.5411854
24.36,0.3463102,6.577219,-0.1470193,-0.08191287,-0.05934611,0.488912
24.38,0.4162356,6.424719,-0.1201878,0.05115777,-0.09247888,0.4305122
24.40,0.3769834,6.695146,-0.1762566,0.1949233,-0.09630892,0.3751016
24.42,0.3252531,7.195356,-0.2068775,0.3259633,-0.06909317,0.313171
24.44,0.3542812,7.778943,-0.1171633,0.4083736,-0.03354123,0.2407598
24.46,0.4859647,8.153488,-0.07179933,0.4130172,-0.01107549,0.1526659
24.48,0.6414837,8.239022,-0.07321246,0.3467548,-0.004880059,0.05295014
24.50,0.7526189,8.107528,-0.1222707,0.2449155,0.008119685,-0.03510915
24.52,0.7620826,8.029201,-0.1556557,0.1669988,0.0456978,-0.1065679
24.54,0.7812886,8.073249,-0.07932439,0.1184115,0.08638532,-0.1524054
24.56,0.8264157,8.099995,-0.09353225,0.07035234,0.1111589,-0.1689819
24.58,0.8047824,8.04829,-0.1619497,0.005093529,0.111814,-0.1594072
24.60,0.8010993,7.848006,-0.1853783,-0.05643281,0.09987763,-0.1341733
24.62,0.8112097,7.637049,-0.2540556,-0.07817326,0.09378497,-0.1094591
24.64,0.7797937,7.568154,-0.237041,-0.04863759,0.08289292,-0.08603567
24.66,0.8650795,7.995817,-0.2654983,-0.007138303,0.07147162,-0.03089717
24.68,0.764788,8.606609,-0.3795329,0.0235317,0.07008307,0.0261056
24.70,0.80788,9.296815,-0.4530809,0.03700258,0.05682555,0.03219111
24.72,1.094938,9.47191,-0.4130398,0.00309965,0.01112893,-0.02583833
24.74,1.391015,9.156956,-0.466519,-0.03898864,-0.05338243,-0.114639
24.76,1.586713,9.185466,-0.5618287,-0.04691361,-0.1011563,-0.2075312
24.78,1.647001,9.375434,-0.5408639,-0.008651318,-0.1344132,-0.2726495
24.80,1.637181,9.602514,-0.5235389,0.0492559,-0.1613751,-0.3006727
24.82,1.590669,9.836779,-0.559388,0.07722051,-0.1859978,-0.2881515
24.84,1.487773,10.15329,-0.6956611,0.06487098,-0.185605,-0.2346128
24.86,1.342817,10.10837,-0.7783422,0.03560509,-0.1579607,-0.1845424
24.88,1.250456,9.782819,-0.8087089,0.03280942,-0.1000112,-0.1534192
24.90,1.260027,9.754762,-0.8176825,0.04418263,-0.003707816,-0.08920851
24.92,1.107652,9.670598,-0.8250133,0.06804046,0.09743432,-0.0139092
24.94,1.148504,9.507609,-0.761885,0.09878764,0.199134,0.0347085
24.96,1.270442,9.506674,-0.4642835,0.1169247,0.2553152,0.02246585
24.98,1.479378,9.478153,-0.2394587,0.1240611,0.262971,-0.03763094
25.00,1.607119,9.371106,-0.1941614,0.1146793,0.2444023,-0.1090819
25.02,1.645347,9.256444,-0.1639412,0.1091983,0.2128207,-0.1735589
25.04,1.619562,9.358457,-0.1505662,0.1146023,0.186581,-0.1984292
25.06,1.568507,9.579219,-0.1935107,0.1181017,0.1521038,-0.1800312
25.08,1.56072,9.815156,-0.2135607,0.1055364,0.08373903,-0.1280685
25.10,1.573027,10.07291,-0.2314931,0.07971236,-0.009241669,-0.06534096
25.12,1.593546,10.3212,-0.2561174,0.06271103,-0.1121637,-0.001932653
25.14,1.585985,10.42231,-0.2265766,0.05726917,-0.2129806,0.05708622
25.16,1.602861,10.37196,-0.2487471,0.03563063,-0.2919651,0.1099036
25.18,1.596823,10.12655,-0.3762594,-0.01940608,-0.3468824,0.1534449
25.20,1.576103,9.894132,-0.5201849,-0.09407926,-0.3828694,0.1882677
25.22,1.566734,9.761959,-0.6579701,-0.1646636,-0.397788,0.2141082
25.24,1.56963,9.70953,-0.7753987,-0.1956853,-0.392967,0.2341938
25.26,1.548774,9.666483,-0.806496,-0.1755621,-0.3626758,0.240313
25.28,1.501976,9.658067,-0.7983428,-0.1205383,-0.317333,0.226995
25.30,1.493074,9.746667,-0.8516821,-0.05996413,-0.2622989,0.2043157
25.32,1.476645,9.787363,-0.9287137,-0.03216776,-0.1972231,0.1736744
25.34,1.427672,9.786433,-0.9867625,-0.0385625,-0.1145945,0.1532171
25.36,1.318233,9.804166,-1.029087,-0.05981234,-0.001926502,0.1425066
25.38,1.218082,9.801165,-1.03912,-0.06603893,0.1172459,0.1386606
25.40,1.176559,9.747826,-0.9351467,-0.05004663,0.2261081,0.129749
25.42,1.175571,9.70996,-0.7606829,-0.01908281,0.288231,0.1078297
25.44,1.17551,9.656059,-0.6110968,-0.004049328,0.3046848,0.08080845
25.46,1.12933,9.588482,-0.5181094,-0.009310604,0.2802636,0.0561335
25.48,1.067014,9.550432,-0.4542842,-0.02699208,0.2350788,0.03884511
25.50,1.045377,9.574484,-0.3778014,-0.02955132,0.1731829,0.02599525
25.52,1.081044,9.529139,-0.2696228,-0.01370345,0.08636653,0.01327512
25.54,1.178867,9.424602,-0.1724827,0.01690917,-0.01964167,-0.008126614
25.56,1.278654,9.471137,-0.1020542,0.04931021,-0.1410625,-0.03007719
25.58,1.325043,9.606894,-0.08436221,0.0703658,-0.2526598,-0.05304874
25.60,1.339379,9.74717,-0.1234696,0.07815062,-0.3426189,-0.06899919
25.62,1.362018,9.807515,-0.190409,0.07645253,-0.4007688,-0.08156242
25.64,1.410485,9.778964,-0.2513767,0.06103383,-0.4346312,-0.08878449
25.66,1.451133,9.716625,-0.3704597,0.04211647,-0.4386884,-0.09455141
25.68,1.473785,9.732606,-0.4655712,0.02515697,-0.4082063,-0.1018154
25.70,1.543098,9.805347,-0.5553787,0.006599056,-0.3575958,-0.1141987
25.72,1.6122,9.824966,-0.6600439,-0.01513486,-0.2942397,-0.124862
25.74,1.623041,9.769828,-0.7144011,-0.03476353,-0.2298032,-0.1430186
25.76,1.611459,9.655743,-0.6413586,-0.04029679,-0.1810013,-0.1596753
25.78,1.623657,9.631504,-0.6175616,-0.02581443,-0.1485838,-0.1787479
25.80,1.629542,9.666484,-0.5894824,-0.01003367,-0.1375231,-0.1883154
25.82,1.608724,9.755554,-0.6291523,-0.009709291,-0.1383031,-0.1736303
25.84,1.510391,9.828891,-0.7077521,-0.0219482,-0.1283771,-0.1301892
25.86,1.407064,9.918339,-0.7813234,-0.03782429,-0.09472351,-0.07141792
25.88,1.367567,9.984892,-0.7621172,-0.04945105,-0.06272832,-0.01347613
25.90,1.392713,9.943172,-0.7240911,-0.05596564,-0.04569674,0.02620635
25.92,1.434241,9.875406,-0.7313867,-0.06234884,-0.04109349,0.05252643
25.94,1.418131,9.831422,-0.7317622,-0.06779505,-0.03747161,0.06128975
25.96,1.393417,9.755206,-0.7413369,-0.06435923,-0.02229971,0.05575103
25.98,1.367769,9.647243,-0.7233037,-0.05118234,-0.006468282,0.04205497
26.00,1.360864,9.635085,-0.6806834,-0.02635935,0.002553367,0.03032502
26.02,1.33079,9.661502,-0.6283995,-0.004829557,-0.002412208,0.02203173
26.04,1.288906,9.654258,-0.6120802,0.0005416259,-0.008855842,0.01991049
26.06,1.258038,9.638308,-0.6099206,0.001242525,-0.01139429,0.0226174
26.08,1.250441,9.642736,-0.6082138,0.005414682,-0.01069736,0.02204676
26.10,1.258502,9.658542,-0.5533251,0.01759607,-0.003002959,0.01217188
26.12,1.290016,9.694672,-0.529478,0.02507352,-0.004715032,-0.005489897
26.14,1.299035,9.737191,-0.5143594,0.02265893,-0.01044249,-0.02420924
26.16,1.316143,9.766238,-0.5044879,0.01429622,-0.01731475,-0.03274281
26.18,1.299376,9.761741,-0.5050899,0.006847408,-0.01997557,-0.03232096
26.20,1.278897,9.750878,-0.4988026,0.005613584,-0.0238343,-0.03181079
26.22,1.29097,9.691269,-0.4692463,0.0068876,-0.02761097,-0.02932957
26.24,1.287317,9.694444,-0.4648848,0.003356832,-0.03038204,-0.02649259
26.26,1.254343,9.682639,-0.476868,-0.003683642,-0.0294473,-0.02435101
26.28,1.263079,9.728509,-0.5337106,-0.01143601,-0.02117025,-0.01747085
26.30,1.273932,9.787823,-0.5687935,-0.01429098,-0.008882089,-0.01177704
26.32,1.293572,9.766017,-0.5235766,-0.008932324,-0.001942546,-0.01369084
26.34,1.340272,9.733479,-0.463533,-0.004614315,-0.0001007016,-0.02451956
26.36,1.379013,9.734608,-0.4502601,-0.007926314,-0.01473538,-0.03779588
26.38,1.383933,9.765354,-0.5012327,-0.02814355,-0.02755305,-0.03410623
26.40,1.335743,9.776129,-0.5676199,-0.04547524,-0.02445314,-0.01202453
26.42,1.308149,9.742346,-0.6348562,-0.04718303,-0.003157443,0.01606236
26.44,1.330063,9.721718,-0.6152167,-0.02925856,0.03103957,0.03437402
26.46,1.368575,9.697996,-0.5704534,-0.003632357,0.05135487,0.03668278
26.48,1.386667,9.719334,-0.525919,0.014574,0.05207371,0.01701563
26.50,1.37778,9.740492,-0.5226905,0.007940802,0.04491768,-0.006780802
26.52,1.342139,9.774184,-0.5473727,-0.01285728,0.03926461,-0.02464618
26.54,1.31632,9.824841,-0.5743111,-0.02886621,0.04431884,-0.02214985
26.56,1.283224,9.84796,-0.5598063,-0.04327146,0.05341175,-0.002701105
26.58,1.276325,9.833201,-0.5505744,-0.04590058,0.05916192,0.01454271
26.60,1.285203,9.777081,-0.5324116,-0.03720178,0.05627039,0.02174857
26.62,1.321873,9.720467,-0.4861906,-0.02298393,0.03609661,0.01412208
26.64,1.336444,9.698858,-0.4540323,-0.008658726,0.01000664,-0.007382081
26.66,1.295262,9.655862,-0.4637409,0.002691125,-0.0167296,-0.02546639
26.68,1.300274,9.677935,-0.4627435,0.00736672,-0.0409956,-0.04019288
26.70,1.298893,9.69983,-0.5094932,0.001776464,-0.06386404,-0.03144847
26.72,1.289425,9.742881,-0.5624603,0.004790745,-0.06748515,-0.009042726
26.74,1.297536,9.796562,-0.5590264,0.01664122,-0.05825096,0.008861051
26.76,1.326078,9.797848,-0.5339369,0.03263432,-0.04808156,0.008307252
26.78,1.355899,9.766413,-0.5128632,0.03596646,-0.04287752,-0.009165882
26.80,1.398841,9.759866,-0.502737,0.02589733,-0.05705335,-0.02744505
26.82,1.387269,9.802658,-0.5271441,0.01304015,-0.06478492,-0.03754693
26.84,1.377434,9.834953,-0.5332797,0.01088324,-0.07079038,-0.0270308
26.86,1.412541,9.889374,-0.5897666,0.01744554,-0.06873646,0.006259723
26.88,1.453714,9.902049,-0.631484,0.03826761,-0.06105615,0.04761305
26.90,1.445925,9.874055,-0.5953068,0.05112695,-0.0466618,0.08264144
26.92,1.465456,9.741324,-0.6400726,0.05228129,-0.0203493,0.1121124
26.94,1.487943,9.738133,-0.6748435,0.04112203,0.01384365,0.1331405
26.96,1.456975,9.66489,-0.6862396,0.02441041,0.05160134,0.1507983
26.98,1.421493,9.680335,-0.6821601,0.01867907,0.08882146,0.1588294
27.00,1.379874,9.706018,-0.6368081,0.02035514,0.1264629,0.147459
27.02,1.390203,9.710488,-0.5664685,0.01778652,0.1416355,0.1291369
27.04,1.379554,9.708641,-0.5368057,0.01358114,0.1373407,0.1024521
27.06,1.340315,9.692754,-0.4958501,0.002123025,0.1191868,0.08026157
27.08,1.309062,9.709175,-0.4539897,-0.005561009,0.09345365,0.06069293
27.10,1.275368,9.674372,-0.4430047,-0.01064159,0.0622857,0.04631878
27.12,1.301768,9.674552,-0.4551812,-0.0101356,0.02220621,0.03305874
27.14,1.331655,9.692075,-0.4772672,-0.007565436,-0.02642394,0.02892944
27.16,1.336348,9.712337,-0.5012959,0.00282625,-0.07142507,0.03425214
27.18,1.311463,9.712852,-0.5442493,0.01947623,-0.09471039,0.03851681
27.20,1.344738,9.705649,-0.5993978,0.03396517,-0.1042568,0.04601074
27.22,1.410247,9.741168,-0.617483,0.03847677,-0.1057963,0.04261906
27.24,1.45157,9.706323,-0.6669054,0.03700517,-0.09630243,0.03308094
27.26,1.506384,9.727407,-0.7104344,0.03258976,-0.0731234,0.02113629
27.28,1.520615,9.678152,-0.7212781,0.02834172,-0.0408893,0.01221507
27.30,1.537235,9.670526,-0.7785915,0.02059911,0.001642164,0.0094724
27.32,1.547995,9.655897,-0.8204439,0.01077327,0.04896418,0.008206796
27.34,1.54773,9.717378,-0.7822253,0.007442153,0.06900448,0.002686035
27.36,1.592529,9.759488,-0.7107638,0.01607732,0.06933483,-0.007440711
27.38,1.602756,9.780238,-0.6766078,0.0233186,0.05706561,-0.01875333
27.40,1.5561,9.726602,-0.6585994,0.02339163,0.04804323,-0.02990382
27.42,1.540122,9.635522,-0.6495798,0.02216764,0.04283523,-0.04110925
27.44,1.572453,9.619184,-0.6481826,0.02181536,0.03020875,-0.04681583
27.46,1.581113,9.653164,-0.6102751,0.03321005,0.02325809,-0.0454092
27.48,1.581675,9.699718,-0.5838502,0.0356364,0.01580735,-0.03822452
27.50,1.615325,9.704065,-0.6469641,0.02940162,0.01909255,-0.0240081
27.52,1.603266,9.702528,-0.7006817,0.01684041,0.03935091,-0.01288147
27.54,1.595048,9.68702,-0.6994932,0.007181763,0.07031393,-0.008290173
27.56,1.602969,9.658172,-0.6434465,0.0126321,0.09637798,-0.0138748
27.58,1.582115,9.633009,-0.5806022,0.01163052,0.1089631,-0.02882755
27.60,1.553227,9.620488,-0.5527232,-0.000344648,0.09252971,-0.03620896
27.62,1.540675,9.652626,-0.5263588,-0.007607801,0.05125731,-0.03299421
27.64,1.542851,9.725277,-0.4523834,0.004912211,0.003130513,-0.01892789
27.66,1.530277,9.735747,-0.4456191,0.01924716,-0.03969235,0.005001094
27.68,1.532064,9.717666,-0.4990717,0.02635879,-0.06776359,0.03629988
27.70,1.535571,9.725257,-0.5719432,0.02067612,-0.07652967,0.0583163
27.72,1.56646,9.753948,-0.6130365,0.01558736,-0.07032285,0.06648943
27.74,1.58788,9.728395,-0.6339817,0.01099376,-0.04909704,0.06092477
27.76,1.594777,9.722843,-0.6676276,0.005085719,-0.02107187,0.04455987
27.78,1.591177,9.737702,-0.6501644,0.001952079,0.00698985,0.02956505
27.80,1.579867,9.746325,-0.631337,-0.007001243,0.02851893,0.01958724
27.82,1.553134,9.713433,-0.640847,-0.02824344,0.04313967,0.01371231
27.84,1.544384,9.675187,-0.6571952,-0.0453302,0.04970834,0.008266011
27.86,1.571715,9.64667,-0.6025576,-0.04514158,0.04105256,0.002841679
27.88,1.596061,9.632092,-0.5762498,-0.02621874,0.0227681,0.003579723
27.90,1.6044,9.603131,-0.5817609,-0.003148117,0.002539498,0.004202931
27.92,1.573436,9.637298,-0.6084942,0.01036536,-0.01240127,0.004202566
27.94,1.577518,9.644963,-0.6146309,0.01245892,-0.02448666,0.004060441
27.96,1.594721,9.660212,-0.632286,0.00764176,-0.03145907,-0.001269895
27.98,1.583169,9.659828,-0.6345291,0.001722562,-0.0289042,-0.009942689
28.00,1.612028,9.70611,-0.6512461,0.001212094,-0.02485605,-0.01538565
28.02,1.634868,9.726217,-0.6858746,0.007206988,-0.01475879,-0.01777437
28.04,1.628128,9.717232,-0.657407,0.01313463,-0.0007755736,-0.01877856
28.06,1.62801,9.694896,-0.6284541,0.01121866,0.008206434,-0.01269511
28.08,1.634257,9.685809,-0.6371233,0.0005476194,0.01358587,-0.002255054
28.10,1.621057,9.748071,-0.656049,-0.0139548,0.01803892,0.0129554
28.12,1.601043,9.751764,-0.6742447,-0.02284057,0.02539244,0.02615425
28.14,1.616685,9.718011,-0.6775096,-0.01920128,0.03313867,0.03158338
28.16,1.646603,9.722449,-0.6311379,-0.007485064,0.0369686,0.02971713
28.18,1.666763,9.694535,-0.6112772,0.002114588,0.03207303,0.01940975
28.20,1.656662,9.699571,-0.6078348,0.001857062,0.02447818,0.007691814
28.22,1.622412,9.752122,-0.6116653,-0.01137649,0.01604166,0.01089114
28.24,1.585202,9.757811,-0.6423785,-0.02843581,0.01376369,0.02149398
28.26,1.568989,9.687527,-0.6433327,-0.03283114,0.006790697,0.03187704
28.28,1.60187,9.654143,-0.6125721,-0.02395485,-0.007103252,0.03597045
28.30,1.6028,9.645923,-0.6159861,-0.00557543,-0.02065009,0.03703935
28.32,1.570683,9.673032,-0.6486406,0.01082449,-0.0222431,0.0339658
28.34,1.561466,9.676847,-0.6628748,0.01980627,-0.01386465,0.03149137
28.36,1.568119,9.675312,-0.6612071,0.01015702,-0.003572525,0.03198671
28.38,1.546427,9.672625,-0.6657276,0.003895775,0.002144223,0.03300763
28.40,1.533654,9.673287,-0.625716,0.001501353,0.007988628,0.02854029
28.42,1.528527,9.691869,-0.5985179,0.003722924,0.003241946,0.01839605
28.44,1.517358,9.681066,-0.6118797,0.00584729,-0.0006203924,0.005787884
28.46,1.510803,9.679605,-0.6441413,0.004209297,-0.003811218,0.003300966
28.48,1.498613,9.666817,-0.6415547,0.007274072,0.004049717,0.0003831246
28.50,1.487344,9.637463,-0.6394181,0.01253621,0.01573484,-0.006377344
28.52,1.501702,9.64416,-0.6310424,0.006537617,0.03173025,-0.01190778
28.54,1.50172,9.617265,-0.6842213,-0.008135169,0.05244878,-0.02884727
28.56,1.507597,9.628281,-0.6766198,-0.01757966,0.06797293,-0.05032245
28.58,1.551567,9.645799,-0.6363128,-0.01497841,0.07116956,-0.06750114
28.60,1.568226,9.665716,-0.6228403,-9.98817e-05,0.07014918,-0.07530434
28.62,1.55919,9.671128,-0.604435,0.008959249,0.06547327,-0.07489388
28.64,1.573186,9.68354,-0.5686922,0.006158015,0.05402655,-0.07252381
28.66,1.605029,9.682659,-0.5684282,-0.007450343,0.02887574,-0.06740914
28.68,1.632557,9.690041,-0.5667308,-0.01703886,0.002818886,-0.06513192
28.70,1.670911,9.693936,-0.5481031,-0.01269239,-0.02655346,-0.05725764
28.72,1.679087,9.690803,-0.5653321,-0.0009365943,-0.05010176,-0.03807218
28.74,1.673713,9.760641,-0.5911551,0.01826033,-0.05639064,-0.01883281
28.76,1.704421,9.823763,-0.6509018,0.01680733,-0.04017645,0.002235515
28.78,1.736473,9.810274,-0.7157435,0.004427484,-0.006772046,0.009253199
28.80,1.778558,9.794244,-0.7033455,-0.01223764,0.04036065,0.009077824
28.82,1.790594,9.774642,-0.72423,-0.02361884,0.09545419,0.001158041
28.84,1.77057,9.74451,-0.7364084,-0.03232914,0.149909,0.001527016
28.86,1.727548,9.716741,-0.7175987,-0.03499416,0.202045,0.01164338
28.88,1.671332,9.694234,-0.6635278,-0.02540481,0.2343112,0.02158579
28.90,1.629668,9.676513,-0.5516465,-0.01495607,0.2327176,0.0339409
28.92,1.601138,9.679685,-0.4618262,-0.002250233,0.207138,0.03991156
28.94,1.566602,9.694784,-0.4367396,0.00642871,0.1728699,0.04589677
28.96,1.542631,9.724967,-0.3935553,0.01183516,0.1338104,0.054516
28.98,1.527504,9.763453,-0.3353509,0.01780177,0.08294387,0.0544556
29.00,1.510666,9.735713,-0.3114239,0.01042375,0.0196261,0.05870118
29.02,1.500855,9.737308,-0.3223363,-0.01079642,-0.04101266,0.06750392
29.04,1.486155,9.741584,-0.393048,-0.0294295,-0.08059572,0.07019483
29.06,1.49049,9.722857,-0.4443186,-0.04009624,-0.09575096,0.06561101
29.08,1.521807,9.617873,-0.4404172,-0.04402041,-0.1037476,0.04890537
29.10,1.540609,9.539671,-0.4651702,-0.04060427,-0.1074315,0.0266854
29.12,1.556169,9.563656,-0.4516549,-0.02853278,-0.1125237,0.00513961
29.14,1.545666,9.612051,-0.4639103,-0.01836783,-0.1060403,-0.005087949
29.16,1.538513,9.684088,-0.5155758,-0.0170182,-0.08761544,-0.008122539
29.18,1.543327,9.777569,-0.5702605,-0.02438851,-0.06519122,-0.003142572
29.20,1.552424,9.766069,-0.5700768,-0.03534901,-0.03138048,-0.004657819
29.22,1.600827,9.724158,-0.5506329,-0.04401563,-0.003567712,-0.01147476
29.24,1.637658,9.694319,-0.5480514,-0.05201143,0.02190274,-0.02184371
29.26,1.639304,9.686594,-0.6015468,-0.05980622,0.03150824,-0.03473813
29.28,1.664277,9.686308,-0.6374748,-0.06902146,0.04729403,-0.03554624
29.30,1.632407,9.685587,-0.6643332,-0.06920191,0.06762902,-0.02463727
29.32,1.633218,9.649394,-0.6475219,-0.04971782,0.09070086,-0.01514257
29.34,1.660927,9.616404,-0.6030741,-0.02148067,0.1060102,-0.01665455
29.36,1.685241,9.680633,-0.5666119,-0.001652988,0.110744,-0.012371
29.38,1.673584,9.71648,-0.5579798,-0.00080479,0.1074129,-0.01266108
29.40,1.643293,9.71826,-0.5349118,-0.00946341,0.09876501,-0.008216013
29.42,1.611978,9.710219,-0.5092417,-0.009386349,0.09215287,-0.00274229
29.44,1.596742,9.739446,-0.4156927,0.002242608,0.07104108,0.0008112917
29.46,1.618882,9.771678,-0.3707813,0.01565173,0.03441083,0.0009787474
29.48,1.613444,9.776252,-0.3786474,0.01632865,-0.004877995,0.002398862
29.50,1.597517,9.800359,-0.4036641,0.008782275,-0.03244906,0.008468605
29.52,1.574034,9.798376,-0.407303,0.001845746,-0.04828075,0.007416455
29.54,1.608973,9.76412,-0.3950262,0.003712576,-0.07123745,-0.003018869
29.56,1.633653,9.687794,-0.3688916,0.005714454,-0.09452977,-0.01951151
29.58,1.659238,9.643596,-0.3817298,0.003871531,-0.1202936,-0.03689954
29.60,1.655674,9.622799,-0.3965521,0.0005236813,-0.1428523,-0.04484801
29.62,1.64057,9.609137,-0.4459746,0.0003347434,-0.1499802,-0.03963932
29.64,1.635035,9.601631,-0.4496599,0.004550746,-0.1501155,-0.0310868
29.66,1.652864,9.602694,-0.4569535,0.01651958,-0.1437804,-0.02241088
29.68,1.671138,9.594666,-0.4776167,0.02677744,-0.1321628,-0.01194832
29.70,1.663365,9.633365,-0.494992,0.0364225,-0.1154098,-0.009767521
29.72,1.643613,9.654325,-0.4768716,0.03765238,-0.0900256,-0.008275376
29.74,1.654185,9.72517,-0.5028186,0.03681138,-0.05833021,-0.005227924
29.76,1.64526,9.75906,-0.5088359,0.03622327,-0.02058399,-0.0001533922
29.78,1.624986,9.761318,-0.4411305,0.02885046,0.01860913,-0.0009366801
29.80,1.62156,9.737811,-0.4378116,0.008020667,0.04941248,-0.003273195
29.82,1.631738,9.75396,-0.4514104,-0.02240125,0.06372181,-0.006043499
29.84,1.614478,9.716777,-0.4382992,-0.03930381,0.06930149,-0.0009365602
29.86,1.568427,9.667128,-0.4069958,-0.04165049,0.06892622,0.005839056
29.88,1.546155,9.619636,-0.3890093,-0.03040845,0.05978765,0.01506693
29.90,1.55204,9.641595,-0.385864,-0.01481841,0.04085457,0.01830435
29.92,1.556205,9.729762,-0.3549744,-0.01085677,0.00685372,0.02091068
29.94,1.562236,9.806354,-0.3739159,-0.02761558,-0.02974505,0.02803534
29.96,1.506871,9.771836,-0.4721839,-0.04805732,-0.04547089,0.03683235
29.98,1.464097,9.723884,-0.5224119,-0.05741764,-0.0340379,0.04331642
30.00,1.493333,9.662731,-0.5018891,-0.04943521,-0.01789302,0.03423288
30.02,1.540962,9.576545,-0.5111315,-0.02961614,-0.00293423,0.01549576
30.04,1.563128,9.55681,-0.5305567,-0.01093801,0.008075864,-0.01075047
30.06,1.536191,9.602867,-0.5206959,-0.004801785,0.01905682,-0.02532946
30.08,1.526206,9.655905,-0.5155262,-0.004468581,0.03193199,-0.03568471
30.10,1.531936,9.726327,-0.4974138,-0.007712809,0.03775262,-0.03322396
30.12,1.543972,9.778797,-0.4692582,-0.01081274,0.03572097,-0.02618025
30.14,1.552684,9.763332,-0.4658267,-0.009634337,0.02858835,-0.02255038
30.16,1.556779,9.737848,-0.4579411,-0.008978989,0.01592252,-0.0171967
30.18,1.558835,9.713972,-0.4654171,-0.003988399,0.006685694,-0.01386502
30.20,1.553607,9.68907,-0.4554418,0.0002831557,0.004146609,-0.0138704
30.22,1.562508,9.675786,-0.4723985,0.008409523,0.001795987,-0.01655587
30.24,1.56499,9.686081,-0.4566574,0.01535901,-0.0006867594,-0.020769
30.26,1.575184,9.708371,-0.4430576,0.01971295,-0.002498007,-0.02351075
30.28,1.573669,9.708674,-0.4256052,0.01677676,-0.001408931,-0.02512921
30.30,1.584662,9.728376,-0.4541695,0.01996512,0.001076086,-0.02017872
30.32,1.566739,9.779234,-0.4321259,0.02760645,0.004653742,-0.01662045
30.34,1.570875,9.769052,-0.3964993,0.02454263,0.008767545,-0.01456866
30.36,1.595381,9.740231,-0.4300781,0.004205747,0.00853428,-0.01359178
30.38,1.604869,9.741237,-0.4780999,-0.01318934,0.009122673,-0.008175023
30.40,1.607674,9.700233,-0.4483225,-0.01437789,0.01483838,-0.003948197
30.42,1.594406,9.639588,-0.4147241,0.003100007,0.0163222,-0.002849805
30.44,1.588177,9.635091,-0.4095984,0.01715199,0.01768351,-0.004432378
30.46,1.583325,9.654788,-0.430928,0.02184476,0.01617855,-0.007172163
30.48,1.589766,9.724205,-0.4157526,0.01231767,0.005870491,-0.00886662
30.50,1.590522,9.78187,-0.3742768,0.002920714,-0.008905567,-0.004937863
30.52,1.561342,9.764865,-0.3777147,-0.007909114,-0.0256297,0.003523977
30.54,1.546646,9.718575,-0.4055389,-0.01623644,-0.03076024,0.009305364
30.56,1.556306,9.692987,-0.450208,-0.01413007,-0.03439146,0.0115187
30.58,1.574996,9.675153,-0.469435,-0.004134009,-0.03200465,0.01177191
30.60,1.583283,9.665641,-0.4770046,0.004949481,-0.01811899,0.00914457
30.62,1.571444,9.683472,-0.4854643,0.00908956,-0.00638693,0.007627856
30.64,1.562428,9.695659,-0.4828767,-0.002326535,0.003250795,0.009685654
30.66,1.540642,9.704749,-0.4829351,-0.01422231,0.01537054,0.009815774
30.68,1.54165,9.68117,-0.4599697,-0.01817113,0.01731269,0.007403188
30.70,1.553473,9.674283,-0.4226395,-0.01135119,0.01548709,0.008102413
30.72,1.544402,9.688744,-0.4320176,-0.00411399,0.0122043,0.009696479
30.74,1.518961,9.682588,-0.4414746,0.0001216585,0.008256266,0.0083655
30.76,1.521687,9.668122,-0.4317404,-0.002133746,0.004351894,0.007162377
30.78,1.531494,9.648195,-0.4346772,-0.006645827,0.001330659,0.007006374
30.80,1.513816,9.659701,-0.4280329,-0.006785614,0.001927125,0.005232953
30.82,1.503941,9.689349,-0.4083104,-0.007558616,0.006005777,0.005866658
30.84,1.518093,9.711174,-0.4314782,-0.01484699,0.007248835,0.005295547
30.86,1.525721,9.761252,-0.4639911,-0.01157878,0.0143975,0.001283309
30.88,1.506822,9.773444,-0.4072259,-0.00596512,0.0233609,-0.006631351
30.90,1.524071,9.710021,-0.3664863,-0.01421207,0.02575976,-0.01911746
30.92,1.536555,9.679627,-0.420753,-0.03188882,0.01850473,-0.02189805
30.94,1.506746,9.721098,-0.4606238,-0.04336634,0.01706639,-0.01646823
30.96,1.493614,9.696679,-0.4718136,-0.03507136,0.02127592,-0.003300747
30.98,1.517194,9.677622,-0.4336073,-0.007514801,0.02688705,0.0003097931
31.00,1.54574,9.647681,-0.3938878,0.01225076,0.02541273,-0.005421077
31.02,1.552081,9.664974,-0.3948392,0.009848925,0.01231252,-0.01681685
31.04,1.574605,9.733959,-0.3813548,-0.00516713,-0.004691974,-0.02307645
31.06,1.598455,9.817178,-0.3777036,-0.02030477,-0.02680418,-0.02047634
31.08,1.667702,9.81445,-0.3944701,-0.03606563,-0.05072986,-0.002574519
31.10,1.75317,9.71135,-0.4700858,-0.0560897,-0.07545535,0.02786056
31.12,1.811489,9.646293,-0.5298606,-0.05254025,-0.09128391,0.06394938
31.14,1.838106,9.630024,-0.4738847,-0.02630083,-0.1052111,0.09128836
31.16,1.876339,9.711905,-0.4197159,0.01354527,-0.1260401,0.1149447
31.18,1.870676,9.863463,-0.4472193,0.02531612,-0.1480902,0.1380037
31.20,1.812639,10.00451,-0.5390725,-0.001103245,-0.1572064,0.1621975
31.22,1.755284,9.985545,-0.6016173,-0.04742078,-0.1496413,0.1813036
31.24,1.696759,9.852234,-0.6311711,-0.07516122,-0.1288539,0.1892704
31.26,1.668227,9.724918,-0.6148013,-0.06549535,-0.1063219,0.1828473
31.28,1.685633,9.698742,-0.5406109,-0.0241163,-0.09684204,0.1606992
31.30,1.657128,9.761208,-0.4963197,0.01603252,-0.09197207,0.1345331
31.32,1.517501,9.827027,-0.5322715,0.02184708,-0.0575461,0.1031945
31.34,1.414203,9.696034,-0.5409045,-0.02031409,-0.01402921,0.06293423
31.36,1.475084,9.435791,-0.5199074,-0.08579792,0.02556374,-0.00240486
31.38,1.577292,9.094118,-0.4592589,-0.1282287,0.03299676,-0.08427271
31.40,1.713603,8.951341,-0.3491905,-0.09645757,0.01035121,-0.1535757
31.42,1.814628,9.125339,-0.2278297,-0.000355325,-0.03772888,-0.183366
31.44,1.798562,9.448481,-0.1716056,0.1096524,-0.09219156,-0.1745683
31.46,1.729654,9.712144,-0.208905,0.1679471,-0.1230277,-0.1270194
31.48,1.651867,9.820891,-0.3254416,0.1633686,-0.1192394,-0.06788507
31.50,1.648572,9.965657,-0.3270333,0.1306555,-0.09174459,-0.02249705
31.52,1.764354,9.991143,-0.2163577,0.09474615,-0.0706263,-0.00187175
31.54,1.836537,10.07379,-0.1950428,0.06358244,-0.050016,2.376226e-05
31.56,1.725834,10.12526,-0.218378,0.01503247,-0.01228248,-0.004714534
31.58,1.620867,10.0639,-0.3347181,-0.0545122,0.0538378,-0.01573954
31.60,1.600219,9.93517,-0.3915929,-0.1052092,0.1319972,-0.02203608
31.62,1.644877,9.888788,-0.3730149,-0.1230255,0.2093169,-0.03485573
31.64,1.695386,9.876357,-0.2890127,-0.1098944,0.2568322,-0.05218932
31.66,1.686188,9.829201,-0.2457947,-0.1006288,0.27671,-0.06227062
31.68,1.6629,9.761037,-0.2843384,-0.1089849,0.2857965,-0.05624945
31.70,1.607751,9.702492,-0.2596186,-0.1146075,0.2950038,-0.043
31.72,1.59615,9.623307,-0.208426,-0.1034717,0.2950857,-0.03144968
31.74,1.613284,9.560634,-0.1120588,-0.08448538,0.284211,-0.03414297
31.76,1.639409,9.572032,-0.07971534,-0.08066469,0.2613842,-0.03737236
31.78,1.60383,9.613622,-0.08700031,-0.09474109,0.2394187,-0.04911012
31.80,1.590217,9.607119,-0.07748204,-0.1130688,0.2121912,-0.0682812
31.82,1.637547,9.584096,-0.0360109,-0.1214811,0.1744754,-0.08229384
31.84,1.617181,9.62762,-0.009450615,-0.118253,0.1356596,-0.07951773
31.86,1.560276,9.663592,-0.02399843,-0.1069465,0.1023947,-0.07055008
31.88,1.518413,9.670033,-0.01872623,-0.1050505,0.07275687,-0.05748596
31.90,1.489548,9.641733,-0.01939338,-0.1134104,0.05637945,-0.05494075
31.92,1.520734,9.563506,-0.02867149,-0.1208682,0.04328052,-0.06145084
31.94,1.587489,9.53589,-0.03205933,-0.1187524,0.04624985,-0.07706688
31.96,1.616371,9.59119,0.02295513,-0.1031754,0.04525409,-0.09987284
31.98,1.63526,9.641469,0.03550789,-0.0855117,0.0288183,-0.1239747
32.00,1.646628,9.689398,0.08114242,-0.0659999,-0.008260368,-0.1321172
32.02,1.593739,9.736089,0.08698904,-0.05180588,-0.04099121,-0.1230016
32.04,1.525047,9.785436,0.0417924,-0.05028464,-0.05146547,-0.09312499
32.06,1.463532,9.787718,-0.001144282,-0.05442227,-0.04618097,-0.06365284
32.08,1.481692,9.709155,0.03906719,-0.04878702,-0.05438591,-0.0481553
32.10,1.524039,9.614965,0.09891458,-0.03454659,-0.07438412,-0.0515427
32.12,1.526305,9.574157,0.1121743,-0.01237575,-0.09073301,-0.05898934
32.14,1.494133,9.568419,0.05936109,0.007094657,-0.09631947,-0.06275262
32.16,1.483228,9.614291,0.0680614,0.02201234,-0.09770434,-0.0547947
32.18,1.487541,9.754694,0.08868529,0.02722352,-0.09437203,-0.03891012
32.20,1.457942,9.812961,0.06718868,0.02413613,-0.08868615,-0.02125286
32.22,1.450335,9.899033,0.06370781,0.01888059,-0.07624293,-0.007713123
32.24,1.440366,9.901933,0.08095525,-0.004367625,-0.06038323,0.007707969
32.26,1.42748,9.848773,0.01266627,-0.03691622,-0.03525759,0.01845501
32.28,1.389308,9.73496,-0.03804301,-0.05788111,-0.006609668,0.02200529
32.30,1.415931,9.716496,0.02130193,-0.04701383,0.009116619,0.01888647
32.32,1.45227,9.758115,0.1017563,-0.01892602,0.01083888,0.01554644
32.34,1.495386,9.829775,0.1517967,-0.007042497,-0.006466929,0.02604249
32.36,1.444037,9.899394,0.1453439,-0.01941437,-0.02313627,0.04552782
32.38,1.342421,9.866316,0.1128825,-0.04673216,-0.02419608,0.06503662
32.40,1.301896,9.799793,0.1142302,-0.07127097,-0.01652258,0.07639146
32.42,1.332988,9.721647,0.1273442,-0.07875889,-0.02005776,0.0656216
32.44,1.382919,9.618251,0.009121911,-0.04656284,0.006034425,0.04511794
32.46,1.412564,9.442266,-0.4422802,0.01770192,0.09989772,0.02053251
32.48,1.402932,9.583216,-0.2573988,0.01648007,0.1358226,0.004912459
32.50,1.239724,9.664944,-0.07003881,-0.02440262,0.1118766,-0.01971518
32.52,1.193948,9.718811,0.2290041,-0.03699359,0.05171765,-0.03597819
